{"validation": 0.7935824242533163, "id_test": 0.7922988446070346, "ood_test": 0.5933080402065347, "ood_validation": 0.5930388661472776, "train": 0.792584784420539, "id_test_conf": [0.7911726189456753, 0.7934216875701519], "id_test_balanced": 0.588921070098877, "id_test_balanced_conf": [0.5882817724416963, 0.5895603677560576], "ood_test_conf": [0.592242523150212, 0.5943728963632082], "ood_test_balanced": 0.6517201066017151, "ood_test_balanced_conf": [0.651068040211685, 0.6523721729917452], "features": ["DIS", "ESP", "MIG", "ANC", "NATIVITY", "DEAR", "DEYE", "DREM", "PINCP", "ESR", "FER", "AGEP", "SEX", "MAR", "CIT", "RAC1P", "SCHL", "ACS_YEAR"]}