{"validation": 0.7992316002404245, "id_test": 0.7980418625270077, "ood_test": 0.6514781562508788, "ood_validation": 0.6510409789163255, "train": 0.79845785920945, "id_test_conf": [0.796927237492213, 0.7991530383586427], "id_test_balanced": 0.6102715730667114, "id_test_balanced_conf": [0.609586650414858, 0.6109564957185648], "ood_test_conf": [0.6504443221410381, 0.6525109174176804], "ood_test_balanced": 0.700952410697937, "ood_test_balanced_conf": [0.7003082821401767, 0.7015965392556973], "features": ["DIS", "ESP", "MIG", "ANC", "NATIVITY", "DEAR", "DEYE", "DREM", "PINCP", "ESR", "FER", "AGEP", "SEX", "MAR", "CIT", "RAC1P", "SCHL", "ACS_YEAR"]}