{"validation": 0.8010247992635503, "id_test": 0.7998829830145652, "ood_test": 0.611791259565925, "ood_validation": 0.6113825432457415, "train": 0.7999849734751884, "id_test_conf": [0.798772151139945, 0.8009903443647959], "id_test_balanced": 0.6007538437843323, "id_test_balanced_conf": [0.6001045466854703, 0.6014031408831942], "ood_test_conf": [0.6107340727612123, 0.6128476545497938], "ood_test_balanced": 0.677509605884552, "ood_test_balanced_conf": [0.6768959488277324, 0.6781232629413716], "features": ["DIS", "ESP", "MIG", "ANC", "NATIVITY", "DEAR", "DEYE", "DREM", "PINCP", "ESR", "FER", "AGEP", "SEX", "MAR", "CIT", "RAC1P", "SCHL", "ACS_YEAR"]}