{"validation": 0.8011346277115147, "id_test": 0.8000487237959831, "ood_test": 0.627770434918698, "ood_validation": 0.6290439720058101, "train": 0.8002715258088052, "id_test_conf": [0.7989382351805261, 0.8011557399676531], "id_test_balanced": 0.6006351709365845, "id_test_balanced_conf": [0.5999869011342526, 0.6012834407389164], "ood_test_conf": [0.6267217376768346, 0.6288182271530837], "ood_test_balanced": 0.6878174543380737, "ood_test_balanced_conf": [0.6871927281597163, 0.6884421805164311], "features": ["DIS", "ESP", "MIG", "ANC", "NATIVITY", "DEAR", "DEYE", "DREM", "PINCP", "ESR", "FER", "AGEP", "SEX", "MAR", "CIT", "RAC1P", "SCHL", "ACS_YEAR"]}