{"validation": 0.8005715073055887, "id_test": 0.7996633265572645, "ood_test": 0.5863668986901454, "ood_validation": 0.5866015229543554, "train": 0.7996522432829313, "id_test_conf": [0.7985520402184414, 0.8007711449154606], "id_test_balanced": 0.5882352590560913, "id_test_balanced_conf": [0.5876292912929785, 0.5888412268192041], "ood_test_conf": [0.585298658587002, 0.587434527058867], "ood_test_balanced": 0.6613072156906128, "ood_test_balanced_conf": [0.6607169150409754, 0.6618975163402502], "features": ["DIS", "ESP", "MIG", "ANC", "NATIVITY", "DEAR", "DEYE", "DREM", "PINCP", "ESR", "FER", "AGEP", "SEX", "MAR", "CIT", "RAC1P", "SCHL", "ACS_YEAR"]}