{"id_test": 0.800807537012113, "id_test_conf": [0.7996986237449575, 0.8019129690478527], "id_test_balanced": 0.5993711948394775, "id_test_balanced_conf": [0.5987300767528358, 0.6000123129261192], "ood_test": 0.6410120348169712, "ood_test_conf": [0.6399712995511302, 0.6420517712781484], "ood_test_balanced": 0.6964570879936218, "ood_test_balanced_conf": [0.695825193899218, 0.6970889820880256], "validation": 0.8020591835552866, "validation_conf": [0.8009528813719676, 0.8031619900050366], "validation_balanced": 0.5998039245605469, "validation_balanced_conf": [0.5991637731902302, 0.6004440759308636], "features": ["DIS", "ESP", "MIG", "ANC", "NATIVITY", "DEAR", "DEYE", "DREM", "PINCP", "ESR", "FER", "AGEP", "SEX", "MAR", "CIT", "RAC1P", "SCHL", "ACS_YEAR"]}