{"validation": 0.6945850581391866, "id_test": 0.6931099759975399, "ood_test": 0.7274492374770289, "ood_validation": 0.7298186539900524, "train": 0.6937998611668921, "id_test_conf": [0.6918304946320156, 0.6943872228684789], "id_test_balanced": 0.6941573619842529, "id_test_balanced_conf": [0.693254978756886, 0.6950597452116198], "ood_test_conf": [0.7264828177352654, 0.7284140460722602], "ood_test_balanced": 0.683638334274292, "ood_test_balanced_conf": [0.6829695714777335, 0.6843070970708505], "features": ["DIS", "ESP", "MIG", "ANC", "NATIVITY", "DEAR", "DEYE", "DREM", "PINCP", "ESR", "FER", "AGEP", "SEX", "MAR", "CIT", "RAC1P", "SCHL", "ACS_YEAR"]}