{"validation": 0.7000904587035052, "id_test": 0.6985834155380984, "ood_test": 0.7304447979341637, "ood_validation": 0.7333839517584401, "train": 0.6994333103109667, "id_test_conf": [0.6973103561295754, 0.6998541771062494], "id_test_balanced": 0.6943681240081787, "id_test_balanced_conf": [0.6934660309611353, 0.6952702170552221], "ood_test_conf": [0.7294817114073733, 0.7314062520904805], "ood_test_balanced": 0.6847403049468994, "ood_test_balanced_conf": [0.6840762785298284, 0.6854043313639704], "features": ["DIS", "ESP", "MIG", "ANC", "NATIVITY", "DEAR", "DEYE", "DREM", "PINCP", "ESR", "FER", "AGEP", "SEX", "MAR", "CIT", "RAC1P", "SCHL", "ACS_YEAR"]}