{"validation": 0.8011046744984335, "id_test": 0.7997172422331473, "ood_test": 0.6344621501766158, "ood_validation": 0.6347440468330472, "train": 0.8001167675798484, "id_test_conf": [0.7986060673963533, 0.8008249484649352], "id_test_balanced": 0.6030634045600891, "id_test_balanced_conf": [0.6024060655245558, 0.6037207435956224], "ood_test_conf": [0.6334173702543248, 0.6355059776907315], "ood_test_balanced": 0.6921595335006714, "ood_test_balanced_conf": [0.6915309197502211, 0.6927881472511217], "features": ["DIS", "ESP", "MIG", "ANC", "NATIVITY", "DEAR", "DEYE", "DREM", "PINCP", "ESR", "FER", "AGEP", "SEX", "MAR", "CIT", "RAC1P", "SCHL", "ACS_YEAR"]}