{"validation": 0.8009489177904113, "id_test": 0.7999588643361782, "ood_test": 0.616387305181586, "ood_validation": 0.6174457502530921, "train": 0.8003049735550636, "id_test_conf": [0.7988481895794766, 0.8010660676897251], "id_test_balanced": 0.5968812704086304, "id_test_balanced_conf": [0.5962452182988636, 0.5975173225183972], "ood_test_conf": [0.6153324365130429, 0.6174413494739627], "ood_test_balanced": 0.6810795664787292, "ood_test_balanced_conf": [0.6804649125295691, 0.6816942204278894], "features": ["DIS", "ESP", "MIG", "ANC", "NATIVITY", "DEAR", "DEYE", "DREM", "PINCP", "ESR", "FER", "AGEP", "SEX", "MAR", "CIT", "RAC1P", "SCHL", "ACS_YEAR"]}