{"validation": 0.801040774310527, "id_test": 0.7992759324416613, "ood_test": 0.5922712094850449, "ood_validation": 0.5923126017870505, "train": 0.7996207924170464, "id_test_conf": [0.7981638458625534, 0.8003845555264131], "id_test_balanced": 0.5915546417236328, "id_test_balanced_conf": [0.590934612621786, 0.5921746708254796], "ood_test_conf": [0.591205271724992, 0.5933364936895054], "ood_test_balanced": 0.6655682325363159, "ood_test_balanced_conf": [0.6649741910304874, 0.6661622740421445], "features": ["DIS", "ESP", "MIG", "ANC", "NATIVITY", "DEAR", "DEYE", "DREM", "PINCP", "ESR", "FER", "AGEP", "SEX", "MAR", "CIT", "RAC1P", "SCHL", "ACS_YEAR"]}