{"validation": 0.8006733482300646, "id_test": 0.7990662603687833, "ood_test": 0.6530138394893119, "ood_validation": 0.6533078040406708, "train": 0.7995816036397139, "id_test_conf": [0.7979537413446087, 0.8001753183267339], "id_test_balanced": 0.6020439863204956, "id_test_balanced_conf": [0.6013874245027546, 0.6027005481382366], "ood_test_conf": [0.6519810638605912, 0.6540455312966234], "ood_test_balanced": 0.7020072937011719, "ood_test_balanced_conf": [0.7013627782172989, 0.7026518091850449], "features": ["DIS", "ESP", "MIG", "ANC", "NATIVITY", "DEAR", "DEYE", "DREM", "PINCP", "ESR", "FER", "AGEP", "SEX", "MAR", "CIT", "RAC1P", "SCHL", "ACS_YEAR"]}