{"validation": 0.799193659503855, "id_test": 0.797938024929011, "ood_test": 0.6524061686537218, "ood_validation": 0.653957040362692, "train": 0.7983597624610952, "id_test_conf": [0.7968231870473597, 0.7990494148099898], "id_test_balanced": 0.6082836985588074, "id_test_balanced_conf": [0.6076041046262253, 0.6089632924913895], "ood_test_conf": [0.6513729727690042, 0.6534382850216129], "ood_test_balanced": 0.6979264616966248, "ood_test_balanced_conf": [0.6972710138815456, 0.698581909511704], "features": ["DIS", "ESP", "MIG", "ANC", "NATIVITY", "DEAR", "DEYE", "DREM", "PINCP", "ESR", "FER", "AGEP", "SEX", "MAR", "CIT", "RAC1P", "SCHL", "ACS_YEAR"]}