{"validation": 0.6970540771445749, "id_test": 0.6988532806804374, "ood_test": 0.6400785129954816, "ood_validation": 0.6416123295791346, "train": 0.6977809912484781, "id_test_conf": [0.6965845506026389, 0.7011147127024131], "id_test_balanced": 0.5312258005142212, "id_test_balanced_conf": [0.5306197280762717, 0.5318318729521707], "ood_test_conf": [0.636652209587963, 0.6434941075634768], "ood_test_balanced": 0.5482980608940125, "ood_test_balanced_conf": [0.5472263931855559, 0.549369728602469], "features": ["DIVISION", "AGEP", "SEX", "RAC1P", "POBP", "ST", "FER", "ENG", "CIT", "SCHL", "OCCP", "COW", "WKHP", "WKW", "WRK", "NWLA", "HINS3"]}