{"validation": 0.768351105907667, "id_test": 0.7670425779667882, "ood_test": 0.7862892070977856, "ood_validation": 0.7862477771191464, "0": 0.8885666942833471, "2": 0.7608509667484172, "3": 0.762725771650273, "4": 0.7627838922419822, "5": 0.7695956124658695, "6": 0.7848907808385521, "7": 0.7638145990336243, "8": 0.767989920687376, "9": 0.7764811907128855, "id_test_conf": [0.7649502955826474, 0.7691250581536332], "id_test_balanced": 0.7926970720291138, "id_test_balanced_conf": [0.7913059453899041, 0.7940881986683235], "ood_test_conf": [0.7833556224165747, 0.7892008957722155], "ood_test_balanced": 0.8001248836517334, "ood_test_balanced_conf": [0.7981423803512007, 0.8021073869522661], "features": ["DIVISION", "AGEP", "SEX", "RAC1P", "POBP", "ST", "FER", "ENG", "CIT", "SCHL", "OCCP", "COW", "WKHP", "WKW", "WRK", "NWLA", "HINS3"]}