{"validation": 0.7268107458152707, "id_test": 0.7241924868367761, "ood_test": 0.758967738535917, "ood_validation": 0.75850622406639, "0": 0.8568075117370892, "2": 0.7180060457423145, "3": 0.7176068964818623, "4": 0.7156935523781859, "5": 0.732581677808116, "6": 0.7332214536176715, "7": 0.7203674613747987, "8": 0.7340858393919365, "9": 0.7354203636431206, "id_test_conf": [0.721981649182188, 0.7263950960655748], "id_test_balanced": 0.7744893431663513, "id_test_balanced_conf": [0.7731168977054768, 0.7758617886272259], "ood_test_conf": [0.7559086882917477, 0.7620069848328732], "ood_test_balanced": 0.7848786115646362, "ood_test_balanced_conf": [0.7829128085495904, 0.786844414579682], "features": ["DIVISION", "AGEP", "SEX", "RAC1P", "POBP", "ST", "FER", "ENG", "CIT", "SCHL", "OCCP", "COW", "WKHP", "WKW", "WRK", "NWLA", "HINS3"]}