{"validation": 0.6780432237445813, "id_test": 0.6807601761846902, "ood_test": 0.6050638247421323, "ood_validation": 0.601778304682869, "0": 0.9131455399061033, "2": 0.6344664347230936, "3": 0.6968151382234063, "4": 0.7214063626289686, "5": 0.6791144901610018, "6": 0.7402480455159428, "7": 0.6977060176439787, "8": 0.6942746199603437, "9": 0.6313073128129849, "id_test_conf": [0.6784551654801148, 0.6830585530586903], "id_test_balanced": 0.5025333762168884, "id_test_balanced_conf": [0.5023542010190432, 0.5027125514147337], "ood_test_conf": [0.6015758354536251, 0.6085437823943249], "ood_test_balanced": 0.5038740038871765, "ood_test_balanced_conf": [0.5035517363622785, 0.5041962714120746], "features": ["DIVISION", "AGEP", "SEX", "RAC1P", "POBP", "ST", "FER", "ENG", "CIT", "SCHL", "OCCP", "COW", "WKHP", "WKW", "WRK", "NWLA", "HINS3"]}