{"validation": 0.8036199095022625, "id_test": 0.8013745443499393, "ood_test": 0.7950758124645967, "ood_validation": 0.789330171902786, "train": 0.8022913909485074, "id_test_conf": [0.7993987300246415, 0.8033392949497631], "id_test_balanced": 0.7762461304664612, "id_test_balanced_conf": [0.7748138120258227, 0.7776784489070997], "ood_test_conf": [0.7921865548732361, 0.7979425009843114], "ood_test_balanced": 0.7856326103210449, "ood_test_balanced_conf": [0.7835814521927387, 0.7876837684493512], "features": ["DIVISION", "AGEP", "SEX", "RAC1P", "POBP", "ST", "FER", "ENG", "CIT", "SCHL", "OCCP", "COW", "WKHP", "WKW", "WRK", "NWLA", "HINS3"]}