{"validation": 0.7977723633832231, "id_test": 0.7975015188335358, "ood_test": 0.7899513904440727, "ood_validation": 0.7870776526378186, "train": 0.7971653074898566, "id_test_conf": [0.7955114953541481, 0.799480620937032], "id_test_balanced": 0.7600311040878296, "id_test_balanced_conf": [0.7585874602291733, 0.7614747479464858], "ood_test_conf": [0.7870360333891762, 0.7928445709815145], "ood_test_balanced": 0.7763107419013977, "ood_test_balanced_conf": [0.7742417026869952, 0.7783797811158002], "features": ["DIVISION", "AGEP", "SEX", "RAC1P", "POBP", "ST", "FER", "ENG", "CIT", "SCHL", "OCCP", "COW", "WKHP", "WKW", "WRK", "NWLA", "HINS3"]}