{"validation": 0.8036642090940733, "id_test": 0.8024124139327663, "ood_test": 0.790162163586305, "ood_validation": 0.786366330764671, "train": 0.8026109801024109, "id_test_conf": [0.8004404564911494, 0.8043732695011909], "id_test_balanced": 0.7624234557151794, "id_test_balanced_conf": [0.7609915170702152, 0.7638553943601437], "ood_test_conf": [0.7872478662779988, 0.7930542682319268], "ood_test_balanced": 0.7713075876235962, "ood_test_balanced_conf": [0.7692466885177418, 0.7733684867294506], "features": ["DIVISION", "AGEP", "SEX", "RAC1P", "POBP", "ST", "FER", "ENG", "CIT", "SCHL", "OCCP", "COW", "WKHP", "WKW", "WRK", "NWLA", "HINS3"]}