{"id_test": 0.8199169704333739, "id_test_conf": [0.8180133367537077, 0.8218088587227281], "id_test_balanced": 0.7804046869277954, "id_test_balanced_conf": [0.7790135050704703, 0.7817958687851205], "ood_test": 0.7995679150584237, "ood_test_conf": [0.79670211986918, 0.8024107970188069], "ood_test_balanced": 0.7724432349205017, "ood_test_balanced_conf": [0.7704430771106854, 0.774443392730318], "validation": 0.8209283928740942, "validation_conf": [0.8190288975113378, 0.8228161055813752], "validation_balanced": 0.7823727130889893, "validation_balanced_conf": [0.7809853846346959, 0.7837600415432826], "features": ["DIVISION", "AGEP", "SEX", "RAC1P", "POBP", "ST", "FER", "ENG", "CIT", "SCHL", "OCCP", "COW", "WKHP", "WKW", "WRK", "NWLA", "HINS3"]}