{"validation": 0.5601936525013448, "id_test": 0.5566271769947347, "ood_test": 0.6206215173031576, "ood_validation": 0.6187314759928868, "0": 0.6025959679646506, "2": 0.5636228825643073, "3": 0.5624107296615578, "4": 0.5240830993340434, "5": 0.5673429997175408, "6": 0.5383870219529833, "7": 0.545929357804246, "8": 0.5525755948446794, "9": 0.5807930653238319, "id_test_conf": [0.5541735666153785, 0.5590787094110905], "id_test_balanced": 0.6700677275657654, "id_test_balanced_conf": [0.6688556065340526, 0.6712798485974781], "ood_test_conf": [0.6171585745611503, 0.6240752389248572], "ood_test_balanced": 0.6830848455429077, "ood_test_balanced_conf": [0.6813221912295557, 0.6848474998562597], "features": ["DIVISION", "AGEP", "SEX", "RAC1P", "POBP", "ST", "FER", "ENG", "CIT", "SCHL", "OCCP", "COW", "WKHP", "WKW", "WRK", "NWLA", "HINS3"]}