{"validation": 0.4375470683162991, "id_test": 0.43438639125151884, "ood_test": 0.5172636376809685, "ood_validation": 0.5186721991701245, "0": 0.41935929301297986, "2": 0.4697826954885074, "3": 0.4234377057649645, "4": 0.3986164455776824, "5": 0.4363407400433104, "6": 0.3822329553981963, "7": 0.4172449676217746, "8": 0.43084930601454063, "9": 0.4766428511701801, "id_test_conf": [0.4319404810654841, 0.43683470917141365], "id_test_balanced": 0.5830475091934204, "id_test_balanced_conf": [0.5821184394159354, 0.5839765789709054], "ood_test_conf": [0.5137017172938454, 0.5208242384158173], "ood_test_balanced": 0.5987758636474609, "ood_test_balanced_conf": [0.5973469418054447, 0.6002047854894772], "features": ["DIVISION", "AGEP", "SEX", "RAC1P", "POBP", "ST", "FER", "ENG", "CIT", "SCHL", "OCCP", "COW", "WKHP", "WKW", "WRK", "NWLA", "HINS3"]}