{"validation": 0.6077903996456032, "id_test": 0.6028566727420008, "ood_test": 0.6417383514905614, "ood_validation": 0.6378186129223473, "0": 0.6808892571112952, "2": 0.6049620715222723, "3": 0.600306938014729, "4": 0.5774456960268535, "5": 0.6059261525907793, "6": 0.587886974199446, "7": 0.6014064809475519, "8": 0.6024867812293456, "9": 0.6317254002025401, "id_test_conf": [0.6004390787713174, 0.6052704922362936], "id_test_balanced": 0.7015459537506104, "id_test_balanced_conf": [0.7002718890598044, 0.7028200184414163], "ood_test_conf": [0.6383154526617676, 0.645150414559031], "ood_test_balanced": 0.6995736956596375, "ood_test_balanced_conf": [0.6977610779646785, 0.7013863133545964], "features": ["DIVISION", "AGEP", "SEX", "RAC1P", "POBP", "ST", "FER", "ENG", "CIT", "SCHL", "OCCP", "COW", "WKHP", "WKW", "WRK", "NWLA", "HINS3"]}