{"validation": 0.7002120051893808, "id_test": 0.6965560449574727, "ood_test": 0.7254548089209732, "ood_validation": 0.7237700059276823, "0": 0.8385805026235846, "2": 0.6903382193577825, "3": 0.6943079712714122, "4": 0.6702170007208254, "5": 0.7069092678027806, "6": 0.6990708526052966, "7": 0.6929006515413626, "8": 0.7060372604097819, "9": 0.7166343036057715, "id_test_conf": [0.6942824810582792, 0.6988223951397226], "id_test_balanced": 0.7606019973754883, "id_test_balanced_conf": [0.7592510253726504, 0.7619529693783261], "ood_test_conf": [0.7222649090545108, 0.7286274697136021], "ood_test_balanced": 0.7631325125694275, "ood_test_balanced_conf": [0.7612060428783297, 0.7650589822605253], "features": ["DIVISION", "AGEP", "SEX", "RAC1P", "POBP", "ST", "FER", "ENG", "CIT", "SCHL", "OCCP", "COW", "WKHP", "WKW", "WRK", "NWLA", "HINS3"]}