{"validation": 0.50080688542227, "id_test": 0.4966902085864723, "ood_test": 0.5695485502759811, "ood_validation": 0.5729697688203912, "0": 0.4888152444076222, "2": 0.5172816973706724, "3": 0.4926152537050356, "4": 0.4578962656940903, "5": 0.497351944261369, "6": 0.4688032963584517, "7": 0.49041909420505986, "8": 0.49781064111037676, "9": 0.5350821773991248, "id_test_conf": [0.49422189058897636, 0.4991586480371128], "id_test_balanced": 0.6278789639472961, "id_test_balanced_conf": [0.6267784818517975, 0.6289794460427948], "ood_test_conf": [0.5660170866963239, 0.5730746973647228], "ood_test_balanced": 0.641688883304596, "ood_test_balanced_conf": [0.6400592566188424, 0.6433185099903495], "features": ["DIVISION", "AGEP", "SEX", "RAC1P", "POBP", "ST", "FER", "ENG", "CIT", "SCHL", "OCCP", "COW", "WKHP", "WKW", "WRK", "NWLA", "HINS3"]}