{"validation": 0.797126855045407, "id_test": 0.7966281895504252, "ood_test": 0.7996864749509294, "ood_validation": 0.798814463544754, "train": 0.7992632046090452, "id_test_conf": [0.794635001630403, 0.7986104881915995], "id_test_balanced": 0.8057504892349243, "id_test_balanced_conf": [0.8043740092008375, 0.8071269692690112], "ood_test_conf": [0.796821306518845, 0.8025287210702761], "ood_test_balanced": 0.8075545430183411, "ood_test_balanced_conf": [0.8055810238420963, 0.8095280621945858], "features": ["DIVISION", "AGEP", "SEX", "RAC1P", "POBP", "ST", "FER", "ENG", "CIT", "SCHL", "OCCP", "COW", "WKHP", "WKW", "WRK", "NWLA", "HINS3"]}