{"validation": 0.7969559851912793, "id_test": 0.7956346192790603, "ood_test": 0.8007666873048702, "ood_validation": 0.8004742145820984, "train": 0.7988945695948891, "id_test_conf": [0.7936378487611095, 0.7976205370337586], "id_test_balanced": 0.8052999973297119, "id_test_balanced_conf": [0.8039226529723965, 0.8066773416870273], "ood_test_conf": [0.7979072473178268, 0.8036031222136392], "ood_test_balanced": 0.808552622795105, "ood_test_balanced_conf": [0.8065828516054898, 0.8105223939847201], "features": ["DIVISION", "AGEP", "SEX", "RAC1P", "POBP", "ST", "FER", "ENG", "CIT", "SCHL", "OCCP", "COW", "WKHP", "WKW", "WRK", "NWLA", "HINS3"]}