{"validation": 0.7579343733189887, "id_test": 0.7570246051032807, "ood_test": 0.7751314038808604, "ood_validation": 0.7771191464137522, "0": 0.8849765258215962, "2": 0.7508184566246506, "3": 0.7467963977835631, "4": 0.7362747313042636, "5": 0.7697368421052632, "6": 0.7515315241564678, "7": 0.7593804060368654, "8": 0.7560930270984798, "9": 0.7724164522033206, "id_test_conf": [0.7549021102337112, 0.7591376657724976], "id_test_balanced": 0.7916500568389893, "id_test_balanced_conf": [0.7902747445995919, 0.7930253690783866], "ood_test_conf": [0.7721443921629367, 0.7780973741021987], "ood_test_balanced": 0.7944654822349548, "ood_test_balanced_conf": [0.7924894634122029, 0.7964415010577067], "features": ["DIVISION", "AGEP", "SEX", "RAC1P", "POBP", "ST", "FER", "ENG", "CIT", "SCHL", "OCCP", "COW", "WKHP", "WKW", "WRK", "NWLA", "HINS3"]}