{"validation": 0.7814258140049996, "id_test": 0.7813259416767923, "ood_test": 0.7879358722714758, "ood_validation": 0.7902786010669828, "0": 0.9009942004971002, "2": 0.7731477784748759, "3": 0.7780625424192389, "4": 0.7754575089565245, "5": 0.7940479553086652, "6": 0.7894205449360785, "7": 0.786091613476235, "8": 0.7820348645076008, "9": 0.7762164020328338, "id_test_conf": [0.7792795875815293, 0.7833619688126683], "id_test_balanced": 0.7985807061195374, "id_test_balanced_conf": [0.7971925195027143, 0.7999688927363604], "ood_test_conf": [0.7850104402329628, 0.790839282177245], "ood_test_balanced": 0.8021993637084961, "ood_test_balanced_conf": [0.8002267006412148, 0.8041720267757774], "features": ["DIVISION", "AGEP", "SEX", "RAC1P", "POBP", "ST", "FER", "ENG", "CIT", "SCHL", "OCCP", "COW", "WKHP", "WKW", "WRK", "NWLA", "HINS3"]}