{"validation": 0.8222637091415372, "id_test": 0.821328219927096, "ood_test": 0.8079593207835492, "ood_validation": 0.8104327208061648, "train": 0.8235717568622674, "id_test_conf": [0.8194303750770933, 0.8232142674941723], "id_test_balanced": 0.7755111455917358, "id_test_balanced_conf": [0.7741263960744255, 0.7768958951090462], "ood_test_conf": [0.8051388639066237, 0.8107562214215193], "ood_test_balanced": 0.7866495251655579, "ood_test_balanced_conf": [0.78465684233699, 0.7886422079941258], "features": ["DIVISION", "AGEP", "SEX", "RAC1P", "POBP", "ST", "FER", "ENG", "CIT", "SCHL", "OCCP", "COW", "WKHP", "WKW", "WRK", "NWLA", "HINS3"]}