{"validation": 0.8221308103661045, "id_test": 0.8205308323207776, "ood_test": 0.8099353189919775, "ood_validation": 0.8125666864256076, "train": 0.8232592872687231, "id_test_conf": [0.8186297113117911, 0.8224201853675494], "id_test_balanced": 0.7839634418487549, "id_test_balanced_conf": [0.7825734130688943, 0.7853534706286155], "ood_test_conf": [0.8071258326647055, 0.8127210976423671], "ood_test_balanced": 0.7961784601211548, "ood_test_balanced_conf": [0.7941806643689051, 0.7981762558734045], "features": ["DIVISION", "AGEP", "SEX", "RAC1P", "POBP", "ST", "FER", "ENG", "CIT", "SCHL", "OCCP", "COW", "WKHP", "WKW", "WRK", "NWLA", "HINS3"]}