{"validation": 0.7249881340379077, "id_test": 0.7269327156743621, "ood_test": 0.6822067947991727, "ood_validation": 0.6807350326022525, "0": 0.9171499585749793, "2": 0.690577767638168, "3": 0.7325941833726713, "4": 0.7540909531033148, "5": 0.7300081599347206, "6": 0.765120816449047, "7": 0.7392906616823421, "8": 0.7394662921348315, "9": 0.6975555823957337, "id_test_conf": [0.7247286571881861, 0.7291284451123059], "id_test_balanced": 0.5782608389854431, "id_test_balanced_conf": [0.5773268941557035, 0.5791947838151827], "ood_test_conf": [0.6788810190704562, 0.685518639935562], "ood_test_balanced": 0.603583812713623, "ood_test_balanced_conf": [0.602067791481968, 0.6050998339452781], "features": ["DIVISION", "AGEP", "SEX", "RAC1P", "POBP", "ST", "FER", "ENG", "CIT", "SCHL", "OCCP", "COW", "WKHP", "WKW", "WRK", "NWLA", "HINS3"]}