{"validation": 0.8185488719425371, "id_test": 0.8182146111786148, "ood_test": 0.7942722398598359, "ood_validation": 0.7957320687611144, "train": 0.8194463671652205, "id_test_conf": [0.8163040521014022, 0.8201134874600756], "id_test_balanced": 0.7699403762817383, "id_test_balanced_conf": [0.7685502023831942, 0.7713305501802824], "ood_test_conf": [0.7913788431044095, 0.7971431291042289], "ood_test_balanced": 0.7627322673797607, "ood_test_balanced_conf": [0.7607385901687667, 0.7647259445907548], "features": ["DIVISION", "AGEP", "SEX", "RAC1P", "POBP", "ST", "FER", "ENG", "CIT", "SCHL", "OCCP", "COW", "WKHP", "WKW", "WRK", "NWLA", "HINS3"]}