{"validation": 0.8190045248868778, "id_test": 0.8185247063588498, "ood_test": 0.8068264151440503, "ood_validation": 0.807705986959099, "train": 0.8199977375619303, "id_test_conf": [0.8166154041268163, 0.8204223143933369], "id_test_balanced": 0.7875655889511108, "id_test_balanced_conf": [0.7861716729984619, 0.7889595049037598], "ood_test_conf": [0.8039997198103261, 0.8096296410592075], "ood_test_balanced": 0.7853046655654907, "ood_test_balanced_conf": [0.7833084859699011, 0.7873008451610803], "features": ["DIVISION", "AGEP", "SEX", "RAC1P", "POBP", "ST", "FER", "ENG", "CIT", "SCHL", "OCCP", "COW", "WKHP", "WKW", "WRK", "NWLA", "HINS3"]}