{"validation": 0.8199854444198336, "id_test": 0.8197081308221952, "ood_test": 0.797025464030246, "ood_validation": 0.7973918197984589, "train": 0.8210680448026023, "id_test_conf": [0.8178036441843523, 0.821600879748749], "id_test_balanced": 0.7761293649673462, "id_test_balanced_conf": [0.7747392834792844, 0.7775194464554079], "ood_test_conf": [0.7941463217241475, 0.7998818878993269], "ood_test_balanced": 0.7678968906402588, "ood_test_balanced_conf": [0.7658983170427383, 0.7698954642377793], "features": ["DIVISION", "AGEP", "SEX", "RAC1P", "POBP", "ST", "FER", "ENG", "CIT", "SCHL", "OCCP", "COW", "WKHP", "WKW", "WRK", "NWLA", "HINS3"]}