{"validation": 0.8201752998133088, "id_test": 0.8194170210611583, "ood_test": 0.8045869505078316, "ood_validation": 0.8027267338470658, "train": 0.8204787034173099, "id_test_conf": [0.8175113470297994, 0.8213109680852562], "id_test_balanced": 0.7770651578903198, "id_test_balanced_conf": [0.7756737510534003, 0.7784565647272393], "ood_test_conf": [0.8017480322386705, 0.8074025709717001], "ood_test_balanced": 0.7818851470947266, "ood_test_balanced_conf": [0.7798846223810688, 0.7838856718083843], "features": ["DIVISION", "AGEP", "SEX", "RAC1P", "POBP", "ST", "FER", "ENG", "CIT", "SCHL", "OCCP", "COW", "WKHP", "WKW", "WRK", "NWLA", "HINS3"]}