{"validation": 0.8201879568395406, "id_test": 0.8191069258809235, "ood_test": 0.7980002898130706, "ood_validation": 0.7986959098992295, "train": 0.8213409612830397, "id_test_conf": [0.8171999890357824, 0.8210021471208441], "id_test_balanced": 0.7714351415634155, "id_test_balanced_conf": [0.7700465387571603, 0.7728237443696707], "ood_test_conf": [0.7951262440365106, 0.8008515424671185], "ood_test_balanced": 0.7681398391723633, "ood_test_balanced_conf": [0.766148666171357, 0.7701310121733695], "features": ["DIVISION", "AGEP", "SEX", "RAC1P", "POBP", "ST", "FER", "ENG", "CIT", "SCHL", "OCCP", "COW", "WKHP", "WKW", "WRK", "NWLA", "HINS3"]}