{"validation": 0.5374553048761194, "id_test": 0.5335598926690968, "ood_test": 0.5694563370262544, "ood_validation": 0.5710729104919976, "0": 0.4545705606186136, "2": 0.6770375862658986, "3": 0.5162889877123494, "4": 0.3963463835006294, "5": 0.5682609923735995, "6": 0.39739129248359323, "7": 0.34920761169990655, "8": 0.4150693985459352, "9": 0.7041660085661461, "id_test_conf": [0.5310964035089344, 0.5360221503407807], "id_test_balanced": 0.5853456854820251, "id_test_balanced_conf": [0.5837035698047839, 0.5869878011592664], "ood_test_conf": [0.5659247848963243, 0.5729825797146577], "ood_test_balanced": 0.6091071963310242, "ood_test_balanced_conf": [0.6068556804116816, 0.6113587122503668], "features": ["DIVISION", "AGEP", "SEX", "RAC1P", "POBP", "ST", "FER", "ENG", "CIT", "SCHL", "OCCP", "COW", "WKHP", "WKW", "WRK", "NWLA", "HINS3"]}