{"validation": 0.8749442857850339, "id_test": 0.8727239711441637, "ood_test": 0.8264788059701492, "ood_validation": 0.828447386519945, "train": 0.8755969951373721, "id_test_conf": [0.8708342371756547, 0.8745958450459429], "id_test_balanced": 0.5137986540794373, "id_test_balanced_conf": [0.5132638684567064, 0.5143334397021682], "ood_test_conf": [0.8248498010386314, 0.828098767148154], "ood_test_balanced": 0.5139294266700745, "ood_test_balanced_conf": [0.5135039230599068, 0.5143549302802422], "features": ["IYEAR", "MEDCOST", "PRACE1", "SEX", "PHYSHLTH", "BMI5", "BMI5CAT", "SMOKE100", "SMOKDAY2", "FRUIT_ONCE_PER_DAY", "VEG_ONCE_PER_DAY", "DRNK_PER_WEEK", "RFBING5", "TOTINDA", "INCOME", "MARITAL", "CHECKUP1", "EDUCA", "MENTHLTH", "HIGH_BLOOD_PRESS"]}