{"id_test": 0.8742674612476683, "id_test_conf": [0.8723874552561186, 0.8761295329396909], "id_test_balanced": 0.5347445607185364, "id_test_balanced_conf": [0.5339343716646545, 0.5355547497724182], "ood_test": 0.8289194029850746, "ood_test_conf": [0.8272994356094988, 0.8305302589006595], "ood_test_balanced": 0.5348351001739502, "ood_test_balanced_conf": [0.5341918856813572, 0.5354783146665432], "validation": 0.8767601564950394, "validation_conf": [0.8748960558618718, 0.8786062029282576], "validation_balanced": 0.5376761555671692, "validation_balanced_conf": [0.5368442242091988, 0.5385080869251396], "features": ["IYEAR", "MEDCOST", "PRACE1", "SEX", "PHYSHLTH", "BMI5", "BMI5CAT", "SMOKE100", "SMOKDAY2", "FRUIT_ONCE_PER_DAY", "VEG_ONCE_PER_DAY", "DRNK_PER_WEEK", "RFBING5", "TOTINDA", "INCOME", "MARITAL", "CHECKUP1", "EDUCA", "MENTHLTH", "HIGH_BLOOD_PRESS"]}