{"id_test": 0.8743087310365321, "id_test_conf": [0.8724289864079297, 0.8761705393806688], "id_test_balanced": 0.5345464944839478, "id_test_balanced_conf": [0.5337390373006928, 0.5353539516672027], "ood_test": 0.8289862686567164, "ood_test_conf": [0.8273665505571655, 0.8305968734412493], "ood_test_balanced": 0.5342805981636047, "ood_test_balanced_conf": [0.5336432817985769, 0.5349179145286326], "validation": 0.8766528550439936, "validation_conf": [0.8747880647165966, 0.8784995963331468], "validation_balanced": 0.5369951128959656, "validation_balanced_conf": [0.5361693342507351, 0.5378208915411961], "features": ["IYEAR", "MEDCOST", "PRACE1", "SEX", "PHYSHLTH", "BMI5", "BMI5CAT", "SMOKE100", "SMOKDAY2", "FRUIT_ONCE_PER_DAY", "VEG_ONCE_PER_DAY", "DRNK_PER_WEEK", "RFBING5", "TOTINDA", "INCOME", "MARITAL", "CHECKUP1", "EDUCA", "MENTHLTH", "HIGH_BLOOD_PRESS"]}