{"validation": 0.7255311421826766, "id_test": 0.7253082853228123, "ood_test": 0.704334328358209, "ood_validation": 0.7049518569463549, "train": 0.7256087054762084, "id_test_conf": [0.7227853761234908, 0.7278204062152664], "id_test_balanced": 0.7253110408782959, "id_test_balanced_conf": [0.7235337646026164, 0.7270883171539754], "ood_test_conf": [0.7023744417313358, 0.7062885566176611], "ood_test_balanced": 0.7175371050834656, "ood_test_balanced_conf": [0.7161749038379639, 0.7188993063289673], "features": ["IYEAR", "MEDCOST", "PRACE1", "SEX", "PHYSHLTH", "BMI5", "BMI5CAT", "SMOKE100", "SMOKDAY2", "FRUIT_ONCE_PER_DAY", "VEG_ONCE_PER_DAY", "DRNK_PER_WEEK", "RFBING5", "TOTINDA", "INCOME", "MARITAL", "CHECKUP1", "EDUCA", "MENTHLTH", "HIGH_BLOOD_PRESS"]}