{"id_test": 0.8744242864453505, "id_test_conf": [0.8725452739831964, 0.8762853570651796], "id_test_balanced": 0.5347235798835754, "id_test_balanced_conf": [0.5339155056036543, 0.5355316541634966], "ood_test": 0.8292059701492537, "ood_test_conf": [0.8275870717312213, 0.8308157491571595], "ood_test_balanced": 0.5349545478820801, "ood_test_balanced_conf": [0.5343130466912407, 0.5355960490729195], "validation": 0.876537299635175, "validation_conf": [0.8746717670698534, 0.8783847887209684], "validation_balanced": 0.5365628004074097, "validation_balanced_conf": [0.5357404062675778, 0.5373851945472415], "features": ["IYEAR", "MEDCOST", "PRACE1", "SEX", "PHYSHLTH", "BMI5", "BMI5CAT", "SMOKE100", "SMOKDAY2", "FRUIT_ONCE_PER_DAY", "VEG_ONCE_PER_DAY", "DRNK_PER_WEEK", "RFBING5", "TOTINDA", "INCOME", "MARITAL", "CHECKUP1", "EDUCA", "MENTHLTH", "HIGH_BLOOD_PRESS"]}