{"validation": 0.8765703154662661, "id_test": 0.8742509533321228, "ood_test": 0.8287474626865672, "ood_validation": 0.8299088720770289, "train": 0.8771951726578548, "id_test_conf": [0.872370842813815, 0.8761131303448775], "id_test_balanced": 0.5290823578834534, "id_test_balanced_conf": [0.5283394724107348, 0.529825243356172], "ood_test_conf": [0.8271268547270536, 0.8303589639561445], "ood_test_balanced": 0.5286840796470642, "ood_test_balanced_conf": [0.5281005096749868, 0.5292676496191416], "features": ["IYEAR", "MEDCOST", "PRACE1", "SEX", "PHYSHLTH", "BMI5", "BMI5CAT", "SMOKE100", "SMOKDAY2", "FRUIT_ONCE_PER_DAY", "VEG_ONCE_PER_DAY", "DRNK_PER_WEEK", "RFBING5", "TOTINDA", "INCOME", "MARITAL", "CHECKUP1", "EDUCA", "MENTHLTH", "HIGH_BLOOD_PRESS"]}