{"validation": 0.8760915859154464, "id_test": 0.8738877791901216, "ood_test": 0.8277158208955224, "ood_validation": 0.8293070839064649, "train": 0.87665556849826, "id_test_conf": [0.8720053717424225, 0.8757522705994756], "id_test_balanced": 0.5154629349708557, "id_test_balanced_conf": [0.514919369496638, 0.5160065004450735], "ood_test_conf": [0.8260913818412945, 0.8293311818797398], "ood_test_balanced": 0.5149596929550171, "ood_test_balanced_conf": [0.5145378086698474, 0.5153815772401867], "features": ["IYEAR", "MEDCOST", "PRACE1", "SEX", "PHYSHLTH", "BMI5", "BMI5CAT", "SMOKE100", "SMOKDAY2", "FRUIT_ONCE_PER_DAY", "VEG_ONCE_PER_DAY", "DRNK_PER_WEEK", "RFBING5", "TOTINDA", "INCOME", "MARITAL", "CHECKUP1", "EDUCA", "MENTHLTH", "HIGH_BLOOD_PRESS"]}