{"validation": 0.8760090463377189, "id_test": 0.8740693662611222, "ood_test": 0.827849552238806, "ood_validation": 0.8297799174690509, "train": 0.8767721560126658, "id_test_conf": [0.8721881066426314, 0.8759327011077178], "id_test_balanced": 0.5181162357330322, "id_test_balanced_conf": [0.5175293672201223, 0.5187031042459421], "ood_test_conf": [0.8262256086108875, 0.8294644140867631], "ood_test_balanced": 0.5156139731407166, "ood_test_balanced_conf": [0.5151840517675736, 0.5160438945138595], "features": ["IYEAR", "MEDCOST", "PRACE1", "SEX", "PHYSHLTH", "BMI5", "BMI5CAT", "SMOKE100", "SMOKDAY2", "FRUIT_ONCE_PER_DAY", "VEG_ONCE_PER_DAY", "DRNK_PER_WEEK", "RFBING5", "TOTINDA", "INCOME", "MARITAL", "CHECKUP1", "EDUCA", "MENTHLTH", "HIGH_BLOOD_PRESS"]}