{"validation": 0.8761988873664922, "id_test": 0.8740858741766677, "ood_test": 0.8278065671641791, "ood_validation": 0.8295220082530949, "train": 0.8767783465001563, "id_test_conf": [0.8722047189692748, 0.8759491038182009], "id_test_balanced": 0.5195388793945312, "id_test_balanced_conf": [0.5189289108279627, 0.5201488479610998], "ood_test_conf": [0.826182464253288, 0.8294215894875956], "ood_test_balanced": 0.5168210864067078, "ood_test_balanced_conf": [0.5163724140054546, 0.5172697588079609], "features": ["IYEAR", "MEDCOST", "PRACE1", "SEX", "PHYSHLTH", "BMI5", "BMI5CAT", "SMOKE100", "SMOKDAY2", "FRUIT_ONCE_PER_DAY", "VEG_ONCE_PER_DAY", "DRNK_PER_WEEK", "RFBING5", "TOTINDA", "INCOME", "MARITAL", "CHECKUP1", "EDUCA", "MENTHLTH", "HIGH_BLOOD_PRESS"]}