{"validation": 0.919724025974026, "id_test": 0.9198051948051948, "ood_test": 0.7692307692307693, "ood_validation": 0.7483443708609272, "train": 0.9187467023824019, "id_test_conf": [0.9148689429709587, 0.9245420174983392], "id_test_balanced": 0.7468617558479309, "id_test_balanced_conf": [0.7422687654849142, 0.7514547462109477], "ood_test_conf": [0.7458309225282163, 0.7914541999476603], "ood_test_balanced": 0.7175148725509644, "ood_test_balanced_conf": [0.7013450058922172, 0.7336847392097116], "features": ["AccredAgency", "HIGHDEG", "CONTROL", "region", "LOCALE", "locale2", "CCBASIC", "HBCU", "DISTANCEONLY", "median_hh_inc", "poverty_rate", "unemp_rate", "TUITIONFEE_IN", "TUITIONFEE_OUT", "TUITIONFEE_PROG", "ADM_RATE", "ADM_RATE_ALL", "SATVRMID", "SATMTMID", "SATWRMID", "ACTCMMID", "ACTENMID", "ACTMTMID", "ACTWRMID", "NPT4_PROG", "COSTT4_A", "COSTT4_P", "loan_ever", "pell_ever", "faminc"]}