{"validation": 0.7813290411588871, "id_test": 0.7754022988505748, "ood_test": 0.7388724035608308, "ood_validation": 0.7418397626112759, "train": 0.7800034486722612, "id_test_conf": [0.762703285372643, 0.7877304678488779], "id_test_balanced": 0.7060647010803223, "id_test_balanced_conf": [0.6971867133118212, 0.7149426888488233], "ood_test_conf": [0.7329079502854714, 0.7447713891304742], "ood_test_balanced": 0.700693666934967, "ood_test_balanced_conf": [0.6967848217207938, 0.7046025121491403], "features": ["VCF0004", "VCF0901b", "VCF0218", "VCF0224", "VCF0302", "VCF9201", "VCF9202", "VCF9203", "VCF9206", "VCF0428", "VCF0429", "VCF0822", "VCF0870", "VCF0803", "VCF0601", "VCF0612", "VCF0615", "VCF0616", "VCF0617", "VCF0310", "VCF0743", "VCF0717", "VCF0718", "VCF0720", "VCF0721", "VCF0701", "VCF0675", "VCF0724", "VCF0725", "VCF0726", "VCF0745", "VCF0101", "VCF0104", "VCF0105a", "VCF0115", "VCF0140a", "VCF0112", "VCF9011"]}