{"validation": 0.7944355024143481, "id_test": 0.7864367816091954, "ood_test": 0.7682633884414299, "ood_validation": 0.7795676133955066, "train": 0.7915277618117025, "id_test_conf": [0.773952887963548, 0.7985348874415767], "id_test_balanced": 0.7455198764801025, "id_test_balanced_conf": [0.7366143572330475, 0.7544253957271576], "ood_test_conf": [0.7625276797780524, 0.7739255584202811], "ood_test_balanced": 0.7425041794776917, "ood_test_balanced_conf": [0.7385525406803936, 0.7464558182749897], "features": ["VCF0004", "VCF0901b", "VCF0218", "VCF0224", "VCF0302", "VCF9201", "VCF9202", "VCF9203", "VCF9206", "VCF0428", "VCF0429", "VCF0822", "VCF0870", "VCF0803", "VCF0601", "VCF0612", "VCF0615", "VCF0616", "VCF0617", "VCF0310", "VCF0743", "VCF0717", "VCF0718", "VCF0720", "VCF0721", "VCF0701", "VCF0675", "VCF0724", "VCF0725", "VCF0726", "VCF0745", "VCF0101", "VCF0104", "VCF0105a", "VCF0115", "VCF0140a", "VCF0112", "VCF9011"]}