{"validation": 0.7930558749137733, "id_test": 0.7875862068965517, "ood_test": 0.7289812067260139, "ood_validation": 0.738448495125053, "train": 0.7878491780664444, "id_test_conf": [0.7751254640108494, 0.7996596045272433], "id_test_balanced": 0.696789026260376, "id_test_balanced_conf": [0.6883448749035597, 0.7052331776171923], "ood_test_conf": [0.7229476829567636, 0.7349519775410247], "ood_test_balanced": 0.6829803586006165, "ood_test_balanced_conf": [0.679208775353618, 0.6867519418476149], "features": ["VCF0004", "VCF0901b", "VCF0218", "VCF0224", "VCF0302", "VCF9201", "VCF9202", "VCF9203", "VCF9206", "VCF0428", "VCF0429", "VCF0822", "VCF0870", "VCF0803", "VCF0601", "VCF0612", "VCF0615", "VCF0616", "VCF0617", "VCF0310", "VCF0743", "VCF0717", "VCF0718", "VCF0720", "VCF0721", "VCF0701", "VCF0675", "VCF0724", "VCF0725", "VCF0726", "VCF0745", "VCF0101", "VCF0104", "VCF0105a", "VCF0115", "VCF0140a", "VCF0112", "VCF9011"]}