{"validation": 0.7797194757415498, "id_test": 0.7740229885057471, "ood_test": 0.7502708303895248, "ood_validation": 0.7672742687579482, "train": 0.7824462581905967, "id_test_conf": [0.761297972825377, 0.7863790266440489], "id_test_balanced": 0.7136038541793823, "id_test_balanced_conf": [0.7046312326006592, 0.7225764757581055], "ood_test_conf": [0.7443907968036485, 0.7560822669982223], "ood_test_balanced": 0.7191394567489624, "ood_test_balanced_conf": [0.715162448650226, 0.7231164648476988], "features": ["VCF0004", "VCF0901b", "VCF0218", "VCF0224", "VCF0302", "VCF9201", "VCF9202", "VCF9203", "VCF9206", "VCF0428", "VCF0429", "VCF0822", "VCF0870", "VCF0803", "VCF0601", "VCF0612", "VCF0615", "VCF0616", "VCF0617", "VCF0310", "VCF0743", "VCF0717", "VCF0718", "VCF0720", "VCF0721", "VCF0701", "VCF0675", "VCF0724", "VCF0725", "VCF0726", "VCF0745", "VCF0101", "VCF0104", "VCF0105a", "VCF0115", "VCF0140a", "VCF0112", "VCF9011"]}