{"validation": 0.34559668889399864, "id_test": 0.3445977011494253, "ood_test": 0.42343742640478543, "ood_validation": 0.42899533700720643, "0": 0.35365612648221345, "1": 0.3407035175879397, "3": 0.33601254655949814, "id_test_conf": [0.3304684476504119, 0.358935905672435], "id_test_balanced": 0.5173354744911194, "id_test_balanced_conf": [0.5117966174334287, 0.52287433154881], "ood_test_conf": [0.41677842701482554, 0.43011739707471447], "ood_test_balanced": 0.5056050419807434, "ood_test_balanced_conf": [0.5032595920609311, 0.5079504919005557], "features": ["VCF0004", "VCF0901b", "VCF0218", "VCF0224", "VCF0302", "VCF9201", "VCF9202", "VCF9203", "VCF9206", "VCF0428", "VCF0429", "VCF0822", "VCF0870", "VCF0803", "VCF0601", "VCF0612", "VCF0615", "VCF0616", "VCF0617", "VCF0310", "VCF0743", "VCF0717", "VCF0718", "VCF0720", "VCF0721", "VCF0701", "VCF0675", "VCF0724", "VCF0725", "VCF0726", "VCF0745", "VCF0101", "VCF0104", "VCF0105a", "VCF0115", "VCF0140a", "VCF0112", "VCF9011"]}