{"validation": 0.7813290411588871, "id_test": 0.7770114942528735, "ood_test": 0.6865903631482266, "ood_validation": 0.6901229334463755, "0": 0.7706521739130435, "1": 0.7729361091170136, "3": 0.7701431091942756, "id_test_conf": [0.7643430622452116, 0.7893069034220777], "id_test_balanced": 0.6305327415466309, "id_test_balanced_conf": [0.6237767330184579, 0.6372887500748038], "ood_test_conf": [0.6803018183942268, 0.6928277833501786], "ood_test_balanced": 0.6159695982933044, "ood_test_balanced_conf": [0.6130099981185049, 0.618929198468104], "features": ["VCF0004", "VCF0901b", "VCF0218", "VCF0224", "VCF0302", "VCF9201", "VCF9202", "VCF9203", "VCF9206", "VCF0428", "VCF0429", "VCF0822", "VCF0870", "VCF0803", "VCF0601", "VCF0612", "VCF0615", "VCF0616", "VCF0617", "VCF0310", "VCF0743", "VCF0717", "VCF0718", "VCF0720", "VCF0721", "VCF0701", "VCF0675", "VCF0724", "VCF0725", "VCF0726", "VCF0745", "VCF0101", "VCF0104", "VCF0105a", "VCF0115", "VCF0140a", "VCF0112", "VCF9011"]}