{"validation": 0.5822028052425845, "id_test": 0.5947126436781609, "ood_test": 0.592482690405539, "ood_validation": 0.612547689699025, "0": 0.5632411067193676, "1": 0.594113424264178, "3": 0.6320329347186826, "id_test_conf": [0.5799486640407281, 0.6093493176154428], "id_test_balanced": 0.5123916864395142, "id_test_balanced_conf": [0.5027870328351856, 0.5219963400438428], "ood_test_conf": [0.5858372685131253, 0.59910277967711], "ood_test_balanced": 0.5420387387275696, "ood_test_balanced_conf": [0.5380377522762865, 0.5460397251788527], "features": ["VCF0004", "VCF0901b", "VCF0218", "VCF0224", "VCF0302", "VCF9201", "VCF9202", "VCF9203", "VCF9206", "VCF0428", "VCF0429", "VCF0822", "VCF0870", "VCF0803", "VCF0601", "VCF0612", "VCF0615", "VCF0616", "VCF0617", "VCF0310", "VCF0743", "VCF0717", "VCF0718", "VCF0720", "VCF0721", "VCF0701", "VCF0675", "VCF0724", "VCF0725", "VCF0726", "VCF0745", "VCF0101", "VCF0104", "VCF0105a", "VCF0115", "VCF0140a", "VCF0112", "VCF9011"]}