{"validation": 0.8144401011726834, "id_test": 0.8087356321839081, "ood_test": 0.744807121661721, "ood_validation": 0.7532852903772785, "train": 0.8053224508564203, "id_test_conf": [0.7967273680417132, 0.8203278615464655], "id_test_balanced": 0.7012844085693359, "id_test_balanced_conf": [0.6934289644658566, 0.7091398526728153], "ood_test_conf": [0.7388859649736721, 0.7506611814729509], "ood_test_balanced": 0.6936339139938354, "ood_test_balanced_conf": [0.6900859853345901, 0.6971818426530808], "features": ["VCF0004", "VCF0901b", "VCF0218", "VCF0224", "VCF0302", "VCF9201", "VCF9202", "VCF9203", "VCF9206", "VCF0428", "VCF0429", "VCF0822", "VCF0870", "VCF0803", "VCF0601", "VCF0612", "VCF0615", "VCF0616", "VCF0617", "VCF0310", "VCF0743", "VCF0717", "VCF0718", "VCF0720", "VCF0721", "VCF0701", "VCF0675", "VCF0724", "VCF0725", "VCF0726", "VCF0745", "VCF0101", "VCF0104", "VCF0105a", "VCF0115", "VCF0140a", "VCF0112", "VCF9011"]}