{"validation": 0.818578983674408, "id_test": 0.8170114942528736, "ood_test": 0.7933681880269418, "ood_validation": 0.8037303942348453, "train": 0.8102655477641109, "id_test_conf": [0.8051947835882576, 0.8284009246274328], "id_test_balanced": 0.788774847984314, "id_test_balanced_conf": [0.7803225106559694, 0.7972271853126586], "ood_test_conf": [0.787858378296459, 0.7987975586646883], "ood_test_balanced": 0.7772214412689209, "ood_test_balanced_conf": [0.77334792743437, 0.7810949551034718], "features": ["VCF0004", "VCF0901b", "VCF0218", "VCF0224", "VCF0302", "VCF9201", "VCF9202", "VCF9203", "VCF9206", "VCF0428", "VCF0429", "VCF0822", "VCF0870", "VCF0803", "VCF0601", "VCF0612", "VCF0615", "VCF0616", "VCF0617", "VCF0310", "VCF0743", "VCF0717", "VCF0718", "VCF0720", "VCF0721", "VCF0701", "VCF0675", "VCF0724", "VCF0725", "VCF0726", "VCF0745", "VCF0101", "VCF0104", "VCF0105a", "VCF0115", "VCF0140a", "VCF0112", "VCF9011"]}