{"validation": 0.826856748677857, "id_test": 0.8333333333333334, "ood_test": 0.7926145730300033, "ood_validation": 0.8033064857990674, "train": 0.8252385331647316, "id_test_conf": [0.8219206445905043, 0.844296524392427], "id_test_balanced": 0.7680916786193848, "id_test_balanced_conf": [0.7598878876119852, 0.7762954696267843], "ood_test_conf": [0.7870975373138641, 0.7980513769007426], "ood_test_balanced": 0.7601068615913391, "ood_test_balanced_conf": [0.7563895650533959, 0.7638241581292823], "features": ["VCF0004", "VCF0901b", "VCF0218", "VCF0224", "VCF0302", "VCF9201", "VCF9202", "VCF9203", "VCF9206", "VCF0428", "VCF0429", "VCF0822", "VCF0870", "VCF0803", "VCF0601", "VCF0612", "VCF0615", "VCF0616", "VCF0617", "VCF0310", "VCF0743", "VCF0717", "VCF0718", "VCF0720", "VCF0721", "VCF0701", "VCF0675", "VCF0724", "VCF0725", "VCF0726", "VCF0745", "VCF0101", "VCF0104", "VCF0105a", "VCF0115", "VCF0140a", "VCF0112", "VCF9011"]}