{"validation": 0.8238675557599449, "id_test": 0.8291954022988506, "ood_test": 0.7877160755499034, "ood_validation": 0.7994913098770665, "train": 0.8282561213932635, "id_test_conf": [0.8176768401199992, 0.8402701047217102], "id_test_balanced": 0.7570793628692627, "id_test_balanced_conf": [0.7488734142482281, 0.7652853114902973], "ood_test_conf": [0.7821527641827717, 0.7932005020074884], "ood_test_balanced": 0.7517235279083252, "ood_test_balanced_conf": [0.7480355204734951, 0.7554115353431553], "features": ["VCF0004", "VCF0901b", "VCF0218", "VCF0224", "VCF0302", "VCF9201", "VCF9202", "VCF9203", "VCF9206", "VCF0428", "VCF0429", "VCF0822", "VCF0870", "VCF0803", "VCF0601", "VCF0612", "VCF0615", "VCF0616", "VCF0617", "VCF0310", "VCF0743", "VCF0717", "VCF0718", "VCF0720", "VCF0721", "VCF0701", "VCF0675", "VCF0724", "VCF0725", "VCF0726", "VCF0745", "VCF0101", "VCF0104", "VCF0105a", "VCF0115", "VCF0140a", "VCF0112", "VCF9011"]}