{"validation": 0.7758105311565877, "id_test": 0.7740229885057471, "ood_test": 0.6764636616268663, "ood_validation": 0.6769817719372615, "train": 0.7656339809173468, "id_test_conf": [0.761297972825377, 0.7863790266440489], "id_test_balanced": 0.6241488456726074, "id_test_balanced_conf": [0.617539920406416, 0.6307577709387988], "ood_test_conf": [0.6701234325919582, 0.6827555427846117], "ood_test_balanced": 0.6032995581626892, "ood_test_balanced_conf": [0.6004563888069242, 0.6061427275184542], "features": ["VCF0004", "VCF0901b", "VCF0218", "VCF0224", "VCF0302", "VCF9201", "VCF9202", "VCF9203", "VCF9206", "VCF0428", "VCF0429", "VCF0822", "VCF0870", "VCF0803", "VCF0601", "VCF0612", "VCF0615", "VCF0616", "VCF0617", "VCF0310", "VCF0743", "VCF0717", "VCF0718", "VCF0720", "VCF0721", "VCF0701", "VCF0675", "VCF0724", "VCF0725", "VCF0726", "VCF0745", "VCF0101", "VCF0104", "VCF0105a", "VCF0115", "VCF0140a", "VCF0112", "VCF9011"]}