{"validation": 0.40500463392029656, "id_test": 0.4287037037037037, "ood_test": 0.29302915082382763, "ood_validation": 0.2773556231003039, "3": 0.4036595067621321, "id_test_conf": [0.39895422969998173, 0.4588426777685883], "id_test_balanced": 0.5733540058135986, "id_test_balanced_conf": [0.5537752319127321, 0.5929327797144651], "ood_test_conf": [0.2848384953909945, 0.30132171559766274], "ood_test_balanced": 0.5425590872764587, "ood_test_balanced_conf": [0.5378939587809145, 0.547224215772003], "features": ["gender", "age", "ethnicity", "height_mean_0", "insurance"]}