{"validation": 0.7877664504170528, "id_test": 0.7861111111111111, "ood_test": 0.7226024503591043, "ood_validation": 0.7332826747720365, "train": 0.775654389622423, "id_test_conf": [0.7604296199350756, 0.8102230885836555], "id_test_balanced": 0.4533334970474243, "id_test_balanced_conf": [0.4404120838269591, 0.4662549102678895], "ood_test_conf": [0.7144399937676216, 0.7306552885504999], "ood_test_balanced": 0.4730267822742462, "ood_test_balanced_conf": [0.4683435655105859, 0.4777099990379065], "features": ["gender", "age", "ethnicity", "height_mean_0", "insurance"]}