{"validation": 0.12728808573863593, "id_test": 0.12668376197299946, "ood_test": 0.17439995894962348, "ood_validation": 0.17367712141620165, "0": 0.1273955607177066, "id_test_conf": [0.12489781396149657, 0.12848605355198991], "id_test_balanced": 0.4999961256980896, "id_test_balanced_conf": [0.49996772545939167, 0.5000245259367876], "ood_test_conf": [0.17286395936391577, 0.17594403278427798], "ood_test_balanced": 0.5000060200691223, "ood_test_balanced_conf": [0.4999735148066975, 0.5000385253315471], "features": ["SEX", "SMOKE100", "MARITAL", "PRACE1", "IYEAR"]}