{"validation": 0.6420140433972652, "id_test": 0.6446866279508259, "ood_test": 0.6871277137078325, "ood_validation": 0.6859341928035405, "0": 0.642611755122974, "id_test_conf": [0.6421035550306045, 0.6472633719505547], "id_test_balanced": 0.5794988870620728, "id_test_balanced_conf": [0.577649637281429, 0.5813481368427165], "ood_test_conf": [0.6852440637432338, 0.6890067248184573], "ood_test_balanced": 0.5892316102981567, "ood_test_balanced_conf": [0.5878890544944443, 0.5905741661018692], "features": ["SEX", "SMOKE100", "MARITAL", "PRACE1", "IYEAR"]}