{"validation": 0.9188381113870486, "id_test": 0.9199147678248539, "ood_test": 0.5152151101783841, "ood_validation": 0.5660377358490566, "train": 0.9194331042153765, "id_test_conf": [0.9188779445169438, 0.9209424505162286], "id_test_balanced": 0.8843224048614502, "id_test_balanced_conf": [0.8834994348103646, 0.8851453749125358], "ood_test_conf": [0.49250745174715405, 0.537875882625941], "ood_test_balanced": 0.5682074427604675, "ood_test_balanced_conf": [0.5597396836057306, 0.5766752019152045], "features": ["school_id", "Average_confidence(BORED)", "Average_confidence(CONCENTRATING)", "Average_confidence(CONFUSED)", "Average_confidence(FRUSTRATED)", "attempt_count", "hint_count", "skill_id", "problem_type", "bottom_hint", "tutor_mode", "position", "type", "first_action"]}