{"validation": 0.7789402999632361, "id_test": 0.7799006625000938, "ood_test": 0.44491080797481636, "ood_validation": 0.5424528301886793, "train": 0.7788833524186809, "id_test_conf": [0.7783229438874886, 0.781472293350193], "id_test_balanced": 0.638917088508606, "id_test_balanced_conf": [0.6380664982192684, 0.6397676787979435], "ood_test_conf": [0.42243757860176945, 0.4675538114209569], "ood_test_balanced": 0.5074487924575806, "ood_test_balanced_conf": [0.5047294545173645, 0.5101681303977966], "features": ["school_id", "Average_confidence(BORED)", "Average_confidence(CONCENTRATING)", "Average_confidence(CONFUSED)", "Average_confidence(FRUSTRATED)", "attempt_count", "hint_count", "skill_id", "problem_type", "bottom_hint", "tutor_mode", "position", "type", "first_action"]}