{"id_test": 0.9374413841225062, "id_test_conf": [0.9365154342194786, 0.9383578091263125], "id_test_balanced": 0.9006573557853699, "id_test_balanced_conf": [0.899895247106906, 0.9014194644638337], "ood_test": 0.5828961175236097, "ood_test_conf": [0.5603840099706288, 0.6051527250967135], "ood_test_balanced": 0.6298882961273193, "ood_test_balanced_conf": [0.620044875741005, 0.6397317165136337], "validation": 0.9364435074240526, "validation_conf": [0.9355107589327689, 0.9373667529322899], "validation_balanced": 0.899541437625885, "validation_balanced_conf": [0.898776299195597, 0.900306576056173], "features": ["school_id", "Average_confidence(BORED)", "Average_confidence(CONCENTRATING)", "Average_confidence(CONFUSED)", "Average_confidence(FRUSTRATED)", "attempt_count", "hint_count", "skill_id", "problem_type", "bottom_hint", "tutor_mode", "position", "type", "first_action"]}