{"id_test": 0.9375501751911347, "id_test_conf": [0.9366249704835821, 0.938465852609776], "id_test_balanced": 0.9009153842926025, "id_test_balanced_conf": [0.9001539141591638, 0.9016768544260413], "ood_test": 0.5828961175236097, "ood_test_conf": [0.5603840099706288, 0.6051527250967135], "ood_test_balanced": 0.6298882961273193, "ood_test_balanced_conf": [0.620044875741005, 0.6397317165136337], "validation": 0.9365072814987658, "validation_conf": [0.935574965541715, 0.9374300930722749], "validation_balanced": 0.8998430371284485, "validation_balanced_conf": [0.8990784824814182, 0.9006075917754788], "features": ["school_id", "Average_confidence(BORED)", "Average_confidence(CONCENTRATING)", "Average_confidence(CONFUSED)", "Average_confidence(FRUSTRATED)", "attempt_count", "hint_count", "skill_id", "problem_type", "bottom_hint", "tutor_mode", "position", "type", "first_action"]}