{"validation": 0.9237974835500401, "id_test": 0.9250954735412619, "ood_test": 0.46379853095487933, "ood_validation": 0.5660377358490566, "train": 0.9240961188749868, "id_test_conf": [0.9240896755964351, 0.9260920174047134], "id_test_balanced": 0.8799357414245605, "id_test_balanced_conf": [0.8791203005460556, 0.8807511823030655], "ood_test_conf": [0.4412185490846622, 0.48649007277403117], "ood_test_balanced": 0.5242085456848145, "ood_test_balanced_conf": [0.5193903165217489, 0.52902677484788], "features": ["school_id", "Average_confidence(BORED)", "Average_confidence(CONCENTRATING)", "Average_confidence(CONFUSED)", "Average_confidence(FRUSTRATED)", "attempt_count", "hint_count", "skill_id", "problem_type", "bottom_hint", "tutor_mode", "position", "type", "first_action"]}