{"validation": 0.706599218211083, "id_test": 0.7080459770114943, "ood_test": 0.6308699543120908, "ood_validation": 0.6384061042814752, "0": 0.6976284584980237, "1": 0.7124192390524049, "3": 0.7055479317780827, "id_test_conf": [0.6942833911731486, 0.7215286941349759], "id_test_balanced": 0.5503495931625366, "id_test_balanced_conf": [0.5437961379159242, 0.5569030484091491], "ood_test_conf": [0.6243376746186444, 0.6373663833783871], "ood_test_balanced": 0.5550585985183716, "ood_test_balanced_conf": [0.5522702128347009, 0.5578469842020423], "features": ["VCF0004", "VCF0901b", "VCF0101", "VCF0104", "VCF0105a", "VCF0115", "VCF0140a", "VCF0112"]}