{"validation": 0.7040699011266958, "id_test": 0.7080459770114943, "ood_test": 0.6027035938015166, "ood_validation": 0.6002543450614667, "train": 0.6964306242096793, "id_test_conf": [0.6942833911731486, 0.7215286941349759], "id_test_balanced": 0.5108907222747803, "id_test_balanced_conf": [0.5083078602422029, 0.5134735843073577], "ood_test_conf": [0.5960841313237066, 0.6092949234266415], "ood_test_balanced": 0.5116574764251709, "ood_test_balanced_conf": [0.5103951564221643, 0.5129197964281775], "features": ["VCF0004", "VCF0901b", "VCF0101", "VCF0104", "VCF0105a", "VCF0115", "VCF0140a", "VCF0112"]}