{"id_test": 0.7294252873563218, "id_test_conf": [0.7159572832251306, 0.7425845828851547], "id_test_balanced": 0.592673659324646, "id_test_balanced_conf": [0.5851422127615661, 0.6002051058877259], "ood_test": 0.659837030756912, "ood_test_conf": [0.6534192113715875, 0.6662110603653872], "ood_test_balanced": 0.5994101166725159, "ood_test_balanced_conf": [0.5958790945680812, 0.6029411387769505], "validation": 0.7314325132214302, "validation_conf": [0.7179925350193787, 0.7445610016803019], "validation_balanced": 0.5967119932174683, "validation_balanced_conf": [0.5891881325282157, 0.6042358539067209], "features": ["VCF0004", "VCF0901b", "VCF0101", "VCF0104", "VCF0105a", "VCF0115", "VCF0140a", "VCF0112"]}