{"validation": 0.6560128765233387, "id_test": 0.6648275862068965, "ood_test": 0.6562573595214545, "ood_validation": 0.6693514200932599, "train": 0.6596447867570985, "id_test_conf": [0.6505776653586717, 0.678855867130487], "id_test_balanced": 0.6276941895484924, "id_test_balanced_conf": [0.6177185569144785, 0.6376698221825063], "ood_test_conf": [0.6498239897350322, 0.6626479207587339], "ood_test_balanced": 0.6350635290145874, "ood_test_balanced_conf": [0.6306105649471283, 0.6395164930820465], "features": ["VCF0004", "VCF0901b", "VCF0101", "VCF0104", "VCF0105a", "VCF0115", "VCF0140a", "VCF0112"]}