{"validation": 0.6884341227868476, "id_test": 0.6940229885057472, "ood_test": 0.6574348829541707, "ood_validation": 0.6680796947859262, "train": 0.6870617312334751, "id_test_conf": [0.6800869462028128, 0.7076980647387605], "id_test_balanced": 0.6190758347511292, "id_test_balanced_conf": [0.609633956849575, 0.6285177126526833], "ood_test_conf": [0.6510065839019474, 0.663820050689373], "ood_test_balanced": 0.6183182001113892, "ood_test_balanced_conf": [0.614138155458495, 0.6224982447642833], "features": ["VCF0004", "VCF0901b", "VCF0101", "VCF0104", "VCF0105a", "VCF0115", "VCF0140a", "VCF0112"]}