{"validation": 0.7029202115428834, "id_test": 0.7057471264367816, "ood_test": 0.5985587113183553, "ood_validation": 0.5905044510385756, "0": 0.6858695652173913, "1": 0.7019382627422829, "3": 0.6907469123701235, "id_test_conf": [0.6919550578301299, 0.7192624258165651], "id_test_balanced": 0.5072389245033264, "id_test_balanced_conf": [0.5049426782596856, 0.5095351707469672], "ood_test_conf": [0.5919283623360442, 0.6051620630464611], "ood_test_balanced": 0.5077836513519287, "ood_test_balanced_conf": [0.5064701845427044, 0.509097118161153], "features": ["VCF0004", "VCF0901b", "VCF0101", "VCF0104", "VCF0105a", "VCF0115", "VCF0140a", "VCF0112"]}