{"validation": 0.7162566107151069, "id_test": 0.7213793103448276, "ood_test": 0.6278083933870284, "ood_validation": 0.6214497668503604, "train": 0.7094493619956317, "id_test_conf": [0.7077960484342207, 0.7346647206420179], "id_test_balanced": 0.5465990304946899, "id_test_balanced_conf": [0.5413113364577293, 0.5518867245316506], "ood_test_conf": [0.62126550623378, 0.6343162688831687], "ood_test_balanced": 0.5470392107963562, "ood_test_balanced_conf": [0.5446140578621999, 0.5494643637305126], "features": ["VCF0004", "VCF0901b", "VCF0101", "VCF0104", "VCF0105a", "VCF0115", "VCF0140a", "VCF0112"]}