{"validation": 0.7171763623821568, "id_test": 0.7188505747126437, "ood_test": 0.6240403184023362, "ood_validation": 0.6210258584145825, "train": 0.709564317737671, "id_test_conf": [0.7052321969510367, 0.7321745122136091], "id_test_balanced": 0.5470436215400696, "id_test_balanced_conf": [0.5415037901792675, 0.5525834529008716], "ood_test_conf": [0.6174847587989343, 0.6305618988977335], "ood_test_balanced": 0.5435192584991455, "ood_test_balanced_conf": [0.5410673941439018, 0.5459711228543892], "features": ["VCF0004", "VCF0901b", "VCF0101", "VCF0104", "VCF0105a", "VCF0115", "VCF0140a", "VCF0112"]}