{"validation": 0.6380777190158657, "id_test": 0.6406896551724138, "ood_test": 0.6286562102585841, "ood_validation": 0.6447647308181432, "0": 0.6473320158102767, "1": 0.6363962670495333, "3": 0.6465398941384042, "id_test_conf": [0.6262258808417093, 0.6549642798640407], "id_test_balanced": 0.5966370105743408, "id_test_balanced_conf": [0.5865825848840177, 0.6066914362646639], "ood_test_conf": [0.622116232561007, 0.6351609439710686], "ood_test_balanced": 0.5968807935714722, "ood_test_balanced_conf": [0.5924979441892355, 0.6012636429537088], "features": ["VCF0004", "VCF0901b", "VCF0101", "VCF0104", "VCF0105a", "VCF0115", "VCF0140a", "VCF0112"]}