{"validation": 0.6458956081857898, "id_test": 0.6455172413793103, "ood_test": 0.6183411049879892, "ood_validation": 0.6405256464603646, "0": 0.650197628458498, "1": 0.6450107681263461, "3": 0.6612428935502842, "id_test_conf": [0.6310930461516175, 0.6597457903538997], "id_test_balanced": 0.5866165161132812, "id_test_balanced_conf": [0.5767258454486728, 0.5965071867778897], "ood_test_conf": [0.6117671757186427, 0.6248826168208588], "ood_test_balanced": 0.586211621761322, "ood_test_balanced_conf": [0.5818151754885912, 0.5906080680340529], "features": ["VCF0004", "VCF0901b", "VCF0101", "VCF0104", "VCF0105a", "VCF0115", "VCF0140a", "VCF0112"]}