{"validation": 0.6937226948723845, "id_test": 0.6960919540229885, "ood_test": 0.5951674438321323, "ood_validation": 0.5883849088596863, "0": 0.6811264822134387, "1": 0.6979899497487437, "3": 0.6892766124289355, "id_test_conf": [0.6821805514690988, 0.709739602209069], "id_test_balanced": 0.5035150051116943, "id_test_balanced_conf": [0.5001272559911013, 0.5069027542322874], "ood_test_conf": [0.5885285526048043, 0.6017802669101611], "ood_test_balanced": 0.502642810344696, "ood_test_balanced_conf": [0.5016851446568035, 0.5036004760325886], "features": ["VCF0004", "VCF0901b", "VCF0101", "VCF0104", "VCF0105a", "VCF0115", "VCF0140a", "VCF0112"]}