{"validation": 0.6976316394573465, "id_test": 0.6928735632183908, "ood_test": 0.6037869153596157, "ood_validation": 0.5977108944467995, "0": 0.682806324110672, "1": 0.696554199569275, "3": 0.6914330523426779, "id_test_conf": [0.6789239725721249, 0.70656373676131], "id_test_balanced": 0.5126615166664124, "id_test_balanced_conf": [0.5077927264198661, 0.5175303069129586], "ood_test_conf": [0.5971703793752403, 0.6103750216823114], "ood_test_balanced": 0.5143404006958008, "ood_test_balanced_conf": [0.5128175811329857, 0.5158632202586159], "features": ["VCF0004", "VCF0901b", "VCF0101", "VCF0104", "VCF0105a", "VCF0115", "VCF0140a", "VCF0112"]}