{"validation": 0.7302828236376179, "id_test": 0.7282758620689656, "ood_test": 0.6576703876407141, "ood_validation": 0.6634167019923697, "train": 0.721318542361191, "id_test_conf": [0.7147910605824752, 0.7414535062096473], "id_test_balanced": 0.5918566584587097, "id_test_balanced_conf": [0.5843047424033284, 0.599408574514091], "ood_test_conf": [0.6512431079661197, 0.6640544714441973], "ood_test_balanced": 0.5988057851791382, "ood_test_balanced_conf": [0.5952069826098159, 0.6024045877484605], "features": ["VCF0004", "VCF0901b", "VCF0101", "VCF0104", "VCF0105a", "VCF0115", "VCF0140a", "VCF0112"]}