{"validation": 0.7305127615543803, "id_test": 0.7257471264367816, "ood_test": 0.6551740379633555, "ood_validation": 0.6553624417125901, "train": 0.7215484538452696, "id_test_conf": [0.712225762198706, 0.7389647457861435], "id_test_balanced": 0.5790735483169556, "id_test_balanced_conf": [0.5719845353066921, 0.586162561327219], "ood_test_conf": [0.6487360415333968, 0.6615695227868713], "ood_test_balanced": 0.5917231440544128, "ood_test_balanced_conf": [0.5883097160002216, 0.595136572108604], "features": ["VCF0004", "VCF0901b", "VCF0101", "VCF0104", "VCF0105a", "VCF0115", "VCF0140a", "VCF0112"]}