{"validation": 0.724534375718556, "id_test": 0.7193103448275862, "ood_test": 0.6401488389618953, "ood_validation": 0.6396778295888088, "train": 0.7123232555466146, "id_test_conf": [0.7056983127901437, 0.7326273163874386], "id_test_balanced": 0.557683527469635, "id_test_balanced_conf": [0.5514184960629791, 0.5639485588762909], "ood_test_conf": [0.6336504271534649, 0.6466088572801199], "ood_test_balanced": 0.5660743713378906, "ood_test_balanced_conf": [0.5631909272121266, 0.5689578154636546], "features": ["VCF0004", "VCF0901b", "VCF0101", "VCF0104", "VCF0105a", "VCF0115", "VCF0140a", "VCF0112"]}