{"validation": 0.7272936307197057, "id_test": 0.7262068965517241, "ood_test": 0.6571993782676275, "ood_validation": 0.6600254345061467, "train": 0.7224106219105645, "id_test_conf": [0.712692140201443, 0.7394172875976375], "id_test_balanced": 0.5921796560287476, "id_test_balanced_conf": [0.5845160743407906, 0.5998432377167046], "ood_test_conf": [0.6507700615825169, 0.6635856281896345], "ood_test_balanced": 0.5953644514083862, "ood_test_balanced_conf": [0.5918855059193447, 0.5988433968974277], "features": ["VCF0004", "VCF0901b", "VCF0101", "VCF0104", "VCF0105a", "VCF0115", "VCF0140a", "VCF0112"]}