{"validation": 0.724994251552081, "id_test": 0.7275862068965517, "ood_test": 0.6607790495030851, "ood_validation": 0.6600254345061467, "train": 0.7207437636509944, "id_test_conf": [0.714091380486407, 0.7407748066726518], "id_test_balanced": 0.6025763750076294, "id_test_balanced_conf": [0.5945722435787321, 0.6105805064365267], "ood_test_conf": [0.6543653895428511, 0.667148661461962], "ood_test_balanced": 0.604022741317749, "ood_test_balanced_conf": [0.600352110476233, 0.607693372159265], "features": ["VCF0004", "VCF0901b", "VCF0101", "VCF0104", "VCF0105a", "VCF0115", "VCF0140a", "VCF0112"]}