{"validation": 0.5717321997874601, "id_test": 0.5849256900212314, "ood_test": 0.5481064817842893, "ood_validation": 0.5603296056503826, "train": 0.5822599920329306, "id_test_conf": [0.5527043811519486, 0.6166143731433956], "id_test_balanced": 0.6384798884391785, "id_test_balanced_conf": [0.6214182738587261, 0.6555415030196309], "ood_test_conf": [0.5401764840515391, 0.5560181675138905], "ood_test_balanced": 0.5875750184059143, "ood_test_balanced_conf": [0.5839180487999692, 0.5912319880118594], "features": ["SEX", "WHTLGSPK", "BORNUSA", "HWELLSPK", "OTHLGSPK", "EDUCYR", "YRSINUS", "HISPNCAT", "RACETHX", "RACEWX", "RACEBX", "RACEAX", "RACEV2X", "RACEV1X", "HISPANX", "SICPAY31", "PAYDR31", "REGION31", "AGE31X", "INSCOV19"]}