{"validation": 0.6854410201912858, "id_test": 0.7133757961783439, "ood_test": 0.6191379423114658, "ood_validation": 0.6221306650971159, "train": 0.7017660337272607, "id_test_conf": [0.6833328147482688, 0.7420779845953942], "id_test_balanced": 0.7021424770355225, "id_test_balanced_conf": [0.6816840685158968, 0.7226008855551481], "ood_test_conf": [0.6113858973098152, 0.6268446306395241], "ood_test_balanced": 0.5996385812759399, "ood_test_balanced_conf": [0.5945401393435895, 0.6047370232082904], "features": ["SEX", "WHTLGSPK", "BORNUSA", "HWELLSPK", "OTHLGSPK", "EDUCYR", "YRSINUS", "HISPNCAT", "RACETHX", "RACEWX", "RACEBX", "RACEAX", "RACEV2X", "RACEV1X", "HISPANX", "SICPAY31", "PAYDR31", "REGION31", "AGE31X", "INSCOV19"]}