{"validation": 0.6726886291179596, "id_test": 0.7123142250530785, "ood_test": 0.6132513571849042, "ood_validation": 0.620364920541495, "train": 0.690744920993228, "id_test_conf": [0.682242793812784, 0.7410515681484404], "id_test_balanced": 0.7012431621551514, "id_test_balanced_conf": [0.6807611494883895, 0.7217251748219132], "ood_test_conf": [0.6054781420537909, 0.6209814574027389], "ood_test_balanced": 0.5921676754951477, "ood_test_balanced_conf": [0.5871209409926087, 0.5972144099976867], "features": ["SEX", "WHTLGSPK", "BORNUSA", "HWELLSPK", "OTHLGSPK", "EDUCYR", "YRSINUS", "HISPNCAT", "RACETHX", "RACEWX", "RACEBX", "RACEAX", "RACEV2X", "RACEV1X", "HISPANX", "SICPAY31", "PAYDR31", "REGION31", "AGE31X", "INSCOV19"]}