{"validation": 0.4920297555791711, "id_test": 0.49256900212314225, "ood_test": 0.48727843547648636, "ood_validation": 0.4985285462036492, "train": 0.49940246979152836, "id_test_conf": [0.46017811025768124, 0.5250064843260345], "id_test_balanced": 0.566975474357605, "id_test_balanced_conf": [0.554565891996026, 0.5793850567191839], "ood_test_conf": [0.4793258179337749, 0.495235895440502], "ood_test_balanced": 0.5358603596687317, "ood_test_balanced_conf": [0.5335405391687528, 0.5381801801687106], "features": ["SEX", "WHTLGSPK", "BORNUSA", "HWELLSPK", "OTHLGSPK", "EDUCYR", "YRSINUS", "HISPNCAT", "RACETHX", "RACEWX", "RACEBX", "RACEAX", "RACEV2X", "RACEV1X", "HISPANX", "SICPAY31", "PAYDR31", "REGION31", "AGE31X", "INSCOV19"]}