{"validation": 0.696068012752391, "id_test": 0.7409766454352441, "ood_test": 0.6470665184119302, "ood_validation": 0.6503825779870512, "train": 0.7228787677599257, "id_test_conf": [0.7117433451779285, 0.7686945841018666], "id_test_balanced": 0.7326527833938599, "id_test_balanced_conf": [0.712776684127748, 0.7525288826599718], "ood_test_conf": [0.6394314490588417, 0.654645593436026], "ood_test_balanced": 0.6352658271789551, "ood_test_balanced_conf": [0.6300138346198946, 0.6405178197380156], "features": ["SEX", "WHTLGSPK", "BORNUSA", "HWELLSPK", "OTHLGSPK", "EDUCYR", "YRSINUS", "HISPNCAT", "RACETHX", "RACEWX", "RACEBX", "RACEAX", "RACEV2X", "RACEV1X", "HISPANX", "SICPAY31", "PAYDR31", "REGION31", "AGE31X", "INSCOV19"]}