{"validation": 0.691817215727949, "id_test": 0.7367303609341825, "ood_test": 0.6513833475047419, "ood_validation": 0.6615656268393173, "train": 0.7215509228522109, "id_test_conf": [0.7073634760210197, 0.7646087738743949], "id_test_balanced": 0.7393530607223511, "id_test_balanced_conf": [0.7195409962162376, 0.7591651252284646], "ood_test_conf": [0.6437688495298912, 0.658940206628833], "ood_test_balanced": 0.6571025848388672, "ood_test_balanced_conf": [0.6518159066326916, 0.6623892630450428], "features": ["SEX", "WHTLGSPK", "BORNUSA", "HWELLSPK", "OTHLGSPK", "EDUCYR", "YRSINUS", "HISPNCAT", "RACETHX", "RACEWX", "RACEBX", "RACEAX", "RACEV2X", "RACEV1X", "HISPANX", "SICPAY31", "PAYDR31", "REGION31", "AGE31X", "INSCOV19"]}