{"validation": 0.6099893730074389, "id_test": 0.6273885350318471, "ood_test": 0.6009549349205311, "ood_validation": 0.6050618010594467, "train": 0.6191740804674014, "id_test_conf": [0.5956220530451088, 0.6583557512293773], "id_test_balanced": 0.580585777759552, "id_test_balanced_conf": [0.5616284476965666, 0.5995431078225374], "ood_test_conf": [0.593141321162449, 0.6087301162042963], "ood_test_balanced": 0.5706890225410461, "ood_test_balanced_conf": [0.5661346971802413, 0.5752433479018509], "features": ["SEX", "WHTLGSPK", "BORNUSA", "HWELLSPK", "OTHLGSPK", "EDUCYR", "YRSINUS", "HISPNCAT", "RACETHX", "RACEWX", "RACEBX", "RACEAX", "RACEV2X", "RACEV1X", "HISPANX", "SICPAY31", "PAYDR31", "REGION31", "AGE31X", "INSCOV19"]}