{"validation": 0.6014877789585548, "id_test": 0.6093418259023354, "ood_test": 0.5755118058735038, "ood_validation": 0.5715126545026487, "train": 0.5908909839330766, "id_test_conf": [0.5773519321998091, 0.6406458181821872], "id_test_balanced": 0.5252963304519653, "id_test_balanced_conf": [0.517159034833312, 0.5334336260706186], "ood_test_conf": [0.5676307189671446, 0.5833641477040354], "ood_test_balanced": 0.5285364985466003, "ood_test_balanced_conf": [0.525867551243864, 0.5312054458493367], "features": ["SEX", "WHTLGSPK", "BORNUSA", "HWELLSPK", "OTHLGSPK", "EDUCYR", "YRSINUS", "HISPNCAT", "RACETHX", "RACEWX", "RACEBX", "RACEAX", "RACEV2X", "RACEV1X", "HISPANX", "SICPAY31", "PAYDR31", "REGION31", "AGE31X", "INSCOV19"]}