{"validation": 0.6641870350690755, "id_test": 0.70276008492569, "ood_test": 0.6271829419844333, "ood_validation": 0.6450853443201884, "train": 0.7037578010888328, "id_test_conf": [0.672441217438187, 0.7318051807929842], "id_test_balanced": 0.6979023218154907, "id_test_balanced_conf": [0.677203810326755, 0.7186008333042264], "ood_test_conf": [0.6194617706956549, 0.6348556926676544], "ood_test_balanced": 0.6265149116516113, "ood_test_balanced_conf": [0.6210934332478791, 0.6319363900553435], "features": ["SEX", "WHTLGSPK", "BORNUSA", "HWELLSPK", "OTHLGSPK", "EDUCYR", "YRSINUS", "HISPNCAT", "RACETHX", "RACEWX", "RACEBX", "RACEAX", "RACEV2X", "RACEV1X", "HISPANX", "SICPAY31", "PAYDR31", "REGION31", "AGE31X", "INSCOV19"]}