{"validation": 0.6854410201912858, "id_test": 0.7197452229299363, "ood_test": 0.6155405847341225, "ood_validation": 0.618599175985874, "train": 0.6984464214579738, "id_test_conf": [0.6898770301232782, 0.7482323800524477], "id_test_balanced": 0.695656418800354, "id_test_balanced_conf": [0.6757723024114967, 0.7155405351892113], "ood_test_conf": [0.6077754606337217, 0.6232617221391449], "ood_test_balanced": 0.5893189907073975, "ood_test_balanced_conf": [0.5845366341527551, 0.5941013472620398], "features": ["SEX", "WHTLGSPK", "BORNUSA", "HWELLSPK", "OTHLGSPK", "EDUCYR", "YRSINUS", "HISPNCAT", "RACETHX", "RACEWX", "RACEBX", "RACEAX", "RACEV2X", "RACEV1X", "HISPANX", "SICPAY31", "PAYDR31", "REGION31", "AGE31X", "INSCOV19"]}