{"validation": 0.7013815090329437, "id_test": 0.7452229299363057, "ood_test": 0.6587088756622408, "ood_validation": 0.6709829311359623, "train": 0.7226131987783827, "id_test_conf": [0.7161266201104481, 0.7727769752359075], "id_test_balanced": 0.7437748908996582, "id_test_balanced_conf": [0.7240654718503357, 0.7634843099489808], "ood_test_conf": [0.6511308511566607, 0.6662264704081537], "ood_test_balanced": 0.6562386751174927, "ood_test_balanced_conf": [0.650921291531995, 0.6615560587029904], "features": ["SEX", "WHTLGSPK", "BORNUSA", "HWELLSPK", "OTHLGSPK", "EDUCYR", "YRSINUS", "HISPNCAT", "RACETHX", "RACEWX", "RACEBX", "RACEAX", "RACEV2X", "RACEV1X", "HISPANX", "SICPAY31", "PAYDR31", "REGION31", "AGE31X", "INSCOV19"]}