{"validation": 0.69394261424017, "id_test": 0.7430997876857749, "ood_test": 0.6583164366538033, "ood_validation": 0.673925838728664, "train": 0.7284557163723278, "id_test_conf": [0.7139345535164677, 0.7707362104982496], "id_test_balanced": 0.7447487115859985, "id_test_balanced_conf": [0.7250649064406752, 0.7644325167313218], "ood_test_conf": [0.6507364079199158, 0.6658361851477994], "ood_test_balanced": 0.6622174978256226, "ood_test_balanced_conf": [0.6569320973940194, 0.6675028982572258], "features": ["SEX", "WHTLGSPK", "BORNUSA", "HWELLSPK", "OTHLGSPK", "EDUCYR", "YRSINUS", "HISPNCAT", "RACETHX", "RACEWX", "RACEBX", "RACEAX", "RACEV2X", "RACEV1X", "HISPANX", "SICPAY31", "PAYDR31", "REGION31", "AGE31X", "INSCOV19"]}