{"validation": 0.8852272727272728, "id_test": 0.8820616883116883, "ood_test": 0.7633136094674556, "ood_validation": 0.6754966887417219, "33": 0.884171167428334, "id_test_conf": [0.8762353200920199, 0.8877068730502052], "id_test_balanced": 0.5360557436943054, "id_test_balanced_conf": [0.5337689335877076, 0.5383425538009032], "ood_test_conf": [0.7397287441472606, 0.7857481253467608], "ood_test_balanced": 0.6367055177688599, "ood_test_balanced_conf": [0.623673640023917, 0.6497373955138027], "features": ["AccredAgency", "HIGHDEG", "CONTROL", "region", "LOCALE", "locale2", "CCBASIC", "HBCU", "DISTANCEONLY", "median_hh_inc", "poverty_rate", "unemp_rate", "TUITIONFEE_IN", "TUITIONFEE_OUT", "TUITIONFEE_PROG", "ADM_RATE", "ADM_RATE_ALL", "SATVRMID", "SATMTMID", "SATWRMID", "ACTCMMID", "ACTENMID", "ACTMTMID", "ACTWRMID", "NPT4_PROG", "COSTT4_A", "COSTT4_P", "loan_ever", "pell_ever", "md_faminc"]}