{"validation": 0.706599218211083, "id_test": 0.7117241379310345, "ood_test": 0.6043992275446282, "ood_validation": 0.5955913522679102, "train": 0.6978100931141511, "id_test_conf": [0.6980095937566503, 0.7251538536104576], "id_test_balanced": 0.5146260857582092, "id_test_balanced_conf": [0.5120397303812205, 0.5172124411351979], "ood_test_conf": [0.5977843605795921, 0.6109854970854693], "ood_test_balanced": 0.5124746561050415, "ood_test_balanced_conf": [0.5113864300353452, 0.5135628821747378], "features": ["VCF0004", "VCF0901b", "VCF0701", "VCF0101", "VCF0105a", "VCF0115", "VCF0140a", "VCF0112"]}