{"validation": 0.7098183490457577, "id_test": 0.7172413793103448, "ood_test": 0.6108991568932222, "ood_validation": 0.6044934294192454, "train": 0.7021209334406253, "id_test_conf": [0.703600927319529, 0.7305895616996889], "id_test_balanced": 0.5248252153396606, "id_test_balanced_conf": [0.5214524896536022, 0.528197941025719], "ood_test_conf": [0.6043026736891814, 0.6174652617676475], "ood_test_balanced": 0.5206731557846069, "ood_test_balanced_conf": [0.5192789149121382, 0.5220673966570757], "features": ["VCF0004", "VCF0901b", "VCF0701", "VCF0101", "VCF0105a", "VCF0115", "VCF0140a", "VCF0112"]}