{"validation": 0.7077489077948954, "id_test": 0.7126436781609196, "ood_test": 0.6117469737647779, "ood_validation": 0.6053412462908012, "0": 0.6932806324110672, "1": 0.709978463747308, "3": 0.6980984120760635, "id_test_conf": [0.6989413127375795, 0.7260599750263901], "id_test_balanced": 0.5280590057373047, "id_test_balanced_conf": [0.523680187733844, 0.5324378237407654], "ood_test_conf": [0.605152978576664, 0.6183103583254571], "ood_test_balanced": 0.5229549407958984, "ood_test_balanced_conf": [0.5213469545915723, 0.5245629270002246], "features": ["VCF0004", "VCF0901b", "VCF0701", "VCF0101", "VCF0105a", "VCF0115", "VCF0140a", "VCF0112"]}