{"validation": 0.6870544952862727, "id_test": 0.6873563218390805, "ood_test": 0.6226272902830766, "ood_validation": 0.6328952946163628, "0": 0.6882411067193676, "1": 0.6873653984206748, "3": 0.6867280925308763, "id_test_conf": [0.673343084215701, 0.7011175765498621], "id_test_balanced": 0.5739816427230835, "id_test_balanced_conf": [0.5653971971943974, 0.5825660882517696], "ood_test_conf": [0.6160670869514677, 0.6291539017044665], "ood_test_balanced": 0.563591480255127, "ood_test_balanced_conf": [0.5599284781841561, 0.5672544823260978], "features": ["VCF0004", "VCF0901b", "VCF0701", "VCF0101", "VCF0105a", "VCF0115", "VCF0140a", "VCF0112"]}