{"validation": 0.6776270406990113, "id_test": 0.6783908045977012, "ood_test": 0.6271489802647072, "ood_validation": 0.6303518440016956, "0": 0.6792490118577075, "1": 0.6730796841349606, "3": 0.6819251127229955, "id_test_conf": [0.6642789637882773, 0.6922627402046279], "id_test_balanced": 0.5889078974723816, "id_test_balanced_conf": [0.5796588348411024, 0.5981569601036608], "ood_test_conf": [0.6206038449957717, 0.6336592845749408], "ood_test_balanced": 0.5821959376335144, "ood_test_balanced_conf": [0.5780868833977729, 0.5863049918692559], "features": ["VCF0004", "VCF0901b", "VCF0701", "VCF0101", "VCF0105a", "VCF0115", "VCF0140a", "VCF0112"]}