{"validation": 0.5566796964819499, "id_test": 0.5572413793103448, "ood_test": 0.508077810748434, "ood_validation": 0.5006358626536668, "train": 0.5542878491780664, "id_test_conf": [0.5423313673260275, 0.5720744608421329], "id_test_balanced": 0.5494300127029419, "id_test_balanced_conf": [0.5389825636334717, 0.559877461772412], "ood_test_conf": [0.5013287898941006, 0.5148246191272722], "ood_test_balanced": 0.5173138380050659, "ood_test_balanced_conf": [0.5125836671330035, 0.5220440088771283], "features": ["VCF0004", "VCF0901b", "VCF0701", "VCF0101", "VCF0105a", "VCF0115", "VCF0140a", "VCF0112"]}