{"validation": 0.2998390434582663, "id_test": 0.29701149425287354, "ood_test": 0.4060571805378927, "ood_validation": 0.41373463331920307, "0": 0.316699604743083, "1": 0.29971284996410624, "3": 0.3106253675749853, "id_test_conf": [0.2834576433703536, 0.3108383953462749], "id_test_balanced": 0.5001025795936584, "id_test_balanced_conf": [0.4994802761101164, 0.5007248830772005], "ood_test_conf": [0.3994410176759114, 0.4126990760435728], "ood_test_balanced": 0.500325083732605, "ood_test_balanced_conf": [0.5000211943709292, 0.5006289730942808], "features": ["VCF0004", "VCF0901b", "VCF0701", "VCF0101", "VCF0105a", "VCF0115", "VCF0140a", "VCF0112"]}