{"validation": 0.6822257990342607, "id_test": 0.6839080459770115, "ood_test": 0.5890443219820074, "ood_validation": 0.5888088172954642, "0": 0.6733201581027668, "1": 0.6877243359655419, "3": 0.6737894530484219, "id_test_conf": [0.6698561828055156, 0.6977125719145774], "id_test_balanced": 0.4959758222103119, "id_test_balanced_conf": [0.4919522953592241, 0.4999993490613997], "ood_test_conf": [0.5823908345057449, 0.5956734188139781], "ood_test_balanced": 0.4983600676059723, "ood_test_balanced_conf": [0.4970288312877528, 0.49969130392419175], "features": ["VCF0004", "VCF0901b", "VCF0701", "VCF0101", "VCF0105a", "VCF0115", "VCF0140a", "VCF0112"]}