{"validation": 0.6725684065302369, "id_test": 0.6742528735632184, "ood_test": 0.6169280768687296, "ood_validation": 0.6265366680796948, "0": 0.6797430830039526, "1": 0.6722182340272792, "3": 0.6785924328563027, "id_test_conf": [0.6600975061726286, 0.6881739089584584], "id_test_balanced": 0.5633226633071899, "id_test_balanced_conf": [0.5546162678860128, 0.5720290587283671], "ood_test_conf": [0.6103497408277199, 0.6234743826539844], "ood_test_balanced": 0.564666748046875, "ood_test_balanced_conf": [0.5607531426660717, 0.5685803534276783], "features": ["VCF0004", "VCF0901b", "VCF0701", "VCF0101", "VCF0105a", "VCF0115", "VCF0140a", "VCF0112"]}