{"validation": 0.315704759714877, "id_test": 0.30942528735632185, "ood_test": 0.4101078611464368, "ood_validation": 0.41373463331920307, "0": 0.32252964426877473, "1": 0.30732232591529074, "3": 0.3190550872377965, "id_test_conf": [0.29570521874427214, 0.3234016753234006], "id_test_balanced": 0.5039937496185303, "id_test_balanced_conf": [0.5009247107896954, 0.5070627884473652], "ood_test_conf": [0.403480954303741, 0.4167593908999802], "ood_test_balanced": 0.503104567527771, "ood_test_balanced_conf": [0.5022709736367688, 0.5039381614187732], "features": ["VCF0004", "VCF0901b", "VCF0701", "VCF0101", "VCF0105a", "VCF0115", "VCF0140a", "VCF0112"]}