{"validation": 0.7026902736261209, "id_test": 0.7147126436781609, "ood_test": 0.693184494371438, "ood_validation": 0.6939381093683764, "train": 0.7066904241866881, "id_test_conf": [0.7010379283322887, 0.7280985001483962], "id_test_balanced": 0.6638243198394775, "id_test_balanced_conf": [0.6542517858371139, 0.6733968538418412], "ood_test_conf": [0.6869314560190181, 0.6993845998803463], "ood_test_balanced": 0.6687066555023193, "ood_test_balanced_conf": [0.6644026922713965, 0.6730106187332422], "features": ["VCF0004", "VCF0901b", "VCF0701", "VCF0101", "VCF0105a", "VCF0115", "VCF0140a", "VCF0112"]}