{"validation": 0.6091055415037939, "id_test": 0.6259770114942529, "ood_test": 0.6404785455230559, "ood_validation": 0.6511233573548114, "0": 0.6008893280632411, "1": 0.6122038765254846, "3": 0.659184473632621, "id_test_conf": [0.6114022198310403, 0.6403824488192489], "id_test_balanced": 0.6411080956459045, "id_test_balanced_conf": [0.6310588166490197, 0.6511573746427893], "ood_test_conf": [0.633981385056414, 0.6469372221399506], "ood_test_balanced": 0.6532955169677734, "ood_test_balanced_conf": [0.6488149561639875, 0.6577760777715593], "features": ["VCF0004", "VCF0901b", "VCF0701", "VCF0101", "VCF0105a", "VCF0115", "VCF0140a", "VCF0112"]}