{"validation": 0.7042998390434583, "id_test": 0.7193103448275862, "ood_test": 0.6823983797277566, "ood_validation": 0.6981771937261552, "0": 0.7008893280632411, "1": 0.704091888011486, "3": 0.7162321113507155, "id_test_conf": [0.7056983127901437, 0.7326273163874386], "id_test_balanced": 0.6327899694442749, "id_test_balanced_conf": [0.623699315264821, 0.6418806236237288], "ood_test_conf": [0.6760880261660969, 0.6886587582004404], "ood_test_balanced": 0.6449438333511353, "ood_test_balanced_conf": [0.6408012220170349, 0.6490864446852356], "features": ["VCF0004", "VCF0901b", "VCF0701", "VCF0101", "VCF0105a", "VCF0115", "VCF0140a", "VCF0112"]}