{"validation": 0.7406300298919292, "id_test": 0.7393103448275862, "ood_test": 0.658895012010739, "ood_validation": 0.6612971598134803, "train": 0.7266927233015289, "id_test_conf": [0.725991462021347, 0.7523071744503845], "id_test_balanced": 0.5931980609893799, "id_test_balanced_conf": [0.5861540598701686, 0.6002420621085912], "ood_test_conf": [0.6524730612585014, 0.6652734312078221], "ood_test_balanced": 0.5892054438591003, "ood_test_balanced_conf": [0.5861091170134023, 0.5923017707047984], "features": ["VCF0004", "VCF0901b", "VCF0701", "VCF0101", "VCF0105a", "VCF0115", "VCF0140a", "VCF0112"]}