{"validation": 0.7229248103012187, "id_test": 0.7303448275862069, "ood_test": 0.6334605058640667, "ood_validation": 0.6396778295888088, "train": 0.7193355558110127, "id_test_conf": [0.7168903418300838, 0.7434893636708904], "id_test_balanced": 0.5592491030693054, "id_test_balanced_conf": [0.5537022731546313, 0.5647959329839796], "ood_test_conf": [0.6269374206992955, 0.6399470304866621], "ood_test_balanced": 0.5518116354942322, "ood_test_balanced_conf": [0.5494714376842603, 0.554151833304204], "features": ["VCF0004", "VCF0901b", "VCF0701", "VCF0101", "VCF0105a", "VCF0115", "VCF0140a", "VCF0112"]}