{"validation": 0.6088756035870315, "id_test": 0.6114942528735632, "ood_test": 0.5999246385003062, "ood_validation": 0.6206019499788046, "0": 0.6247035573122529, "1": 0.614070351758794, "3": 0.6163497353460106, "id_test_conf": [0.5968240376791174, 0.6260145946240174], "id_test_balanced": 0.5904582738876343, "id_test_balanced_conf": [0.5801822127215565, 0.6007343350537121], "ood_test_conf": [0.5932978228139181, 0.6065240827043707], "ood_test_balanced": 0.5837880373001099, "ood_test_balanced_conf": [0.5791703886259347, 0.588405685974285], "features": ["VCF0004", "VCF0901b", "VCF0701", "VCF0101", "VCF0105a", "VCF0115", "VCF0140a", "VCF0112"]}