{"validation": 0.6833754886180731, "id_test": 0.6908045977011494, "ood_test": 0.6033630069238378, "ood_validation": 0.6023738872403561, "0": 0.6794466403162055, "1": 0.6936826992103374, "3": 0.6863360125465595, "id_test_conf": [0.6768308715561839, 0.7045216947272293], "id_test_balanced": 0.5306961536407471, "id_test_balanced_conf": [0.5242458303179592, 0.5371464769635349], "ood_test_conf": [0.5967453217762533, 0.6099523785526351], "ood_test_balanced": 0.5198158025741577, "ood_test_balanced_conf": [0.5176047060871497, 0.5220268990611657], "features": ["VCF0004", "VCF0901b", "VCF0701", "VCF0101", "VCF0105a", "VCF0115", "VCF0140a", "VCF0112"]}