{"validation": 0.7362612094734422, "id_test": 0.743448275862069, "ood_test": 0.6969525693561301, "ood_validation": 0.6947859262399322, "train": 0.7366938728589493, "id_test_conf": [0.730194342989177, 0.75637456733237], "id_test_balanced": 0.6414272785186768, "id_test_balanced_conf": [0.6328365983627736, 0.6500179586745799], "ood_test_conf": [0.6907204879272728, 0.7031306845473074], "ood_test_balanced": 0.6524976491928101, "ood_test_balanced_conf": [0.6485600736737251, 0.656435224711895], "features": ["VCF0004", "VCF0901b", "VCF0701", "VCF0101", "VCF0105a", "VCF0115", "VCF0140a", "VCF0112"]}