{"validation": 0.746838353644516, "id_test": 0.7514942528735632, "ood_test": 0.6873439781451651, "ood_validation": 0.6926663840610429, "train": 0.740947235314404, "id_test_conf": [0.7383710005849478, 0.7642789939200582], "id_test_balanced": 0.6184488534927368, "id_test_balanced_conf": [0.6108999046124518, 0.6259978023730218], "ood_test_conf": [0.6810594166590768, 0.6935772084265854], "ood_test_balanced": 0.6290055513381958, "ood_test_balanced_conf": [0.6254721010057256, 0.632539001670666], "features": ["VCF0004", "VCF0901b", "VCF0701", "VCF0101", "VCF0105a", "VCF0115", "VCF0140a", "VCF0112"]}