{"validation": 0.7339618303058174, "id_test": 0.7395402298850575, "ood_test": 0.660119636380764, "ood_validation": 0.6668079694785927, "train": 0.7262329003333716, "id_test_conf": [0.7262249157954545, 0.7525331803685007], "id_test_balanced": 0.5839451551437378, "id_test_balanced_conf": [0.5774097667168826, 0.590480543570593], "ood_test_conf": [0.6537030618742888, 0.6664923436433351], "ood_test_balanced": 0.5891281962394714, "ood_test_balanced_conf": [0.5861075640749186, 0.5921488284040243], "features": ["VCF0004", "VCF0901b", "VCF0701", "VCF0101", "VCF0105a", "VCF0115", "VCF0140a", "VCF0112"]}