{"validation": 0.7321223269717176, "id_test": 0.7342528735632184, "ood_test": 0.6722245772690877, "ood_validation": 0.675710046629928, "train": 0.7265490286239797, "id_test_conf": [0.7208566447084335, 0.7473338775568712], "id_test_balanced": 0.5943114757537842, "id_test_balanced_conf": [0.5869471315294504, 0.6016758199781179], "ood_test_conf": [0.6658637177185065, 0.6785382511558726], "ood_test_balanced": 0.6073192954063416, "ood_test_balanced_conf": [0.6040181677648797, 0.6106204230478034], "features": ["VCF0004", "VCF0901b", "VCF0701", "VCF0101", "VCF0105a", "VCF0115", "VCF0140a", "VCF0112"]}