{"validation": 0.7424695332260289, "id_test": 0.7485057471264368, "ood_test": 0.6791955159907682, "ood_validation": 0.6858838490885969, "train": 0.7393665938613634, "id_test_conf": [0.7353332715578726, 0.7613437494360245], "id_test_balanced": 0.6071325540542603, "id_test_balanced_conf": [0.5999201408773661, 0.6143449672311544], "ood_test_conf": [0.6728688944774506, 0.6854730406096764], "ood_test_balanced": 0.6137546300888062, "ood_test_balanced_conf": [0.6105001295823604, 0.6170091305952519], "features": ["VCF0004", "VCF0901b", "VCF0701", "VCF0101", "VCF0105a", "VCF0115", "VCF0140a", "VCF0112"]}