{"validation": 0.8745150799808509, "id_test": 0.8727487330174819, "ood_test": 0.8257814925373135, "ood_validation": 0.828748280605227, "train": 0.8752833437711831, "id_test_conf": [0.8708591543940237, 0.8746204503833706], "id_test_balanced": 0.500013530254364, "id_test_balanced_conf": [0.4999849948920746, 0.5000420656166534], "ood_test_conf": [0.8241499271045233, 0.8274040335605886], "ood_test_balanced": 0.5000180006027222, "ood_test_balanced_conf": [0.4999937225507165, 0.5000422786547278], "features": ["IYEAR", "MEDCOST", "PRACE1", "SEX", "PHYSHLTH", "BMI5", "BMI5CAT", "SMOKE100", "SMOKDAY2", "FRUIT_ONCE_PER_DAY", "VEG_ONCE_PER_DAY", "DRNK_PER_WEEK", "RFBING5", "TOTINDA", "INCOME", "MARITAL", "CHECKUP1", "EDUCA", "MENTHLTH", "MICHD"]}