{"id_test": 0.8749607937005794, "id_test_conf": [0.8730851873590793, 0.876818432394834], "id_test_balanced": 0.5340056419372559, "id_test_balanced_conf": [0.5332122861372772, 0.5347989977372345], "ood_test": 0.8293635820895522, "ood_test_conf": [0.8277452723012325, 0.8309727680951452], "ood_test_balanced": 0.5295006632804871, "ood_test_balanced_conf": [0.5289152437297162, 0.5300860828312579], "validation": 0.8771563464681315, "validation_conf": [0.8752947963550192, 0.8789998233223487], "validation_balanced": 0.5359588861465454, "validation_balanced_conf": [0.5351505005231593, 0.5367672717699316], "features": ["IYEAR", "MEDCOST", "PRACE1", "SEX", "PHYSHLTH", "BMI5", "BMI5CAT", "SMOKE100", "SMOKDAY2", "FRUIT_ONCE_PER_DAY", "VEG_ONCE_PER_DAY", "DRNK_PER_WEEK", "RFBING5", "TOTINDA", "INCOME", "MARITAL", "CHECKUP1", "EDUCA", "MENTHLTH", "MICHD"]}