{"validation": 0.8625881109992242, "id_test": 0.8597157336943064, "ood_test": 0.8168835820895523, "ood_validation": 0.8158098349381018, "train": 0.8621687960224055, "id_test_conf": [0.8577474828348648, 0.8616667498289073], "id_test_balanced": 0.5926059484481812, "id_test_balanced_conf": [0.5912670896342024, 0.5939448072621599], "ood_test_conf": [0.8152201665800906, 0.818538219998121], "ood_test_balanced": 0.5848256349563599, "ood_test_balanced_conf": [0.5837941492651589, 0.5858571206475608], "features": ["IYEAR", "MEDCOST", "PRACE1", "SEX", "PHYSHLTH", "BMI5", "BMI5CAT", "SMOKE100", "SMOKDAY2", "FRUIT_ONCE_PER_DAY", "VEG_ONCE_PER_DAY", "DRNK_PER_WEEK", "RFBING5", "TOTINDA", "INCOME", "MARITAL", "CHECKUP1", "EDUCA", "MENTHLTH", "MICHD"]}