{"validation": 0.8744490483186688, "id_test": 0.8724598444954356, "ood_test": 0.8257814925373135, "ood_validation": 0.8285333562585969, "train": 0.875141994306815, "id_test_conf": [0.8705684549625318, 0.8743333866637892], "id_test_balanced": 0.5041429996490479, "id_test_balanced_conf": [0.5038365152070764, 0.5044494840910193], "ood_test_conf": [0.8241499271045233, 0.8274040335605886], "ood_test_balanced": 0.5043341517448425, "ood_test_balanced_conf": [0.5040876297268551, 0.50458067376283], "features": ["IYEAR", "MEDCOST", "PRACE1", "SEX", "PHYSHLTH", "BMI5", "BMI5CAT", "SMOKE100", "SMOKDAY2", "FRUIT_ONCE_PER_DAY", "VEG_ONCE_PER_DAY", "DRNK_PER_WEEK", "RFBING5", "TOTINDA", "INCOME", "MARITAL", "CHECKUP1", "EDUCA", "MENTHLTH", "MICHD"]}