{"validation": 0.8770820608481767, "id_test": 0.8747461907984879, "ood_test": 0.8290483582089552, "ood_validation": 0.8302957359009628, "train": 0.8774097762241947, "id_test_conf": [0.8728692206685954, 0.8766052036032163], "id_test_balanced": 0.5322201251983643, "id_test_balanced_conf": [0.531445100500714, 0.5329951498960145], "ood_test_conf": [0.8274288716603068, 0.8306587297200565], "ood_test_balanced": 0.5278170108795166, "ood_test_balanced_conf": [0.5272461964632384, 0.5283878252957948], "features": ["IYEAR", "MEDCOST", "PRACE1", "SEX", "PHYSHLTH", "BMI5", "BMI5CAT", "SMOKE100", "SMOKDAY2", "FRUIT_ONCE_PER_DAY", "VEG_ONCE_PER_DAY", "DRNK_PER_WEEK", "RFBING5", "TOTINDA", "INCOME", "MARITAL", "CHECKUP1", "EDUCA", "MENTHLTH", "MICHD"]}