{"validation": 0.7082473546065339, "id_test": 0.7085775129174439, "ood_test": 0.6712501492537314, "ood_validation": 0.672025447042641, "train": 0.7087086746269458, "id_test_conf": [0.7060096265988685, 0.7111354124235576], "id_test_balanced": 0.7024810314178467, "id_test_balanced_conf": [0.7006610065093264, 0.704301056326367], "ood_test_conf": [0.6692332496185238, 0.6732623068980752], "ood_test_balanced": 0.6754814982414246, "ood_test_balanced_conf": [0.6740635402756743, 0.6768994562071748], "features": ["IYEAR", "MEDCOST", "PRACE1", "SEX", "PHYSHLTH", "BMI5", "BMI5CAT", "SMOKE100", "SMOKDAY2", "FRUIT_ONCE_PER_DAY", "VEG_ONCE_PER_DAY", "DRNK_PER_WEEK", "RFBING5", "TOTINDA", "INCOME", "MARITAL", "CHECKUP1", "EDUCA", "MENTHLTH", "MICHD"]}