{"validation": 0.8764299981841293, "id_test": 0.87424269937435, "ood_test": 0.8281504477611941, "ood_validation": 0.8302957359009628, "train": 0.8770548549414019, "id_test_conf": [0.8723625365966097, 0.8761049290435242], "id_test_balanced": 0.5191576480865479, "id_test_balanced_conf": [0.5185564784239978, 0.5197588177490979], "ood_test_conf": [0.8265276201444144, 0.8297641852505812], "ood_test_balanced": 0.5173429846763611, "ood_test_balanced_conf": [0.5168918358738301, 0.517794133478892], "features": ["IYEAR", "MEDCOST", "PRACE1", "SEX", "PHYSHLTH", "BMI5", "BMI5CAT", "SMOKE100", "SMOKDAY2", "FRUIT_ONCE_PER_DAY", "VEG_ONCE_PER_DAY", "DRNK_PER_WEEK", "RFBING5", "TOTINDA", "INCOME", "MARITAL", "CHECKUP1", "EDUCA", "MENTHLTH", "MICHD"]}