{"validation": 0.8765868233818116, "id_test": 0.874275715205441, "ood_test": 0.8282364179104478, "ood_validation": 0.8308545392022009, "train": 0.8771250137996284, "id_test_conf": [0.8723957614812172, 0.8761377342331503], "id_test_balanced": 0.5185669660568237, "id_test_balanced_conf": [0.5179761078639422, 0.5191578242497052], "ood_test_conf": [0.8266139094854955, 0.8298498338230158], "ood_test_balanced": 0.5157291889190674, "ood_test_balanced_conf": [0.5153035919571994, 0.5161547858809353], "features": ["IYEAR", "MEDCOST", "PRACE1", "SEX", "PHYSHLTH", "BMI5", "BMI5CAT", "SMOKE100", "SMOKDAY2", "FRUIT_ONCE_PER_DAY", "VEG_ONCE_PER_DAY", "DRNK_PER_WEEK", "RFBING5", "TOTINDA", "INCOME", "MARITAL", "CHECKUP1", "EDUCA", "MENTHLTH", "MICHD"]}