{"validation": 0.8769334896082671, "id_test": 0.8743665087409412, "ood_test": 0.8284608955223881, "ood_validation": 0.829221114167813, "train": 0.8769238229561848, "id_test_conf": [0.8724871301310306, 0.8762279482874613], "id_test_balanced": 0.5410081744194031, "id_test_balanced_conf": [0.5401322758081369, 0.5418840730306692], "ood_test_conf": [0.8268392212383519, 0.8300734710665403], "ood_test_balanced": 0.536093533039093, "ood_test_balanced_conf": [0.5354342441423796, 0.5367528219358064], "features": ["IYEAR", "MEDCOST", "PRACE1", "SEX", "PHYSHLTH", "BMI5", "BMI5CAT", "SMOKE100", "SMOKDAY2", "FRUIT_ONCE_PER_DAY", "VEG_ONCE_PER_DAY", "DRNK_PER_WEEK", "RFBING5", "TOTINDA", "INCOME", "MARITAL", "CHECKUP1", "EDUCA", "MENTHLTH", "MICHD"]}