{"validation": 0.8772141241725407, "id_test": 0.8744160324875778, "ood_test": 0.8288764179104477, "ood_validation": 0.8297369325997249, "train": 0.8771838234307888, "id_test_conf": [0.8725369677106958, 0.8762771558191254], "id_test_balanced": 0.5315045118331909, "id_test_balanced_conf": [0.5307338951155544, 0.5322751285508275], "ood_test_conf": [0.8272562903333417, 0.8304874352200786], "ood_test_balanced": 0.5279941558837891, "ood_test_balanced_conf": [0.5274194560630713, 0.5285688557045068], "features": ["IYEAR", "MEDCOST", "PRACE1", "SEX", "PHYSHLTH", "BMI5", "BMI5CAT", "SMOKE100", "SMOKDAY2", "FRUIT_ONCE_PER_DAY", "VEG_ONCE_PER_DAY", "DRNK_PER_WEEK", "RFBING5", "TOTINDA", "INCOME", "MARITAL", "CHECKUP1", "EDUCA", "MENTHLTH", "MICHD"]}