{"validation": 0.9251367391190174, "id_test": 0.9263747064516855, "ood_test": 0.46117523609653727, "ood_validation": 0.5566037735849056, "train": 0.9254058332700281, "id_test_conf": [0.9253767794135069, 0.9273633513772552], "id_test_balanced": 0.8808937072753906, "id_test_balanced_conf": [0.8800823402160313, 0.88170507433475], "ood_test_conf": [0.43860814576767676, 0.4838619711439496], "ood_test_balanced": 0.5218808054924011, "ood_test_balanced_conf": [0.5172888834401965, 0.5264727275446057], "features": ["Average_confidence(BORED)", "Average_confidence(CONCENTRATING)", "Average_confidence(CONFUSED)", "Average_confidence(FRUSTRATED)", "attempt_count", "hint_count", "school_id", "skill_id", "problem_type", "bottom_hint", "ms_first_response", "tutor_mode", "position", "type", "overlap_time", "first_action"]}