{"validation": 0.9239475401964241, "id_test": 0.9249529197271971, "ood_test": 0.45173137460650575, "ood_validation": 0.5518867924528302, "train": 0.9241519212426953, "id_test_conf": [0.9239462499819949, 0.9259503385143697], "id_test_balanced": 0.8789825439453125, "id_test_balanced_conf": [0.8781660471914802, 0.8797990406991448], "ood_test_conf": [0.4292158562902504, 0.4743956441387083], "ood_test_balanced": 0.5135009288787842, "ood_test_balanced_conf": [0.5098624698910862, 0.5171393878664822], "features": ["Average_confidence(BORED)", "Average_confidence(CONCENTRATING)", "Average_confidence(CONFUSED)", "Average_confidence(FRUSTRATED)", "attempt_count", "hint_count", "school_id", "skill_id", "problem_type", "bottom_hint", "ms_first_response", "tutor_mode", "position", "type", "overlap_time", "first_action"]}