{"validation": 0.9229646691626089, "id_test": 0.924202636495277, "ood_test": 0.45487932843651624, "ood_validation": 0.5518867924528302, "train": 0.9230996480230487, "id_test_conf": [0.923191395642647, 0.925204642827361], "id_test_balanced": 0.8792556524276733, "id_test_balanced_conf": [0.8784373800235334, 0.8800739248318132], "ood_test_conf": [0.43234572026297297, 0.47755198541216654], "ood_test_balanced": 0.5160233974456787, "ood_test_balanced_conf": [0.5117843647859991, 0.5202624301053583], "features": ["Average_confidence(BORED)", "Average_confidence(CONCENTRATING)", "Average_confidence(CONFUSED)", "Average_confidence(FRUSTRATED)", "attempt_count", "hint_count", "school_id", "skill_id", "problem_type", "bottom_hint", "ms_first_response", "tutor_mode", "position", "type", "overlap_time", "first_action"]}