{"validation": 0.9230396974858008, "id_test": 0.924427721464853, "ood_test": 0.4669464847848898, "ood_validation": 0.5613207547169812, "train": 0.9233725638046149, "id_test_conf": [0.92341784890118, 0.9254283545769437], "id_test_balanced": 0.8799465298652649, "id_test_balanced_conf": [0.8791293653601315, 0.8807636943703983], "ood_test_conf": [0.44435185408644334, 0.4896429738933888], "ood_test_balanced": 0.5268664360046387, "ood_test_balanced_conf": [0.5216929494589567, 0.5320399225503206], "features": ["Average_confidence(BORED)", "Average_confidence(CONCENTRATING)", "Average_confidence(CONFUSED)", "Average_confidence(FRUSTRATED)", "attempt_count", "hint_count", "school_id", "skill_id", "problem_type", "bottom_hint", "ms_first_response", "tutor_mode", "position", "type", "overlap_time", "first_action"]}