{"validation": 0.9103524080340328, "id_test": 0.9104762047672996, "ood_test": 0.5844700944386149, "ood_validation": 0.6556603773584906, "train": 0.9103537307399769, "id_test_conf": [0.9093860612226298, 0.9115574142116267], "id_test_balanced": 0.8817950487136841, "id_test_balanced_conf": [0.8809511208208278, 0.8826389766065403], "ood_test_conf": [0.561967539906632, 0.6067122955701683], "ood_test_balanced": 0.6132750511169434, "ood_test_balanced_conf": [0.5995950979739427, 0.626955004259944], "features": ["Average_confidence(BORED)", "Average_confidence(CONCENTRATING)", "Average_confidence(CONFUSED)", "Average_confidence(FRUSTRATED)", "attempt_count", "hint_count", "school_id", "skill_id", "problem_type", "bottom_hint", "ms_first_response", "tutor_mode", "position", "type", "overlap_time", "first_action"]}