{"validation": 0.9227170756960753, "id_test": 0.9238162406308381, "ood_test": 0.48478488982161594, "ood_validation": 0.5660377358490566, "train": 0.9228093819254725, "id_test_conf": [0.9228026569229062, 0.9248205982827612], "id_test_balanced": 0.8820172548294067, "id_test_balanced_conf": [0.8812003584287595, 0.8828341512300539], "ood_test_conf": [0.462124117374059, 0.507492548252846], "ood_test_balanced": 0.5424243211746216, "ood_test_balanced_conf": [0.5359098385088146, 0.5489388038404286], "features": ["Average_confidence(BORED)", "Average_confidence(CONCENTRATING)", "Average_confidence(CONFUSED)", "Average_confidence(FRUSTRATED)", "attempt_count", "hint_count", "school_id", "skill_id", "problem_type", "bottom_hint", "ms_first_response", "tutor_mode", "position", "type", "overlap_time", "first_action"]}