{"validation": 0.9243489417255014, "id_test": 0.9256581859652019, "ood_test": 0.47796432318992654, "ood_validation": 0.5660377358490566, "train": 0.9248215496551976, "id_test_conf": [0.9246558396878642, 0.9266512658314451], "id_test_balanced": 0.8813639283180237, "id_test_balanced_conf": [0.8805510531424079, 0.8821768034936395], "ood_test_conf": [0.45532545934471447, 0.5006710913943928], "ood_test_balanced": 0.5359659194946289, "ood_test_balanced_conf": [0.5296152986399829, 0.5423165403492749], "features": ["Average_confidence(BORED)", "Average_confidence(CONCENTRATING)", "Average_confidence(CONFUSED)", "Average_confidence(FRUSTRATED)", "attempt_count", "hint_count", "school_id", "skill_id", "problem_type", "bottom_hint", "ms_first_response", "tutor_mode", "position", "type", "overlap_time", "first_action"]}