{"validation": 0.9240900940104889, "id_test": 0.9252417787714863, "ood_test": 0.45435466946484787, "ood_validation": 0.5566037735849056, "train": 0.9242236671440348, "id_test_conf": [0.9242368766685155, 0.9262374235874631], "id_test_balanced": 0.8783776760101318, "id_test_balanced_conf": [0.8775615578540601, 0.8791937941662036], "ood_test_conf": [0.4318240137472446, 0.4770259910353815], "ood_test_balanced": 0.5158286690711975, "ood_test_balanced_conf": [0.5118984526209533, 0.5197588855214417], "features": ["Average_confidence(BORED)", "Average_confidence(CONCENTRATING)", "Average_confidence(CONFUSED)", "Average_confidence(FRUSTRATED)", "attempt_count", "hint_count", "school_id", "skill_id", "problem_type", "bottom_hint", "ms_first_response", "tutor_mode", "position", "type", "overlap_time", "first_action"]}