{"validation": 0.9142276209268999, "id_test": 0.915765701552336, "ood_test": 0.4931794333683106, "ood_validation": 0.5754716981132075, "train": 0.9149454684257073, "id_test_conf": [0.9147049558726627, 0.9168173974263878], "id_test_balanced": 0.8785308599472046, "id_test_balanced_conf": [0.8776921316841617, 0.8793695882102475], "ood_test_conf": [0.4704974309766264, 0.5158824534975287], "ood_test_balanced": 0.5260405540466309, "ood_test_balanced_conf": [0.512485024202615, 0.5395960838906467], "features": ["Average_confidence(BORED)", "Average_confidence(CONCENTRATING)", "Average_confidence(CONFUSED)", "Average_confidence(FRUSTRATED)", "attempt_count", "hint_count", "school_id", "skill_id", "problem_type", "bottom_hint", "ms_first_response", "tutor_mode", "position", "type", "overlap_time", "first_action"]}