{"validation": 0.9172512623515378, "id_test": 0.9182266305530338, "ood_test": 0.45120671563483733, "ood_validation": 0.5518867924528302, "train": 0.9172652525690191, "id_test_conf": [0.9171799784981842, 0.9192641789456786], "id_test_balanced": 0.8672400712966919, "id_test_balanced_conf": [0.8663993371557445, 0.8680808054376393], "ood_test_conf": [0.4286942998756706, 0.4738694997049344], "ood_test_balanced": 0.5130353569984436, "ood_test_balanced_conf": [0.5094584700884297, 0.5166122439084575], "features": ["Average_confidence(BORED)", "Average_confidence(CONCENTRATING)", "Average_confidence(CONFUSED)", "Average_confidence(FRUSTRATED)", "attempt_count", "hint_count", "school_id", "skill_id", "problem_type", "bottom_hint", "ms_first_response", "tutor_mode", "position", "type", "overlap_time", "first_action"]}