{"validation": 0.5201342281879194, "id_test": 0.4865771812080537, "ood_test": 0.6086614649488901, "ood_validation": 0.6009798584648884, "train": 0.5155201342281879, "id_test_conf": [0.4285317025432308, 0.5448921331767973], "id_test_balanced": 0.6121384501457214, "id_test_balanced_conf": [0.5788668285310269, 0.645410071760416], "ood_test_conf": [0.6033765526196953, 0.6139272831119982], "ood_test_balanced": 0.5918214321136475, "ood_test_balanced_conf": [0.5887970690755173, 0.5948457951517776], "features": ["MARITAL_STATUS", "EDUCATION", "RACE", "GENDER", "ORIGIN", "HEALTHDISAB", "HEALTH_HEARING", "HEALTH_SEEING", "HEALTH_COGNITIVE", "HEALTH_AMBULATORY", "HEALTH_SELF_CARE", "HEALTH_ERRANDS_DIFFICULTY", "HEALTH_CORE_DISABILITY", "HEALTH_SUPPLEMENTAL_DISABILITY", "CITIZENSHIP_STATUS"]}