{"validation": 0.7449664429530202, "id_test": 0.7181208053691275, "ood_test": 0.6071190951430473, "ood_validation": 0.6020685900925422, "train": 0.7093120805369127, "id_test_conf": [0.6633596396171411, 0.768485459308413], "id_test_balanced": 0.6507230997085571, "id_test_balanced_conf": [0.6140761014819145, 0.6873700979351998], "ood_test_conf": [0.6018306448622772, 0.6123887223351823], "ood_test_balanced": 0.5933837890625, "ood_test_balanced_conf": [0.590102711073123, 0.596664867051877], "features": ["MARITAL_STATUS", "EDUCATION", "RACE", "GENDER", "ORIGIN", "HEALTHDISAB", "HEALTH_HEARING", "HEALTH_SEEING", "HEALTH_COGNITIVE", "HEALTH_AMBULATORY", "HEALTH_SELF_CARE", "HEALTH_ERRANDS_DIFFICULTY", "HEALTH_CORE_DISABILITY", "HEALTH_SUPPLEMENTAL_DISABILITY", "CITIZENSHIP_STATUS"]}