{"validation": 0.7449664429530202, "id_test": 0.7348993288590604, "ood_test": 0.611655476924938, "ood_validation": 0.5979858464888405, "train": 0.7193791946308725, "id_test_conf": [0.6809268459750349, 0.7841334567874546], "id_test_balanced": 0.6619843244552612, "id_test_balanced_conf": [0.6259355218708516, 0.6980331270396709], "ood_test_conf": [0.6063775898860229, 0.6169137435820632], "ood_test_balanced": 0.6016744375228882, "ood_test_balanced_conf": [0.5981807889556512, 0.6051680860901252], "features": ["MARITAL_STATUS", "EDUCATION", "RACE", "GENDER", "ORIGIN", "HEALTHDISAB", "HEALTH_HEARING", "HEALTH_SEEING", "HEALTH_COGNITIVE", "HEALTH_AMBULATORY", "HEALTH_SELF_CARE", "HEALTH_ERRANDS_DIFFICULTY", "HEALTH_CORE_DISABILITY", "HEALTH_SUPPLEMENTAL_DISABILITY", "CITIZENSHIP_STATUS"]}