{"validation": 0.7416107382550335, "id_test": 0.714765100671141, "ood_test": 0.617401560515333, "ood_validation": 0.6083287969515514, "train": 0.7076342281879194, "id_test_conf": [0.659856723282205, 0.7653452216907826], "id_test_balanced": 0.6614509224891663, "id_test_balanced_conf": [0.6244770403206349, 0.6984248046576976], "ood_test_conf": [0.6121377415529714, 0.6226447491618721], "ood_test_balanced": 0.6087861061096191, "ood_test_balanced_conf": [0.6052426371118054, 0.6123295751074329], "features": ["MARITAL_STATUS", "EDUCATION", "RACE", "GENDER", "ORIGIN", "HEALTHDISAB", "HEALTH_HEARING", "HEALTH_SEEING", "HEALTH_COGNITIVE", "HEALTH_AMBULATORY", "HEALTH_SELF_CARE", "HEALTH_ERRANDS_DIFFICULTY", "HEALTH_CORE_DISABILITY", "HEALTH_SUPPLEMENTAL_DISABILITY", "CITIZENSHIP_STATUS"]}