{"id_test": 0.9878963275547445, "id_test_conf": [0.9873103614869962, 0.9884619962345316], "id_test_balanced": 0.5005751848220825, "id_test_balanced_conf": [0.5004842948557052, 0.5006660747884598], "ood_test": 0.9242124373149209, "ood_test_conf": [0.9227846311967565, 0.9256219093923391], "ood_test_balanced": 0.499987930059433, "ood_test_balanced_conf": [0.4999747964067865, 0.5000010637120795], "validation": 0.9886732198992066, "validation_conf": [0.988105681612717, 0.9892204228178827], "validation_balanced": 0.50093013048172, "validation_balanced_conf": [0.5008156479765603, 0.5010446129868796], "features": ["HR", "O2Sat", "Temp", "SBP", "MAP", "DBP", "Resp", "EtCO2", "BaseExcess", "HCO3", "FiO2", "pH", "PaCO2", "SaO2", "AST", "BUN", "Alkalinephos", "Calcium", "Chloride", "Creatinine", "Bilirubin_direct", "Glucose", "Lactate", "Magnesium", "Phosphate", "Potassium", "Bilirubin_total", "TroponinI", "Hct", "Hgb", "PTT", "WBC", "Fibrinogen", "Platelets", "Age", "Gender", "Unit1", "Unit2", "HospAdmTime", "ICULOS", "set"]}