{"validation": 0.20974025974025973, "id_test": 0.21209415584415584, "ood_test": 0.34763313609467456, "ood_validation": 0.3841059602649007, "33": 0.20442459493144993, "id_test_conf": [0.20490377877234675, 0.21942079731470052], "id_test_balanced": 0.5451725721359253, "id_test_balanced_conf": [0.5424205085635185, 0.547924635708332], "ood_test_conf": [0.3222332896026602, 0.37369714592740055], "ood_test_balanced": 0.5255160331726074, "ood_test_balanced_conf": [0.5191294233407825, 0.5319026430044324], "features": ["AccredAgency", "HIGHDEG", "CONTROL", "region", "LOCALE", "locale2", "CCBASIC", "HBCU", "DISTANCEONLY", "median_hh_inc", "poverty_rate", "unemp_rate", "TUITIONFEE_IN", "TUITIONFEE_OUT", "TUITIONFEE_PROG", "ADM_RATE", "ADM_RATE_ALL", "SATVRMID", "SATMTMID", "SATWRMID", "ACTCMMID", "ACTENMID", "ACTMTMID", "ACTWRMID", "NPT4_PROG", "COSTT4_A", "COSTT4_P", "loan_ever", "pell_ever", "PCIP38"]}