{"validation": 0.917775974025974, "id_test": 0.9158279220779221, "ood_test": 0.7795857988165681, "ood_validation": 0.7549668874172185, "train": 0.9173769227647226, "id_test_conf": [0.9107858217165612, 0.920672530066666], "id_test_balanced": 0.7407617568969727, "id_test_balanced_conf": [0.7361408996395766, 0.7453826141543687], "ood_test_conf": [0.7565247901349748, 0.8014247248479235], "ood_test_balanced": 0.7132536172866821, "ood_test_balanced_conf": [0.6975380305200816, 0.7289692040532827], "features": ["AccredAgency", "HIGHDEG", "CONTROL", "region", "LOCALE", "locale2", "CCBASIC", "HBCU", "DISTANCEONLY", "median_hh_inc", "poverty_rate", "unemp_rate", "TUITIONFEE_IN", "TUITIONFEE_OUT", "TUITIONFEE_PROG", "ADM_RATE", "ADM_RATE_ALL", "SATVRMID", "SATMTMID", "SATWRMID", "ACTCMMID", "ACTENMID", "ACTMTMID", "ACTWRMID", "NPT4_PROG", "COSTT4_A", "COSTT4_P", "loan_ever", "pell_ever", "PCIP38"]}