{"validation": 0.7754517736298059, "id_test": 0.7743500759148514, "ood_test": 0.5420112339634866, "ood_validation": 0.5397689768976898, "train": 0.7734806501440065, "id_test_conf": [0.7723025303712838, 0.7763877600162248], "id_test_balanced": 0.8831368684768677, "id_test_balanced_conf": [0.882104176315479, 0.8841695606382564], "ood_test_conf": [0.5395932505047765, 0.5444277285681991], "ood_test_balanced": 0.7580639719963074, "ood_test_balanced_conf": [0.7568506990280003, 0.7592772449646145], "features": ["SCHL", "WKHP", "WKW", "WRK"]}