{"validation": 0.7766354329342356, "id_test": 0.7755461221454466, "ood_test": 0.5440709976713057, "ood_validation": 0.5415841584158416, "train": 0.7747758564861795, "id_test_conf": [0.7735023970893121, 0.7775799427302612], "id_test_balanced": 0.8828717470169067, "id_test_balanced_conf": [0.8818357961880975, 0.883907697845716], "ood_test_conf": [0.5416538400608113, 0.546486593430029], "ood_test_balanced": 0.7580276727676392, "ood_test_balanced_conf": [0.7568089017178863, 0.759246443817392], "features": ["SCHL", "WKHP", "WKW", "WRK"]}