{"validation": 0.9407984432711137, "id_test": 0.9390884020698417, "ood_test": 0.9287395101796334, "ood_validation": 0.9285478547854785, "15": 0.933373772846995, "16": 0.9345614005384082, "17": 0.9179889229848065, "18": 0.9185823839318019, "19": 0.9515082331232702, "20": 0.9557150340851118, "21": 0.9615245892013857, "22": 0.9683614604607833, "23": 0.9708021093533167, "id_test_conf": [0.9379104582163338, 0.9402505393098348], "id_test_balanced": 0.735451340675354, "id_test_balanced_conf": [0.734129173476249, 0.736773507874459], "ood_test_conf": [0.9274822805910026, 0.929981521663655], "ood_test_balanced": 0.6979040503501892, "ood_test_balanced_conf": [0.6966011014510878, 0.6992069992492906], "features": ["SCHL", "WKHP", "WKW", "WRK"]}