{"validation": 0.8001474926253688, "id_test": 0.7990084590834443, "ood_test": 0.6302021257739394, "ood_validation": 0.6297029702970297, "15": 0.7484013089632053, "16": 0.7126458188713747, "17": 0.7440872689169973, "18": 0.7517715788451865, "19": 0.8305993838840325, "20": 0.8587051423836638, "21": 0.8871069208767058, "22": 0.9022537532695546, "23": 0.9230641132389675, "id_test_conf": [0.7970447208261562, 0.8009614486289863], "id_test_balanced": 0.8707032203674316, "id_test_balanced_conf": [0.8695764133776538, 0.8718300273572095], "ood_test_conf": [0.6278575973481446, 0.632542039663335], "ood_test_balanced": 0.7668523192405701, "ood_test_balanced_conf": [0.7655008298531175, 0.7682038086280226], "features": ["SCHL", "WKHP", "WKW", "WRK"]}