{"validation": 0.9251517447836558, "id_test": 0.9261796328113863, "ood_test": 0.49842602308499473, "ood_validation": 0.5754716981132075, "train": 0.9251713695401603, "id_test_conf": [0.9251804999352382, 0.927169487849871], "id_test_balanced": 0.879449725151062, "id_test_balanced_conf": [0.8786368365131785, 0.8802626137889455], "ood_test_conf": [0.47573396220158076, 0.5211229342090955], "ood_test_balanced": 0.5549347996711731, "ood_test_balanced_conf": [0.5479149101581424, 0.5619546891842038], "features": ["school_id", "Average_confidence(BORED)", "Average_confidence(CONCENTRATING)", "Average_confidence(CONFUSED)", "Average_confidence(FRUSTRATED)", "attempt_count", "hint_count", "skill_id", "problem_type", "bottom_hint", "tutor_mode", "position", "type", "first_action"]}