{"validation": 0.923996308606499, "id_test": 0.9252455301876459, "ood_test": 0.45120671563483733, "ood_validation": 0.5518867924528302, "train": 0.9241711472685444, "id_test_conf": [0.9242406510696483, 0.926241151936454], "id_test_balanced": 0.8781970739364624, "id_test_balanced_conf": [0.8773808536154684, 0.8790132942574564], "ood_test_conf": [0.4286942998756706, 0.4738694997049344], "ood_test_balanced": 0.5130353569984436, "ood_test_balanced_conf": [0.5094584700884297, 0.5166122439084575], "features": ["school_id", "Average_confidence(BORED)", "Average_confidence(CONCENTRATING)", "Average_confidence(CONFUSED)", "Average_confidence(FRUSTRATED)", "attempt_count", "hint_count", "skill_id", "problem_type", "bottom_hint", "tutor_mode", "position", "type", "first_action"]}