{"validation": 0.9236886924814117, "id_test": 0.9248553829070474, "ood_test": 0.45068205666316896, "ood_validation": 0.5377358490566038, "train": 0.924122378812732, "id_test_conf": [0.9238481172745835, 0.9258533997184657], "id_test_balanced": 0.880468487739563, "id_test_balanced_conf": [0.8796528323774692, 0.8812841431016568], "ood_test_conf": [0.42817276850460056, 0.4733433302353122], "ood_test_balanced": 0.5118927359580994, "ood_test_balanced_conf": [0.5077003749273717, 0.516085096988827], "features": ["school_id", "Average_confidence(BORED)", "Average_confidence(CONCENTRATING)", "Average_confidence(CONFUSED)", "Average_confidence(FRUSTRATED)", "attempt_count", "hint_count", "skill_id", "problem_type", "bottom_hint", "tutor_mode", "position", "type", "first_action"]}