{"id_test": 0.9374864011164215, "id_test_conf": [0.9365607594741144, 0.9384025168706778], "id_test_balanced": 0.9007173776626587, "id_test_balanced_conf": [0.8999554622475989, 0.9014792930777185], "ood_test": 0.583420776495278, "ood_test_conf": [0.560911827534833, 0.6056726076827481], "ood_test_balanced": 0.6303538084030151, "ood_test_balanced_conf": [0.6204989674501121, 0.6402086493559181], "validation": 0.9364360045917334, "validation_conf": [0.9355032052315523, 0.9373593011336309], "validation_balanced": 0.8995189666748047, "validation_balanced_conf": [0.8987537785025779, 0.9002841548470315], "features": ["school_id", "Average_confidence(BORED)", "Average_confidence(CONCENTRATING)", "Average_confidence(CONFUSED)", "Average_confidence(FRUSTRATED)", "attempt_count", "hint_count", "skill_id", "problem_type", "bottom_hint", "tutor_mode", "position", "type", "first_action"]}