{"id_test": 0.9376627176759227, "id_test_conf": [0.9367382846945176, 0.9385776208962523], "id_test_balanced": 0.9012418985366821, "id_test_balanced_conf": [0.9004811831458938, 0.9020026139274705], "ood_test": 0.5823714585519413, "ood_test_conf": [0.5598562181357845, 0.604632816767697], "ood_test_balanced": 0.6294227242469788, "ood_test_balanced_conf": [0.6195907828398048, 0.6392546656541527], "validation": 0.9366685923936285, "validation_conf": [0.9357373716827844, 0.9375903051784034], "validation_balanced": 0.9001263380050659, "validation_balanced_conf": [0.8993625697598326, 0.9008901062502992], "features": ["school_id", "Average_confidence(BORED)", "Average_confidence(CONCENTRATING)", "Average_confidence(CONFUSED)", "Average_confidence(FRUSTRATED)", "attempt_count", "hint_count", "skill_id", "problem_type", "bottom_hint", "tutor_mode", "position", "type", "first_action"]}