{"validation": 0.8287853664758447, "id_test": 0.8292242821665179, "ood_test": 0.4491080797481637, "ood_validation": 0.5471698113207547, "train": 0.8284170978454659, "id_test_conf": [0.8277902816568807, 0.8306511209973205], "id_test_balanced": 0.7200350165367126, "id_test_balanced_conf": [0.7190919331088662, 0.7209780999645591], "ood_test_conf": [0.4266083247313642, 0.47176467153330215], "ood_test_balanced": 0.5111731886863708, "ood_test_balanced_conf": [0.5078553091920912, 0.5144910681806505], "features": ["school_id", "Average_confidence(BORED)", "Average_confidence(CONCENTRATING)", "Average_confidence(CONFUSED)", "Average_confidence(FRUSTRATED)", "attempt_count", "hint_count", "skill_id", "problem_type", "bottom_hint", "tutor_mode", "position", "type", "first_action"]}