{"validation": 0.9157581987200168, "id_test": 0.9169886632203657, "ood_test": 0.45750262329485836, "ood_validation": 0.5566037735849056, "train": 0.9161159113652073, "id_test_conf": [0.9159348871739118, 0.9180333626992077], "id_test_balanced": 0.8732656240463257, "id_test_balanced_conf": [0.8724246860318817, 0.8741065620607696], "ood_test_conf": [0.4349546275651747, 0.48018158267672073], "ood_test_balanced": 0.5184865593910217, "ood_test_balanced_conf": [0.5141154819633812, 0.5228576368186623], "features": ["school_id", "Average_confidence(BORED)", "Average_confidence(CONCENTRATING)", "Average_confidence(CONFUSED)", "Average_confidence(FRUSTRATED)", "attempt_count", "hint_count", "skill_id", "problem_type", "bottom_hint", "tutor_mode", "position", "type", "first_action"]}