{"validation": 0.6274328081556997, "id_test": 0.600925925925926, "ood_test": 0.5293620616814533, "ood_validation": 0.5250759878419453, "train": 0.5931202223766504, "id_test_conf": [0.5710143310203732, 0.6302860339002403], "id_test_balanced": 0.5019856691360474, "id_test_balanced_conf": [0.4969806028623134, 0.5069907354097813], "ood_test_conf": [0.520320947808369, 0.5383887267204761], "ood_test_balanced": 0.5015130043029785, "ood_test_balanced_conf": [0.49657668960280715, 0.5064493190031498], "features": ["age", "ethnicity", "height_mean_0", "weight_mean_0", "insurance"]}