{"validation": 0.9046266233766234, "id_test": 0.9014610389610389, "ood_test": 0.7226331360946746, "ood_validation": 0.7218543046357616, "train": 0.9025325703153537, "id_test_conf": [0.896062373433745, 0.906669175993163], "id_test_balanced": 0.8035127520561218, "id_test_balanced_conf": [0.7988301495369524, 0.8081953545752912], "ood_test_conf": [0.6979326768757039, 0.746361991704025], "ood_test_balanced": 0.7275342345237732, "ood_test_balanced_conf": [0.7107596464455128, 0.7443088226020336], "features": ["AccredAgency", "HIGHDEG", "CONTROL", "region", "LOCALE", "locale2", "CCBASIC", "HBCU", "DISTANCEONLY", "median_hh_inc", "poverty_rate", "unemp_rate", "TUITIONFEE_IN", "TUITIONFEE_OUT", "TUITIONFEE_PROG", "ADM_RATE", "ADM_RATE_ALL", "SATVRMID", "SATMTMID", "SATWRMID", "ACTCMMID", "ACTENMID", "ACTMTMID", "ACTWRMID", "NPT4_PROG", "COSTT4_A", "COSTT4_P", "loan_ever", "pell_ever"]}