{"validation": 0.5440222428174235, "id_test": 0.5361111111111111, "ood_test": 0.5238698774820448, "ood_validation": 0.520516717325228, "3": 0.5465393794749404, "id_test_conf": [0.5058419474003608, 0.5661830256712725], "id_test_balanced": 0.5016636848449707, "id_test_balanced_conf": [0.4818201743066311, 0.5215071953833104], "ood_test_conf": [0.5148248413014787, 0.5329031675306021], "ood_test_balanced": 0.5059065818786621, "ood_test_balanced_conf": [0.5000905796233565, 0.5117225841339678], "features": ["gender", "age", "ethnicity", "insurance", "height_mean_0", "weight_mean_0"]}