{"validation": 0.5338276181649676, "id_test": 0.5351851851851852, "ood_test": 0.5181242078580481, "ood_validation": 0.513677811550152, "train": 0.5399583043780403, "id_test_conf": [0.5049146125552972, 0.5652635668414379], "id_test_balanced": 0.5071914196014404, "id_test_balanced_conf": [0.4869195241853595, 0.5274633150175214], "ood_test_conf": [0.5090762353658722, 0.5271632616322979], "ood_test_balanced": 0.5029227137565613, "ood_test_balanced_conf": [0.496944068595767, 0.5089013589173556], "features": ["gender", "age", "ethnicity", "insurance", "height_mean_0", "weight_mean_0"]}