{"validation": 0.49212233549582945, "id_test": 0.4962962962962963, "ood_test": 0.49547950992817913, "ood_validation": 0.493161094224924, "3": 0.49212410501193316, "id_test_conf": [0.46605899619627844, 0.5265538260403009], "id_test_balanced": 0.4977102279663086, "id_test_balanced_conf": [0.4766262374445796, 0.5187942184880376], "ood_test_conf": [0.4864315583331378, 0.5045296859968706], "ood_test_balanced": 0.4952602684497833, "ood_test_balanced_conf": [0.4888908168487251, 0.5016297200508416], "features": ["gender", "age", "ethnicity", "insurance", "height_mean_0", "weight_mean_0"]}