{"validation": 0.8449877328691581, "id_test": 0.8460944006362402, "ood_test": 0.44333683105981114, "ood_validation": 0.5424528301886793, "train": 0.8448290900087502, "id_test_conf": [0.8447188840937396, 0.8474623879608909], "id_test_balanced": 0.7480248212814331, "id_test_balanced_conf": [0.7470741024659947, 0.7489755400968715], "ood_test_conf": [0.42087396343299993, 0.4659743243902479], "ood_test_balanced": 0.5060521364212036, "ood_test_balanced_conf": [0.503597485604696, 0.5085067872377113], "features": ["hint_count", "skill_id", "problem_type", "bottom_hint", "tutor_mode", "position", "type", "first_action", "school_id"]}