{"id_test": 0.8481951936856164, "id_test_conf": [0.8468273476690868, 0.849555464704451], "id_test_balanced": 0.7533807754516602, "id_test_balanced_conf": [0.7524246515356936, 0.7543368993676267], "ood_test": 0.44700944386149005, "ood_test_conf": [0.42452275079565205, 0.46965944228119616], "ood_test_balanced": 0.5083631277084351, "ood_test_balanced_conf": [0.5042946272995323, 0.5124316281173378], "validation": 0.8473886392113023, "validation_conf": [0.8460178376236057, 0.8487518833778128], "validation_balanced": 0.753577470779419, "validation_balanced_conf": [0.752621767274104, 0.7545331742847339], "features": ["hint_count", "skill_id", "problem_type", "bottom_hint", "tutor_mode", "position", "type", "first_action", "school_id"]}