{"validation": 0.8218752579098609, "id_test": 0.8235296324362447, "ood_test": 0.48478488982161594, "ood_validation": 0.46226415094339623, "train": 0.8219791927507566, "id_test_conf": [0.8220770663846931, 0.8249751608431365], "id_test_balanced": 0.7487174272537231, "id_test_balanced_conf": [0.7476727689616383, 0.749762085545808], "ood_test_conf": [0.462124117374059, 0.507492548252846], "ood_test_balanced": 0.4901552200317383, "ood_test_balanced_conf": [0.47434254430234435, 0.5059678957611322], "features": ["hint_count", "skill_id", "problem_type", "bottom_hint", "tutor_mode", "position", "type", "first_action", "school_id"]}