{"validation": 0.7800544705626374, "id_test": 0.7816300653496695, "ood_test": 0.5571878279118573, "ood_validation": 0.5283018867924528, "train": 0.7800383207520096, "id_test_conf": [0.7800567831180356, 0.7831972221772951], "id_test_balanced": 0.740609884262085, "id_test_balanced_conf": [0.7394676114083267, 0.7417521571158432], "ood_test_conf": [0.5345522215977292, 0.5796471912943576], "ood_test_balanced": 0.5393702387809753, "ood_test_balanced_conf": [0.5241869172267616, 0.5545535603351891], "features": ["hint_count", "skill_id", "problem_type", "bottom_hint", "tutor_mode", "position", "type", "first_action", "school_id"]}