{"validation": 0.7632293690868303, "id_test": 0.7660429312065304, "ood_test": 0.5461699895068206, "ood_validation": 0.5047169811320755, "train": 0.7635527069775468, "id_test_conf": [0.764431077613458, 0.7676489986337817], "id_test_balanced": 0.7307493686676025, "id_test_balanced_conf": [0.7295836408925243, 0.7319150964426808], "ood_test_conf": [0.523500028332514, 0.5686976677702267], "ood_test_balanced": 0.5419162511825562, "ood_test_balanced_conf": [0.5261352660879492, 0.557697236277163], "features": ["hint_count", "skill_id", "problem_type", "bottom_hint", "tutor_mode", "position", "type", "first_action", "school_id"]}