{"validation": 0.8418665546243707, "id_test": 0.8430970191247196, "ood_test": 0.44333683105981114, "ood_validation": 0.5424528301886793, "train": 0.8416638296555352, "id_test_conf": [0.8417107123375678, 0.8444758620074617], "id_test_balanced": 0.7438844442367554, "id_test_balanced_conf": [0.7429316110466607, 0.74483727742685], "ood_test_conf": [0.42087396343299993, 0.4659743243902479], "ood_test_balanced": 0.5060521364212036, "ood_test_balanced_conf": [0.503597485604696, 0.5085067872377113], "features": ["hint_count", "skill_id", "problem_type", "bottom_hint", "tutor_mode", "position", "type", "first_action", "school_id"]}