{"validation": 0.7394803403081168, "id_test": 0.7374712643678161, "ood_test": 0.6340728180490792, "ood_validation": 0.6333192030521407, "train": 0.729365444303943, "id_test_conf": [0.7241239983560053, 0.7504989604373069], "id_test_balanced": 0.5582611560821533, "id_test_balanced_conf": [0.5534406246431172, 0.5630816875211895], "ood_test_conf": [0.6275519355713634, 0.6405569721841579], "ood_test_balanced": 0.549133837223053, "ood_test_balanced_conf": [0.5471061123395339, 0.5511615621065721], "features": ["VCF0004", "VCF0901b", "VCF0218", "VCF0224", "VCF0301", "VCF0302", "VCF9008", "VCF9010", "VCF9011", "VCF9201", "VCF9202", "VCF9203", "VCF9204", "VCF9205", "VCF9206", "VCF0521", "VCF0523", "VCF0428", "VCF0429", "VCF0875", "VCF9052", "VCF0809", "VCF0839", "VCF0822", "VCF0870", "VCF0843", "VCF9045", "VCF0838", "VCF9239", "VCF0803", "VCF0846", "VCF0601", "VCF0606", "VCF0612", "VCF0615", "VCF0616", "VCF0617", "VCF0310", "VCF0743", "VCF0717", "VCF0718", "VCF0720", "VCF0721", "VCF0701", "VCF0675", "VCF0724", "VCF0725", "VCF0726", "VCF0745", "VCF0101", "VCF0104", "VCF0105a", "VCF0115", "VCF0140a", "VCF0112"]}