{"validation": 0.7422395953092665, "id_test": 0.7386206896551725, "ood_test": 0.641420564269229, "ood_validation": 0.6375582874099195, "0": 0.7223320158102767, "1": 0.7389806173725771, "3": 0.7371103705155851, "id_test_conf": [0.725291128493022, 0.7516291288785083], "id_test_balanced": 0.5604233145713806, "id_test_balanced_conf": [0.5555152008123696, 0.5653314283303916], "ood_test_conf": [0.6349269972983758, 0.6478753892186491], "ood_test_balanced": 0.5585991144180298, "ood_test_balanced_conf": [0.556381036718376, 0.5608171921176835], "features": ["VCF0004", "VCF0901b", "VCF0218", "VCF0224", "VCF0301", "VCF0302", "VCF9008", "VCF9010", "VCF9011", "VCF9201", "VCF9202", "VCF9203", "VCF9204", "VCF9205", "VCF9206", "VCF0521", "VCF0523", "VCF0428", "VCF0429", "VCF0875", "VCF9052", "VCF0809", "VCF0839", "VCF0822", "VCF0870", "VCF0843", "VCF9045", "VCF0838", "VCF9239", "VCF0803", "VCF0846", "VCF0601", "VCF0606", "VCF0612", "VCF0615", "VCF0616", "VCF0617", "VCF0310", "VCF0743", "VCF0717", "VCF0718", "VCF0720", "VCF0721", "VCF0701", "VCF0675", "VCF0724", "VCF0725", "VCF0726", "VCF0745", "VCF0101", "VCF0104", "VCF0105a", "VCF0115", "VCF0140a", "VCF0112"]}