{"validation": 0.8084617153368591, "id_test": 0.799080459770115, "ood_test": 0.7314304554660638, "ood_validation": 0.7376006782534973, "train": 0.7981951948499828, "id_test_conf": [0.7868592480457612, 0.8108987421851745], "id_test_balanced": 0.6785035729408264, "id_test_balanced_conf": [0.6709176694508642, 0.6860894764307887], "ood_test_conf": [0.7254136808261736, 0.7373838049868731], "ood_test_balanced": 0.675425112247467, "ood_test_balanced_conf": [0.671977941361256, 0.6788722831336781], "features": ["VCF0004", "VCF0901b", "VCF0218", "VCF0224", "VCF0301", "VCF0302", "VCF9008", "VCF9010", "VCF9011", "VCF9201", "VCF9202", "VCF9203", "VCF9204", "VCF9205", "VCF9206", "VCF0521", "VCF0523", "VCF0428", "VCF0429", "VCF0875", "VCF9052", "VCF0809", "VCF0839", "VCF0822", "VCF0870", "VCF0843", "VCF9045", "VCF0838", "VCF9239", "VCF0803", "VCF0846", "VCF0601", "VCF0606", "VCF0612", "VCF0615", "VCF0616", "VCF0617", "VCF0310", "VCF0743", "VCF0717", "VCF0718", "VCF0720", "VCF0721", "VCF0701", "VCF0675", "VCF0724", "VCF0725", "VCF0726", "VCF0745", "VCF0101", "VCF0104", "VCF0105a", "VCF0115", "VCF0140a", "VCF0112"]}