{"validation": 0.8326051965969188, "id_test": 0.8273563218390805, "ood_test": 0.7771654655927653, "ood_validation": 0.7829588808817295, "train": 0.8218473387745718, "id_test_conf": [0.8157914737181148, 0.8384798147252938], "id_test_balanced": 0.7472526431083679, "id_test_balanced_conf": [0.7391111947223544, 0.7553940914943814], "ood_test_conf": [0.7715064531498398, 0.7827484932703913], "ood_test_balanced": 0.7391214370727539, "ood_test_balanced_conf": [0.7354098307387903, 0.7428330434067175], "features": ["VCF0004", "VCF0901b", "VCF0218", "VCF0224", "VCF0301", "VCF0302", "VCF9008", "VCF9010", "VCF9011", "VCF9201", "VCF9202", "VCF9203", "VCF9204", "VCF9205", "VCF9206", "VCF0521", "VCF0523", "VCF0428", "VCF0429", "VCF0875", "VCF9052", "VCF0809", "VCF0839", "VCF0822", "VCF0870", "VCF0843", "VCF9045", "VCF0838", "VCF9239", "VCF0803", "VCF0846", "VCF0601", "VCF0606", "VCF0612", "VCF0615", "VCF0616", "VCF0617", "VCF0310", "VCF0743", "VCF0717", "VCF0718", "VCF0720", "VCF0721", "VCF0701", "VCF0675", "VCF0724", "VCF0725", "VCF0726", "VCF0745", "VCF0101", "VCF0104", "VCF0105a", "VCF0115", "VCF0140a", "VCF0112"]}