{"validation": 0.8144148956465337, "id_test": 0.8118863509182479, "ood_test": 0.7804533737059618, "ood_validation": 0.788252623826183, "train": 0.8119926615772521, "id_test_conf": [0.809136903069084, 0.814612767185988], "id_test_balanced": 0.5226679444313049, "id_test_balanced_conf": [0.5218031520769, 0.5235327367857099], "ood_test_conf": [0.7767568649822602, 0.7841165466708155], "ood_test_balanced": 0.5121712684631348, "ood_test_balanced_conf": [0.5112727220961824, 0.5130698148300872], "features": ["AGEP", "SEX", "RAC1P", "POBP", "DIS", "NATIVITY", "DEAR", "DEYE", "DREM", "ST", "DIVISION"]}