{"validation": 0.9722676681291986, "id_test": 0.971722492485979, "ood_test": 0.9603266284051806, "ood_validation": 0.961001100110011, "train": 0.9713722215422561, "id_test_conf": [0.9709020810765394, 0.9725258961842224], "id_test_balanced": 0.5826969742774963, "id_test_balanced_conf": [0.5817902888858225, 0.5836036596691702], "ood_test_conf": [0.9593695770913846, 0.961267323631814], "ood_test_balanced": 0.6157561540603638, "ood_test_balanced_conf": [0.6147337876865641, 0.6167785204341635], "features": ["ENG", "POBP", "OCCP", "DIS", "ESP", "MIG", "MIL", "ANC", "NATIVITY", "DEAR", "DEYE", "DREM", "DPHY", "FER", "AGEP", "SEX", "ST", "MAR", "CIT", "RAC1P", "SCHL", "DIVISION", "WKW"]}