{"validation": 0.23413524701916164, "id_test": 0.23314225513587208, "ood_test": 0.3342073576959984, "ood_validation": 0.33135313531353133, "15": 0.2362071992976295, "16": 0.2794135076105176, "17": 0.22572225132849338, "18": 0.21745633929595737, "19": 0.252333891069446, "20": 0.21285818470672424, "21": 0.23326818711782518, "22": 0.41513490271955283, "23": 0.29858451290591176, "id_test_conf": [0.231080907308974, 0.23521319487528625], "id_test_balanced": 0.5939542651176453, "id_test_balanced_conf": [0.5929111450607888, 0.5949973851745017], "ood_test_conf": [0.33192155499335646, 0.3364990365478905], "ood_test_balanced": 0.6452089548110962, "ood_test_balanced_conf": [0.6440793018066324, 0.64633860781556], "features": ["ENG", "POBP", "OCCP", "DIS", "ESP", "MIG", "MIL", "ANC", "NATIVITY", "DEAR", "DEYE", "DREM", "DPHY", "FER", "AGEP", "SEX", "ST", "MAR", "CIT", "RAC1P", "SCHL", "DIVISION", "WKW"]}