{"validation": 0.2124265635457723, "id_test": 0.21091314721284046, "ood_test": 0.3625795331609733, "ood_validation": 0.35951595159515953, "15": 0.23231862079974458, "16": 0.2865922828166534, "17": 0.2113427138687224, "18": 0.20490747195919412, "19": 0.22330294453392546, "20": 0.17658176489319086, "21": 0.19211702832602187, "22": 0.3508545630441793, "23": 0.25290036081043576, "id_test_conf": [0.20892477621828573, 0.21291190987361122], "id_test_balanced": 0.5855447053909302, "id_test_balanced_conf": [0.5845613971631974, 0.5865280136186629], "ood_test_conf": [0.36024946227206134, 0.3649144744489956], "ood_test_balanced": 0.6620169281959534, "ood_test_balanced_conf": [0.6608686688542366, 0.6631651875376702], "features": ["ENG", "POBP", "OCCP", "DIS", "ESP", "MIG", "MIL", "ANC", "NATIVITY", "DEAR", "DEYE", "DREM", "DPHY", "FER", "AGEP", "SEX", "ST", "MAR", "CIT", "RAC1P", "SCHL", "DIVISION", "WKW"]}