{"validation": 0.9722552737909324, "id_test": 0.971710098224522, "ood_test": 0.9603816369315021, "ood_validation": 0.9610561056105611, "train": 0.9713753201220221, "id_test_conf": [0.9708895149851507, 0.9725136742177891], "id_test_balanced": 0.5820717215538025, "id_test_balanced_conf": [0.5811679680272936, 0.5829754750803113], "ood_test_conf": [0.9594252134469368, 0.9613217023280626], "ood_test_balanced": 0.6155046224594116, "ood_test_balanced_conf": [0.6144834310677834, 0.6165258138510399], "features": ["ENG", "POBP", "OCCP", "DIS", "ESP", "MIG", "MIL", "ANC", "NATIVITY", "DEAR", "DEYE", "DREM", "DPHY", "FER", "AGEP", "SEX", "ST", "MAR", "CIT", "RAC1P", "SCHL", "DIVISION", "WKW"]}