{"validation": 0.9721747105922015, "id_test": 0.9716729154401512, "ood_test": 0.9600454737150925, "ood_validation": 0.9607260726072607, "train": 0.9712893345335165, "id_test_conf": [0.9708518169574872, 0.972477008071909], "id_test_balanced": 0.5852349400520325, "id_test_balanced_conf": [0.5843159831757657, 0.5861538969282992], "ood_test_conf": [0.9590852211717975, 0.9609893803960625], "ood_test_balanced": 0.618076503276825, "ood_test_balanced_conf": [0.6170445515401661, 0.6191084550134838], "features": ["ENG", "POBP", "OCCP", "DIS", "ESP", "MIG", "MIL", "ANC", "NATIVITY", "DEAR", "DEYE", "DREM", "DPHY", "FER", "AGEP", "SEX", "ST", "MAR", "CIT", "RAC1P", "SCHL", "DIVISION", "WKW"]}