{"validation": 0.9719082323194764, "id_test": 0.9714250302110123, "ood_test": 0.959574845212119, "ood_validation": 0.9601210121012101, "train": 0.9710182088039947, "id_test_conf": [0.970600506174404, 0.972232557695062], "id_test_balanced": 0.5856370329856873, "id_test_balanced_conf": [0.5847147870948538, 0.5865592788765207], "ood_test_conf": [0.9586092625453448, 0.9605240991258369], "ood_test_balanced": 0.6183894276618958, "ood_test_balanced_conf": [0.6173541176598519, 0.6194247376639396], "features": ["ENG", "POBP", "OCCP", "DIS", "ESP", "MIG", "MIL", "ANC", "NATIVITY", "DEAR", "DEYE", "DREM", "DPHY", "FER", "AGEP", "SEX", "ST", "MAR", "CIT", "RAC1P", "SCHL", "DIVISION", "WKW"]}