{"validation": 0.9721747105922015, "id_test": 0.9718030551854492, "ood_test": 0.9601432666507753, "ood_validation": 0.9606160616061606, "train": 0.9713443343243624, "id_test_conf": [0.9709837616742217, 0.9726053379620632], "id_test_balanced": 0.585037112236023, "id_test_balanced_conf": [0.5841198281035759, 0.58595439636847], "ood_test_conf": [0.9591841261265752, 0.9610860577565042], "ood_test_balanced": 0.6175670027732849, "ood_test_balanced_conf": [0.6165373095031828, 0.6185966960433871], "features": ["ENG", "POBP", "OCCP", "DIS", "ESP", "MIG", "MIL", "ANC", "NATIVITY", "DEAR", "DEYE", "DREM", "DPHY", "FER", "AGEP", "SEX", "ST", "MAR", "CIT", "RAC1P", "SCHL", "DIVISION", "WKW"]}