{"validation": 0.9722056964378671, "id_test": 0.971722492485979, "ood_test": 0.9601432666507753, "ood_validation": 0.9606710671067107, "train": 0.9713365878749475, "id_test_conf": [0.9709020810765394, 0.9725258961842224], "id_test_balanced": 0.5849069952964783, "id_test_balanced_conf": [0.5839898538298439, 0.5858241367631126], "ood_test_conf": [0.9591841261265752, 0.9610860577565042], "ood_test_balanced": 0.6170059442520142, "ood_test_balanced_conf": [0.6159782285662367, 0.6180336599377916], "features": ["ENG", "POBP", "OCCP", "DIS", "ESP", "MIG", "MIL", "ANC", "NATIVITY", "DEAR", "DEYE", "DREM", "DPHY", "FER", "AGEP", "SEX", "ST", "MAR", "CIT", "RAC1P", "SCHL", "DIVISION", "WKW"]}