{"validation": 0.9722614709600654, "id_test": 0.9717472810088928, "ood_test": 0.9603633007560617, "ood_validation": 0.9608360836083608, "train": 0.9713753201220221, "id_test_conf": [0.9709272133827254, 0.972550339993641], "id_test_balanced": 0.5832402110099792, "id_test_balanced_conf": [0.5823310765693895, 0.584149345450569], "ood_test_conf": [0.9594066679402685, 0.9613035761508095], "ood_test_balanced": 0.615775465965271, "ood_test_balanced_conf": [0.6147532107122242, 0.6167977212183178], "features": ["ENG", "POBP", "OCCP", "DIS", "ESP", "MIG", "MIL", "ANC", "NATIVITY", "DEAR", "DEYE", "DREM", "DPHY", "FER", "AGEP", "SEX", "ST", "MAR", "CIT", "RAC1P", "SCHL", "DIVISION", "WKW"]}