{"validation": 0.8279417961875015, "id_test": 0.8258978093142875, "ood_test": 0.7722219166192982, "ood_validation": 0.772057205720572, "15": 0.7726075504828798, "16": 0.8301644007246499, "17": 0.7440498465683706, "18": 0.7273621786669255, "19": 0.8797870177797933, "20": 0.8960018900031842, "21": 0.9524320787793892, "22": 0.9558207029990325, "23": 0.9640854843186234, "id_test_conf": [0.8240387033494017, 0.8277451985585026], "id_test_balanced": 0.5873239636421204, "id_test_balanced_conf": [0.5858728620293551, 0.5887750652548857], "ood_test_conf": [0.7701818357298046, 0.7742523470835095], "ood_test_balanced": 0.5700068473815918, "ood_test_balanced_conf": [0.5684966153814457, 0.5715170793817379], "features": ["AGEP", "SEX", "RAC1P", "ACS_YEAR", "DIS", "ANC", "NATIVITY", "DEAR", "DEYE", "DREM", "DPHY", "SCHL"]}