{"validation": 0.7719015865716257, "id_test": 0.7648275862068965, "ood_test": 0.7238472045593707, "ood_validation": 0.7342094107672743, "train": 0.7739395332796873, "id_test_conf": [0.7519340950702653, 0.777364540934356], "id_test_balanced": 0.6965306401252747, "id_test_balanced_conf": [0.6875364460609853, 0.705524834189564], "ood_test_conf": [0.7177793150323714, 0.7298537499726374], "ood_test_balanced": 0.6917286515235901, "ood_test_balanced_conf": [0.6876448757760226, 0.6958124272711576], "features": ["VCF0004", "VCF0901b", "VCF0218", "VCF0224", "VCF0302", "VCF9201", "VCF9202", "VCF9203", "VCF9206", "VCF0428", "VCF0429", "VCF0822", "VCF0870", "VCF0803", "VCF0601", "VCF0612", "VCF0615", "VCF0616", "VCF0617", "VCF0310", "VCF0743", "VCF0717", "VCF0718", "VCF0720", "VCF0721", "VCF0701", "VCF0675", "VCF0724", "VCF0725", "VCF0726", "VCF0745", "VCF0101", "VCF0104", "VCF0105a", "VCF0115", "VCF0140a", "VCF0112", "VCF9052"]}