{"validation": 0.7682225799034261, "id_test": 0.7597701149425288, "ood_test": 0.6873910790824738, "ood_validation": 0.695633743111488, "0": 0.7641304347826087, "1": 0.767910983488873, "3": 0.7660262693589492, "id_test_conf": [0.7467874903149916, 0.7724030422055765], "id_test_balanced": 0.6169326305389404, "id_test_balanced_conf": [0.609865848524496, 0.6239994125533849], "ood_test_conf": [0.6811067671866459, 0.6936240468577658], "ood_test_balanced": 0.6189500093460083, "ood_test_balanced_conf": [0.6158736107638105, 0.6220264079282061], "features": ["VCF0004", "VCF0901b", "VCF0218", "VCF0224", "VCF0302", "VCF9201", "VCF9202", "VCF9203", "VCF9206", "VCF0428", "VCF0429", "VCF0822", "VCF0870", "VCF0803", "VCF0601", "VCF0612", "VCF0615", "VCF0616", "VCF0617", "VCF0310", "VCF0743", "VCF0717", "VCF0718", "VCF0720", "VCF0721", "VCF0701", "VCF0675", "VCF0724", "VCF0725", "VCF0726", "VCF0745", "VCF0101", "VCF0104", "VCF0105a", "VCF0115", "VCF0140a", "VCF0112", "VCF9052"]}