{"validation": 0.746378477810991, "id_test": 0.7422988505747127, "ood_test": 0.7153219349065046, "ood_validation": 0.7240356083086054, "0": 0.7613636363636364, "1": 0.7470208183776023, "3": 0.7581846696726132, "id_test_conf": [0.7290267240668494, 0.7552448880939461], "id_test_balanced": 0.6950904130935669, "id_test_balanced_conf": [0.6857287356257439, 0.7044520905613899], "ood_test_conf": [0.7091991616999478, 0.7213857031087957], "ood_test_balanced": 0.686625063419342, "ood_test_balanced_conf": [0.6824562034010887, 0.6907939234375954], "features": ["VCF0004", "VCF0901b", "VCF0218", "VCF0224", "VCF0302", "VCF9201", "VCF9202", "VCF9203", "VCF9206", "VCF0428", "VCF0429", "VCF0822", "VCF0870", "VCF0803", "VCF0601", "VCF0612", "VCF0615", "VCF0616", "VCF0617", "VCF0310", "VCF0743", "VCF0717", "VCF0718", "VCF0720", "VCF0721", "VCF0701", "VCF0675", "VCF0724", "VCF0725", "VCF0726", "VCF0745", "VCF0101", "VCF0104", "VCF0105a", "VCF0115", "VCF0140a", "VCF0112", "VCF9052"]}