{"validation": 0.77787997240745, "id_test": 0.771264367816092, "ood_test": 0.6855541425274363, "ood_validation": 0.6892751165748199, "0": 0.766699604743083, "1": 0.7689877961234746, "3": 0.77327974906881, "id_test_conf": [0.7584879253857507, 0.7836755659641098], "id_test_balanced": 0.6210670471191406, "id_test_balanced_conf": [0.6144524444267154, 0.6276816498115658], "ood_test_conf": [0.6792601520072755, 0.691797292639093], "ood_test_balanced": 0.6147658824920654, "ood_test_balanced_conf": [0.6118121886020527, 0.6177195763820782], "features": ["VCF0004", "VCF0901b", "VCF0218", "VCF0224", "VCF0302", "VCF9201", "VCF9202", "VCF9203", "VCF9206", "VCF0428", "VCF0429", "VCF0822", "VCF0870", "VCF0803", "VCF0601", "VCF0612", "VCF0615", "VCF0616", "VCF0617", "VCF0310", "VCF0743", "VCF0717", "VCF0718", "VCF0720", "VCF0721", "VCF0701", "VCF0675", "VCF0724", "VCF0725", "VCF0726", "VCF0745", "VCF0101", "VCF0104", "VCF0105a", "VCF0115", "VCF0140a", "VCF0112", "VCF9052"]}