{"validation": 0.6686594619452748, "id_test": 0.66, "ood_test": 0.6628985916819745, "ood_validation": 0.6528189910979229, "0": 0.6886363636363636, "1": 0.6565685570710696, "3": 0.6746716330131347, "id_test_conf": [0.6457040855808611, 0.674080774065382], "id_test_balanced": 0.6836752891540527, "id_test_balanced_conf": [0.6739799783565104, 0.6933705999515951], "ood_test_conf": [0.6564943933105243, 0.6692581610365096], "ood_test_balanced": 0.6691816449165344, "ood_test_balanced_conf": [0.6647175336349755, 0.6736457561980933], "features": ["VCF0004", "VCF0901b", "VCF0218", "VCF0224", "VCF0302", "VCF9201", "VCF9202", "VCF9203", "VCF9206", "VCF0428", "VCF0429", "VCF0822", "VCF0870", "VCF0803", "VCF0601", "VCF0612", "VCF0615", "VCF0616", "VCF0617", "VCF0310", "VCF0743", "VCF0717", "VCF0718", "VCF0720", "VCF0721", "VCF0701", "VCF0675", "VCF0724", "VCF0725", "VCF0726", "VCF0745", "VCF0101", "VCF0104", "VCF0105a", "VCF0115", "VCF0140a", "VCF0112", "VCF9052"]}