{"validation": 0.7705219590710508, "id_test": 0.7662068965517241, "ood_test": 0.6699166313409637, "ood_validation": 0.6693514200932599, "train": 0.7601448442349695, "id_test_conf": [0.753338144041592, 0.7787172470307526], "id_test_balanced": 0.6100737452507019, "id_test_balanced_conf": [0.6037471766769886, 0.6164003138244152], "ood_test_conf": [0.6635447855964517, 0.676241924155109], "ood_test_balanced": 0.5945631265640259, "ood_test_balanced_conf": [0.5918399340799079, 0.5972863190481439], "features": ["VCF0004", "VCF0901b", "VCF0218", "VCF0224", "VCF0302", "VCF9201", "VCF9202", "VCF9203", "VCF9206", "VCF0428", "VCF0429", "VCF0822", "VCF0870", "VCF0803", "VCF0601", "VCF0612", "VCF0615", "VCF0616", "VCF0617", "VCF0310", "VCF0743", "VCF0717", "VCF0718", "VCF0720", "VCF0721", "VCF0701", "VCF0675", "VCF0724", "VCF0725", "VCF0726", "VCF0745", "VCF0101", "VCF0104", "VCF0105a", "VCF0115", "VCF0140a", "VCF0112", "VCF9052"]}