{"validation": 0.768682455736951, "id_test": 0.7632183908045977, "ood_test": 0.6678912910366916, "ood_validation": 0.6629927935565918, "0": 0.7547430830039525, "1": 0.7603732950466618, "3": 0.7560282297588709, "id_test_conf": [0.7502962717477761, 0.7757861497764287], "id_test_balanced": 0.6039139628410339, "id_test_balanced_conf": [0.5977544486895203, 0.6100734769925475], "ood_test_conf": [0.6615099462652424, 0.6742266381182822], "ood_test_balanced": 0.5917892456054688, "ood_test_balanced_conf": [0.5891105983965099, 0.5944678928144276], "features": ["VCF0004", "VCF0901b", "VCF0218", "VCF0224", "VCF0302", "VCF9201", "VCF9202", "VCF9203", "VCF9206", "VCF0428", "VCF0429", "VCF0822", "VCF0870", "VCF0803", "VCF0601", "VCF0612", "VCF0615", "VCF0616", "VCF0617", "VCF0310", "VCF0743", "VCF0717", "VCF0718", "VCF0720", "VCF0721", "VCF0701", "VCF0675", "VCF0724", "VCF0725", "VCF0726", "VCF0745", "VCF0101", "VCF0104", "VCF0105a", "VCF0115", "VCF0140a", "VCF0112", "VCF9052"]}