{"validation": 0.8289261899287192, "id_test": 0.8310344827586207, "ood_test": 0.7911073430361264, "ood_validation": 0.7986434930055109, "train": 0.8258707897459479, "id_test_conf": [0.8195626771524526, 0.8420599233425852], "id_test_balanced": 0.7635431289672852, "id_test_balanced_conf": [0.7553228145092725, 0.7717634434252978], "ood_test_conf": [0.7855759411823162, 0.7965589275177678], "ood_test_balanced": 0.7592266798019409, "ood_test_balanced_conf": [0.755490105068311, 0.7629632545355708], "features": ["VCF0004", "VCF0901b", "VCF0218", "VCF0224", "VCF0302", "VCF9201", "VCF9202", "VCF9203", "VCF9206", "VCF0428", "VCF0429", "VCF0822", "VCF0870", "VCF0803", "VCF0601", "VCF0612", "VCF0615", "VCF0616", "VCF0617", "VCF0310", "VCF0743", "VCF0717", "VCF0718", "VCF0720", "VCF0721", "VCF0701", "VCF0675", "VCF0724", "VCF0725", "VCF0726", "VCF0745", "VCF0101", "VCF0104", "VCF0105a", "VCF0115", "VCF0140a", "VCF0112", "VCF9052"]}