{"validation": 0.9132954066582385, "id_test": 0.9110092027391318, "ood_test": 0.8942308280005623, "ood_validation": 0.8951595159515952, "15": 0.8863915715539947, "16": 0.8873406362697459, "17": 0.8805665743582067, "18": 0.8776706054696118, "19": 0.9317112073683717, "20": 0.9442722974152837, "21": 0.9688640233519825, "22": 0.9796481421763589, "23": 0.9809048015542603, "id_test_conf": [0.9096094690249431, 0.9123941489468567], "ood_test_conf": [0.8927305747528836, 0.895717095430684], "features": ["ENG", "POBP", "OCCP", "DIS", "ESP", "MIG", "MIL", "ANC", "NATIVITY", "DEAR", "DEYE", "DREM", "DPHY", "FER", "AGEP", "SEX", "ST", "MAR", "CIT", "RAC1P", "SCHL", "DIVISION"]}