{"validation": 0.30373376623376624, "id_test": 0.3088474025974026, "ood_test": 0.3875739644970414, "ood_validation": 0.36423841059602646, "33": 0.30323016202742004, "id_test_conf": [0.30069441518478773, 0.31709078484200864], "id_test_balanced": 0.5162320137023926, "id_test_balanced_conf": [0.5110468975827098, 0.5214171298220753], "ood_test_conf": [0.36150291734670115, 0.4141348680947094], "ood_test_balanced": 0.5132842659950256, "ood_test_balanced_conf": [0.4991997338272631, 0.5273687981627881], "features": ["AccredAgency", "HIGHDEG", "CONTROL", "region", "LOCALE", "locale2", "CCSIZSET", "DISTANCEONLY", "poverty_rate", "unemp_rate", "CCBASIC"]}