{"validation": 0.865827922077922, "id_test": 0.865827922077922, "ood_test": 0.6893491124260355, "ood_validation": 0.6423841059602649, "33": 0.8676879933527212, "id_test_conf": [0.8596823554974521, 0.8718000902368515], "id_test_balanced": 0.5139268040657043, "id_test_balanced_conf": [0.5118654600204899, 0.5159881481109188], "ood_test_conf": [0.6639203029645981, 0.7139521066384891], "ood_test_balanced": 0.5, "ood_test_balanced_conf": [0.5, 0.5], "features": ["AccredAgency", "HIGHDEG", "CONTROL", "region", "LOCALE", "locale2", "CCSIZSET", "DISTANCEONLY", "poverty_rate", "unemp_rate", "CCBASIC"]}