{"validation": 0.8680194805194805, "id_test": 0.8670454545454546, "ood_test": 0.6893491124260355, "ood_validation": 0.6423841059602649, "train": 0.8678111936361054, "id_test_conf": [0.8609227488989661, 0.8729941787580558], "id_test_balanced": 0.5072531700134277, "id_test_balanced_conf": [0.5056107409391553, 0.5088955990877002], "ood_test_conf": [0.6639203029645981, 0.7139521066384891], "ood_test_balanced": 0.5, "ood_test_balanced_conf": [0.5, 0.5], "features": ["AccredAgency", "HIGHDEG", "CONTROL", "region", "LOCALE", "locale2", "CCSIZSET", "DISTANCEONLY", "poverty_rate", "unemp_rate", "CCBASIC"]}