{"id_test": 0.8842532467532468, "id_test_conf": [0.8784724984605363, 0.8898517584352749], "id_test_balanced": 0.5981897115707397, "id_test_balanced_conf": [0.5943759172689169, 0.6020035058725626], "ood_test": 0.7403846153846154, "ood_test_conf": [0.7161386431399108, 0.763581075166569], "ood_test_balanced": 0.6920140981674194, "ood_test_balanced_conf": [0.6752923004329204, 0.7087358959019184], "validation": 0.889448051948052, "validation_conf": [0.8837780542697616, 0.8949333143151418], "validation_balanced": 0.6058253049850464, "validation_balanced_conf": [0.6019783200323582, 0.6096722899377346], "features": ["AccredAgency", "HIGHDEG", "CONTROL", "region", "LOCALE", "locale2", "CCSIZSET", "DISTANCEONLY", "poverty_rate", "unemp_rate", "CCBASIC"]}