{"id_test": 0.8837662337662338, "id_test_conf": [0.8779752923570822, 0.8893751726431832], "id_test_balanced": 0.5973647832870483, "id_test_balanced_conf": [0.5935547994915396, 0.6011747670825571], "ood_test": 0.7329881656804734, "ood_test_conf": [0.7085469699485697, 0.7564123260615858], "ood_test_balanced": 0.68599534034729, "ood_test_balanced_conf": [0.6691385219991207, 0.7028521586954594], "validation": 0.8891233766233766, "validation_conf": [0.8834463463459719, 0.8946158278621397], "validation_balanced": 0.603437066078186, "validation_balanced_conf": [0.5996226712223143, 0.6072514609340578], "features": ["AccredAgency", "HIGHDEG", "CONTROL", "region", "LOCALE", "locale2", "CCSIZSET", "DISTANCEONLY", "poverty_rate", "unemp_rate", "CCBASIC"]}