{"id_test": 0.8838474025974026, "id_test_conf": [0.8780581578297457, 0.8894546058217745], "id_test_balanced": 0.5941352844238281, "id_test_balanced_conf": [0.590383221921511, 0.5978873469261452], "ood_test": 0.7374260355029586, "ood_test_conf": [0.7131009525927228, 0.7607145995141357], "ood_test_balanced": 0.6937921643257141, "ood_test_balanced_conf": [0.6769707166031003, 0.710613612048328], "validation": 0.8890422077922078, "validation_conf": [0.8833634217142006, 0.8945364538974748], "validation_balanced": 0.5998116135597229, "validation_balanced_conf": [0.596057113474235, 0.6035661136452108], "features": ["AccredAgency", "HIGHDEG", "CONTROL", "region", "LOCALE", "locale2", "CCSIZSET", "DISTANCEONLY", "poverty_rate", "unemp_rate", "CCBASIC"]}