{"validation": 0.3170454545454545, "id_test": 0.32378246753246753, "ood_test": 0.42159763313609466, "ood_validation": 0.39072847682119205, "33": 0.31571458246780226, "id_test_conf": [0.31552178352911964, 0.332126476818196], "id_test_balanced": 0.5078602433204651, "id_test_balanced_conf": [0.5024313113838434, 0.5132891752570867], "ood_test_conf": [0.39510029675043074, 0.44843649645767947], "ood_test_balanced": 0.5274984836578369, "ood_test_balanced_conf": [0.5119099533185363, 0.5430870139971375], "features": ["AccredAgency", "HIGHDEG", "CONTROL", "region", "LOCALE", "locale2", "CCSIZSET", "DISTANCEONLY", "poverty_rate", "unemp_rate", "CCBASIC"]}