{"validation": 0.25998376623376623, "id_test": 0.2625, "ood_test": 0.3572485207100592, "ood_validation": 0.3708609271523179, "train": 0.2552051625471813, "id_test_conf": [0.25474682708040913, 0.270365521803727], "id_test_balanced": 0.5530219078063965, "id_test_balanced_conf": [0.5491632047481835, 0.5568806108646095], "ood_test_conf": [0.3316696629829675, 0.3834495566783862], "ood_test_balanced": 0.5024064779281616, "ood_test_balanced_conf": [0.4903055839985609, 0.5145073718577623], "features": ["AccredAgency", "HIGHDEG", "CONTROL", "region", "LOCALE", "locale2", "CCSIZSET", "DISTANCEONLY", "poverty_rate", "unemp_rate", "CCBASIC"]}