{"validation": 0.18441558441558442, "id_test": 0.18571428571428572, "ood_test": 0.3742603550295858, "ood_validation": 0.3509933774834437, "train": 0.18235317991801614, "id_test_conf": [0.17888176157545396, 0.19269561576819802], "id_test_balanced": 0.5265142917633057, "id_test_balanced_conf": [0.5239994538854807, 0.5290291296411306], "ood_test_conf": [0.34839206240308396, 0.40067658080693264], "ood_test_balanced": 0.5095136165618896, "ood_test_balanced_conf": [0.49632932495325804, 0.5226979081705213], "features": ["AccredAgency", "HIGHDEG", "CONTROL", "region", "LOCALE", "locale2", "CCSIZSET", "DISTANCEONLY", "poverty_rate", "unemp_rate", "CCBASIC"]}