{"validation": 0.24326298701298701, "id_test": 0.24464285714285713, "ood_test": 0.35428994082840237, "ood_validation": 0.3708609271523179, "33": 0.23934358122143748, "id_test_conf": [0.23707253614233778, 0.25233399377041], "id_test_balanced": 0.5488001108169556, "id_test_balanced_conf": [0.5452385658724234, 0.5523616557614878], "ood_test_conf": [0.3287649628507651, 0.3804500138561875], "ood_test_balanced": 0.5061465501785278, "ood_test_balanced_conf": [0.4948914891667664, 0.5174016111902893], "features": ["AccredAgency", "HIGHDEG", "CONTROL", "region", "LOCALE", "locale2", "CCSIZSET", "DISTANCEONLY", "poverty_rate", "unemp_rate", "CCBASIC"]}