{"validation": 0.8742694805194805, "id_test": 0.8730519480519481, "ood_test": 0.6974852071005917, "ood_validation": 0.6821192052980133, "train": 0.8753500547911847, "id_test_conf": [0.8670445065248291, 0.8788825300131659], "id_test_balanced": 0.501411497592926, "id_test_balanced_conf": [0.5008849584648851, 0.5019380367209669], "ood_test_conf": [0.672220178067263, 0.7218888140461974], "ood_test_balanced": 0.5399090647697449, "ood_test_balanced_conf": [0.5295681455917657, 0.5502499839477241], "features": ["AccredAgency", "HIGHDEG", "CONTROL", "region", "LOCALE", "locale2", "CCSIZSET", "DISTANCEONLY", "poverty_rate", "unemp_rate", "CCBASIC"]}