{"validation": 0.5838926174496645, "id_test": 0.5704697986577181, "ood_test": 0.6053347849755035, "ood_validation": 0.5982580293957539, "train": 0.5620805369127517, "id_test_conf": [0.5121235771212103, 0.6274007867881991], "id_test_balanced": 0.6208510994911194, "id_test_balanced_conf": [0.5827839132398367, 0.6589182857424021], "ood_test_conf": [0.6000423104072914, 0.6106087500517015], "ood_test_balanced": 0.5912463068962097, "ood_test_balanced_conf": [0.5879876100411638, 0.5945050037512556], "features": ["MARITAL_STATUS", "RACE", "GENDER", "AGE", "ORIGIN", "HEALTHDISAB", "HEALTH_HEARING", "HEALTH_SEEING", "HEALTH_COGNITIVE", "HEALTH_AMBULATORY", "HEALTH_SELF_CARE", "HEALTH_ERRANDS_DIFFICULTY", "HEALTH_CORE_DISABILITY", "HEALTH_SUPPLEMENTAL_DISABILITY", "CITIZENSHIP_STATUS"]}