{"validation": 0.7718120805369127, "id_test": 0.7483221476510067, "ood_test": 0.6233895844674288, "ood_validation": 0.6262928688078389, "train": 0.7307046979865772, "id_test_conf": [0.6950462352528248, 0.7965854697688628], "id_test_balanced": 0.6363798379898071, "id_test_balanced_conf": [0.6023941557854414, 0.6703655201941728], "ood_test_conf": [0.6181412505589885, 0.6286162355653795], "ood_test_balanced": 0.6275582909584045, "ood_test_balanced_conf": [0.6239144096430391, 0.63120217227377], "features": ["MARITAL_STATUS", "RACE", "GENDER", "AGE", "ORIGIN", "HEALTHDISAB", "HEALTH_HEARING", "HEALTH_SEEING", "HEALTH_COGNITIVE", "HEALTH_AMBULATORY", "HEALTH_SELF_CARE", "HEALTH_ERRANDS_DIFFICULTY", "HEALTH_CORE_DISABILITY", "HEALTH_SUPPLEMENTAL_DISABILITY", "CITIZENSHIP_STATUS"]}