{"validation": 0.2741883116883117, "id_test": 0.2792207792207792, "ood_test": 0.386094674556213, "ood_validation": 0.3708609271523179, "train": 0.2698465846828199, "id_test_conf": [0.27131140619808874, 0.28723457765594873], "id_test_balanced": 0.5552278757095337, "id_test_balanced_conf": [0.5510858443938196, 0.5593699070252478], "ood_test_conf": [0.36004514108317004, 0.4126405163443737], "ood_test_balanced": 0.5180972814559937, "ood_test_balanced_conf": [0.5046030218154192, 0.5315915410965681], "features": ["AccredAgency", "HIGHDEG", "CONTROL", "region", "LOCALE", "locale2", "CCSIZSET", "HBCU", "DISTANCEONLY", "poverty_rate", "CCBASIC"]}