{"validation": 0.12970779220779222, "id_test": 0.13189935064935066, "ood_test": 0.34467455621301774, "ood_validation": 0.3708609271523179, "33": 0.1260905691732447, "id_test_conf": [0.1259710796988292, 0.13800210841490898], "id_test_balanced": 0.5025163888931274, "id_test_balanced_conf": [0.5018168093683198, 0.503215968417935], "ood_test_conf": [0.31933207231371347, 0.37069412522828077], "ood_test_balanced": 0.5024422407150269, "ood_test_balanced_conf": [0.49202156011015175, 0.512862921319902], "features": ["AccredAgency", "HIGHDEG", "CONTROL", "region", "LOCALE", "locale2", "CCSIZSET", "HBCU", "DISTANCEONLY", "poverty_rate", "CCBASIC"]}