{"validation": 0.24131493506493507, "id_test": 0.24431818181818182, "ood_test": 0.35428994082840237, "ood_validation": 0.3708609271523179, "33": 0.23744287494806812, "id_test_conf": [0.2367513456178124, 0.25200598763791987], "id_test_balanced": 0.5488871335983276, "id_test_balanced_conf": [0.5453356474777684, 0.5524386197188869], "ood_test_conf": [0.3287649628507651, 0.3804500138561875], "ood_test_balanced": 0.5054925680160522, "ood_test_balanced_conf": [0.49415013916790484, 0.5168349968641996], "features": ["AccredAgency", "HIGHDEG", "CONTROL", "region", "LOCALE", "locale2", "CCSIZSET", "HBCU", "DISTANCEONLY", "poverty_rate", "CCBASIC"]}