{"validation": 0.2864448051948052, "id_test": 0.2916396103896104, "ood_test": 0.35281065088757396, "ood_validation": 0.36423841059602646, "33": 0.2845762359783963, "id_test_conf": [0.2836231179879609, 0.2997546456824954], "id_test_balanced": 0.5481449365615845, "id_test_balanced_conf": [0.5436526763625443, 0.5526371967606246], "ood_test_conf": [0.32731301165839005, 0.37894984412275096], "ood_test_balanced": 0.5024576187133789, "ood_test_balanced_conf": [0.49091113017871973, 0.514004107248038], "features": ["AccredAgency", "HIGHDEG", "CONTROL", "region", "LOCALE", "locale2", "CCSIZSET", "HBCU", "DISTANCEONLY", "poverty_rate", "CCBASIC"]}