{"id_test": 0.8818993506493507, "id_test_conf": [0.8760696284811376, 0.8875479673234293], "id_test_balanced": 0.5927464962005615, "id_test_balanced_conf": [0.5889769927598536, 0.5965159996412694], "ood_test": 0.7292899408284024, "ood_test_conf": [0.704754293814452, 0.7528247827825446], "ood_test_balanced": 0.6872369050979614, "ood_test_balanced_conf": [0.670270716547966, 0.7042030936479569], "validation": 0.8888798701298701, "validation_conf": [0.8831975752633572, 0.8943777031527699], "validation_balanced": 0.6019212007522583, "validation_balanced_conf": [0.5981271314108745, 0.6057152700936421], "features": ["AccredAgency", "HIGHDEG", "CONTROL", "region", "LOCALE", "locale2", "CCSIZSET", "HBCU", "DISTANCEONLY", "poverty_rate", "CCBASIC"]}