{"id_test": 0.8829545454545454, "id_test_conf": [0.8771466860427843, 0.8885807924014035], "id_test_balanced": 0.593350887298584, "id_test_balanced_conf": [0.5895934268832207, 0.5971083477139473], "ood_test": 0.7344674556213018, "ood_test_conf": [0.7100646261772461, 0.7578467560865269], "ood_test_balanced": 0.689684271812439, "ood_test_balanced_conf": [0.6728262633085251, 0.7065422803163528], "validation": 0.8890422077922078, "validation_conf": [0.8833634217142006, 0.8945364538974748], "validation_balanced": 0.6025646924972534, "validation_balanced_conf": [0.5987631944939494, 0.6063661905005574], "features": ["AccredAgency", "HIGHDEG", "CONTROL", "region", "LOCALE", "locale2", "CCSIZSET", "HBCU", "DISTANCEONLY", "poverty_rate", "CCBASIC"]}