{"id_test": 0.8836038961038961, "id_test_conf": [0.8778095640588176, 0.8892163036365535], "id_test_balanced": 0.5931767821311951, "id_test_balanced_conf": [0.5894364950060844, 0.5969170692563057], "ood_test": 0.735207100591716, "ood_test_conf": [0.7108235806981333, 0.7585638443619551], "ood_test_balanced": 0.6928367614746094, "ood_test_balanced_conf": [0.6759677823632956, 0.7097057405859232], "validation": 0.8888798701298701, "validation_conf": [0.8831975752633572, 0.8943777031527699], "validation_balanced": 0.5999940633773804, "validation_balanced_conf": [0.5962329243402928, 0.6037552024144679], "features": ["AccredAgency", "HIGHDEG", "CONTROL", "region", "LOCALE", "locale2", "CCSIZSET", "HBCU", "DISTANCEONLY", "poverty_rate", "CCBASIC"]}