{"id_test": 0.8827922077922078, "id_test_conf": [0.8769809753012657, 0.8884219058222789], "id_test_balanced": 0.5932579040527344, "id_test_balanced_conf": [0.5894985865289345, 0.5970172215765343], "ood_test": 0.7396449704142012, "ood_test_conf": [0.7153790918021308, 0.7628645853021334], "ood_test_balanced": 0.7006335258483887, "ood_test_balanced_conf": [0.6838135402649641, 0.7174535114318132], "validation": 0.8888798701298701, "validation_conf": [0.8831975752633572, 0.8943777031527699], "validation_balanced": 0.6019212007522583, "validation_balanced_conf": [0.5981271314108745, 0.6057152700936421], "features": ["AccredAgency", "HIGHDEG", "CONTROL", "region", "LOCALE", "locale2", "CCSIZSET", "HBCU", "DISTANCEONLY", "poverty_rate", "CCBASIC"]}