{"validation": 0.26452922077922075, "id_test": 0.2674512987012987, "ood_test": 0.3816568047337278, "ood_validation": 0.37748344370860926, "train": 0.25923332927472703, "id_test_conf": [0.2596504008245727, 0.27536219877493956], "id_test_balanced": 0.5534008145332336, "id_test_balanced_conf": [0.5494483652617782, 0.5573532638046891], "ood_test_conf": [0.3556733285754703, 0.40815594641462905], "ood_test_balanced": 0.5063764452934265, "ood_test_balanced_conf": [0.4921981272101402, 0.5205547633767128], "features": ["AccredAgency", "HIGHDEG", "CONTROL", "region", "LOCALE", "locale2", "CCSIZSET", "HBCU", "DISTANCEONLY", "poverty_rate", "CCBASIC"]}