{"validation": 0.8741883116883117, "id_test": 0.8728896103896104, "ood_test": 0.6967455621301775, "ood_validation": 0.6622516556291391, "train": 0.8753906408539308, "id_test_conf": [0.8668789980514626, 0.8787234409935091], "id_test_balanced": 0.4999535083770752, "id_test_balanced_conf": [0.4998683744072332, 0.5000386423469172], "ood_test_conf": [0.6714652720965943, 0.7211676678048757], "ood_test_balanced": 0.519098699092865, "ood_test_balanced_conf": [0.5126158819627017, 0.5255815162230283], "features": ["AccredAgency", "HIGHDEG", "CONTROL", "region", "LOCALE", "locale2", "CCSIZSET", "HBCU", "DISTANCEONLY", "poverty_rate", "CCBASIC"]}