{"validation": 0.8465158278962698, "id_test": 0.8448262705397568, "ood_test": 0.8194279635009616, "ood_validation": 0.8204750506352422, "train": 0.8459583032600021, "id_test_conf": [0.8422764289026227, 0.8473506419041267], "id_test_balanced": 0.6657010912895203, "id_test_balanced_conf": [0.6638611083407886, 0.6675410742382519], "ood_test_conf": [0.8159886597688546, 0.8228292881878716], "ood_test_balanced": 0.6739727258682251, "ood_test_balanced_conf": [0.6715260577201844, 0.6764193940162658], "features": ["ENG", "FER", "HUPAC", "WIF", "NWLA", "NWLK", "OCCP", "POBP", "RELP", "WKHP", "WKW", "WRK", "DIS", "MIL", "ANC", "NATIVITY", "DEAR", "DEYE", "DREM", "PUBCOV", "AGEP", "SEX", "ST", "MAR", "CIT", "RAC1P", "SCHL", "DIVISION", "ACS_YEAR"]}