{"validation": 0.03477231600604844, "id_test": 0.03530505376010907, "ood_test": 0.05172635091772558, "ood_validation": 0.05066006600660066, "15": 0.047438742118285575, "16": 0.05299426036604981, "17": 0.044504528104183816, "18": 0.039707193095475525, "19": 0.028608735085771473, "20": 0.02515210759322475, "21": 0.01888121859770674, "22": 0.014690601598050808, "23": 0.015154038301415488, "id_test_conf": [0.03440986759943181, 0.03621698566452012], "id_test_balanced": 0.5007664561271667, "id_test_balanced_conf": [0.5006710108516563, 0.5008619014026772], "ood_test_conf": [0.05065808501901686, 0.05281053659894583], "ood_test_balanced": 0.500112771987915, "ood_test_balanced_conf": [0.5000763903054031, 0.500149153670427], "features": ["ENG", "POBP", "RELP", "WKHP", "WKW", "WRK", "OCCP", "DIS", "ESP", "MIG", "MIL", "ANC", "NATIVITY", "DEAR", "DEYE", "DREM", "DPHY", "FER", "AGEP", "SEX", "ST", "MAR", "CIT", "RAC1P", "SCHL", "DIVISION", "ACS_YEAR"]}