{"validation": 0.9730237227634416, "id_test": 0.9724785424348527, "ood_test": 0.9611700924754448, "ood_validation": 0.961991199119912, "train": 0.9726558082103068, "id_test_conf": [0.9716686914327312, 0.9732713573299233], "id_test_balanced": 0.6344495415687561, "id_test_balanced_conf": [0.633355912680272, 0.6355431704572402], "ood_test_conf": [0.9602227226268115, 0.9621010755451622], "ood_test_balanced": 0.6568200588226318, "ood_test_balanced_conf": [0.6556822229269892, 0.6579578947182745], "features": ["ENG", "POBP", "RELP", "WKHP", "WKW", "WRK", "OCCP", "DIS", "ESP", "MIG", "MIL", "ANC", "NATIVITY", "DEAR", "DEYE", "DREM", "DPHY", "FER", "AGEP", "SEX", "ST", "MAR", "CIT", "RAC1P", "SCHL", "DIVISION", "ACS_YEAR"]}