{"validation": 0.9730113284251753, "id_test": 0.9723050227744554, "ood_test": 0.9610845236567224, "ood_validation": 0.9613311331133113, "train": 0.9723444009438273, "id_test_conf": [0.9714927342234312, 0.9731002817399793], "id_test_balanced": 0.6108449101448059, "id_test_balanced_conf": [0.6098248544894159, 0.6118649658001959], "ood_test_conf": [0.9601361662453423, 0.9620164974040473], "ood_test_balanced": 0.6390460729598999, "ood_test_balanced_conf": [0.6379530342435464, 0.6401391116762534], "features": ["ENG", "POBP", "RELP", "WKHP", "WKW", "WRK", "OCCP", "DIS", "ESP", "MIG", "MIL", "ANC", "NATIVITY", "DEAR", "DEYE", "DREM", "DPHY", "FER", "AGEP", "SEX", "ST", "MAR", "CIT", "RAC1P", "SCHL", "DIVISION", "ACS_YEAR"]}