{"validation": 0.9731104831313057, "id_test": 0.9724785424348527, "ood_test": 0.9609867307210396, "ood_validation": 0.961991199119912, "train": 0.9724179922132691, "id_test_conf": [0.9716686914327312, 0.9732713573299233], "id_test_balanced": 0.6242833733558655, "id_test_balanced_conf": [0.6232195101119578, 0.6253472365997732], "ood_test_conf": [0.9600372461675611, 0.9619198351699659], "ood_test_balanced": 0.6484761238098145, "ood_test_balanced_conf": [0.6473575880145654, 0.6495946596050635], "features": ["ENG", "POBP", "RELP", "WKHP", "WKW", "WRK", "OCCP", "DIS", "ESP", "MIG", "MIL", "ANC", "NATIVITY", "DEAR", "DEYE", "DREM", "DPHY", "FER", "AGEP", "SEX", "ST", "MAR", "CIT", "RAC1P", "SCHL", "DIVISION", "ACS_YEAR"]}