{"id_test": 0.9732283952529979, "id_test_conf": [0.9724291753612021, 0.9740105508232929], "id_test_balanced": 0.6586176156997681, "id_test_balanced_conf": [0.6574682680820115, 0.6597669633175246], "ood_test": 0.9616223848029778, "ood_test_conf": [0.9606802554539224, 0.9625481109042081], "ood_test_balanced": 0.679892897605896, "ood_test_balanced_conf": [0.6787109870440327, 0.6810748081677593], "validation": 0.9735876651545574, "validation_conf": [0.9727935937189195, 0.974364658625289], "validation_balanced": 0.6604958772659302, "validation_balanced_conf": [0.6593429173110052, 0.6616488372208551], "features": ["ENG", "POBP", "RELP", "WKHP", "WKW", "WRK", "OCCP", "DIS", "ESP", "MIG", "MIL", "ANC", "NATIVITY", "DEAR", "DEYE", "DREM", "DPHY", "FER", "AGEP", "SEX", "ST", "MAR", "CIT", "RAC1P", "SCHL", "DIVISION", "ACS_YEAR"]}