{"id_test": 0.9728875530629318, "id_test_conf": [0.9720834810299849, 0.9736745736056923], "id_test_balanced": 0.649777889251709, "id_test_balanced_conf": [0.6486468573915772, 0.6509089211118407], "ood_test": 0.9620013324287486, "ood_test_conf": [0.9610636206507099, 0.9629226271545537], "ood_test_balanced": 0.6786339282989502, "ood_test_balanced_conf": [0.677455494652968, 0.6798123619449324], "validation": 0.9736930170298208, "validation_conf": [0.972900463262258, 0.9744684888603464], "validation_balanced": 0.6543720364570618, "validation_balanced_conf": [0.653232554057613, 0.6555115188565105], "features": ["ENG", "POBP", "RELP", "WKHP", "WKW", "WRK", "OCCP", "DIS", "ESP", "MIG", "MIL", "ANC", "NATIVITY", "DEAR", "DEYE", "DREM", "DPHY", "FER", "AGEP", "SEX", "ST", "MAR", "CIT", "RAC1P", "SCHL", "DIVISION", "ACS_YEAR"]}