{"validation": 0.8954785454004611, "id_test": 0.8943203296873548, "ood_test": 0.88126715196411, "ood_validation": 0.8788778877887788, "15": 0.8870875568680661, "16": 0.8827523153243148, "17": 0.8583751216226331, "18": 0.8611417527820185, "19": 0.9060657711613942, "20": 0.9183326884952904, "21": 0.930791232941058, "22": 0.9407717940449317, "23": 0.9500416319733556, "id_test_conf": [0.8928101597250127, 0.8958163156684624], "id_test_balanced": 0.939652681350708, "id_test_balanced_conf": [0.9388484106748365, 0.9404569520265795], "ood_test_conf": [0.8796899324404387, 0.88283084737672], "ood_test_balanced": 0.932640552520752, "ood_test_balanced_conf": [0.9318044761533383, 0.9334766288881656], "features": ["ENG", "POBP", "RELP", "WKHP", "WKW", "WRK", "OCCP", "DIS", "ESP", "MIG", "MIL", "ANC", "NATIVITY", "DEAR", "DEYE", "DREM", "DPHY", "FER", "AGEP", "SEX", "ST", "MAR", "CIT", "RAC1P", "SCHL", "DIVISION", "ACS_YEAR"]}