{"validation": 0.9112565380134354, "id_test": 0.9095776655408546, "ood_test": 0.8917065478482498, "ood_validation": 0.8894939493949395, "15": 0.9016010854816825, "16": 0.899293974230906, "17": 0.8803326846792905, "18": 0.8806533882824289, "19": 0.9213044770051134, "20": 0.9308984705354667, "21": 0.9429117841954722, "22": 0.9493711705901322, "23": 0.9572578406883153, "id_test_conf": [0.9081679293350442, 0.9109726660557615], "id_test_balanced": 0.9340229034423828, "id_test_balanced_conf": [0.933171224819962, 0.9348745820648037], "ood_test_conf": [0.8901907919541084, 0.8932084078653543], "ood_test_balanced": 0.9303452968597412, "ood_test_balanced_conf": [0.9294856430985965, 0.9312049506208859], "features": ["ENG", "POBP", "RELP", "WKHP", "WKW", "WRK", "OCCP", "DIS", "ESP", "MIG", "MIL", "ANC", "NATIVITY", "DEAR", "DEYE", "DREM", "DPHY", "FER", "AGEP", "SEX", "ST", "MAR", "CIT", "RAC1P", "SCHL", "DIVISION", "ACS_YEAR"]}