{"validation": 0.8512369549589748, "id_test": 0.8508722461500325, "ood_test": 0.8032589495816296, "ood_validation": 0.8052255225522552, "15": 0.8294133610024743, "16": 0.8153497113251952, "17": 0.809492178729137, "18": 0.8137172710184704, "19": 0.8683951273671207, "20": 0.885370622091809, "21": 0.9028929952440466, "22": 0.9159052635350604, "23": 0.9281709686372467, "id_test_conf": [0.8491248254209405, 0.8526070504725477], "id_test_balanced": 0.9222069978713989, "id_test_balanced_conf": [0.921321397756692, 0.9230925979861059], "ood_test_conf": [0.8013242576464387, 0.8051828896349003], "ood_test_balanced": 0.8960624933242798, "ood_test_balanced_conf": [0.8950787603505888, 0.8970462262979708], "features": ["ENG", "POBP", "RELP", "WKHP", "WKW", "WRK", "OCCP", "DIS", "ESP", "MIG", "MIL", "ANC", "NATIVITY", "DEAR", "DEYE", "DREM", "DPHY", "FER", "AGEP", "SEX", "ST", "MAR", "CIT", "RAC1P", "SCHL", "DIVISION", "ACS_YEAR"]}