{"validation": 0.9733831585731638, "id_test": 0.9724351625197534, "ood_test": 0.9611334201245637, "ood_validation": 0.9627062706270627, "train": 0.9726573575001898, "id_test_conf": [0.9716247013472565, 0.9732285892158417], "id_test_balanced": 0.6829595565795898, "id_test_balanced_conf": [0.6817637531855144, 0.6841553599736653], "ood_test_conf": [0.9601856268843776, 0.9620648279208083], "ood_test_balanced": 0.7021328210830688, "ood_test_balanced_conf": [0.7009177068644203, 0.7033479353017174], "features": ["ENG", "POBP", "RELP", "WKHP", "WKW", "WRK", "OCCP", "DIS", "ESP", "MIG", "MIL", "ANC", "NATIVITY", "DEAR", "DEYE", "DREM", "DPHY", "FER", "AGEP", "SEX", "ST", "MAR", "CIT", "RAC1P", "SCHL", "DIVISION", "ACS_YEAR"]}