{"validation": 0.9731166803004387, "id_test": 0.9725776965265083, "ood_test": 0.9612862215865682, "ood_validation": 0.9611111111111111, "train": 0.9723808092560775, "id_test_conf": [0.971769242169513, 0.9733691110486256], "id_test_balanced": 0.6158481240272522, "id_test_balanced_conf": [0.6148120087990537, 0.6168842392554507], "ood_test_conf": [0.9603401939696589, 0.9622158581968063], "ood_test_balanced": 0.6452677845954895, "ood_test_balanced_conf": [0.6441587242973037, 0.6463768448936753], "features": ["ENG", "POBP", "RELP", "WKHP", "WKW", "WRK", "OCCP", "DIS", "ESP", "MIG", "MIL", "ANC", "NATIVITY", "DEAR", "DEYE", "DREM", "DPHY", "FER", "AGEP", "SEX", "ST", "MAR", "CIT", "RAC1P", "SCHL", "DIVISION", "ACS_YEAR"]}