{"validation": 0.08092883170967502, "id_test": 0.08219874198246212, "ood_test": 0.07712195390285494, "ood_validation": 0.07684268426842684, "15": 0.06494373054513529, "16": 0.0647444254440174, "17": 0.06051193772921189, "18": 0.05966448105756418, "19": 0.06485636991977982, "20": 0.09820483936684893, "21": 0.14632734715104137, "22": 0.13809165502167758, "23": 0.2321398834304746, "id_test_conf": [0.08086301730834146, 0.08354950015264383], "id_test_balanced": 0.5166360139846802, "id_test_balanced_conf": [0.5160130176506936, 0.5172590103186667], "ood_test_conf": [0.07583368310263744, 0.07842523302154897], "ood_test_balanced": 0.5115926861763, "ood_test_balanced_conf": [0.5111695846682415, 0.5120157876843586], "features": ["ENG", "POBP", "RELP", "WKHP", "WKW", "WRK", "OCCP", "DIS", "ESP", "MIG", "MIL", "ANC", "NATIVITY", "DEAR", "DEYE", "DREM", "DPHY", "FER", "AGEP", "SEX", "ST", "MAR", "CIT", "RAC1P", "SCHL", "DIVISION", "ACS_YEAR"]}