{"validation": 0.08349445973079497, "id_test": 0.08475815697332136, "ood_test": 0.08735353979866879, "ood_validation": 0.08652365236523653, "15": 0.06723601245111342, "16": 0.06843539948868158, "17": 0.06275727864680787, "18": 0.06217954940564964, "19": 0.0650362007224507, "20": 0.10049201713328973, "21": 0.15231632541792836, "22": 0.127306603604572, "23": 0.24746044962531225, "id_test_conf": [0.08340358118720845, 0.08612767353062771], "id_test_balanced": 0.514512836933136, "id_test_balanced_conf": [0.513846260557184, 0.515179413309088], "ood_test_conf": [0.08598965473487126, 0.088732067533635], "ood_test_balanced": 0.5156397819519043, "ood_test_balanced_conf": [0.5151342344353906, 0.516145329468418], "features": ["ENG", "POBP", "RELP", "WKHP", "WKW", "WRK", "OCCP", "DIS", "ESP", "MIG", "MIL", "ANC", "NATIVITY", "DEAR", "DEYE", "DREM", "DPHY", "FER", "AGEP", "SEX", "ST", "MAR", "CIT", "RAC1P", "SCHL", "DIVISION", "ACS_YEAR"]}