{"id_test": 0.6613559071418009, "id_test_conf": [0.6556808619298915, 0.666996277182367], "id_test_balanced": 0.6264784336090088, "id_test_balanced_conf": [0.622687871074304, 0.6302689961437136], "ood_test": 0.5904666597251949, "ood_test_conf": [0.5891268580124316, 0.5918054507299286], "ood_test_balanced": 0.6190280318260193, "ood_test_balanced_conf": [0.6181521671556403, 0.6199038964963983], "validation": 0.6588296181287199, "validation_conf": [0.6531445650290764, 0.6644805379540419], "validation_balanced": 0.6240195035934448, "validation_balanced_conf": [0.6202233930071815, 0.6278156141797081], "features": ["IYEAR", "BMI5CAT", "AGEG5YR", "SMOKE100", "DIABETES", "PRACE1", "SEX"]}