{"validation": 0.6429330499468651, "id_test": 0.6868365180467091, "ood_test": 0.6425534698148996, "ood_validation": 0.657445556209535, "train": 0.6783959633514806, "id_test_conf": [0.6561388296367847, 0.7163608621507619], "id_test_balanced": 0.7073843479156494, "id_test_balanced_conf": [0.6874937605112791, 0.7272749353200197], "ood_test_conf": [0.634897617266168, 0.6501550472164881], "ood_test_balanced": 0.6486166715621948, "ood_test_balanced_conf": [0.6433034343551844, 0.6539299087692052], "features": ["SEX", "WHTLGSPK", "BORNUSA", "HWELLSPK", "OTHLGSPK", "HIDEG", "EDUCYR", "YRSINUS", "HISPNCAT", "RACETHX", "RACEWX", "RACEBX", "RACEAX", "RACEV2X", "HISPANX", "SICPAY31", "PAYDR31", "REGION31", "AGE31X", "INSCOV19"]}