{"validation": 0.6323060573857598, "id_test": 0.6295116772823779, "ood_test": 0.5652429851527242, "ood_validation": 0.557386698057681, "train": 0.6228920462090027, "id_test_conf": [0.5977744675392827, 0.6604362794045374], "id_test_balanced": 0.5609973073005676, "id_test_balanced_conf": [0.5465653801709414, 0.5754292344301939], "ood_test_conf": [0.557340714217414, 0.573120420444864], "ood_test_balanced": 0.5165120959281921, "ood_test_balanced_conf": [0.5141990786651149, 0.5188251131912693], "features": ["SEX", "WHTLGSPK", "BORNUSA", "HWELLSPK", "OTHLGSPK", "HIDEG", "EDUCYR", "YRSINUS", "HISPNCAT", "RACETHX", "RACEWX", "RACEBX", "RACEAX", "RACEV2X", "HISPANX", "SICPAY31", "PAYDR31", "REGION31", "AGE31X", "INSCOV19"]}