{"validation": 0.6439957492029755, "id_test": 0.6772823779193206, "ood_test": 0.6381712342206816, "ood_validation": 0.6550912301353737, "train": 0.6750763510821935, "id_test_conf": [0.6463769053065276, 0.707074708917182], "id_test_balanced": 0.6977065801620483, "id_test_balanced_conf": [0.6776081608980894, 0.7178049994260073], "ood_test_conf": [0.6304959024882231, 0.6457939600714193], "ood_test_balanced": 0.6398975849151611, "ood_test_balanced_conf": [0.6345201559644192, 0.645275013865903], "features": ["SEX", "WHTLGSPK", "BORNUSA", "HWELLSPK", "OTHLGSPK", "HIDEG", "EDUCYR", "YRSINUS", "HISPNCAT", "RACETHX", "RACEWX", "RACEBX", "RACEAX", "RACEV2X", "HISPANX", "SICPAY31", "PAYDR31", "REGION31", "AGE31X", "INSCOV19"]}