{"validation": 0.6620616365568545, "id_test": 0.7112526539278131, "ood_test": 0.6334619661194323, "ood_validation": 0.6427310182460271, "train": 0.6915416279378569, "id_test_conf": [0.6811529659066997, 0.7400249580487565], "id_test_balanced": 0.722523033618927, "id_test_balanced_conf": [0.7025018850341439, 0.7425441822037101], "ood_test_conf": [0.6257664657641475, 0.6411066543412395], "ood_test_balanced": 0.6271142959594727, "ood_test_balanced_conf": [0.6217350156046451, 0.6324935763143003], "features": ["SEX", "WHTLGSPK", "BORNUSA", "HWELLSPK", "OTHLGSPK", "HIDEG", "EDUCYR", "YRSINUS", "HISPNCAT", "RACETHX", "RACEWX", "RACEBX", "RACEAX", "RACEV2X", "HISPANX", "SICPAY31", "PAYDR31", "REGION31", "AGE31X", "INSCOV19"]}