{"validation": 0.6780021253985122, "id_test": 0.7091295116772823, "ood_test": 0.614297861207404, "ood_validation": 0.6115361977633902, "train": 0.7029610941442039, "id_test_conf": [0.6789738866680388, 0.7379711594317245], "id_test_balanced": 0.6918123960494995, "id_test_balanced_conf": [0.6714170584827661, 0.7122077336162329], "ood_test_conf": [0.606528322493118, 0.6220238864815566], "ood_test_balanced": 0.5907609462738037, "ood_test_balanced_conf": [0.5858312134817243, 0.5956906790658831], "features": ["SEX", "WHTLGSPK", "BORNUSA", "HWELLSPK", "OTHLGSPK", "HIDEG", "EDUCYR", "YRSINUS", "HISPNCAT", "RACETHX", "RACEWX", "RACEBX", "RACEAX", "RACEV2X", "HISPANX", "SICPAY31", "PAYDR31", "REGION31", "AGE31X", "INSCOV19"]}