{"validation": 0.6131774707757705, "id_test": 0.6411889596602972, "ood_test": 0.6201844463339656, "ood_validation": 0.6397881106533255, "train": 0.6324525295445492, "id_test_conf": [0.6096241881751289, 0.6718677230526744], "id_test_balanced": 0.6798048615455627, "id_test_balanced_conf": [0.6610836843028665, 0.698526038788259], "ood_test_conf": [0.6124362901275933, 0.6278868473194107], "ood_test_balanced": 0.6406244039535522, "ood_test_balanced_conf": [0.6356903112120926, 0.6455584966950119], "features": ["SEX", "WHTLGSPK", "BORNUSA", "HWELLSPK", "OTHLGSPK", "HIDEG", "EDUCYR", "YRSINUS", "HISPNCAT", "RACETHX", "RACEWX", "RACEBX", "RACEAX", "RACEV2X", "HISPANX", "SICPAY31", "PAYDR31", "REGION31", "AGE31X", "INSCOV19"]}