{"validation": 0.6376195536663124, "id_test": 0.6740976645435244, "ood_test": 0.622212047877559, "ood_validation": 0.633313713949382, "train": 0.6700305404328775, "id_test_conf": [0.643126103002047, 0.7039761438811761], "id_test_balanced": 0.7029298543930054, "id_test_balanced_conf": [0.6835972364619374, 0.7222624723240734], "ood_test_conf": [0.6144715342689041, 0.6299060340690245], "ood_test_balanced": 0.6422858834266663, "ood_test_balanced_conf": [0.6373413138464094, 0.6472304530069232], "features": ["SEX", "WHTLGSPK", "BORNUSA", "HWELLSPK", "OTHLGSPK", "HIDEG", "EDUCYR", "YRSINUS", "HISPNCAT", "RACETHX", "RACEWX", "RACEBX", "RACEAX", "RACEV2X", "HISPANX", "SICPAY31", "PAYDR31", "REGION31", "AGE31X", "INSCOV19"]}