{"validation": 0.69394261424017, "id_test": 0.7388535031847133, "ood_test": 0.6513833475047419, "ood_validation": 0.660977045320777, "train": 0.7255344575753552, "id_test_conf": [0.7095529882458829, 0.7666521029700296], "id_test_balanced": 0.7363989353179932, "id_test_balanced_conf": [0.7165133330598473, 0.756284537576139], "ood_test_conf": [0.6437688495298912, 0.658940206628833], "ood_test_balanced": 0.6467311382293701, "ood_test_balanced_conf": [0.6413957708794623, 0.6520665055792779], "features": ["SEX", "WHTLGSPK", "BORNUSA", "HWELLSPK", "OTHLGSPK", "HIDEG", "EDUCYR", "YRSINUS", "HISPNCAT", "RACETHX", "RACEWX", "RACEBX", "RACEAX", "RACEV2X", "HISPANX", "SICPAY31", "PAYDR31", "REGION31", "AGE31X", "INSCOV19"]}