{"validation": 0.6896918172157279, "id_test": 0.7388535031847133, "ood_test": 0.654392046569429, "ood_validation": 0.6656856974690994, "train": 0.7199575089629531, "id_test_conf": [0.7095529882458829, 0.7666521029700296], "id_test_balanced": 0.7455082535743713, "id_test_balanced_conf": [0.7259100264683366, 0.7651064806804061], "ood_test_conf": [0.6467922893431545, 0.6619330187108123], "ood_test_balanced": 0.6626824140548706, "ood_test_balanced_conf": [0.6574545983597636, 0.6679102297499776], "features": ["SEX", "WHTLGSPK", "BORNUSA", "HWELLSPK", "OTHLGSPK", "HIDEG", "EDUCYR", "YRSINUS", "HISPNCAT", "RACETHX", "RACEWX", "RACEBX", "RACEAX", "RACEV2X", "HISPANX", "SICPAY31", "PAYDR31", "REGION31", "AGE31X", "INSCOV19"]}