{"validation": 0.6928799149840595, "id_test": 0.7430997876857749, "ood_test": 0.6490941199555236, "ood_validation": 0.6550912301353737, "train": 0.7260655955384411, "id_test_conf": [0.7139345535164677, 0.7707362104982496], "id_test_balanced": 0.739996075630188, "id_test_balanced_conf": [0.7202042328193784, 0.7597879184409976], "ood_test_conf": [0.6414686283173181, 0.6566628448486678], "ood_test_balanced": 0.643770694732666, "ood_test_balanced_conf": [0.6384320795536041, 0.6491093099117279], "features": ["SEX", "WHTLGSPK", "BORNUSA", "HWELLSPK", "OTHLGSPK", "HIDEG", "EDUCYR", "YRSINUS", "HISPNCAT", "RACETHX", "RACEWX", "RACEBX", "RACEAX", "RACEV2X", "HISPANX", "SICPAY31", "PAYDR31", "REGION31", "AGE31X", "INSCOV19"]}