{"validation": 0.7024442082890542, "id_test": 0.7452229299363057, "ood_test": 0.6487670874484924, "ood_validation": 0.6562683931724543, "train": 0.723808259195326, "id_test_conf": [0.7161266201104481, 0.7727769752359075], "id_test_balanced": 0.7390222549438477, "id_test_balanced_conf": [0.7192519718408584, 0.7587925380468369], "ood_test_conf": [0.6411400408986079, 0.6563374918378371], "ood_test_balanced": 0.6402307152748108, "ood_test_balanced_conf": [0.6349260847922414, 0.6455353457573801], "features": ["SEX", "WHTLGSPK", "BORNUSA", "HWELLSPK", "OTHLGSPK", "HIDEG", "EDUCYR", "YRSINUS", "HISPNCAT", "RACETHX", "RACEWX", "RACEBX", "RACEAX", "RACEV2X", "HISPANX", "SICPAY31", "PAYDR31", "REGION31", "AGE31X", "INSCOV19"]}