{"validation": 0.6333687566418703, "id_test": 0.6443736730360934, "ood_test": 0.612662698672248, "ood_validation": 0.6038846380223661, "train": 0.64241136635241, "id_test_conf": [0.612859323836467, 0.6749819894822213], "id_test_balanced": 0.5886374115943909, "id_test_balanced_conf": [0.571338567212224, 0.6059362559765578], "ood_test_conf": [0.6048874320684083, 0.6203950745326203], "ood_test_balanced": 0.5836164951324463, "ood_test_balanced_conf": [0.5790030311699956, 0.588229959094897], "features": ["SEX", "WHTLGSPK", "BORNUSA", "HWELLSPK", "OTHLGSPK", "HIDEG", "EDUCYR", "YRSINUS", "HISPNCAT", "RACETHX", "RACEWX", "RACEBX", "RACEAX", "RACEV2X", "HISPANX", "SICPAY31", "PAYDR31", "REGION31", "AGE31X", "INSCOV19"]}