{"validation": 0.594048884165781, "id_test": 0.6167728237791932, "ood_test": 0.5889855451631892, "ood_validation": 0.583284284873455, "train": 0.6114725800026557, "id_test_conf": [0.5848694536652055, 0.6479436215503298], "id_test_balanced": 0.5672363638877869, "id_test_balanced_conf": [0.5486107039451599, 0.5858620238304139], "ood_test_conf": [0.5811375082564236, 0.5967997070979667], "ood_test_balanced": 0.5560942888259888, "ood_test_balanced_conf": [0.551717391135171, 0.5604711865168065], "features": ["SEX", "WHTLGSPK", "BORNUSA", "HWELLSPK", "OTHLGSPK", "HIDEG", "EDUCYR", "YRSINUS", "HISPNCAT", "RACETHX", "RACEWX", "RACEBX", "RACEAX", "RACEV2X", "HISPANX", "SICPAY31", "PAYDR31", "REGION31", "AGE31X", "INSCOV19"]}