{"validation": 0.6195536663124336, "id_test": 0.6242038216560509, "ood_test": 0.5991889593825627, "ood_validation": 0.583284284873455, "train": 0.6262116584782897, "id_test_conf": [0.5923946200815556, 0.655233768173051], "id_test_balanced": 0.5608575344085693, "id_test_balanced_conf": [0.5450151540711522, 0.5766999147459865], "ood_test_conf": [0.5913699645360166, 0.6069701941968073], "ood_test_balanced": 0.5626754760742188, "ood_test_balanced_conf": [0.5586376532074064, 0.5667132989410311], "features": ["SEX", "WHTLGSPK", "BORNUSA", "HWELLSPK", "OTHLGSPK", "HIDEG", "EDUCYR", "YRSINUS", "HISPNCAT", "RACETHX", "RACEWX", "RACEBX", "RACEAX", "RACEV2X", "HISPANX", "SICPAY31", "PAYDR31", "REGION31", "AGE31X", "INSCOV19"]}