{"validation": 0.7013815090329437, "id_test": 0.7462845010615711, "ood_test": 0.6404604617698999, "ood_validation": 0.6433195997645674, "train": 0.7196919399814101, "id_test_conf": [0.7172229774354522, 0.7737970322767056], "id_test_balanced": 0.7419018149375916, "id_test_balanced_conf": [0.7221725246682763, 0.7616311052069068], "ood_test_conf": [0.6327952198450247, 0.6480722258189543], "ood_test_balanced": 0.634626030921936, "ood_test_balanced_conf": [0.6292633666563779, 0.6399886951874941], "features": ["SEX", "WHTLGSPK", "BORNUSA", "HWELLSPK", "OTHLGSPK", "HIDEG", "EDUCYR", "YRSINUS", "HISPNCAT", "RACETHX", "RACEWX", "RACEBX", "RACEAX", "RACEV2X", "HISPANX", "SICPAY31", "PAYDR31", "REGION31", "AGE31X", "INSCOV19"]}