{"validation": 0.7003188097768331, "id_test": 0.7430997876857749, "ood_test": 0.6546536725750539, "ood_validation": 0.659211300765156, "train": 0.7261983800292126, "id_test_conf": [0.7139345535164677, 0.7707362104982496], "id_test_balanced": 0.739203929901123, "id_test_balanced_conf": [0.7194013081490993, 0.7590065516531468], "ood_test_conf": [0.6470552128817071, 0.6621932475088932], "ood_test_balanced": 0.648098349571228, "ood_test_balanced_conf": [0.6427897004876286, 0.6534069986548274], "features": ["SEX", "WHTLGSPK", "BORNUSA", "HWELLSPK", "OTHLGSPK", "HIDEG", "EDUCYR", "YRSINUS", "HISPNCAT", "RACETHX", "RACEWX", "RACEBX", "RACEAX", "RACEV2X", "HISPANX", "SICPAY31", "PAYDR31", "REGION31", "AGE31X", "INSCOV19"]}