{"validation": 0.7024442082890542, "id_test": 0.7441613588110403, "ood_test": 0.6541958270652103, "ood_validation": 0.6627427898763979, "train": 0.7226131987783827, "id_test_conf": [0.7150304790975119, 0.7717567010131597], "id_test_balanced": 0.7369347810745239, "id_test_balanced_conf": [0.7171350963786245, 0.7567344657704234], "ood_test_conf": [0.6465950983439065, 0.6617378454573619], "ood_test_balanced": 0.648138165473938, "ood_test_balanced_conf": [0.6428231809101999, 0.6534531500376761], "features": ["SEX", "WHTLGSPK", "BORNUSA", "HWELLSPK", "OTHLGSPK", "HIDEG", "EDUCYR", "YRSINUS", "HISPNCAT", "RACETHX", "RACEWX", "RACEBX", "RACEAX", "RACEV2X", "HISPANX", "SICPAY31", "PAYDR31", "REGION31", "AGE31X", "INSCOV19"]}