{"validation": 0.6971307120085016, "id_test": 0.7430997876857749, "ood_test": 0.65576558309896, "ood_validation": 0.6621542083578575, "train": 0.7243393971584119, "id_test_conf": [0.7139345535164677, 0.7707362104982496], "id_test_balanced": 0.7471250891685486, "id_test_balanced_conf": [0.7275234412774444, 0.7667267370596528], "ood_test_conf": [0.6481726660801257, 0.6632991917374041], "ood_test_balanced": 0.6591907739639282, "ood_test_balanced_conf": [0.6538902186695487, 0.6644913292583078], "features": ["SEX", "WHTLGSPK", "BORNUSA", "HWELLSPK", "OTHLGSPK", "HIDEG", "EDUCYR", "YRSINUS", "HISPNCAT", "RACETHX", "RACEWX", "RACEBX", "RACEAX", "RACEV2X", "HISPANX", "SICPAY31", "PAYDR31", "REGION31", "AGE31X", "INSCOV19"]}