{"validation": 0.7013815090329437, "id_test": 0.7441613588110403, "ood_test": 0.6539996075609915, "ood_validation": 0.6615656268393173, "train": 0.7226131987783827, "id_test_conf": [0.7150304790975119, 0.7717567010131597], "id_test_balanced": 0.7345584630966187, "id_test_balanced_conf": [0.714764314815402, 0.7543526113778353], "ood_test_conf": [0.6463979087623116, 0.661542670786072], "ood_test_balanced": 0.6461614966392517, "ood_test_balanced_conf": [0.6408651753421872, 0.6514578179363162], "features": ["SEX", "WHTLGSPK", "BORNUSA", "HWELLSPK", "OTHLGSPK", "HIDEG", "EDUCYR", "YRSINUS", "HISPNCAT", "RACETHX", "RACEWX", "RACEBX", "RACEAX", "RACEV2X", "HISPANX", "SICPAY31", "PAYDR31", "REGION31", "AGE31X", "INSCOV19"]}