{"validation": 0.891801948051948, "id_test": 0.8873376623376623, "ood_test": 0.7322485207100592, "ood_validation": 0.6887417218543046, "33": 0.8919505608641463, "id_test_conf": [0.8816222197210255, 0.8928693851618271], "id_test_balanced": 0.5644664764404297, "id_test_balanced_conf": [0.5614465299388394, 0.56748642294202], "ood_test_conf": [0.7077882677957805, 0.7556949847603873], "ood_test_balanced": 0.5795115232467651, "ood_test_balanced_conf": [0.5687834401987493, 0.590239606294781], "features": ["AccredAgency", "HIGHDEG", "CONTROL", "region", "LOCALE", "locale2", "CCBASIC", "HBCU", "DISTANCEONLY", "median_hh_inc", "poverty_rate", "unemp_rate", "TUITIONFEE_IN", "TUITIONFEE_OUT", "TUITIONFEE_PROG", "ADM_RATE", "ADM_RATE_ALL", "SATVRMID", "SATMTMID", "SATWRMID", "ACTCMMID", "ACTENMID", "ACTMTMID", "ACTWRMID", "NPT4_PROG", "COSTT4_A", "COSTT4_P", "loan_ever", "pell_ever", "PCIP10"]}