{"validation": 0.6953010790114863, "id_test": 0.69697372417983, "ood_test": 0.633755318728511, "ood_validation": 0.6335506816834617, "train": 0.6960596397660671, "id_test_conf": [0.6947010341656086, 0.6992391851428607], "id_test_balanced": 0.5281768441200256, "id_test_balanced_conf": [0.5276004018483218, 0.5287532863917295], "ood_test_conf": [0.6303164502749654, 0.6371839618407642], "ood_test_balanced": 0.540174126625061, "ood_test_balanced_conf": [0.5391923702089116, 0.5411558830412104], "features": ["COW", "ENG", "FER", "HINS1", "HINS2", "HINS3", "HINS4", "NWLA", "NWLK", "OCCP", "POBP", "RELP", "WKHP", "WKW", "WRK", "AGEP", "SEX", "ST", "MAR", "CIT", "RAC1P", "SCHL", "DIVISION", "ACS_YEAR"]}