{"validation": 0.73993608201753, "id_test": 0.7371974989874444, "ood_test": 0.7708895943934344, "ood_validation": 0.7671606401896859, "0": 0.8457608395470865, "2": 0.7246734728797125, "3": 0.7383935897565769, "4": 0.7168339627107339, "5": 0.7458454947745033, "6": 0.7394430573178885, "7": 0.7313369522711154, "8": 0.7416349966953073, "9": 0.7542807503275017, "id_test_conf": [0.7350197734908726, 0.7393665184876145], "id_test_balanced": 0.7846254110336304, "id_test_balanced_conf": [0.783268482433632, 0.7859823396336287], "ood_test_conf": [0.7678830787773245, 0.773875393317028], "ood_test_balanced": 0.7939215898513794, "ood_test_balanced_conf": [0.7919677333440631, 0.7958754463586957], "features": ["COW", "ENG", "FER", "HINS1", "HINS2", "HINS3", "HINS4", "NWLA", "NWLK", "OCCP", "POBP", "RELP", "WKHP", "WKW", "WRK", "AGEP", "SEX", "ST", "MAR", "CIT", "RAC1P", "SCHL", "DIVISION", "ACS_YEAR"]}