{"validation": 0.7177103439546878, "id_test": 0.7147567334953422, "ood_test": 0.7514325987011106, "ood_validation": 0.7499703615886189, "0": 0.8403755868544601, "2": 0.7064906176923516, "3": 0.7183007992544344, "4": 0.695693337206425, "5": 0.7212519222923139, "6": 0.7168351684335476, "7": 0.712102231678299, "8": 0.7172525611368142, "9": 0.7252654854923676, "id_test_conf": [0.7125233397287081, 0.7169822453048054], "id_test_balanced": 0.773100733757019, "id_test_balanced_conf": [0.7717553355894051, 0.774446131924633], "ood_test_conf": [0.7483420213905303, 0.7545039488652621], "ood_test_balanced": 0.781442403793335, "ood_test_balanced_conf": [0.7794996360875666, 0.7833851714991034], "features": ["COW", "ENG", "FER", "HINS1", "HINS2", "HINS3", "HINS4", "NWLA", "NWLK", "OCCP", "POBP", "RELP", "WKHP", "WKW", "WRK", "AGEP", "SEX", "ST", "MAR", "CIT", "RAC1P", "SCHL", "DIVISION", "ACS_YEAR"]}