{"validation": 0.6724614751764073, "id_test": 0.6690271871202916, "ood_test": 0.7173532162664172, "ood_validation": 0.7163011262596325, "0": 0.7794808064070698, "2": 0.6591170934808647, "3": 0.668375254515433, "4": 0.6467094858470774, "5": 0.6759289771835671, "6": 0.6650839780060852, "7": 0.6632995963492474, "8": 0.6755514705882353, "9": 0.6885156039504613, "id_test_conf": [0.6667007903798947, 0.6713473807315831], "id_test_balanced": 0.7460912466049194, "id_test_balanced_conf": [0.744771922454238, 0.7474105707556009], "ood_test_conf": [0.7141351632720518, 0.7205546500680668], "ood_test_balanced": 0.7581319212913513, "ood_test_balanced_conf": [0.7562268194137141, 0.7600370231689886], "features": ["COW", "ENG", "FER", "HINS1", "HINS2", "HINS3", "HINS4", "NWLA", "NWLK", "OCCP", "POBP", "RELP", "WKHP", "WKW", "WRK", "AGEP", "SEX", "ST", "MAR", "CIT", "RAC1P", "SCHL", "DIVISION", "ACS_YEAR"]}