{"validation": 0.8252887384109103, "id_test": 0.8241000911300121, "ood_test": 0.8147435812991529, "ood_validation": 0.8069946650859514, "train": 0.8257954328811358, "id_test_conf": [0.8222137437693129, 0.8259745392788707], "id_test_balanced": 0.7875745892524719, "id_test_balanced_conf": [0.7861935093440116, 0.7889556691609323], "ood_test_conf": [0.8119612729802943, 0.8175018134035797], "ood_test_balanced": 0.7996612787246704, "ood_test_balanced_conf": [0.797682528430596, 0.8016400290187449], "features": ["COW", "ENG", "FER", "HINS1", "HINS2", "HINS3", "HINS4", "NWLA", "NWLK", "OCCP", "POBP", "RELP", "WKHP", "WKW", "WRK", "AGEP", "SEX", "ST", "MAR", "CIT", "RAC1P", "SCHL", "DIVISION", "ACS_YEAR"]}