{"validation": 0.8238964655254248, "id_test": 0.8227141555285541, "ood_test": 0.8182345114673762, "ood_validation": 0.8084173088322466, "train": 0.824001303670608, "id_test_conf": [0.8208220381713953, 0.8245944246392192], "id_test_balanced": 0.7944799661636353, "id_test_balanced_conf": [0.7930981741240248, 0.7958617582032457], "ood_test_conf": [0.8154723732683783, 0.8209723058476922], "ood_test_balanced": 0.8084736466407776, "ood_test_balanced_conf": [0.8065089135337621, 0.8104383797477931], "features": ["COW", "ENG", "FER", "HINS1", "HINS2", "HINS3", "HINS4", "NWLA", "NWLK", "OCCP", "POBP", "RELP", "WKHP", "WKW", "WRK", "AGEP", "SEX", "ST", "MAR", "CIT", "RAC1P", "SCHL", "DIVISION", "ACS_YEAR"]}