{"validation": 0.8104736892067209, "id_test": 0.8104432462535439, "ood_test": 0.803691164653344, "ood_validation": 0.792294013040901, "train": 0.8105888430160673, "id_test_conf": [0.8085018533480901, 0.8123732420796964], "id_test_balanced": 0.7738986611366272, "id_test_balanced_conf": [0.7724842391838319, 0.7753130830894225], "ood_test_conf": [0.8008473973700596, 0.8065117027735711], "ood_test_balanced": 0.7890851497650146, "ood_test_balanced_conf": [0.7870648530870676, 0.7911054464429617], "features": ["COW", "ENG", "FER", "HINS1", "HINS2", "HINS3", "HINS4", "NWLA", "NWLK", "OCCP", "POBP", "RELP", "WKHP", "WKW", "WRK", "AGEP", "SEX", "ST", "MAR", "CIT", "RAC1P", "SCHL", "DIVISION", "ACS_YEAR"]}