{"validation": 0.8100496788279594, "id_test": 0.8094939752936412, "ood_test": 0.801240926874893, "ood_validation": 0.7908713692946058, "train": 0.8100525028023381, "id_test_conf": [0.8075489019702493, 0.8114276864346038], "id_test_balanced": 0.7761921286582947, "id_test_balanced_conf": [0.7747755509172566, 0.7776087063993328], "ood_test_conf": [0.7983840120891419, 0.8040748002455199], "ood_test_balanced": 0.7862086296081543, "ood_test_balanced_conf": [0.7841798870684579, 0.7882373721478507], "features": ["COW", "ENG", "FER", "HINS1", "HINS2", "HINS3", "HINS4", "NWLA", "NWLK", "OCCP", "POBP", "RELP", "WKHP", "WKW", "WRK", "AGEP", "SEX", "ST", "MAR", "CIT", "RAC1P", "SCHL", "DIVISION", "ACS_YEAR"]}