{"validation": 0.8130177514792899, "id_test": 0.8125949270959902, "ood_test": 0.7936794403973074, "ood_validation": 0.7855364552459988, "train": 0.8123173140588377, "id_test_conf": [0.8106619449306216, 0.8145164330798521], "id_test_balanced": 0.7712674736976624, "id_test_balanced_conf": [0.7698593647498637, 0.772675582645461], "ood_test_conf": [0.79078300130703, 0.7965534173893241], "ood_test_balanced": 0.7678556442260742, "ood_test_balanced_conf": [0.7658295140508562, 0.7698817744012922], "features": ["COW", "ENG", "FER", "HINS1", "HINS2", "HINS3", "HINS4", "NWLA", "NWLK", "OCCP", "POBP", "RELP", "WKHP", "WKW", "WRK", "AGEP", "SEX", "ST", "MAR", "CIT", "RAC1P", "SCHL", "DIVISION", "ACS_YEAR"]}