{"validation": 0.8041072050121824, "id_test": 0.8036274807614419, "ood_test": 0.794324933145394, "ood_validation": 0.785773562537048, "train": 0.8037382438259568, "id_test_conf": [0.8016600654291703, 0.8055837495588074], "id_test_balanced": 0.7468785643577576, "id_test_balanced_conf": [0.7454667511186562, 0.7482903775968589], "ood_test_conf": [0.7914318072771377, 0.7971955474658924], "ood_test_balanced": 0.7714381217956543, "ood_test_balanced_conf": [0.7694026264455169, 0.7734736171457917], "features": ["COW", "ENG", "FER", "HINS1", "HINS2", "HINS3", "HINS4", "NWLA", "NWLK", "OCCP", "POBP", "RELP", "WKHP", "WKW", "WRK", "AGEP", "SEX", "ST", "MAR", "CIT", "RAC1P", "SCHL", "DIVISION", "ACS_YEAR"]}