{"validation": 0.8091510299655096, "id_test": 0.8085763466990684, "ood_test": 0.8009511138043235, "ood_validation": 0.7889745109662122, "train": 0.8090613017878798, "id_test_conf": [0.8066277330734019, 0.8105136318752857], "id_test_balanced": 0.7731279730796814, "id_test_balanced_conf": [0.7717091058404185, 0.7745468403189443], "ood_test_conf": [0.7980926550933011, 0.8037865533061306], "ood_test_balanced": 0.7865514159202576, "ood_test_balanced_conf": [0.7845211103884503, 0.7885817214520648], "features": ["COW", "ENG", "FER", "HINS1", "HINS2", "HINS3", "HINS4", "NWLA", "NWLK", "OCCP", "POBP", "RELP", "WKHP", "WKW", "WRK", "AGEP", "SEX", "ST", "MAR", "CIT", "RAC1P", "SCHL", "DIVISION", "ACS_YEAR"]}