{"validation": 0.8273012055817486, "id_test": 0.8265745240988255, "ood_test": 0.8106466783470117, "ood_validation": 0.8085358624777712, "train": 0.8279210171794992, "id_test_conf": [0.8246985853502645, 0.8284384726380749], "id_test_balanced": 0.7843847870826721, "id_test_balanced_conf": [0.7830109766847454, 0.7857585974805988], "ood_test_conf": [0.8078411694884708, 0.8134284250087934], "ood_test_balanced": 0.7859136462211609, "ood_test_balanced_conf": [0.7839424341125414, 0.7878848583297804], "features": ["COW", "ENG", "FER", "HINS1", "HINS2", "HINS3", "HINS4", "NWLA", "NWLK", "OCCP", "POBP", "RELP", "WKHP", "WKW", "WRK", "AGEP", "SEX", "ST", "MAR", "CIT", "RAC1P", "SCHL", "DIVISION", "ACS_YEAR"]}