{"validation": 0.8265101414422681, "id_test": 0.8258404212231673, "ood_test": 0.8074982545349159, "ood_validation": 0.8049792531120332, "train": 0.8272992422414591, "id_test_conf": [0.8239613800954406, 0.8277074991388897], "id_test_balanced": 0.7847550511360168, "id_test_balanced_conf": [0.7833790064579808, 0.7861310958140529], "ood_test_conf": [0.804675254259027, 0.810297733906079], "ood_test_balanced": 0.7812342643737793, "ood_test_balanced_conf": [0.779258057991974, 0.7832104707555846], "features": ["COW", "ENG", "FER", "HINS1", "HINS2", "HINS3", "HINS4", "NWLA", "NWLK", "OCCP", "POBP", "RELP", "WKHP", "WKW", "WRK", "AGEP", "SEX", "ST", "MAR", "CIT", "RAC1P", "SCHL", "DIVISION", "ACS_YEAR"]}