{"validation": 0.8263013005094453, "id_test": 0.8248468509518023, "ood_test": 0.8069318017151664, "ood_validation": 0.8034380557202134, "train": 0.8272438678831094, "id_test_conf": [0.8229636302977372, 0.8267181449324927], "id_test_balanced": 0.78398197889328, "id_test_balanced_conf": [0.7826033730758354, 0.7853605847107247], "ood_test_conf": [0.8041056851344048, 0.8097344408011691], "ood_test_balanced": 0.7803598642349243, "ood_test_balanced_conf": [0.7783830155432224, 0.7823367129266262], "features": ["COW", "ENG", "FER", "HINS1", "HINS2", "HINS3", "HINS4", "NWLA", "NWLK", "OCCP", "POBP", "RELP", "WKHP", "WKW", "WRK", "AGEP", "SEX", "ST", "MAR", "CIT", "RAC1P", "SCHL", "DIVISION", "ACS_YEAR"]}