{"validation": 0.8247444862829478, "id_test": 0.8238406237343053, "ood_test": 0.8128071030548932, "ood_validation": 0.8113811499703616, "train": 0.8254829632875915, "id_test_conf": [0.8219531928941235, 0.8257161649042399], "id_test_balanced": 0.8009660243988037, "id_test_balanced_conf": [0.799591858733911, 0.8023401900636964], "ood_test_conf": [0.810013765915299, 0.81557651241149], "ood_test_balanced": 0.7935649156570435, "ood_test_balanced_conf": [0.7915849653957412, 0.7955448659183457], "features": ["COW", "ENG", "FER", "HINS1", "HINS2", "HINS3", "HINS4", "NWLA", "NWLK", "OCCP", "POBP", "RELP", "WKHP", "WKW", "WRK", "AGEP", "SEX", "ST", "MAR", "CIT", "RAC1P", "SCHL", "DIVISION", "ACS_YEAR"]}