{"id_test": 0.8256379100850547, "id_test_conf": [0.82375801527423, 0.8275058491313179], "id_test_balanced": 0.788576602935791, "id_test_balanced_conf": [0.7871994203538634, 0.7899537855177187], "ood_test": 0.8066024686804284, "ood_test_conf": [0.8037745445621647, 0.8094069405419534], "ood_test_balanced": 0.7796375751495361, "ood_test_balanced_conf": [0.7776613712776452, 0.781613779021427], "validation": 0.8264468563111097, "validation_conf": [0.8245703711839318, 0.8283113558481794], "validation_balanced": 0.7902485132217407, "validation_balanced_conf": [0.7888748130318709, 0.7916222134116105], "features": ["COW", "ENG", "FER", "HINS1", "HINS2", "HINS3", "HINS4", "NWLA", "NWLK", "OCCP", "POBP", "RELP", "WKHP", "WKW", "WRK", "AGEP", "SEX", "ST", "MAR", "CIT", "RAC1P", "SCHL", "DIVISION", "ACS_YEAR"]}