{"id_test": 0.8259037059538274, "id_test_conf": [0.8240249317920616, 0.8277705145762555], "id_test_balanced": 0.7890793085098267, "id_test_balanced_conf": [0.7877028060005977, 0.7904558110190556], "ood_test": 0.8060096692179, "ood_test_conf": [0.8031784994167206, 0.8088174321901687], "ood_test_balanced": 0.7787749767303467, "ood_test_balanced_conf": [0.776797937285155, 0.7807520161755384], "validation": 0.82667468278328, "validation_conf": [0.8247991622974444, 0.8285382093003464], "validation_balanced": 0.7905240058898926, "validation_balanced_conf": [0.7891508914227597, 0.7918971203570254], "features": ["COW", "ENG", "FER", "HINS1", "HINS2", "HINS3", "HINS4", "NWLA", "NWLK", "OCCP", "POBP", "RELP", "WKHP", "WKW", "WRK", "AGEP", "SEX", "ST", "MAR", "CIT", "RAC1P", "SCHL", "DIVISION", "ACS_YEAR"]}