{"id_test": 0.8256822093965168, "id_test_conf": [0.823802501249747, 0.8275499601495993], "id_test_balanced": 0.7892961502075195, "id_test_balanced_conf": [0.7879190983693115, 0.7906732020457276], "ood_test": 0.8065497753948703, "ood_test_conf": [0.8037215623612673, 0.8093545402097965], "ood_test_balanced": 0.7795602083206177, "ood_test_balanced_conf": [0.7775839325739071, 0.7815364840673282], "validation": 0.8262823149700977, "validation_conf": [0.8244051338900781, 0.8281475165112322], "validation_balanced": 0.7904994487762451, "validation_balanced_conf": [0.789125331484247, 0.7918735660682432], "features": ["COW", "ENG", "FER", "HINS1", "HINS2", "HINS3", "HINS4", "NWLA", "NWLK", "OCCP", "POBP", "RELP", "WKHP", "WKW", "WRK", "AGEP", "SEX", "ST", "MAR", "CIT", "RAC1P", "SCHL", "DIVISION", "ACS_YEAR"]}