{"validation": 0.5588963073125969, "id_test": 0.5551020149858242, "ood_test": 0.6143378430003557, "ood_validation": 0.614819205690575, "0": 0.5542667771333886, "2": 0.5684081446415331, "3": 0.5511310108694552, "4": 0.5259228178893802, "5": 0.5575353858707592, "6": 0.5347168215245658, "7": 0.5503569227098288, "8": 0.5556324355584931, "9": 0.5845790789070267, "id_test_conf": [0.5526475871137557, 0.5575544208626789], "id_test_balanced": 0.6696527004241943, "id_test_balanced_conf": [0.668449789523147, 0.6708556113252416], "ood_test_conf": [0.6108643353805567, 0.6178026099349558], "ood_test_balanced": 0.67807936668396, "ood_test_balanced_conf": [0.6763316020951606, 0.6798271312727593], "features": ["COW", "ENG", "FER", "HINS1", "HINS2", "HINS3", "HINS4", "NWLA", "NWLK", "OCCP", "POBP", "RELP", "WKHP", "WKW", "WRK", "AGEP", "SEX", "ST", "MAR", "CIT", "RAC1P", "SCHL", "DIVISION", "ACS_YEAR"]}