{"validation": 0.6528114419517135, "id_test": 0.649124139327663, "ood_test": 0.6812056223735691, "ood_validation": 0.6784825133372852, "0": 0.747721623860812, "2": 0.6608053385045343, "3": 0.6399910856286152, "4": 0.6185650195268373, "5": 0.6513746351567649, "6": 0.630865157654892, "7": 0.6383050645244676, "8": 0.6503944976867151, "9": 0.6824812092945473, "id_test_conf": [0.6467651678618676, 0.651477638224562], "id_test_balanced": 0.7327920198440552, "id_test_balanced_conf": [0.7314814620255493, 0.734102577662561], "ood_test_conf": [0.6778771068376456, 0.6845202838921478], "ood_test_balanced": 0.7307586669921875, "ood_test_balanced_conf": [0.7288914660760202, 0.7326258679083548], "features": ["COW", "ENG", "FER", "HINS1", "HINS2", "HINS3", "HINS4", "NWLA", "NWLK", "OCCP", "POBP", "RELP", "WKHP", "WKW", "WRK", "AGEP", "SEX", "ST", "MAR", "CIT", "RAC1P", "SCHL", "DIVISION", "ACS_YEAR"]}