{"validation": 0.5206594310666709, "id_test": 0.517346344673957, "ood_test": 0.5884786131127241, "ood_validation": 0.5896858328393598, "0": 0.5167080916873792, "2": 0.5408315747447671, "3": 0.5139641601750459, "4": 0.47849896179625384, "5": 0.5169514797727772, "6": 0.4836478244852851, "7": 0.5052328779834695, "8": 0.5166473892927957, "9": 0.5528323097934649, "id_test_conf": [0.5148790776855634, 0.5198129751357776], "id_test_balanced": 0.6428463459014893, "id_test_balanced_conf": [0.6417061582161113, 0.6439865335868672], "ood_test_conf": [0.5849679804766142, 0.5919824820866615], "ood_test_balanced": 0.6570909023284912, "ood_test_balanced_conf": [0.6554053829307668, 0.6587764217262156], "features": ["COW", "ENG", "FER", "HINS1", "HINS2", "HINS3", "HINS4", "NWLA", "NWLK", "OCCP", "POBP", "RELP", "WKHP", "WKW", "WRK", "AGEP", "SEX", "ST", "MAR", "CIT", "RAC1P", "SCHL", "DIVISION", "ACS_YEAR"]}