{"validation": 0.8091510299655096, "id_test": 0.80843079181855, "ood_test": 0.81262267655544, "ood_validation": 0.8085358624777712, "train": 0.8108459382512619, "id_test_conf": [0.8064816181963205, 0.8103686423420193], "id_test_balanced": 0.8132892847061157, "id_test_balanced_conf": [0.8119314881321043, 0.8146470812801272], "ood_test_conf": [0.8098282949331896, 0.8153931445305402], "ood_test_balanced": 0.8164805769920349, "ood_test_balanced_conf": [0.8145357360970229, 0.8184254178870469], "features": ["COW", "ENG", "FER", "HINS1", "HINS2", "HINS3", "HINS4", "NWLA", "NWLK", "OCCP", "POBP", "RELP", "WKHP", "WKW", "WRK", "AGEP", "SEX", "ST", "MAR", "CIT", "RAC1P", "SCHL", "DIVISION", "ACS_YEAR"]}