{"validation": 0.8002214979590545, "id_test": 0.7982799210206561, "ood_test": 0.8015570865882415, "ood_validation": 0.8002371072910492, "train": 0.8020073995964, "id_test_conf": [0.7962927302285422, 0.8002561618282179], "id_test_balanced": 0.8118529319763184, "id_test_balanced_conf": [0.8104967159638181, 0.8132091479888186], "ood_test_conf": [0.7987018587650999, 0.8043892487714324], "ood_test_balanced": 0.8136410713195801, "ood_test_balanced_conf": [0.8117050968110562, 0.815577045828104], "features": ["COW", "ENG", "FER", "HINS1", "HINS2", "HINS3", "HINS4", "NWLA", "NWLK", "OCCP", "POBP", "RELP", "WKHP", "WKW", "WRK", "AGEP", "SEX", "ST", "MAR", "CIT", "RAC1P", "SCHL", "DIVISION", "ACS_YEAR"]}