{"validation": 0.8042970604056577, "id_test": 0.8028807209396517, "ood_test": 0.8065102554307018, "ood_validation": 0.8052163604030824, "train": 0.8062039848970393, "id_test_conf": [0.8009105106776534, 0.8048398121152137], "id_test_balanced": 0.8124715089797974, "id_test_balanced_conf": [0.8111138051585294, 0.8138292128010653], "ood_test_conf": [0.8036818257631705, 0.8093152399080978], "ood_test_balanced": 0.8135359287261963, "ood_test_balanced_conf": [0.8115844167070463, 0.8154874407453463], "features": ["COW", "ENG", "FER", "HINS1", "HINS2", "HINS3", "HINS4", "NWLA", "NWLK", "OCCP", "POBP", "RELP", "WKHP", "WKW", "WRK", "AGEP", "SEX", "ST", "MAR", "CIT", "RAC1P", "SCHL", "DIVISION", "ACS_YEAR"]}