{"validation": 0.8023415498528621, "id_test": 0.8008366241393277, "ood_test": 0.8054695630409295, "ood_validation": 0.8016597510373444, "train": 0.8042555985453947, "id_test_conf": [0.7988588190534867, 0.8028033852710832], "id_test_balanced": 0.811846137046814, "id_test_balanced_conf": [0.8104877044376917, 0.8132045696559362], "ood_test_conf": [0.8026354448624593, 0.8082803157796123], "ood_test_balanced": 0.8155720829963684, "ood_test_balanced_conf": [0.813637150102295, 0.8175070158904418], "features": ["COW", "ENG", "FER", "HINS1", "HINS2", "HINS3", "HINS4", "NWLA", "NWLK", "OCCP", "POBP", "RELP", "WKHP", "WKW", "WRK", "AGEP", "SEX", "ST", "MAR", "CIT", "RAC1P", "SCHL", "DIVISION", "ACS_YEAR"]}