{"validation": 0.8004999525361516, "id_test": 0.7991026225192386, "ood_test": 0.8073006547140731, "ood_validation": 0.8061647895672792, "train": 0.8031457381916158, "id_test_conf": [0.7971184381883787, 0.8010758266283096], "id_test_balanced": 0.8114646673202515, "id_test_balanced_conf": [0.8101062722457573, 0.8128230623947457], "ood_test_conf": [0.8044765662992746, 0.8101012373672407], "ood_test_balanced": 0.8142036199569702, "ood_test_balanced_conf": [0.812254560352303, 0.8161526795616374], "features": ["COW", "ENG", "FER", "HINS1", "HINS2", "HINS3", "HINS4", "NWLA", "NWLK", "OCCP", "POBP", "RELP", "WKHP", "WKW", "WRK", "AGEP", "SEX", "ST", "MAR", "CIT", "RAC1P", "SCHL", "DIVISION", "ACS_YEAR"]}