{"validation": 0.8096889535803563, "id_test": 0.8077789590927501, "ood_test": 0.807550947820474, "ood_validation": 0.806520450503853, "train": 0.8107723694608832, "id_test_conf": [0.8058272829103771, 0.8097193361379469], "id_test_balanced": 0.8117425441741943, "id_test_balanced_conf": [0.810380152745638, 0.8131049356027507], "ood_test_conf": [0.8047282379062469, 0.8103501327918019], "ood_test_balanced": 0.8143441677093506, "ood_test_balanced_conf": [0.8123954471712932, 0.816292888247408], "features": ["COW", "ENG", "FER", "HINS1", "HINS2", "HINS3", "HINS4", "NWLA", "NWLK", "OCCP", "POBP", "RELP", "WKHP", "WKW", "WRK", "AGEP", "SEX", "ST", "MAR", "CIT", "RAC1P", "SCHL", "DIVISION", "ACS_YEAR"]}