{"validation": 0.7181849824383761, "id_test": 0.7148959599027946, "ood_test": 0.7460315369314066, "ood_validation": 0.7434499110847659, "0": 0.8447942557304612, "2": 0.7150116922374951, "3": 0.6934317290841496, "4": 0.6895717006100119, "5": 0.728513479584471, "6": 0.7220607697870193, "7": 0.7041882908141285, "8": 0.7197827164573695, "9": 0.7413200412512891, "id_test_conf": [0.7126628902014049, 0.7171211425349793], "id_test_balanced": 0.7746551036834717, "id_test_balanced_conf": [0.7733194669149817, 0.7759907404519617], "ood_test_conf": [0.7429191334786551, 0.7491251266376799], "ood_test_balanced": 0.7791839838027954, "ood_test_balanced_conf": [0.7772641464462504, 0.7811038211593404], "features": ["COW", "ENG", "FER", "HINS1", "HINS2", "HINS3", "HINS4", "NWLA", "NWLK", "OCCP", "POBP", "RELP", "WKHP", "WKW", "WRK", "AGEP", "SEX", "ST", "MAR", "CIT", "RAC1P", "SCHL", "DIVISION", "ACS_YEAR"]}