{"validation": 0.7911780527165142, "id_test": 0.7919387910085055, "ood_test": 0.7992781019878542, "ood_validation": 0.7983402489626557, "0": 0.9109362054681027, "2": 0.7814064906176924, "3": 0.7943920500015195, "4": 0.7777060538574917, "5": 0.7944834133634623, "6": 0.8107322663828742, "7": 0.7974654179342892, "8": 0.7856906807666887, "9": 0.7965911941504928, "id_test_conf": [0.7899288562549326, 0.7939380088219781], "id_test_balanced": 0.8055298328399658, "id_test_balanced_conf": [0.8041562503878958, 0.8069034152920358], "ood_test_conf": [0.7964107763652771, 0.8021225365864799], "ood_test_balanced": 0.8078100681304932, "ood_test_balanced_conf": [0.8058392345625908, 0.8097809016983956], "features": ["COW", "ENG", "FER", "HINS1", "HINS2", "HINS3", "HINS4", "NWLA", "NWLK", "OCCP", "POBP", "RELP", "WKHP", "WKW", "WRK", "AGEP", "SEX", "ST", "MAR", "CIT", "RAC1P", "SCHL", "DIVISION", "ACS_YEAR"]}