{"validation": 0.786741765022308, "id_test": 0.786369734710409, "ood_test": 0.799475701808697, "ood_validation": 0.7973918197984589, "0": 0.8743441038387186, "2": 0.7766839673758056, "3": 0.7906946118702959, "4": 0.7836555530452184, "5": 0.7841854188243417, "6": 0.8048381155089845, "7": 0.7848256480616147, "8": 0.7868783046926636, "9": 0.7961870430072562, "id_test_conf": [0.7843404373528661, 0.7883885197770377], "id_test_balanced": 0.8047865629196167, "id_test_balanced_conf": [0.8034162992588244, 0.806156826580409], "ood_test_conf": [0.7966094194110409, 0.8023190780427101], "ood_test_balanced": 0.8089783191680908, "ood_test_balanced_conf": [0.8070148239051923, 0.8109418144309893], "features": ["COW", "ENG", "FER", "HINS1", "HINS2", "HINS3", "HINS4", "NWLA", "NWLK", "OCCP", "POBP", "RELP", "WKHP", "WKW", "WRK", "AGEP", "SEX", "ST", "MAR", "CIT", "RAC1P", "SCHL", "DIVISION", "ACS_YEAR"]}