{"validation": 0.7982976299718381, "id_test": 0.7988494835965978, "ood_test": 0.8039019377955764, "ood_validation": 0.802371072910492, "0": 0.896161281413974, "2": 0.7808076199167284, "3": 0.7994114488892491, "4": 0.7845807916169082, "5": 0.8092458337256379, "6": 0.8025186579891668, "7": 0.8009783062575809, "8": 0.7956150859220092, "9": 0.8119350013471704, "id_test_conf": [0.7968643728220812, 0.8008236234531408], "id_test_balanced": 0.806272029876709, "id_test_balanced_conf": [0.8048959925002418, 0.8076480672531762], "ood_test_conf": [0.8010593094039036, 0.8067213208732362], "ood_test_balanced": 0.807397723197937, "ood_test_balanced_conf": [0.8054159541614354, 0.8093794922344386], "features": ["COW", "ENG", "FER", "HINS1", "HINS2", "HINS3", "HINS4", "NWLA", "NWLK", "OCCP", "POBP", "RELP", "WKHP", "WKW", "WRK", "AGEP", "SEX", "ST", "MAR", "CIT", "RAC1P", "SCHL", "DIVISION", "ACS_YEAR"]}