{"validation": 0.8282441540360093, "id_test": 0.82744152490887, "ood_test": 0.8185243245379458, "ood_validation": 0.8192056905749852, "train": 0.8294018857342205, "id_test_conf": [0.8255692659447565, 0.8293017617782372], "id_test_balanced": 0.7893111705780029, "id_test_balanced_conf": [0.7879386316798628, 0.7906837094761431], "ood_test_conf": [0.8157638777099675, 0.8212604053296264], "ood_test_balanced": 0.8018755912780762, "ood_test_balanced_conf": [0.7999130552588031, 0.8038381272973493], "features": ["COW", "ENG", "FER", "HINS1", "HINS2", "HINS3", "HINS4", "NWLA", "NWLK", "OCCP", "POBP", "RELP", "WKHP", "WKW", "WRK", "AGEP", "SEX", "ST", "MAR", "CIT", "RAC1P", "SCHL", "DIVISION", "ACS_YEAR"]}