{"validation": 0.8281682118786191, "id_test": 0.8274035540704738, "ood_test": 0.8158106203317043, "ood_validation": 0.8104327208061648, "train": 0.8294707081510264, "id_test_conf": [0.8255311335890814, 0.8292639538535795], "id_test_balanced": 0.7899857759475708, "id_test_balanced_conf": [0.7886131113255397, 0.7913584405696019], "ood_test_conf": [0.8130344376253255, 0.8185626450309259], "ood_test_balanced": 0.7988756895065308, "ood_test_balanced_conf": [0.7969030492566526, 0.800848329756409], "features": ["COW", "ENG", "FER", "HINS1", "HINS2", "HINS3", "HINS4", "NWLA", "NWLK", "OCCP", "POBP", "RELP", "WKHP", "WKW", "WRK", "AGEP", "SEX", "ST", "MAR", "CIT", "RAC1P", "SCHL", "DIVISION", "ACS_YEAR"]}