{"validation": 0.8281365693130399, "id_test": 0.8275870797893884, "ood_test": 0.8171147791492669, "ood_validation": 0.8132780082987552, "train": 0.8292452554063172, "id_test_conf": [0.8257154402800697, 0.8294466918508606], "id_test_balanced": 0.7950750589370728, "id_test_balanced_conf": [0.7937037504673935, 0.796446367406752], "ood_test_conf": [0.8143461305310963, 0.8198591697874781], "ood_test_balanced": 0.8022421002388, "ood_test_balanced_conf": [0.8002723384043202, 0.8042118620732799], "features": ["COW", "ENG", "FER", "HINS1", "HINS2", "HINS3", "HINS4", "NWLA", "NWLK", "OCCP", "POBP", "RELP", "WKHP", "WKW", "WRK", "AGEP", "SEX", "ST", "MAR", "CIT", "RAC1P", "SCHL", "DIVISION", "ACS_YEAR"]}