{"validation": 0.8262000442995918, "id_test": 0.8255050121506683, "ood_test": 0.8079856674263282, "ood_validation": 0.807113218731476, "train": 0.8268467546275164, "id_test_conf": [0.8236245576133323, 0.8273735158108073], "id_test_balanced": 0.7914606332778931, "id_test_balanced_conf": [0.7900834611919708, 0.7928378053638153], "ood_test_conf": [0.8051653560731411, 0.8107824205214467], "ood_test_balanced": 0.7831201553344727, "ood_test_balanced_conf": [0.7811397749651223, 0.785100535703823], "features": ["COW", "ENG", "FER", "HINS1", "HINS2", "HINS3", "HINS4", "NWLA", "NWLK", "OCCP", "POBP", "RELP", "WKHP", "WKW", "WRK", "AGEP", "SEX", "ST", "MAR", "CIT", "RAC1P", "SCHL", "DIVISION", "ACS_YEAR"]}