{"validation": 0.8255292219093124, "id_test": 0.8251063183475091, "ood_test": 0.8131759560537999, "ood_validation": 0.8113811499703616, "train": 0.8261735606424375, "id_test_conf": [0.8232241870183936, 0.8269765134614079], "id_test_balanced": 0.7926814556121826, "id_test_balanced_conf": [0.791303731459193, 0.7940591797651723], "ood_test_conf": [0.8103847109380602, 0.8159432451145949], "ood_test_balanced": 0.793119490146637, "ood_test_balanced_conf": [0.7911427826946601, 0.7950961975986138], "features": ["COW", "ENG", "FER", "HINS1", "HINS2", "HINS3", "HINS4", "NWLA", "NWLK", "OCCP", "POBP", "RELP", "WKHP", "WKW", "WRK", "AGEP", "SEX", "ST", "MAR", "CIT", "RAC1P", "SCHL", "DIVISION", "ACS_YEAR"]}