{"validation": 0.8248520710059172, "id_test": 0.8246316828675577, "ood_test": 0.8106335050256221, "ood_validation": 0.8058091286307054, "train": 0.8255343823346304, "id_test_conf": [0.822747560017113, 0.82650388695733], "id_test_balanced": 0.7858895659446716, "id_test_balanced_conf": [0.784509951826185, 0.7872691800631583], "ood_test_conf": [0.8078279223744713, 0.8134153264896521], "ood_test_balanced": 0.7898297905921936, "ood_test_balanced_conf": [0.78784551597666, 0.7918140652077272], "features": ["COW", "ENG", "FER", "HINS1", "HINS2", "HINS3", "HINS4", "NWLA", "NWLK", "OCCP", "POBP", "RELP", "WKHP", "WKW", "WRK", "AGEP", "SEX", "ST", "MAR", "CIT", "RAC1P", "SCHL", "DIVISION", "ACS_YEAR"]}