{"validation": 0.8184286301933361, "id_test": 0.8171704131227218, "ood_test": 0.8090790531016585, "ood_validation": 0.8024896265560166, "train": 0.8184187772867039, "id_test_conf": [0.8152556369810129, 0.8190735448618548], "id_test_balanced": 0.7848513126373291, "id_test_balanced_conf": [0.7834535493282602, 0.786249075946398], "ood_test_conf": [0.8062647988350216, 0.8118696653156213], "ood_test_balanced": 0.7892231941223145, "ood_test_balanced_conf": [0.7872307958267629, 0.791215592417866], "features": ["COW", "ENG", "FER", "HINS1", "HINS2", "HINS3", "HINS4", "NWLA", "NWLK", "OCCP", "POBP", "RELP", "WKHP", "WKW", "WRK", "AGEP", "SEX", "ST", "MAR", "CIT", "RAC1P", "SCHL", "DIVISION", "ACS_YEAR"]}