{"validation": 0.8154858715944688, "id_test": 0.8152971850951802, "ood_test": 0.7896747506948927, "ood_validation": 0.7842323651452282, "train": 0.8166444246327296, "id_test_conf": [0.8133749020168665, 0.817207892643619], "id_test_balanced": 0.7566717267036438, "id_test_balanced_conf": [0.755288694195915, 0.7580547592113726], "ood_test_conf": [0.7867580044961812, 0.7925693415666388], "ood_test_balanced": 0.753741443157196, "ood_test_balanced_conf": [0.751763532999903, 0.7557193533144891], "features": ["COW", "ENG", "FER", "HINS1", "HINS2", "HINS3", "HINS4", "NWLA", "NWLK", "OCCP", "POBP", "RELP", "WKHP", "WKW", "WRK", "AGEP", "SEX", "ST", "MAR", "CIT", "RAC1P", "SCHL", "DIVISION", "ACS_YEAR"]}