{"validation": 0.8192323513590481, "id_test": 0.8173792527339003, "ood_test": 0.8015439132668519, "ood_validation": 0.8002371072910492, "train": 0.8183246408775096, "id_test_conf": [0.8154653181383096, 0.8192815352483562], "id_test_balanced": 0.7761166095733643, "id_test_balanced_conf": [0.7747198231914081, 0.7775133959553204], "ood_test_conf": [0.7986886150976942, 0.8043761468054299], "ood_test_balanced": 0.773944079875946, "ood_test_balanced_conf": [0.7719530798308551, 0.7759350799210369], "features": ["COW", "ENG", "FER", "HINS1", "HINS2", "HINS3", "HINS4", "NWLA", "NWLK", "OCCP", "POBP", "RELP", "WKHP", "WKW", "WRK", "AGEP", "SEX", "ST", "MAR", "CIT", "RAC1P", "SCHL", "DIVISION", "ACS_YEAR"]}