{"validation": 0.32351359048191625, "id_test": 0.3208219420818145, "ood_test": 0.3979660391774578, "ood_validation": 0.4018968583283936, "0": 0.08685446009389672, "2": 0.3686020646780357, "3": 0.3036559052645441, "4": 0.2789163950123186, "5": 0.3222507296864702, "6": 0.2598611054261662, "7": 0.30300318811185567, "8": 0.3068613681427627, "9": 0.3721395854431262, "id_test_conf": [0.31852052671580583, 0.3231299331995907], "id_test_balanced": 0.5, "id_test_balanced_conf": [0.5, 0.5], "ood_test_conf": [0.39448140322349873, 0.4014584751232753], "ood_test_balanced": 0.5, "ood_test_balanced_conf": [0.5, 0.5], "features": ["COW", "ENG", "FER", "HINS1", "HINS2", "HINS3", "HINS4", "NWLA", "NWLK", "OCCP", "POBP", "RELP", "WKHP", "WKW", "WRK", "AGEP", "SEX", "ST", "MAR", "CIT", "RAC1P", "SCHL", "DIVISION", "ACS_YEAR"]}