{"validation": 0.6030883144005316, "id_test": 0.6033692790603483, "ood_test": 0.5397373239714929, "ood_validation": 0.5326615293420273, "0": 0.8765534382767192, "2": 0.6365767410026807, "3": 0.5704589888266459, "4": 0.613261035621685, "5": 0.5701283620500267, "6": 0.6444271622119438, "7": 0.5642759141794754, "8": 0.5723004791804363, "9": 0.6583111127628144, "id_test_conf": [0.600952208349719, 0.605782556482297], "id_test_balanced": 0.5285890102386475, "id_test_balanced_conf": [0.5270079760649241, 0.5301700444123708], "ood_test_conf": [0.5361836742852713, 0.5432879360719226], "ood_test_balanced": 0.4811817705631256, "ood_test_balanced_conf": [0.47912422105204316, 0.48323932007420806], "features": ["COW", "ENG", "FER", "HINS1", "HINS2", "HINS3", "HINS4", "NWLA", "NWLK", "OCCP", "POBP", "RELP", "WKHP", "WKW", "WRK", "AGEP", "SEX", "ST", "MAR", "CIT", "RAC1P", "SCHL", "DIVISION", "ACS_YEAR"]}