{"validation": 0.676473752491852, "id_test": 0.6791400870797893, "ood_test": 0.6020339608225422, "ood_validation": 0.5981031416716064, "0": 0.9054128693731014, "2": 0.6313979353219643, "3": 0.6963542247029387, "4": 0.7210728463996385, "5": 0.6777375011769137, "6": 0.7401252507060702, "7": 0.6970630927999045, "8": 0.6931386318572372, "9": 0.6278604145568738, "id_test_conf": [0.6768320248053146, 0.6814415749963747], "id_test_balanced": 0.49999287724494934, "id_test_balanced_conf": [0.49996053997208945, 0.5000252145178092], "ood_test_conf": [0.5985415248767247, 0.6055185967765013], "ood_test_balanced": 0.5, "ood_test_balanced_conf": [0.5, 0.5], "features": ["COW", "ENG", "FER", "HINS1", "HINS2", "HINS3", "HINS4", "NWLA", "NWLK", "OCCP", "POBP", "RELP", "WKHP", "WKW", "WRK", "AGEP", "SEX", "ST", "MAR", "CIT", "RAC1P", "SCHL", "DIVISION", "ACS_YEAR"]}