{"validation": 0.7020004598758335, "id_test": 0.7045977011494253, "ood_test": 0.5987000141302812, "ood_validation": 0.5905044510385756, "train": 0.6928382572709507, "id_test_conf": [0.6907910467560732, 0.7181291359543538], "id_test_balanced": 0.501937985420227, "id_test_balanced_conf": [0.5010147162829526, 0.5028612545575015], "ood_test_conf": [0.5920700281899736, 0.6053029641032721], "ood_test_balanced": 0.5052633881568909, "ood_test_balanced_conf": [0.5045667112909723, 0.5059600650228094], "features": ["VCF0004", "VCF0901b", "VCF0701", "VCF0101", "VCF0104", "VCF0105a", "VCF0115", "VCF0140a", "VCF0112"]}