{"validation": 0.7100482869625201, "id_test": 0.7195402298850575, "ood_test": 0.6127360934482596, "ood_validation": 0.6083086053412463, "train": 0.7033279687320382, "id_test_conf": [0.7059313771927012, 0.7328537119865438], "id_test_balanced": 0.5293737649917603, "id_test_balanced_conf": [0.5256911123450846, 0.5330564176384359], "ood_test_conf": [0.6061450273358813, 0.6192962779173311], "ood_test_balanced": 0.5232332348823547, "ood_test_balanced_conf": [0.5217288425401785, 0.524737627224531], "features": ["VCF0004", "VCF0901b", "VCF0701", "VCF0101", "VCF0104", "VCF0105a", "VCF0115", "VCF0140a", "VCF0112"]}