{"validation": 0.7093584732122327, "id_test": 0.7149425287356321, "ood_test": 0.6059535584758137, "ood_validation": 0.5998304366256888, "train": 0.7017473272789976, "id_test_conf": [0.7012709068788129, 0.7283249816662849], "id_test_balanced": 0.5229670405387878, "id_test_balanced_conf": [0.5195222974242643, 0.5264117836533114], "ood_test_conf": [0.5993429766967693, 0.6125351169689849], "ood_test_balanced": 0.5145571231842041, "ood_test_balanced_conf": [0.5133635718678125, 0.5157506745005958], "features": ["VCF0004", "VCF0901b", "VCF0701", "VCF0101", "VCF0104", "VCF0105a", "VCF0115", "VCF0140a", "VCF0112"]}