{"validation": 0.706139342377558, "id_test": 0.704367816091954, "ood_test": 0.6459422542508596, "ood_validation": 0.6502755404832556, "0": 0.7013833992094861, "1": 0.6999282124910265, "3": 0.7078023916879044, "id_test_conf": [0.6905582569438247, 0.7179024655710053], "id_test_balanced": 0.597955584526062, "id_test_balanced_conf": [0.589240435436368, 0.6066707336157561], "ood_test_conf": [0.6394663134246594, 0.6523782137985564], "ood_test_balanced": 0.5921894311904907, "ood_test_balanced_conf": [0.5883782704733312, 0.5960005919076502], "features": ["VCF0004", "VCF0901b", "VCF0701", "VCF0101", "VCF0104", "VCF0105a", "VCF0115", "VCF0140a", "VCF0112"]}