{"validation": 0.5927799494136583, "id_test": 0.5905747126436781, "ood_test": 0.5892798266685507, "ood_validation": 0.6061890631623569, "0": 0.6124505928853755, "1": 0.5951902368987796, "3": 0.5888061164477554, "id_test_conf": [0.5757903426162141, 0.605237340851355], "id_test_balanced": 0.5847811102867126, "id_test_balanced_conf": [0.5744308733940124, 0.5951313471794129], "ood_test_conf": [0.5826268809678605, 0.5959083172065684], "ood_test_balanced": 0.5805928707122803, "ood_test_balanced_conf": [0.575919654360041, 0.5852660870645195], "features": ["VCF0004", "VCF0901b", "VCF0701", "VCF0101", "VCF0104", "VCF0105a", "VCF0115", "VCF0140a", "VCF0112"]}