{"id_test": 0.7505747126436781, "id_test_conf": [0.7374362277224844, 0.7633759288583735], "id_test_balanced": 0.6287809610366821, "id_test_balanced_conf": [0.6208118963055312, 0.636750025767833], "ood_test": 0.6925721821864255, "ood_test_conf": [0.6863157844378265, 0.698775815012131], "ood_test_balanced": 0.6391795873641968, "ood_test_balanced_conf": [0.6354864642675966, 0.642872710460797], "validation": 0.7482179811450909, "validation_conf": [0.7350392620013848, 0.7610625385741937], "validation_balanced": 0.6252079010009766, "validation_balanced_conf": [0.6173290489800274, 0.6330867530219257], "features": ["VCF0004", "VCF0901b", "VCF0701", "VCF0101", "VCF0104", "VCF0105a", "VCF0115", "VCF0140a", "VCF0112"]}