{"validation": 0.631409519429754, "id_test": 0.6273563218390804, "ood_test": 0.5845697329376854, "ood_validation": 0.5977108944467995, "0": 0.6515810276679842, "1": 0.6384781048097631, "3": 0.6171338953146441, "id_test_conf": [0.6127913300911333, 0.6417501036738869], "id_test_balanced": 0.5672062635421753, "id_test_balanced_conf": [0.5572691074386239, 0.5771434196457267], "ood_test_conf": [0.5779062487619597, 0.5912100523032549], "ood_test_balanced": 0.5523253083229065, "ood_test_balanced_conf": [0.5478829328995198, 0.5567676837462932], "features": ["VCF0004", "VCF0901b", "VCF0701", "VCF0101", "VCF0104", "VCF0105a", "VCF0115", "VCF0140a", "VCF0112"]}