{"validation": 0.7010807082087837, "id_test": 0.7036781609195403, "ood_test": 0.5945551316471198, "ood_validation": 0.5858414582450191, "train": 0.6920335670766755, "id_test_conf": [0.6898599122618596, 0.7172224296496066], "id_test_balanced": 0.5003876090049744, "id_test_balanced_conf": [0.49997406838811004, 0.5008011496218387], "ood_test_conf": [0.5879147329550201, 0.6011696299430145], "ood_test_balanced": 0.5001161694526672, "ood_test_balanced_conf": [0.5000136741843016, 0.5002186647210328], "features": ["VCF0004", "VCF0901b", "VCF0701", "VCF0101", "VCF0104", "VCF0105a", "VCF0115", "VCF0140a", "VCF0112"]}