{"validation": 0.7224649344676938, "id_test": 0.7301149425287357, "ood_test": 0.6317648721209552, "ood_validation": 0.6384061042814752, "train": 0.7150534544200483, "id_test_conf": [0.7166570704569322, 0.7432631752017226], "id_test_balanced": 0.5539291501045227, "id_test_balanced_conf": [0.5487989705335349, 0.5590593296755105], "ood_test_conf": [0.6252357459738269, 0.6382579023993799], "ood_test_balanced": 0.5487244129180908, "ood_test_balanced_conf": [0.5465054740896449, 0.5509433517465367], "features": ["VCF0004", "VCF0901b", "VCF0701", "VCF0101", "VCF0104", "VCF0105a", "VCF0115", "VCF0140a", "VCF0112"]}