{"validation": 0.733731892389055, "id_test": 0.7427586206896551, "ood_test": 0.6713767603975319, "ood_validation": 0.6791013141161509, "train": 0.7302276123692378, "id_test_conf": [0.7294937575450977, 0.7556967738922237], "id_test_balanced": 0.5913892984390259, "id_test_balanced_conf": [0.5846369292866439, 0.5981416675914079], "ood_test_conf": [0.665011845030562, 0.6776947225355864], "ood_test_balanced": 0.604539155960083, "ood_test_balanced_conf": [0.60132894563023, 0.607749366289936], "features": ["VCF0004", "VCF0901b", "VCF0701", "VCF0101", "VCF0104", "VCF0105a", "VCF0115", "VCF0140a", "VCF0112"]}