{"validation": 0.7404000919751667, "id_test": 0.7496551724137931, "ood_test": 0.6929018887475861, "ood_validation": 0.6960576515472658, "train": 0.7393091159903438, "id_test_conf": [0.7365015323188222, 0.7624727862671384], "id_test_balanced": 0.6368710994720459, "id_test_balanced_conf": [0.6286131545528769, 0.6451290443912149], "ood_test_conf": [0.6866472983089142, 0.6991036238447742], "ood_test_balanced": 0.6446797847747803, "ood_test_balanced_conf": [0.6408288496732711, 0.6485307198762894], "features": ["VCF0004", "VCF0901b", "VCF0701", "VCF0101", "VCF0104", "VCF0105a", "VCF0115", "VCF0140a", "VCF0112"]}