{"id_test": 0.8275997367355205, "id_test_conf": [0.8257281511147259, 0.8294592944429819], "features": ["COW", "ENG", "FER", "HINS1", "HINS2", "HINS3", "HINS4", "NWLA", "NWLK", "OCCP", "POBP", "RELP", "WKHP", "WKW", "WRK", "AGEP", "SEX", "ST", "MAR", "CIT", "RAC1P", "SCHL", "DIVISION", "ACS_YEAR"], "ood_test": 0.8094479061005652, "ood_test_conf": [0.8066357030760258, 0.8122364388037483]}