{"validation": 0.8352983071972732, "id_test": 0.8321081548557766, "ood_test": 0.8086664757150456, "ood_validation": 0.8110845148223164, "train": 0.8340619823280097, "id_test_conf": [0.8294770077370587, 0.8347147736589065], "id_test_balanced": 0.6228964924812317, "id_test_balanced_conf": [0.6211817089654506, 0.6246112759970128], "ood_test_conf": [0.8051507983833052, 0.8121454567146259], "ood_test_balanced": 0.633696973323822, "ood_test_balanced_conf": [0.6313971636863426, 0.6359967829613015], "features": ["DIVISION", "AGEP", "SEX", "RAC1P", "POBP", "DIS", "ANC", "NATIVITY", "DEAR", "DEYE", "DREM", "ST", "ENG", "FER", "MAR", "CIT", "SCHL", "HUPAC", "OCCP", "MIL", "WIF", "WKHP", "WKW", "WRK", "NWLA", "NWLK"]}