{"validation": 0.8349549137064876, "id_test": 0.8316503026911533, "ood_test": 0.8078276525226074, "ood_validation": 0.8120051555882895, "train": 0.8333259143617512, "id_test_conf": [0.8290163325939466, 0.8342597783735084], "id_test_balanced": 0.6199920177459717, "id_test_balanced_conf": [0.6182914603105746, 0.6216925751813688], "ood_test_conf": [0.8043062029024428, 0.8113125057713422], "ood_test_balanced": 0.6559128761291504, "ood_test_balanced_conf": [0.6534675101703032, 0.6583582420879975], "features": ["DIVISION", "AGEP", "SEX", "RAC1P", "POBP", "DIS", "ANC", "NATIVITY", "DEAR", "DEYE", "DREM", "ST", "ENG", "FER", "MAR", "CIT", "SCHL", "HUPAC", "OCCP", "MIL", "WIF", "WKHP", "WKW", "WRK", "NWLA", "NWLK"]}