{"id_test": 0.8350969120415119, "id_test_conf": [0.832484366091851, 0.8376847083633212], "id_test_balanced": 0.6301646828651428, "id_test_balanced_conf": [0.6284300831193105, 0.6318992826109752], "ood_test": 0.8130856418020377, "ood_test_conf": [0.8096008006633605, 0.816533259933729], "ood_test_balanced": 0.6514310240745544, "ood_test_balanced_conf": [0.649053720147349, 0.6538083280017599], "features": ["DIVISION", "AGEP", "SEX", "RAC1P", "POBP", "DIS", "ANC", "NATIVITY", "DEAR", "DEYE", "DREM", "ST", "ENG", "FER", "MAR", "CIT", "SCHL", "HUPAC", "OCCP", "MIL", "WIF", "WKHP", "WKW", "WRK", "NWLA", "NWLK"]}