{"id_test": 0.8345500330671007, "id_test_conf": [0.8319340608640622, 0.837141296139799], "id_test_balanced": 0.6289868354797363, "id_test_balanced_conf": [0.627254860533867, 0.6307188104256056], "ood_test": 0.8120217684847989, "ood_test_conf": [0.8085294378042079, 0.8154770029586987], "ood_test_balanced": 0.6516178846359253, "ood_test_balanced_conf": [0.6492304634721949, 0.6540053057996557], "features": ["DIVISION", "AGEP", "SEX", "RAC1P", "POBP", "DIS", "ANC", "NATIVITY", "DEAR", "DEYE", "DREM", "ST", "ENG", "FER", "MAR", "CIT", "SCHL", "HUPAC", "OCCP", "MIL", "WIF", "WKHP", "WKW", "WRK", "NWLA", "NWLK"]}