{"id_test": 0.8347026504553086, "id_test_conf": [0.8320876333897046, 0.8372929470890349], "id_test_balanced": 0.6293356418609619, "id_test_balanced_conf": [0.6276028147991747, 0.6310684689227491], "ood_test": 0.8127582961659643, "ood_test_conf": [0.809271146056852, 0.8162082622841297], "ood_test_balanced": 0.6520565152168274, "ood_test_balanced_conf": [0.6496727010281756, 0.6544403294054791], "features": ["DIVISION", "AGEP", "SEX", "RAC1P", "POBP", "DIS", "ANC", "NATIVITY", "DEAR", "DEYE", "DREM", "ST", "ENG", "FER", "MAR", "CIT", "SCHL", "HUPAC", "OCCP", "MIL", "WIF", "WKHP", "WKW", "WRK", "NWLA", "NWLK"]}