{"validation": 0.23863303954112455, "id_test": 0.23997812484102354, "ood_test": 0.25522730062604854, "ood_validation": 0.24930951942552015, "0": 0.4755188394116462, "1": 0.25237132638780907, "2": 0.24363545692557037, "3": 0.2416617782619626, "4": 0.23846840591211188, "5": 0.24725295820503568, "7": 0.22379716510281494, "8": 0.2500943939905805, "9": 0.2204988134151256, "id_test_conf": [0.23699630479577669, 0.24297914146966862], "id_test_balanced": 0.5278606414794922, "id_test_balanced_conf": [0.5269714092905633, 0.5287498736684211], "ood_test_conf": [0.25136654170328826, 0.25911714875895475], "ood_test_balanced": 0.5214893221855164, "ood_test_balanced_conf": [0.5205248254234902, 0.5224538189475425], "features": ["DIVISION", "AGEP", "SEX", "RAC1P", "POBP", "DIS", "ANC", "NATIVITY", "DEAR", "DEYE", "DREM", "ST", "MAR", "ENG", "FER", "CIT", "SCHL", "HUPAC", "OCCP", "MIL", "WIF", "WKHP", "WKW", "WRK", "NWLA", "NWLK"]}