{"validation": 0.3598382235110077, "id_test": 0.36111817673093555, "ood_test": 0.3707189328532264, "ood_validation": 0.3682563063892469, "0": 0.500805964134596, "1": 0.41047271030943866, "2": 0.38042638075052987, "3": 0.38314966898516717, "4": 0.41625334788215457, "5": 0.35682748347167725, "7": 0.30542670252369264, "8": 0.3907116313268814, "9": 0.3212824072001075, "id_test_conf": [0.3577596592887559, 0.36448694417594457], "id_test_balanced": 0.5885194540023804, "id_test_balanced_conf": [0.5869037878024392, 0.5901351202023215], "ood_test_conf": [0.3664345894588922, 0.3750186350131512], "ood_test_balanced": 0.585119366645813, "ood_test_balanced_conf": [0.5831739530339837, 0.5870647802576423], "features": ["DIVISION", "AGEP", "SEX", "RAC1P", "POBP", "DIS", "ANC", "NATIVITY", "DEAR", "DEYE", "DREM", "ST", "ENG", "FER", "MAR", "CIT", "SCHL", "HUPAC", "OCCP", "MIL", "WIF", "WKHP", "WKW", "WRK", "NWLA", "NWLK"]}