{"validation": 0.734505958512979, "id_test": 0.7344203082871242, "ood_test": 0.7022996030934162, "ood_validation": 0.7039219296630455, "train": 0.7358310890944297, "id_test_conf": [0.7313183898335853, 0.7375049218452593], "id_test_balanced": 0.7381452322006226, "id_test_balanced_conf": [0.7359724666690454, 0.7403179977321998], "ood_test_conf": [0.6982238320140289, 0.706351336440038], "ood_test_balanced": 0.7399677038192749, "ood_test_balanced_conf": [0.7372503760922701, 0.7426850315462797], "features": ["DIVISION", "AGEP", "SEX", "RAC1P", "POBP", "DIS", "ANC", "NATIVITY", "DEAR", "DEYE", "DREM", "ST", "ENG", "FER", "MAR", "CIT", "SCHL", "HUPAC", "OCCP", "MIL", "WIF", "WKHP", "WKW", "WRK", "NWLA", "NWLK"]}