{"validation": 0.7227288336067763, "id_test": 0.7225924607010226, "ood_test": 0.7080486108269569, "ood_validation": 0.713496593629166, "train": 0.7246183734010792, "id_test_conf": [0.7194484975244604, 0.7257199927201448], "id_test_balanced": 0.7376824617385864, "id_test_balanced_conf": [0.7355116046546027, 0.7398533188225701], "ood_test_conf": [0.7039954310573042, 0.7120770692844741], "ood_test_balanced": 0.7414138317108154, "ood_test_balanced_conf": [0.7386944969650358, 0.7441331664565951], "features": ["DIVISION", "AGEP", "SEX", "RAC1P", "POBP", "DIS", "ANC", "NATIVITY", "DEAR", "DEYE", "DREM", "ST", "ENG", "FER", "MAR", "CIT", "SCHL", "HUPAC", "OCCP", "MIL", "WIF", "WKHP", "WKW", "WRK", "NWLA", "NWLK"]}