{"validation": 0.7288081702214252, "id_test": 0.7279976598667142, "ood_test": 0.6901059781496788, "ood_validation": 0.6961885472288712, "train": 0.729484688832434, "id_test_conf": [0.724872566033723, 0.7311059232685535], "id_test_balanced": 0.7395974397659302, "id_test_balanced_conf": [0.7374303569085896, 0.7417645226232708], "ood_test_conf": [0.6859848117087106, 0.69420455658014], "ood_test_balanced": 0.7369638681411743, "ood_test_balanced_conf": [0.7342540861293674, 0.7396736501529813], "features": ["DIVISION", "AGEP", "SEX", "RAC1P", "POBP", "DIS", "ANC", "NATIVITY", "DEAR", "DEYE", "DREM", "ST", "ENG", "FER", "MAR", "CIT", "SCHL", "HUPAC", "OCCP", "MIL", "WIF", "WKHP", "WKW", "WRK", "NWLA", "NWLK"]}