{"validation": 0.8227835221997533, "id_test": 0.8185633616523376, "ood_test": 0.7927902123654814, "ood_validation": 0.8018781071625851, "0": 0.7003828329639331, "1": 0.8456694137770175, "2": 0.8256202468520135, "3": 0.8257563060420682, "4": 0.8504364646364448, "5": 0.8091775383741199, "7": 0.8024849388747314, "8": 0.8293157926114346, "9": 0.8309855370975686, "id_test_conf": [0.8158515731095722, 0.8212516245255809], "id_test_balanced": 0.6404106616973877, "id_test_balanced_conf": [0.6385141209093854, 0.64230720248539], "ood_test_conf": [0.7891694925519294, 0.7963761272927077], "ood_test_balanced": 0.6615777015686035, "ood_test_balanced_conf": [0.6590003040758893, 0.6641550990613178], "features": ["DIVISION", "AGEP", "SEX", "RAC1P", "POBP", "DIS", "ANC", "NATIVITY", "DEAR", "DEYE", "DREM", "ST", "ENG", "FER", "MAR", "CIT", "SCHL", "HUPAC", "OCCP", "MIL", "WIF", "WKHP", "WKW", "WRK", "NWLA", "NWLK"]}