{"validation": 0.8098363157693922, "id_test": 0.8066337691407641, "ood_test": 0.7784892998895209, "ood_validation": 0.7851224452218745, "0": 0.6970582309087245, "1": 0.8326854299486861, "2": 0.8238872958483979, "3": 0.8166429229866756, "4": 0.8355569883940085, "5": 0.7969147130867459, "7": 0.7836482566674104, "8": 0.8133979849367063, "9": 0.8163614382304214, "id_test_conf": [0.8038556160590331, 0.8093892792519402], "id_test_balanced": 0.6733540296554565, "id_test_balanced_conf": [0.6712954745814205, 0.6754125847294926], "ood_test_conf": [0.7747811718013693, 0.7821643260639586], "ood_test_balanced": 0.6960145235061646, "ood_test_balanced_conf": [0.6932826825417578, 0.6987463644705713], "features": ["DIVISION", "AGEP", "SEX", "RAC1P", "POBP", "DIS", "ANC", "NATIVITY", "DEAR", "DEYE", "DREM", "ST", "MAR", "ENG", "FER", "CIT", "SCHL", "HUPAC", "OCCP", "MIL", "WIF", "WKHP", "WKW", "WRK", "NWLA", "NWLK"]}