{"validation": 0.8356925737978048, "id_test": 0.8321590273185124, "ood_test": 0.8092597896804288, "ood_validation": 0.8123734118946787, "train": 0.8334244806984856, "id_test_conf": [0.8295281942966437, 0.8347653282580053], "id_test_balanced": 0.6427294015884399, "id_test_balanced_conf": [0.6409084502933546, 0.6445503528835252], "ood_test_conf": [0.8057482106486124, 0.8127346016742671], "ood_test_balanced": 0.6675894260406494, "ood_test_balanced_conf": [0.6650978559814393, 0.6700809960998595], "features": ["DIVISION", "AGEP", "SEX", "RAC1P", "POBP", "DIS", "ANC", "NATIVITY", "DEAR", "DEYE", "DREM", "ST", "ENG", "FER", "MAR", "CIT", "SCHL", "HUPAC", "OCCP", "MIL", "WIF", "WKHP", "WKW", "WRK", "NWLA", "NWLK"]}