{"validation": 0.836303051114757, "id_test": 0.8328712417968154, "ood_test": 0.8087892303285732, "ood_validation": 0.8134781808138465, "train": 0.8341128552760017, "id_test_conf": [0.8302448152412925, 0.8354730835341095], "id_test_balanced": 0.6337777972221375, "id_test_balanced_conf": [0.6320068280189298, 0.6355487664253451], "ood_test_conf": [0.8052743998678424, 0.8122673498284828], "ood_test_balanced": 0.6527870297431946, "ood_test_balanced_conf": [0.6503662525024265, 0.6552078069839626], "features": ["DIVISION", "AGEP", "SEX", "RAC1P", "POBP", "DIS", "ANC", "NATIVITY", "DEAR", "DEYE", "DREM", "ST", "ENG", "FER", "MAR", "CIT", "SCHL", "HUPAC", "OCCP", "MIL", "WIF", "WKHP", "WKW", "WRK", "NWLA", "NWLK"]}