{"validation": 0.8348022943772495, "id_test": 0.8307727527089587, "ood_test": 0.8089733622488645, "ood_validation": 0.8118210274350949, "train": 0.8324324582126426, "id_test_conf": [0.8281333914262402, 0.8333876845514825], "id_test_balanced": 0.6159883141517639, "id_test_balanced_conf": [0.6143061249540187, 0.6176705033495091], "ood_test_conf": [0.8054598031242785, 0.8124501884695123], "ood_test_balanced": 0.6342278122901917, "ood_test_balanced_conf": [0.6319270860776305, 0.6365285385027528], "features": ["DIVISION", "AGEP", "SEX", "RAC1P", "POBP", "DIS", "ANC", "NATIVITY", "DEAR", "DEYE", "DREM", "ST", "ENG", "FER", "MAR", "CIT", "SCHL", "HUPAC", "OCCP", "MIL", "WIF", "WKHP", "WKW", "WRK", "NWLA", "NWLK"]}