{"validation": 0.8347259847126305, "id_test": 0.8319046650048328, "ood_test": 0.8100167764638487, "ood_validation": 0.8140305652734303, "train": 0.8328934943038196, "id_test_conf": [0.8292722623643852, 0.8345125543967639], "id_test_balanced": 0.6245778203010559, "id_test_balanced_conf": [0.6228514074394479, 0.6263042331626639], "ood_test_conf": [0.8065104449788361, 0.8134862506977261], "ood_test_balanced": 0.6522372961044312, "ood_test_balanced_conf": [0.6498296142276376, 0.6546449779812247], "features": ["DIVISION", "AGEP", "SEX", "RAC1P", "POBP", "DIS", "ANC", "NATIVITY", "DEAR", "DEYE", "DREM", "ST", "ENG", "FER", "MAR", "CIT", "SCHL", "HUPAC", "OCCP", "MIL", "WIF", "WKHP", "WKW", "WRK", "NWLA", "NWLK"]}