{"validation": 0.8344461826090275, "id_test": 0.8310016787912703, "ood_test": 0.8107942223495233, "ood_validation": 0.8142146934266249, "train": 0.8323799954850258, "id_test_conf": [0.828363721437483, 0.833615189755174], "id_test_balanced": 0.62748122215271, "id_test_balanced_conf": [0.6257311976142228, 0.6292312466911971], "ood_test_conf": [0.807293302132927, 0.8142581926609327], "ood_test_balanced": 0.6546734571456909, "ood_test_balanced_conf": [0.652258351398632, 0.6570885628927499], "features": ["DIVISION", "AGEP", "SEX", "RAC1P", "POBP", "DIS", "ANC", "NATIVITY", "DEAR", "DEYE", "DREM", "ST", "MAR", "ENG", "FER", "CIT", "SCHL", "HUPAC", "OCCP", "MIL", "WIF", "WKHP", "WKW", "WRK", "NWLA", "NWLK"]}