{"validation": 0.8320805830058376, "id_test": 0.8296408404130844, "ood_test": 0.8018331355620115, "ood_validation": 0.8101638740563433, "train": 0.8302163054157433, "id_test_conf": [0.8269945629558595, 0.8322627722346329], "id_test_balanced": 0.6356501579284668, "id_test_balanced_conf": [0.6338467662222683, 0.6374535496346653], "ood_test_conf": [0.7982711697816852, 0.8053592192364163], "ood_test_balanced": 0.6680083274841309, "ood_test_balanced_conf": [0.6654641172196716, 0.6705525377485901], "features": ["DIVISION", "AGEP", "SEX", "RAC1P", "POBP", "DIS", "ANC", "NATIVITY", "DEAR", "DEYE", "DREM", "ST", "ENG", "FER", "MAR", "CIT", "SCHL", "HUPAC", "OCCP", "MIL", "WIF", "WKHP", "WKW", "WRK", "NWLA", "NWLK"]}