{"validation": 0.8286466480979816, "id_test": 0.8265121839548253, "ood_test": 0.806436433569295, "ood_validation": 0.8094273614435648, "train": 0.8268920762203943, "id_test_conf": [0.8238470080382891, 0.8291532458558872], "id_test_balanced": 0.5714364051818848, "id_test_balanced_conf": [0.5700859837629833, 0.5727868266007863], "ood_test_conf": [0.8029054665365887, 0.8099309700123005], "ood_test_balanced": 0.6028652191162109, "ood_test_balanced_conf": [0.6008108998648822, 0.6049195383675396], "features": ["DIVISION", "AGEP", "SEX", "RAC1P", "POBP", "DIS", "ANC", "NATIVITY", "DEAR", "DEYE", "DREM", "ST", "ENG", "FER", "MAR", "CIT", "SCHL", "HUPAC", "OCCP", "MIL", "WIF", "WKHP", "WKW", "WRK", "NWLA", "NWLK"]}