{"validation": 0.836252178005011, "id_test": 0.8318792287734649, "ood_test": 0.8098940218503212, "ood_validation": 0.8155035904989872, "train": 0.8338950554674112, "id_test_conf": [0.8292466692901241, 0.8344872768916642], "id_test_balanced": 0.6144832372665405, "id_test_balanced_conf": [0.6128200807492249, 0.6161463937838562], "ood_test_conf": [0.8063868379853594, 0.8133643630934825], "ood_test_balanced": 0.6408988237380981, "ood_test_balanced_conf": [0.6385603009536862, 0.6432373465225101], "features": ["DIVISION", "AGEP", "SEX", "RAC1P", "POBP", "DIS", "ANC", "NATIVITY", "DEAR", "DEYE", "DREM", "ST", "MAR", "ENG", "FER", "CIT", "SCHL", "HUPAC", "OCCP", "MIL", "WIF", "WKHP", "WKW", "WRK", "NWLA", "NWLK"]}