{"validation": 0.8341536622279878, "id_test": 0.8312306048735819, "ood_test": 0.8058022013994026, "ood_validation": 0.8112686429755109, "train": 0.8325405632271254, "id_test_conf": [0.8285940531886172, 0.8338426932188184], "id_test_balanced": 0.6545760631561279, "id_test_balanced_conf": [0.6526975618069991, 0.6564545645052567], "ood_test_conf": [0.8022669186600512, 0.8093011291232387], "ood_test_balanced": 0.681377649307251, "ood_test_balanced_conf": [0.6788098921673372, 0.6839454064471647], "features": ["DIVISION", "AGEP", "SEX", "RAC1P", "POBP", "DIS", "ANC", "NATIVITY", "DEAR", "DEYE", "DREM", "ST", "ENG", "FER", "MAR", "CIT", "SCHL", "HUPAC", "OCCP", "MIL", "WIF", "WKHP", "WKW", "WRK", "NWLA", "NWLK"]}