{"validation": 0.8353237437521462, "id_test": 0.832464262094928, "ood_test": 0.809853103645812, "ood_validation": 0.8143988215798196, "train": 0.8341653180036184, "id_test_conf": [0.8298353154744791, 0.8350686540321113], "id_test_balanced": 0.6448777914047241, "id_test_balanced_conf": [0.6430488058738411, 0.6467067769356072], "ood_test_conf": [0.8063456357770491, 0.8133237337692054], "ood_test_balanced": 0.6753537058830261, "ood_test_balanced_conf": [0.6728335415106267, 0.6778738702554256], "features": ["DIVISION", "AGEP", "SEX", "RAC1P", "POBP", "DIS", "ANC", "NATIVITY", "DEAR", "DEYE", "DREM", "ST", "ENG", "FER", "MAR", "CIT", "SCHL", "HUPAC", "OCCP", "MIL", "WIF", "WKHP", "WKW", "WRK", "NWLA", "NWLK"]}