{"validation": 0.8360359672885904, "id_test": 0.8322226178969324, "ood_test": 0.8100167764638487, "ood_validation": 0.812741668201068, "train": 0.8336200235923297, "id_test_conf": [0.829592177617951, 0.8348285213850415], "id_test_balanced": 0.6370929479598999, "id_test_balanced_conf": [0.6353001071349718, 0.638885788784828], "ood_test_conf": [0.8065104449788361, 0.8134862506977261], "ood_test_balanced": 0.6622942686080933, "ood_test_balanced_conf": [0.659833112549968, 0.6647554246662185], "features": ["DIVISION", "AGEP", "SEX", "RAC1P", "POBP", "DIS", "ANC", "NATIVITY", "DEAR", "DEYE", "DREM", "ST", "MAR", "ENG", "FER", "CIT", "SCHL", "HUPAC", "OCCP", "MIL", "WIF", "WKHP", "WKW", "WRK", "NWLA", "NWLK"]}