{"validation": 0.6085441387818434, "id_test": 0.6092613318410744, "ood_test": 0.5649167314538238, "ood_validation": 0.5674829681458295, "0": 0.461615958089865, "1": 0.6855076970922096, "2": 0.597394339857873, "3": 0.5667476745160479, "4": 0.6927636147207619, "5": 0.5543841328101604, "7": 0.5744131152161404, "8": 0.6304524949822142, "9": 0.6887296825325752, "id_test_conf": [0.6058405989025936, 0.6126740011947674], "id_test_balanced": 0.43764010071754456, "id_test_balanced_conf": [0.43560797869227824, 0.43967222274281087], "ood_test_conf": [0.5605076441669492, 0.5693181071715034], "ood_test_balanced": 0.39801883697509766, "ood_test_balanced_conf": [0.3955840181326494, 0.40045365581754594], "features": ["DIVISION", "AGEP", "SEX", "RAC1P", "POBP", "DIS", "ANC", "NATIVITY", "DEAR", "DEYE", "DREM", "ST", "MAR", "ENG", "FER", "CIT", "SCHL", "HUPAC", "OCCP", "MIL", "WIF", "WKHP", "WKW", "WRK", "NWLA", "NWLK"]}