{"validation": 0.18720032558790237, "id_test": 0.19088619830085973, "ood_test": 0.2198739719301117, "ood_validation": 0.2135886577057632, "0": 0.47390691114245415, "1": 0.17586689472865807, "2": 0.18895399576112704, "3": 0.1921876309394117, "4": 0.15712726912012698, "5": 0.19933809922368714, "7": 0.20107336206592838, "8": 0.17088293157926115, "9": 0.16884431110912104, "id_test_conf": [0.18814432595465297, 0.19365089709462524], "id_test_balanced": 0.49910131096839905, "id_test_balanced_conf": [0.49891438949038275, 0.49928823244641535], "ood_test_conf": [0.21620881509076714, 0.22357242555328327], "ood_test_balanced": 0.5, "ood_test_balanced_conf": [0.5, 0.5], "features": ["DIVISION", "AGEP", "SEX", "RAC1P", "POBP", "DIS", "ANC", "NATIVITY", "DEAR", "DEYE", "DREM", "ST", "MAR", "ENG", "FER", "CIT", "SCHL", "HUPAC", "OCCP", "MIL", "WIF", "WKHP", "WKW", "WRK", "NWLA", "NWLK"]}