{"id_test": 0.8008115307658822, "id_test_conf": [0.7997026258065612, 0.8019169544475364], "id_test_balanced": 0.599014937877655, "id_test_balanced_conf": [0.5983750333916396, 0.5996548423636705], "ood_test": 0.6414252998922821, "ood_test_conf": [0.6403848268599837, 0.6424647711925137], "ood_test_balanced": 0.6967976093292236, "ood_test_balanced_conf": [0.6961657625809312, 0.697429456077516], "features": ["DIS", "ESP", "MIG", "ANC", "NATIVITY", "DEAR", "DEYE", "DREM", "PINCP", "ESR", "FER", "AGEP", "SEX", "MAR", "CIT", "RAC1P", "SCHL", "ACS_YEAR"]}