{"validation": 0.9166294836518678, "id_test": 0.916753942924426, "ood_test": 0.8520515124288709, "ood_validation": 0.8522552255225523, "15": 0.8928469949716658, "16": 0.8561705297732929, "17": 0.9039087643140483, "18": 0.9077411156313704, "19": 0.9238768393563621, "20": 0.9408346829279984, "21": 0.9540341724054052, "22": 0.9551399190225376, "23": 0.9562031640299751, "id_test_conf": [0.915395463108521, 0.9180974271919917], "id_test_balanced": 0.5243707895278931, "id_test_balanced_conf": [0.5234431654610671, 0.5252984135947191], "ood_test_conf": [0.8503218176362454, 0.8537687222930515], "ood_test_balanced": 0.5100922584533691, "ood_test_balanced_conf": [0.508984329556115, 0.5112001873506233], "features": ["SEX", "RAC1P", "ACS_YEAR", "POBP", "DIS", "ANC", "NATIVITY", "DEAR", "DEYE", "DREM", "DPHY", "SCHL"]}