{"validation": 0.9449939267742495, "id_test": 0.9432404796579184, "ood_test": 0.8896773444328315, "ood_validation": 0.8893839383938393, "15": 0.9228733338654322, "16": 0.8930294769991365, "17": 0.9304879874260908, "18": 0.9378513373986251, "19": 0.9528921484307807, "20": 0.963665373566662, "21": 0.9730579857237521, "22": 0.9779640976029238, "23": 0.9764640577296697, "id_test_conf": [0.9421004458291127, 0.9443645555239563], "id_test_balanced": 0.513678789138794, "id_test_balanced_conf": [0.5130103016912472, 0.5143472765863407], "ood_test_conf": [0.8881493132499926, 0.8911915520255979], "ood_test_balanced": 0.5051288604736328, "ood_test_balanced_conf": [0.5042474394233432, 0.5060102815239225], "features": ["SEX", "RAC1P", "ACS_YEAR", "POBP", "DIS", "ANC", "NATIVITY", "DEAR", "DEYE", "DREM", "DPHY", "SCHL"]}