{"validation": 0.9440767457425449, "id_test": 0.9426827378923558, "ood_test": 0.8888155441871268, "ood_validation": 0.8886138613861386, "15": 0.9218740521988985, "16": 0.8934527538391209, "17": 0.931526457600479, "18": 0.9372027145088557, "19": 0.9506872664154248, "20": 0.9624259149567046, "21": 0.9718836762596565, "22": 0.9763517145006987, "23": 0.9750763252844852, "id_test_conf": [0.9415375166655933, 0.9438120215010072], "id_test_balanced": 0.517987072467804, "id_test_balanced_conf": [0.5172784312395379, 0.51869571369607], "ood_test_conf": [0.8872823490064977, 0.8903349464742749], "ood_test_balanced": 0.5068065524101257, "ood_test_balanced_conf": [0.5059092939144466, 0.5077038109058049], "features": ["SEX", "RAC1P", "ACS_YEAR", "POBP", "DIS", "ANC", "NATIVITY", "DEAR", "DEYE", "DREM", "DPHY", "SCHL"]}