{"validation": 0.9629843087677549, "id_test": 0.9623648250859852, "ood_test": 0.9374002970460421, "ood_validation": 0.938008800880088, "15": 0.9503328278394125, "16": 0.9401317237526031, "17": 0.9533623980240999, "18": 0.957790975758271, "19": 0.9687407152574709, "20": 0.9732215309710576, "21": 0.9799612477876849, "22": 0.9847361066322692, "23": 0.9835692478490147, "id_test_conf": [0.9614248211349821, 0.9632881695465788], "id_test_balanced": 0.5038621425628662, "id_test_balanced_conf": [0.503550720634521, 0.5041735644912114], "ood_test_conf": [0.9362156799439973, 0.9385693855159722], "ood_test_balanced": 0.5023465156555176, "ood_test_balanced_conf": [0.501930427532643, 0.5027626037783921], "features": ["SEX", "RAC1P", "ACS_YEAR", "POBP", "DIS", "ANC", "NATIVITY", "DEAR", "DEYE", "DREM", "DPHY", "SCHL"]}