{"validation": 0.6268684464936417, "id_test": 0.6276701887026307, "ood_test": 0.5529518186430008, "ood_validation": 0.5536303630363036, "train": 0.6285492294606767, "id_test_conf": [0.6253061113067546, 0.6300296782744439], "id_test_balanced": 0.5734071731567383, "id_test_balanced_conf": [0.5717126528639347, 0.5751016934495419], "ood_test_conf": [0.5505386986778789, 0.5553630620194907], "ood_test_balanced": 0.5495138764381409, "ood_test_balanced_conf": [0.5478091606451199, 0.5512185922311619], "features": ["SEX", "RAC1P", "ACS_YEAR", "POBP", "DIS", "ANC", "NATIVITY", "DEAR", "DEYE", "DREM", "DPHY", "SCHL"]}