{"validation": 0.6237450732505392, "id_test": 0.6249124655284604, "ood_test": 0.593908722518657, "ood_validation": 0.5962046204620463, "train": 0.6254173399622283, "id_test_conf": [0.6225449252564017, 0.6272755170867488], "id_test_balanced": 0.5685323476791382, "id_test_balanced_conf": [0.5668363441410474, 0.5702283512172289], "ood_test_conf": [0.5915243673241383, 0.5962897495610718], "ood_test_balanced": 0.5607813596725464, "ood_test_balanced_conf": [0.5590855928650126, 0.5624771264800802], "features": ["SEX", "RAC1P", "ACS_YEAR", "POBP", "DIS", "ANC", "NATIVITY", "DEAR", "DEYE", "DREM", "DPHY", "SCHL"]}