{"validation": 0.6782677672839047, "id_test": 0.6784928578068354, "ood_test": 0.5797776433124913, "ood_validation": 0.5805830583058306, "train": 0.6799771324813272, "id_test_conf": [0.6762077407034601, 0.6807715603844632], "id_test_balanced": 0.5713312029838562, "id_test_balanced_conf": [0.569670466594398, 0.5729919393733144], "ood_test_conf": [0.5773814611249926, 0.5821709981816534], "ood_test_balanced": 0.5421112775802612, "ood_test_balanced_conf": [0.540410251817666, 0.5438123033428565], "features": ["SEX", "RAC1P", "ACS_YEAR", "POBP", "DIS", "ANC", "NATIVITY", "DEAR", "DEYE", "DREM", "DPHY", "SCHL"]}