{"validation": 0.6057670855953, "id_test": 0.6080996498621138, "ood_test": 0.655188220840897, "ood_validation": 0.6603410341034104, "15": 0.619110862798308, "16": 0.6038128777745797, "17": 0.6037160392186214, "18": 0.5755755976596627, "19": 0.6152246321287276, "20": 0.6167778869627444, "21": 0.6163782618542346, "22": 0.5894872621734925, "23": 0.6528448515126284, "id_test_conf": [0.6057127533882751, 0.6104826618442432], "id_test_balanced": 0.5526711344718933, "id_test_balanced_conf": [0.5509679702622816, 0.554374298681505], "ood_test_conf": [0.6528793142005138, 0.6574916272555884], "ood_test_balanced": 0.5593665838241577, "ood_test_balanced_conf": [0.5577053627930582, 0.5610278048552573], "features": ["SEX", "RAC1P", "ACS_YEAR", "POBP", "DIS", "ANC", "NATIVITY", "DEAR", "DEYE", "DREM", "DPHY", "SCHL"]}