{"validation": 0.11461664311742396, "id_test": 0.11560747373965855, "ood_test": 0.12272402222344464, "ood_validation": 0.12035203520352035, "15": 0.09885545534360284, "16": 0.08521409342566412, "17": 0.08899034503405434, "18": 0.09504752155457698, "19": 0.09732755789769973, "20": 0.13656642573691294, "21": 0.18110368313775488, "22": 0.17231000752445447, "23": 0.2834304746044963, "id_test_conf": [0.11405116732812838, 0.11717760556815435], "id_test_balanced": 0.5067858695983887, "id_test_balanced_conf": [0.5058478210587054, 0.5077239181380719], "ood_test_conf": [0.12113774260777133, 0.12432368388923873], "ood_test_balanced": 0.5159956216812134, "ood_test_balanced_conf": [0.5151739149156492, 0.5168173284467775], "features": ["SEX", "RAC1P", "ACS_YEAR", "POBP", "DIS", "ANC", "NATIVITY", "DEAR", "DEYE", "DREM", "DPHY", "SCHL"]}