{"validation": 0.1571540120472968, "id_test": 0.15746289467976327, "ood_test": 0.3406250191001827, "ood_validation": 0.33943894389438944, "15": 0.16577859366270253, "16": 0.1448961278634678, "17": 0.1279376543671881, "18": 0.1356813187782945, "19": 0.13444307182285883, "20": 0.16610457332835724, "21": 0.20489183771043207, "22": 0.2020136873410011, "23": 0.3046905356647238, "id_test_conf": [0.15568879906409758, 0.1592493063539946], "id_test_balanced": 0.5096166729927063, "id_test_balanced_conf": [0.5084868033370004, 0.5107465426484122], "ood_test_conf": [0.3383284097102191, 0.34292727713322235], "ood_test_balanced": 0.5588256120681763, "ood_test_balanced_conf": [0.5573424912500196, 0.560308732886333], "features": ["SEX", "RAC1P", "ACS_YEAR", "POBP", "DIS", "ANC", "NATIVITY", "DEAR", "DEYE", "DREM", "DPHY", "SCHL"]}