{"id_test": 0.9661884547454529, "id_test_conf": [0.9652950640354587, 0.9670650442895623], "id_test_balanced": 0.5001832246780396, "id_test_balanced_conf": [0.500136532941251, 0.5002299164148281], "ood_test": 0.9484814590706004, "ood_test_conf": [0.9473993101053467, 0.9495476807593882], "ood_test_balanced": 0.49999678134918213, "ood_test_balanced_conf": [0.4999906342480972, 0.5000029284502671], "validation": 0.9665910612032423, "validation_conf": [0.9657027435138096, 0.9674625626618566], "validation_balanced": 0.5, "validation_balanced_conf": [0.5, 0.5], "features": ["SEX", "RAC1P", "ACS_YEAR", "POBP", "DIS", "ANC", "NATIVITY", "DEAR", "DEYE", "DREM", "DPHY", "SCHL"]}