{"validation": 0.7039930555555556, "id_test": 0.6869037294015612, "ood_test": 0.6312381450716201, "ood_validation": 0.6456739258387286, "train": 0.6843475431174748, "id_test_conf": [0.6592499642215082, 0.7136003569891745], "id_test_balanced": 0.6907142400741577, "id_test_balanced_conf": [0.6727580883726477, 0.7086703917756677], "ood_test_conf": [0.62353339402431, 0.6388929310023255], "ood_test_balanced": 0.6418102979660034, "ood_test_balanced_conf": [0.636551322368905, 0.6470692735631018], "features": ["WHTLGSPK", "BORNUSA", "HWELLSPK", "OTHLGSPK", "HIDEG", "EDUCYR", "YRSINUS", "HISPNCAT", "RACETHX", "RACEWX", "RACEBX", "RACEAX", "RACEV2X", "RACEV1X", "HISPANX", "SICPAY31", "PAYDR31", "REGION31", "AGE31X", "INSCOV19"]}