{"validation": 0.8139485882848715, "id_test": 0.8129086233074087, "ood_test": 0.7768670810642316, "ood_validation": 0.773982398239824, "15": 0.7771761513289169, "16": 0.8307231261534294, "17": 0.7497941770825537, "18": 0.7178755173539716, "19": 0.8555098594192247, "20": 0.8637656943878547, "21": 0.9249700131690418, "22": 0.9341072772224014, "23": 0.9458784346378019, "id_test_conf": [0.8109971182625604, 0.8148088793094108], "id_test_balanced": 0.5827236175537109, "id_test_balanced_conf": [0.5812509141350165, 0.5841963209724054], "ood_test_conf": [0.7748417055904362, 0.7788826412958892], "ood_test_balanced": 0.5662841200828552, "ood_test_balanced_conf": [0.56478867581347, 0.5677795643522404], "features": ["AGEP", "SEX", "RAC1P", "ACS_YEAR", "POBP", "DIS", "ANC", "NATIVITY", "DEAR", "DREM", "DPHY", "SCHL"]}