{"validation": 0.14845568450071808, "id_test": 0.14990838106872245, "ood_test": 0.19113074626865673, "ood_validation": 0.18814477303988997, "train": 0.14744709454628369, "id_test_conf": [0.14790251595910428, 0.15193101852178836], "id_test_balanced": 0.5123291015625, "id_test_balanced_conf": [0.5118657585122856, 0.5127924446127144], "ood_test_conf": [0.1894484561642386, 0.19282159171220295], "ood_test_balanced": 0.5095511674880981, "ood_test_balanced_conf": [0.5092318609490758, 0.5098704740271205], "features": ["IYEAR", "MEDCOST", "PRACE1", "SEX", "PHYSHLTH", "BMI5", "BMI5CAT", "SMOKE100", "SMOKDAY2", "FRUIT_ONCE_PER_DAY", "VEG_ONCE_PER_DAY", "DRNK_PER_WEEK", "RFBING5", "TOTINDA", "INCOME", "MARITAL", "CHECKUP1", "EDUCA", "MENTHLTH", "STATE"]}