{"validation": 0.7877673028282364, "id_test": 0.7864367816091954, "ood_test": 0.742923084169375, "ood_validation": 0.7460788469690547, "train": 0.7893436027129556, "id_test_conf": [0.773952887963548, 0.7985348874415767], "id_test_balanced": 0.7105449438095093, "id_test_balanced_conf": [0.7018584123067558, 0.7192314753122627], "ood_test_conf": [0.7369880292488862, 0.7487915594375123], "ood_test_balanced": 0.7017014622688293, "ood_test_balanced_conf": [0.6978765497310087, 0.70552637480665], "features": ["VCF0004", "VCF0901b", "VCF0218", "VCF0224", "VCF0302", "VCF9201", "VCF9202", "VCF9203", "VCF9206", "VCF0428", "VCF0429", "VCF0822", "VCF0870", "VCF0803", "VCF0601", "VCF0612", "VCF0615", "VCF0616", "VCF0617", "VCF0310", "VCF0743", "VCF0717", "VCF0718", "VCF0720", "VCF0721", "VCF0701", "VCF0675", "VCF0724", "VCF0725", "VCF0726", "VCF0745", "VCF0101", "VCF0104", "VCF0105a", "VCF0115", "VCF0140a", "VCF0112", "VCF9010"]}