{"validation": 0.6980915152908714, "id_test": 0.6873563218390805, "ood_test": 0.6547972304648862, "ood_validation": 0.6604493429419246, "0": 0.708102766798419, "1": 0.687078248384781, "3": 0.6903548323858067, "id_test_conf": [0.673343084215701, 0.7011175765498621], "id_test_balanced": 0.6486396193504333, "id_test_balanced_conf": [0.6388091966696083, 0.6584700420312584], "ood_test_conf": [0.648357633385154, 0.6611944192217605], "ood_test_balanced": 0.6338169574737549, "ood_test_balanced_conf": [0.6293580289371312, 0.6382758860103785], "features": ["VCF0004", "VCF0901b", "VCF0218", "VCF0224", "VCF0302", "VCF9201", "VCF9202", "VCF9203", "VCF9206", "VCF0428", "VCF0429", "VCF0822", "VCF0870", "VCF0803", "VCF0601", "VCF0612", "VCF0615", "VCF0616", "VCF0617", "VCF0310", "VCF0743", "VCF0717", "VCF0718", "VCF0720", "VCF0721", "VCF0701", "VCF0675", "VCF0724", "VCF0725", "VCF0726", "VCF0745", "VCF0101", "VCF0104", "VCF0105a", "VCF0115", "VCF0140a", "VCF0112", "VCF9010"]}