{"validation": 0.7392504023913543, "id_test": 0.7395402298850575, "ood_test": 0.63124676181056, "ood_validation": 0.6320474777448071, "train": 0.7275548913668237, "id_test_conf": [0.7262249157954545, 0.7525331803685007], "id_test_balanced": 0.5630946755409241, "id_test_balanced_conf": [0.5580349483527243, 0.5681544027291239], "ood_test_conf": [0.6247158070034493, 0.6377417627311506], "ood_test_balanced": 0.5461478233337402, "ood_test_balanced_conf": [0.5441307808738202, 0.5481648657936603], "features": ["VCF0004", "VCF0901b", "VCF0218", "VCF0224", "VCF0302", "VCF9201", "VCF9202", "VCF9203", "VCF9206", "VCF0428", "VCF0429", "VCF0822", "VCF0870", "VCF0803", "VCF0601", "VCF0612", "VCF0615", "VCF0616", "VCF0617", "VCF0310", "VCF0743", "VCF0717", "VCF0718", "VCF0720", "VCF0721", "VCF0701", "VCF0675", "VCF0724", "VCF0725", "VCF0726", "VCF0745", "VCF0101", "VCF0104", "VCF0105a", "VCF0115", "VCF0140a", "VCF0112", "VCF9010"]}