{"validation": 0.7567256840653024, "id_test": 0.752183908045977, "ood_test": 0.6512175592294287, "ood_validation": 0.6506994489190335, "0": 0.7438735177865613, "1": 0.7489590811198852, "3": 0.7408351303665948, "id_test_conf": [0.7390721312367234, 0.7649562416645451], "id_test_balanced": 0.5853093266487122, "id_test_balanced_conf": [0.5795727207418531, 0.5910459325555713], "ood_test_conf": [0.6447629770478804, 0.657630714261034], "ood_test_balanced": 0.5709179639816284, "ood_test_balanced_conf": [0.5685058521060273, 0.5733300758572295], "features": ["VCF0004", "VCF0901b", "VCF0218", "VCF0224", "VCF0302", "VCF9201", "VCF9202", "VCF9203", "VCF9206", "VCF0428", "VCF0429", "VCF0822", "VCF0870", "VCF0803", "VCF0601", "VCF0612", "VCF0615", "VCF0616", "VCF0617", "VCF0310", "VCF0743", "VCF0717", "VCF0718", "VCF0720", "VCF0721", "VCF0701", "VCF0675", "VCF0724", "VCF0725", "VCF0726", "VCF0745", "VCF0101", "VCF0104", "VCF0105a", "VCF0115", "VCF0140a", "VCF0112", "VCF9010"]}