{"validation": 0.7707518969878133, "id_test": 0.7703448275862069, "ood_test": 0.7490462060194998, "ood_validation": 0.7643069097075031, "0": 0.7825098814229249, "1": 0.7740847092605887, "3": 0.7944520682219173, "id_test_conf": [0.7575514127249064, 0.7827742424062387], "id_test_balanced": 0.7215268611907959, "id_test_balanced_conf": [0.7124513194337487, 0.7306024029478431], "ood_test_conf": [0.7431568485334782, 0.7548673027774753], "ood_test_balanced": 0.7208224534988403, "ood_test_balanced_conf": [0.7167991388496011, 0.7248457681480796], "features": ["VCF0004", "VCF0901b", "VCF0218", "VCF0224", "VCF0302", "VCF9201", "VCF9202", "VCF9203", "VCF9206", "VCF0428", "VCF0429", "VCF0822", "VCF0870", "VCF0803", "VCF0601", "VCF0612", "VCF0615", "VCF0616", "VCF0617", "VCF0310", "VCF0743", "VCF0717", "VCF0718", "VCF0720", "VCF0721", "VCF0701", "VCF0675", "VCF0724", "VCF0725", "VCF0726", "VCF0745", "VCF0101", "VCF0104", "VCF0105a", "VCF0115", "VCF0140a", "VCF0112", "VCF9010"]}