{"validation": 0.7824787307426995, "id_test": 0.776551724137931, "ood_test": 0.7587961000423908, "ood_validation": 0.7537091988130564, "train": 0.781038050350615, "id_test_conf": [0.7638745274737292, 0.7888565203813174], "id_test_balanced": 0.740959882736206, "id_test_balanced_conf": [0.7319391073100269, 0.7499806581623852], "ood_test_conf": [0.7529827151813183, 0.7645385467827466], "ood_test_balanced": 0.7379739880561829, "ood_test_balanced_conf": [0.7339248737692833, 0.7420231023430824], "features": ["VCF0004", "VCF0901b", "VCF0218", "VCF0224", "VCF0302", "VCF9201", "VCF9202", "VCF9203", "VCF9206", "VCF0428", "VCF0429", "VCF0822", "VCF0870", "VCF0803", "VCF0601", "VCF0612", "VCF0615", "VCF0616", "VCF0617", "VCF0310", "VCF0743", "VCF0717", "VCF0718", "VCF0720", "VCF0721", "VCF0701", "VCF0675", "VCF0724", "VCF0725", "VCF0726", "VCF0745", "VCF0101", "VCF0104", "VCF0105a", "VCF0115", "VCF0140a", "VCF0112", "VCF9010"]}