{"validation": 0.7024603357093585, "id_test": 0.6967816091954023, "ood_test": 0.7351043285761386, "ood_validation": 0.7469266638406105, "train": 0.7092481894470629, "id_test_conf": [0.6828784923597034, 0.7104200421849294], "id_test_balanced": 0.7414310574531555, "id_test_balanced_conf": [0.7325240012258292, 0.7503381136804819], "ood_test_conf": [0.7291131126078241, 0.7410311111058276], "ood_test_balanced": 0.7477786540985107, "ood_test_balanced_conf": [0.7436974471341818, 0.7518598610628396], "features": ["VCF0004", "VCF0901b", "VCF0218", "VCF0224", "VCF0302", "VCF9201", "VCF9202", "VCF9203", "VCF9206", "VCF0428", "VCF0429", "VCF0822", "VCF0870", "VCF0803", "VCF0601", "VCF0612", "VCF0615", "VCF0616", "VCF0617", "VCF0310", "VCF0743", "VCF0717", "VCF0718", "VCF0720", "VCF0721", "VCF0701", "VCF0675", "VCF0724", "VCF0725", "VCF0726", "VCF0745", "VCF0101", "VCF0104", "VCF0105a", "VCF0115", "VCF0140a", "VCF0112", "VCF9010"]}