{"validation": 0.7937456886640607, "id_test": 0.7841379310344827, "ood_test": 0.7224341764401112, "ood_validation": 0.7329376854599406, "train": 0.7833371651914013, "id_test_conf": [0.7716081622527309, 0.7962850263919027], "id_test_balanced": 0.6618292927742004, "id_test_balanced_conf": [0.6541527097299695, 0.6695058758184314], "ood_test_conf": [0.7163570031945891, 0.7284503932984114], "ood_test_balanced": 0.664444088935852, "ood_test_balanced_conf": [0.661031299768947, 0.6678568781027571], "features": ["VCF0004", "VCF0901b", "VCF0218", "VCF0224", "VCF0302", "VCF9201", "VCF9202", "VCF9203", "VCF9206", "VCF0428", "VCF0429", "VCF0822", "VCF0870", "VCF0803", "VCF0601", "VCF0612", "VCF0615", "VCF0616", "VCF0617", "VCF0310", "VCF0743", "VCF0717", "VCF0718", "VCF0720", "VCF0721", "VCF0701", "VCF0675", "VCF0724", "VCF0725", "VCF0726", "VCF0745", "VCF0101", "VCF0104", "VCF0105a", "VCF0115", "VCF0140a", "VCF0112", "VCF9010"]}