{"validation": 0.7900666819958612, "id_test": 0.7864367816091954, "ood_test": 0.7065611605670953, "ood_validation": 0.7117422636710471, "train": 0.7829635590297735, "id_test_conf": [0.773952887963548, 0.7985348874415767], "id_test_balanced": 0.651132345199585, "id_test_balanced_conf": [0.6439574342500418, 0.6583072561491281], "ood_test_conf": [0.7003847577628493, 0.7126809616807973], "ood_test_balanced": 0.6422900557518005, "ood_test_balanced_conf": [0.6390783015964553, 0.6455018099071458], "features": ["VCF0004", "VCF0901b", "VCF0218", "VCF0224", "VCF0302", "VCF9201", "VCF9202", "VCF9203", "VCF9206", "VCF0428", "VCF0429", "VCF0822", "VCF0870", "VCF0803", "VCF0601", "VCF0612", "VCF0615", "VCF0616", "VCF0617", "VCF0310", "VCF0743", "VCF0717", "VCF0718", "VCF0720", "VCF0721", "VCF0701", "VCF0675", "VCF0724", "VCF0725", "VCF0726", "VCF0745", "VCF0101", "VCF0104", "VCF0105a", "VCF0115", "VCF0140a", "VCF0112", "VCF9010"]}