{"validation": 0.7889169924120487, "id_test": 0.7841379310344827, "ood_test": 0.7561113466157977, "ood_validation": 0.758372191606613, "train": 0.7873031382917577, "id_test_conf": [0.7716081622527309, 0.7962850263919027], "id_test_balanced": 0.7353663444519043, "id_test_balanced_conf": [0.7264452765136957, 0.7442874123901129], "ood_test_conf": [0.7502766415019573, 0.7618758509394039], "ood_test_balanced": 0.7297546863555908, "ood_test_balanced_conf": [0.7257445414550603, 0.7337648312561214], "features": ["VCF0004", "VCF0901b", "VCF0218", "VCF0224", "VCF0302", "VCF9201", "VCF9202", "VCF9203", "VCF9206", "VCF0428", "VCF0429", "VCF0822", "VCF0870", "VCF0803", "VCF0601", "VCF0612", "VCF0615", "VCF0616", "VCF0617", "VCF0310", "VCF0743", "VCF0717", "VCF0718", "VCF0720", "VCF0721", "VCF0701", "VCF0675", "VCF0724", "VCF0725", "VCF0726", "VCF0745", "VCF0101", "VCF0104", "VCF0105a", "VCF0115", "VCF0140a", "VCF0112", "VCF9010"]}