{"validation": 0.7610945044837893, "id_test": 0.755632183908046, "ood_test": 0.654703028590269, "ood_validation": 0.6536668079694786, "train": 0.7484768364179791, "id_test_conf": [0.7425784447830586, 0.7683418194861771], "id_test_balanced": 0.5913474559783936, "id_test_balanced_conf": [0.5854546622093767, 0.5972402497474104], "ood_test_conf": [0.6482630320423145, 0.6611006426361941], "ood_test_balanced": 0.5752891302108765, "ood_test_balanced_conf": [0.5728154633706436, 0.5777627970511093], "features": ["VCF0004", "VCF0901b", "VCF0218", "VCF0224", "VCF0302", "VCF9201", "VCF9202", "VCF9203", "VCF9206", "VCF0428", "VCF0429", "VCF0822", "VCF0870", "VCF0803", "VCF0601", "VCF0612", "VCF0615", "VCF0616", "VCF0617", "VCF0310", "VCF0743", "VCF0717", "VCF0718", "VCF0720", "VCF0721", "VCF0701", "VCF0675", "VCF0724", "VCF0725", "VCF0726", "VCF0745", "VCF0101", "VCF0104", "VCF0105a", "VCF0115", "VCF0140a", "VCF0112", "VCF9010"]}