{"validation": 0.7134973557139572, "id_test": 0.7149425287356321, "ood_test": 0.6055767509773444, "ood_validation": 0.5972869860110216, "train": 0.7034429244740775, "id_test_conf": [0.7012709068788129, 0.7283249816662849], "id_test_balanced": 0.5193798542022705, "id_test_balanced_conf": [0.5165117983613163, 0.5222479100432247], "ood_test_conf": [0.5989651239776301, 0.6121594579307768], "ood_test_balanced": 0.5137050151824951, "ood_test_balanced_conf": [0.5126068689045497, 0.5148031614604406], "features": ["VCF0004", "VCF0901b", "VCF0218", "VCF0224", "VCF0302", "VCF9201", "VCF9202", "VCF9203", "VCF9206", "VCF0428", "VCF0429", "VCF0822", "VCF0870", "VCF0803", "VCF0601", "VCF0612", "VCF0615", "VCF0616", "VCF0617", "VCF0310", "VCF0743", "VCF0717", "VCF0718", "VCF0720", "VCF0721", "VCF0701", "VCF0675", "VCF0724", "VCF0725", "VCF0726", "VCF0745", "VCF0101", "VCF0104", "VCF0105a", "VCF0115", "VCF0140a", "VCF0112", "VCF9010"]}