{"validation": 0.7592550011496896, "id_test": 0.7514942528735632, "ood_test": 0.6531957985963921, "ood_validation": 0.655786350148368, "train": 0.7479307966432923, "id_test_conf": [0.7383710005849478, 0.7642789939200582], "id_test_balanced": 0.5845949053764343, "id_test_balanced_conf": [0.5788555490598083, 0.5903342616930604], "ood_test_conf": [0.6467494482715529, 0.6596001795488471], "ood_test_balanced": 0.5731724500656128, "ood_test_balanced_conf": [0.5707432212587445, 0.575601678872481], "features": ["VCF0004", "VCF0901b", "VCF0218", "VCF0224", "VCF0302", "VCF9201", "VCF9202", "VCF9203", "VCF9206", "VCF0428", "VCF0429", "VCF0822", "VCF0870", "VCF0803", "VCF0601", "VCF0612", "VCF0615", "VCF0616", "VCF0617", "VCF0310", "VCF0743", "VCF0717", "VCF0718", "VCF0720", "VCF0721", "VCF0701", "VCF0675", "VCF0724", "VCF0725", "VCF0726", "VCF0745", "VCF0101", "VCF0104", "VCF0105a", "VCF0115", "VCF0140a", "VCF0112", "VCF9010"]}