{"validation": 0.7341917682225799, "id_test": 0.7303448275862069, "ood_test": 0.6285620083839668, "ood_validation": 0.6218736752861382, "train": 0.7214334981032302, "id_test_conf": [0.7168903418300838, 0.7434893636708904], "id_test_balanced": 0.5462456345558167, "id_test_balanced_conf": [0.5418804622720927, 0.5506108068395406], "ood_test_conf": [0.622021706355985, 0.6350670922411598], "ood_test_balanced": 0.5423025488853455, "ood_test_balanced_conf": [0.540406466955319, 0.5441986308153719], "features": ["VCF0004", "VCF0901b", "VCF0218", "VCF0224", "VCF0302", "VCF9201", "VCF9202", "VCF9203", "VCF9206", "VCF0428", "VCF0429", "VCF0822", "VCF0870", "VCF0803", "VCF0601", "VCF0612", "VCF0615", "VCF0616", "VCF0617", "VCF0310", "VCF0743", "VCF0717", "VCF0718", "VCF0720", "VCF0721", "VCF0701", "VCF0675", "VCF0724", "VCF0725", "VCF0726", "VCF0745", "VCF0101", "VCF0104", "VCF0105a", "VCF0115", "VCF0140a", "VCF0112", "VCF9010"]}