{"validation": 0.6171533685904805, "id_test": 0.6273563218390804, "ood_test": 0.5968630775752437, "ood_validation": 0.6015260703688003, "0": 0.5811264822134388, "1": 0.6189519023689878, "3": 0.6486963340521467, "id_test_conf": [0.6127913300911333, 0.6417501036738869], "id_test_balanced": 0.5062243342399597, "id_test_balanced_conf": [0.49778391033411024, 0.5146647581458091], "ood_test_conf": [0.5902284165177355, 0.6034712059333215], "ood_test_balanced": 0.5330440998077393, "ood_test_balanced_conf": [0.5295519487466663, 0.5365362508688122], "features": ["VCF0004", "VCF0901b", "VCF0218", "VCF0224", "VCF0302", "VCF9201", "VCF9202", "VCF9203", "VCF9206", "VCF0428", "VCF0429", "VCF0822", "VCF0870", "VCF0803", "VCF0601", "VCF0612", "VCF0615", "VCF0616", "VCF0617", "VCF0310", "VCF0743", "VCF0717", "VCF0718", "VCF0720", "VCF0721", "VCF0701", "VCF0675", "VCF0724", "VCF0725", "VCF0726", "VCF0745", "VCF0101", "VCF0104", "VCF0105a", "VCF0115", "VCF0140a", "VCF0112", "VCF9010"]}