{"validation": 0.8070820878362842, "id_test": 0.8006896551724138, "ood_test": 0.7336913004568791, "ood_validation": 0.7371767698177194, "train": 0.7985113231405909, "id_test_conf": [0.7885031720301141, 0.8124710257551971], "id_test_balanced": 0.6783021688461304, "id_test_balanced_conf": [0.6707918808609247, 0.6858124568313361], "ood_test_conf": [0.7276901921130333, 0.7396283631877392], "ood_test_balanced": 0.6769760251045227, "ood_test_balanced_conf": [0.6735656443145126, 0.6803864058945328], "features": ["VCF0004", "VCF0901b", "VCF0218", "VCF0224", "VCF0302", "VCF9201", "VCF9202", "VCF9203", "VCF9206", "VCF0428", "VCF0429", "VCF0822", "VCF0870", "VCF0803", "VCF0601", "VCF0612", "VCF0615", "VCF0616", "VCF0617", "VCF0310", "VCF0743", "VCF0717", "VCF0718", "VCF0720", "VCF0721", "VCF0701", "VCF0675", "VCF0724", "VCF0725", "VCF0726", "VCF0745", "VCF0101", "VCF0104", "VCF0105a", "VCF0115", "VCF0140a", "VCF0112", "VCF9010"]}