{"validation": 0.8130604736721085, "id_test": 0.8064367816091954, "ood_test": 0.7401441288681645, "ood_validation": 0.7460788469690547, "train": 0.8023910794344178, "id_test_conf": [0.7943768084374863, 0.8180838416831717], "id_test_balanced": 0.6933728456497192, "id_test_balanced_conf": [0.6856407177448273, 0.7011049735546112], "ood_test_conf": [0.7341888347425122, 0.7460336062010093], "ood_test_balanced": 0.6872572898864746, "ood_test_balanced_conf": [0.6837422470375896, 0.6907723327353597], "features": ["VCF0004", "VCF0901b", "VCF0218", "VCF0224", "VCF0302", "VCF9201", "VCF9202", "VCF9203", "VCF9206", "VCF0428", "VCF0429", "VCF0822", "VCF0870", "VCF0803", "VCF0601", "VCF0612", "VCF0615", "VCF0616", "VCF0617", "VCF0310", "VCF0743", "VCF0717", "VCF0718", "VCF0720", "VCF0721", "VCF0701", "VCF0675", "VCF0724", "VCF0725", "VCF0726", "VCF0745", "VCF0101", "VCF0104", "VCF0105a", "VCF0115", "VCF0140a", "VCF0112", "VCF9010"]}