{"validation": 0.8289261899287192, "id_test": 0.8285057471264368, "ood_test": 0.7879986811737554, "ood_validation": 0.7977956761339551, "train": 0.8238878031957696, "id_test_conf": [0.8169697728901747, 0.8395988008884019], "id_test_balanced": 0.7552439570426941, "id_test_balanced_conf": [0.7470397763140499, 0.7634481377713382], "ood_test_conf": [0.7824380071988289, 0.7934803925392182], "ood_test_balanced": 0.7537513971328735, "ood_test_balanced_conf": [0.7500339518254623, 0.7574688424402848], "features": ["VCF0004", "VCF0901b", "VCF0218", "VCF0224", "VCF0302", "VCF9201", "VCF9202", "VCF9203", "VCF9206", "VCF0428", "VCF0429", "VCF0822", "VCF0870", "VCF0803", "VCF0601", "VCF0612", "VCF0615", "VCF0616", "VCF0617", "VCF0310", "VCF0743", "VCF0717", "VCF0718", "VCF0720", "VCF0721", "VCF0701", "VCF0675", "VCF0724", "VCF0725", "VCF0726", "VCF0745", "VCF0101", "VCF0104", "VCF0105a", "VCF0115", "VCF0140a", "VCF0112", "VCF9010"]}