{"validation": 0.8252471832605197, "id_test": 0.8216091954022988, "ood_test": 0.7665206537610099, "ood_validation": 0.7744807121661721, "train": 0.8151224278652719, "id_test_conf": [0.8099026725000242, 0.8328821851094819], "id_test_balanced": 0.7250075936317444, "id_test_balanced_conf": [0.7170610870979727, 0.7329541001655161], "ood_test_conf": [0.7607703502093401, 0.772197897400134], "ood_test_balanced": 0.7204973697662354, "ood_test_balanced_conf": [0.7169126633321866, 0.7240820762002841], "features": ["VCF0004", "VCF0901b", "VCF0218", "VCF0224", "VCF0302", "VCF9201", "VCF9202", "VCF9203", "VCF9206", "VCF0428", "VCF0429", "VCF0822", "VCF0870", "VCF0803", "VCF0601", "VCF0612", "VCF0615", "VCF0616", "VCF0617", "VCF0310", "VCF0743", "VCF0717", "VCF0718", "VCF0720", "VCF0721", "VCF0701", "VCF0675", "VCF0724", "VCF0725", "VCF0726", "VCF0745", "VCF0101", "VCF0104", "VCF0105a", "VCF0115", "VCF0140a", "VCF0112", "VCF9010"]}