{"validation": 0.822028052425845, "id_test": 0.8305747126436782, "ood_test": 0.7834769911921248, "ood_validation": 0.7939805002119542, "train": 0.8236291527761812, "id_test_conf": [0.8190911734414467, 0.841612513211203], "id_test_balanced": 0.7634404897689819, "id_test_balanced_conf": [0.7552109278738499, 0.771670051664114], "ood_test_conf": [0.7778745869613564, 0.7890016758999159], "ood_test_balanced": 0.74933922290802, "ood_test_balanced_conf": [0.7455923308292404, 0.7530861149867997], "features": ["VCF0004", "VCF0901b", "VCF0218", "VCF0224", "VCF0302", "VCF9201", "VCF9202", "VCF9203", "VCF9206", "VCF0428", "VCF0429", "VCF0822", "VCF0870", "VCF0803", "VCF0601", "VCF0612", "VCF0615", "VCF0616", "VCF0617", "VCF0310", "VCF0743", "VCF0717", "VCF0718", "VCF0720", "VCF0721", "VCF0701", "VCF0675", "VCF0724", "VCF0725", "VCF0726", "VCF0745", "VCF0101", "VCF0104", "VCF0105a", "VCF0115", "VCF0140a", "VCF0112", "VCF9010"]}