{"validation": 0.8217981145090826, "id_test": 0.8266666666666667, "ood_test": 0.7964297489520041, "ood_validation": 0.7973717676981772, "train": 0.822824462581906, "id_test_conf": [0.8150845814329999, 0.8378083356730164], "id_test_balanced": 0.776132345199585, "id_test_balanced_conf": [0.7677710511349142, 0.7844936392642557], "ood_test_conf": [0.7909495918204628, 0.8018286249733826], "ood_test_balanced": 0.7716392278671265, "ood_test_balanced_conf": [0.7678465574607253, 0.7754318982735277], "features": ["VCF0004", "VCF0901b", "VCF0218", "VCF0224", "VCF0302", "VCF9201", "VCF9202", "VCF9203", "VCF9206", "VCF0428", "VCF0429", "VCF0822", "VCF0870", "VCF0803", "VCF0601", "VCF0612", "VCF0615", "VCF0616", "VCF0617", "VCF0310", "VCF0743", "VCF0717", "VCF0718", "VCF0720", "VCF0721", "VCF0701", "VCF0675", "VCF0724", "VCF0725", "VCF0726", "VCF0745", "VCF0101", "VCF0104", "VCF0105a", "VCF0115", "VCF0140a", "VCF0112", "VCF9010"]}