{"validation": 0.43596229018165095, "id_test": 0.4303448275862069, "ood_test": 0.46498045311101693, "ood_validation": 0.4646036456125477, "0": 0.49308300395256915, "1": 0.42799712849964106, "3": 0.40629288374828465, "id_test_conf": [0.4155672594454506, 0.4452160129362673], "id_test_balanced": 0.5491374135017395, "id_test_balanced_conf": [0.5406704976782203, 0.5576043293252587], "ood_test_conf": [0.45825297125865744, 0.4717175267604692], "ood_test_balanced": 0.5234200954437256, "ood_test_balanced_conf": [0.5196903045522049, 0.5271498863352463], "features": ["VCF0004", "VCF0901b", "VCF0218", "VCF0224", "VCF0302", "VCF9201", "VCF9202", "VCF9203", "VCF9206", "VCF0428", "VCF0429", "VCF0822", "VCF0870", "VCF0803", "VCF0601", "VCF0612", "VCF0615", "VCF0616", "VCF0617", "VCF0310", "VCF0743", "VCF0717", "VCF0718", "VCF0720", "VCF0721", "VCF0701", "VCF0675", "VCF0724", "VCF0725", "VCF0726", "VCF0745", "VCF0101", "VCF0104", "VCF0105a", "VCF0115", "VCF0140a", "VCF0112", "VCF9010"]}