{"validation": 0.6351550749534882, "id_test": 0.6320141423357665, "ood_test": 0.5577744378803887, "ood_validation": 0.5605330119191108, "train": 0.6332982565252219, "id_test_conf": [0.6294842921883431, 0.6345385351229025], "id_test_balanced": 0.5726388692855835, "id_test_balanced_conf": [0.5708222725777887, 0.5744554659933783], "ood_test_conf": [0.5551142998869193, 0.5604320829670183], "ood_test_balanced": 0.5359657406806946, "ood_test_balanced_conf": [0.5340829408750869, 0.5378485404863023], "features": ["Age", "Gender", "Unit2", "HospAdmTime", "ICULOS"]}