{"validation": 0.5413259959939267, "id_test": 0.5383853216240876, "ood_test": 0.4702831803098168, "ood_validation": 0.4726128297843846, "train": 0.5403417449360642, "id_test_conf": [0.5357722860662366, 0.5409967704598089], "id_test_balanced": 0.5776682496070862, "id_test_balanced_conf": [0.5758466634177603, 0.5794898357964121], "ood_test_conf": [0.46761175051366083, 0.47295589234406166], "ood_test_balanced": 0.5361895561218262, "ood_test_balanced_conf": [0.5343273218697868, 0.5380517903738655], "features": ["Age", "Gender", "Unit2", "HospAdmTime", "ICULOS"]}