{"validation": 0.5682643710524161, "id_test": 0.5678379015220195, "ood_test": 0.5579861030448344, "ood_validation": 0.5585303050310313, "train": 0.5668187374274539, "id_test_conf": [0.5664644976481655, 0.5692105204928953], "id_test_balanced": 0.5885816812515259, "id_test_balanced_conf": [0.5876207468565553, 0.5895426156464965], "ood_test_conf": [0.5569089869265049, 0.5590628084517442], "ood_test_balanced": 0.5469508767127991, "ood_test_balanced_conf": [0.5461905461375136, 0.5477112072880845], "features": ["AGEP", "SEX", "RAC1P", "DEAR", "DEYE", "DREM", "NATIVITY", "DIS"]}