{"validation": 0.5622567477771098, "id_test": 0.5597091433778858, "ood_test": 0.5767016637904915, "ood_validation": 0.5817427385892117, "0": 0.487986743993372, "2": 0.5584954086579593, "3": 0.5114772531580174, "4": 0.49422801751498135, "5": 0.5653422464927973, "6": 0.5271308310479855, "7": 0.573409423820034, "8": 0.5932956047587574, "9": 0.6274376817518791, "id_test_conf": [0.557257256347337, 0.5621588393483941], "ood_test_conf": [0.5731774495930115, 0.5802200146615124], "features": ["DIVISION", "AGEP", "SEX", "RAC1P", "POBP"]}