{"validation": 0.7045533651868493, "id_test": 0.7051817537464561, "ood_test": 0.6730513364334549, "ood_validation": 0.6708950800237107, "train": 0.7040256367457913, "id_test_conf": [0.7029266897855275, 0.7074292873067072], "ood_test_conf": [0.6697011579931957, 0.6763882845183233], "features": ["DIVISION", "AGEP", "SEX", "RAC1P", "POBP"]}