{"validation": 0.7036294022719362, "id_test": 0.7051944106925881, "ood_test": 0.6656084098483751, "ood_validation": 0.6633076467101363, "train": 0.7034268026133533, "id_test_conf": [0.7029393745824937, 0.707441915937306], "ood_test_conf": [0.6622394589565794, 0.668964699608952], "features": ["DIVISION", "AGEP", "SEX", "RAC1P", "POBP"]}