{"validation": 0.704085055216277, "id_test": 0.7051880822195221, "ood_test": 0.6707723518330677, "ood_validation": 0.6649673977474807, "train": 0.7040620256098497, "id_test_conf": [0.7029330321837493, 0.707435601622266], "ood_test_conf": [0.667416324756871, 0.6741153228503425], "features": ["DIVISION", "AGEP", "SEX", "RAC1P", "POBP"]}