{"validation": 0.8070382947333613, "id_test": 0.8039120923843923, "ood_test": 0.7644748148451246, "ood_validation": 0.7727858589578347, "0": 0.5548055611525287, "1": 0.8273596641268854, "2": 0.8107592569505049, "3": 0.8077495181429649, "4": 0.8399464338855273, "5": 0.7923459084242616, "7": 0.7871126090683828, "8": 0.819936010810596, "9": 0.8241525992925267, "id_test_conf": [0.8011193747818885, 0.8066823683555907], "id_test_balanced": 0.5534489154815674, "id_test_balanced_conf": [0.552024988711346, 0.5548728422517888], "ood_test_conf": [0.7606871779535065, 0.7682310180783793], "ood_test_balanced": 0.5504443645477295, "ood_test_balanced_conf": [0.5484470653021708, 0.5524416637932882], "features": ["AGEP", "SEX", "RAC1P", "POBP", "DIS", "ANC", "NATIVITY", "DEAR", "DEYE", "DREM", "DIVISION"]}