{"validation": 0.6976461038961039, "id_test": 0.6856331168831169, "ood_test": 0.4319526627218935, "ood_validation": 0.4370860927152318, "33": 0.6976111341919402, "id_test_conf": [0.6773514041325256, 0.6938270476974391], "id_test_balanced": 0.7800863981246948, "id_test_balanced_conf": [0.7751623030565679, 0.7850104931928218], "ood_test_conf": [0.40535119605802833, 0.4588505324802537], "ood_test_balanced": 0.5820968747138977, "ood_test_balanced_conf": [0.5710389487631619, 0.5931548006646336], "features": ["AccredAgency", "HIGHDEG", "CONTROL", "region", "LOCALE", "locale2", "CCBASIC", "HBCU", "DISTANCEONLY", "median_hh_inc", "poverty_rate", "unemp_rate", "TUITIONFEE_IN", "TUITIONFEE_OUT", "TUITIONFEE_PROG", "ADM_RATE", "ADM_RATE_ALL", "SATVRMID", "SATMTMID", "SATWRMID", "ACTCMMID", "ACTENMID", "ACTMTMID", "ACTWRMID", "NPT4_PROG", "COSTT4_A", "COSTT4_P", "loan_ever", "pell_ever", "PPTUG_EF2"]}