{"validation": 0.5867354365091921, "id_test": 0.5822764783313082, "ood_test": 0.6490100248975774, "ood_validation": 0.6443390634262004, "0": 0.707953603976802, "2": 0.5935378999600753, "3": 0.568042991581997, "4": 0.5468590302208738, "5": 0.5901280482063835, "6": 0.5574884368220703, "7": 0.5731641844465213, "8": 0.5935641110376735, "9": 0.6165163100536081, "id_test_conf": [0.5798401416339329, 0.584709795813896], "id_test_balanced": 0.6880448460578918, "id_test_balanced_conf": [0.6867997855949216, 0.6892899065208621], "ood_test_conf": [0.6456025670644103, 0.6524060909234568], "ood_test_balanced": 0.7056521773338318, "ood_test_balanced_conf": [0.7038338677235879, 0.7074704869440757], "features": ["DIVISION", "AGEP", "SEX", "RAC1P", "POBP", "ST", "FER", "ENG", "CIT", "SCHL", "OCCP", "COW", "WKHP", "WKW", "WRK", "NWLA"]}