{"validation": 0.79789893364554, "id_test": 0.7971597812879708, "ood_test": 0.7882256853420453, "ood_validation": 0.7825726141078838, "train": 0.7973338037516919, "id_test_conf": [0.795168517827887, 0.7991401359319357], "id_test_balanced": 0.7524002194404602, "id_test_balanced_conf": [0.7509597665956244, 0.753840672285296], "ood_test_conf": [0.7853016954573994, 0.7911276308952834], "ood_test_balanced": 0.7714890241622925, "ood_test_balanced_conf": [0.7694176447950304, 0.7735604035295546], "features": ["DIVISION", "AGEP", "SEX", "RAC1P", "POBP", "ST", "FER", "ENG", "CIT", "SCHL", "OCCP", "COW", "WKHP", "WKW", "WRK", "NWLA"]}