{"validation": 0.8049362402303579, "id_test": 0.804026174564601, "ood_test": 0.7876460592009064, "ood_validation": 0.7771191464137522, "train": 0.8043441975187541, "id_test_conf": [0.8020602559271347, 0.8059809320123089], "id_test_balanced": 0.7564767599105835, "id_test_balanced_conf": [0.755053625588771, 0.757899894232396], "ood_test_conf": [0.7847191871952801, 0.7905509312723029], "ood_test_balanced": 0.7650833129882812, "ood_test_balanced_conf": [0.7630245603155345, 0.767142065661028], "features": ["DIVISION", "AGEP", "SEX", "RAC1P", "POBP", "ST", "FER", "ENG", "CIT", "SCHL", "OCCP", "COW", "WKHP", "WKW", "WRK", "NWLA"]}