{"validation": 0.8200044299591811, "id_test": 0.8197397731875253, "ood_test": 0.799423008523139, "ood_validation": 0.8003556609365738, "train": 0.821382887582933, "id_test_conf": [0.8178354157249188, 0.8216323917753596], "id_test_balanced": 0.7728430032730103, "id_test_balanced_conf": [0.7714552565757186, 0.774230749970302], "ood_test_conf": [0.796556447826452, 0.8022666670934409], "ood_test_balanced": 0.7731139063835144, "ood_test_balanced_conf": [0.771109448405914, 0.7751183643611148], "features": ["DIVISION", "AGEP", "SEX", "RAC1P", "POBP", "ST", "FER", "ENG", "CIT", "SCHL", "OCCP", "COW", "WKHP", "WKW", "WRK", "NWLA"]}