{"validation": 0.6255545359617758, "id_test": 0.6208105508302957, "ood_test": 0.6695340596224526, "ood_validation": 0.6661529342027267, "0": 0.6371168185584093, "2": 0.619523184851423, "3": 0.6248366542743398, "4": 0.6025669991070371, "5": 0.6278834384709537, "6": 0.6186402521386762, "7": 0.6170090075759083, "8": 0.6218915234633179, "9": 0.63480995605437, "id_test_conf": [0.6184129450394, 0.6232037232355917], "id_test_balanced": 0.7134779691696167, "id_test_balanced_conf": [0.7121848641545512, 0.7147710741846822], "ood_test_conf": [0.6661748920219335, 0.6728802658673453], "ood_test_balanced": 0.7212391495704651, "ood_test_balanced_conf": [0.7193782605184242, 0.7231000386225059], "features": ["DIVISION", "AGEP", "SEX", "RAC1P", "POBP", "ST", "FER", "ENG", "CIT", "SCHL", "OCCP", "COW", "WKHP", "WKW", "WRK", "NWLA"]}