{"validation": 0.8036642090940733, "id_test": 0.8019441069258809, "ood_test": 0.8014780466599044, "ood_validation": 0.7975103734439835, "train": 0.8052388889372316, "id_test_conf": [0.7999704065866325, 0.8039067226050245], "id_test_balanced": 0.8041164875030518, "id_test_balanced_conf": [0.8027329265442676, 0.8055000484618359], "ood_test_conf": [0.7986223968336252, 0.8043106369024582], "ood_test_balanced": 0.8069722652435303, "ood_test_balanced_conf": [0.8049915823154151, 0.8089529481716454], "features": ["DIVISION", "AGEP", "SEX", "RAC1P", "POBP", "ST", "FER", "ENG", "CIT", "SCHL", "OCCP", "COW", "WKHP", "WKW", "WRK", "NWLA"]}