{"validation": 0.7998734297376832, "id_test": 0.7990519947347104, "ood_test": 0.7983823161333667, "ood_validation": 0.7983402489626557, "train": 0.8017835289762151, "id_test_conf": [0.7970676250169402, 0.801025386091458], "id_test_balanced": 0.8053075075149536, "id_test_balanced_conf": [0.8039283190551214, 0.8066866959747858], "ood_test_conf": [0.7955102747590221, 0.8012315351160408], "ood_test_balanced": 0.8068809509277344, "ood_test_balanced_conf": [0.804906367319636, 0.8088555345358327], "features": ["DIVISION", "AGEP", "SEX", "RAC1P", "POBP", "ST", "FER", "ENG", "CIT", "SCHL", "OCCP", "COW", "WKHP", "WKW", "WRK", "NWLA"]}