{"validation": 0.7977723633832231, "id_test": 0.7962991089509923, "ood_test": 0.7945620529304054, "ood_validation": 0.7981031416716065, "train": 0.7991848894450936, "id_test_conf": [0.7943047323763909, 0.7982826083411554], "id_test_balanced": 0.8052271604537964, "id_test_balanced_conf": [0.803849148915615, 0.8066051719919778], "ood_test_conf": [0.7916701469800306, 0.7974314291677013], "ood_test_balanced": 0.8061205148696899, "ood_test_balanced_conf": [0.8041523974854499, 0.80808863225393], "features": ["DIVISION", "AGEP", "SEX", "RAC1P", "POBP", "ST", "FER", "ENG", "CIT", "SCHL", "OCCP", "COW", "WKHP", "WKW", "WRK", "NWLA"]}