{"validation": 0.785286207005664, "id_test": 0.7840281996759821, "ood_test": 0.7954841854276719, "ood_validation": 0.7967990515708357, "0": 0.8971278652305993, "2": 0.7785090971311242, "3": 0.7909934459110386, "4": 0.7657102281896524, "5": 0.7853034868028748, "6": 0.7943050495954593, "7": 0.7931372743963466, "8": 0.7889747191011236, "9": 0.7868125946503396, "id_test_conf": [0.7819909279489998, 0.786055045152301], "id_test_balanced": 0.7981762290000916, "id_test_balanced_conf": [0.7967836663476191, 0.799568791652564], "ood_test_conf": [0.7925970380324001, 0.7983487324659218], "ood_test_balanced": 0.8033968210220337, "ood_test_balanced_conf": [0.8014071916183457, 0.8053864504257217], "features": ["DIVISION", "AGEP", "SEX", "RAC1P", "POBP", "ST", "FER", "ENG", "CIT", "SCHL", "OCCP", "COW", "WKHP", "WKW", "WRK", "NWLA"]}