{"validation": 0.820131000221498, "id_test": 0.8199359558525718, "ood_test": 0.8069449750365559, "ood_validation": 0.807113218731476, "train": 0.8215608765919139, "id_test_conf": [0.8180323997615221, 0.8218277658552144], "id_test_balanced": 0.7784152030944824, "id_test_balanced_conf": [0.777024701309856, 0.7798057048791088], "ood_test_conf": [0.8041189308224945, 0.8097475407463337], "ood_test_balanced": 0.78363037109375, "ood_test_balanced_conf": [0.7816403982881457, 0.7856203438993543], "features": ["DIVISION", "AGEP", "SEX", "RAC1P", "POBP", "ST", "FER", "ENG", "CIT", "SCHL", "OCCP", "COW", "WKHP", "WKW", "WRK", "NWLA"]}