{"validation": 0.8547077922077922, "id_test": 0.8533279220779221, "ood_test": 0.6893491124260355, "ood_validation": 0.6423841059602649, "train": 0.8550671699338447, "id_test_conf": [0.8469568807146411, 0.8595315438170804], "id_test_balanced": 0.5600020885467529, "id_test_balanced_conf": [0.5562195107340813, 0.5637846663594246], "ood_test_conf": [0.6639203029645981, 0.7139521066384891], "ood_test_balanced": 0.5, "ood_test_balanced_conf": [0.5, 0.5], "features": ["HIGHDEG", "CONTROL", "region", "LOCALE", "locale2", "HBCU", "DISTANCEONLY", "median_hh_inc", "poverty_rate", "unemp_rate", "CCBASIC"]}