{"validation": 0.5604293047130191, "id_test": 0.5609983671565197, "ood_test": 0.503315805995919, "ood_validation": 0.5, "0": 0.5662749859081646, "13": 0.5566355140186916, "id_test_conf": [0.5459889485615204, 0.5759245947589169], "id_test_balanced": 0.5196312665939331, "id_test_balanced_conf": [0.5104343782365323, 0.528828154951334], "ood_test_conf": [0.4989652109204648, 0.5076660233662174], "ood_test_balanced": 0.500434935092926, "ood_test_balanced_conf": [0.4977217416511849, 0.5031481285346672], "features": ["admission_source_id", "race", "gender", "age", "payer_code", "medical_specialty"]}