{"validation": 0.5709286047596827, "id_test": 0.5801259622113366, "ood_test": 0.5023151781509967, "ood_validation": 0.4959392655367232, "0": 0.5644105276850366, "13": 0.5396261682242991, "id_test_conf": [0.56518508575677, 0.594957554843321], "id_test_balanced": 0.5148378014564514, "id_test_balanced_conf": [0.5082031942903995, 0.5214724086225033], "ood_test_conf": [0.4979645911515782, 0.5066655014272994], "ood_test_balanced": 0.4977332353591919, "ood_test_balanced_conf": [0.4956814360618591, 0.4997850346565247], "features": ["admission_source_id", "race", "gender", "age", "payer_code", "medical_specialty"]}