{"validation": 0.4948670088660756, "id_test": 0.5064147422439935, "ood_test": 0.5150290378276565, "ood_validation": 0.5268361581920904, "0": 0.5265576898061831, "13": 0.5157009345794392, "id_test_conf": [0.49133204412852854, 0.52148869244524], "id_test_balanced": 0.5434130430221558, "id_test_balanced_conf": [0.5339597710222006, 0.5528663150221109], "ood_test_conf": [0.5106796414488805, 0.5193767222388559], "ood_test_balanced": 0.5182190537452698, "ood_test_balanced_conf": [0.5155954939080403, 0.5208426135824993], "features": ["admission_source_id", "race", "gender", "age", "payer_code", "medical_specialty"]}