{"validation": 0.45730284647690156, "id_test": 0.45463027758339164, "ood_test": 0.503649348610893, "ood_validation": 0.5090042372881356, "train": 0.4615317312179188, "id_test_conf": [0.43964336804151377, 0.4696790612850538], "id_test_balanced": 0.506151020526886, "id_test_balanced_conf": [0.4978014454804361, 0.5145005955733359], "ood_test_conf": [0.4992987547067905, 0.5079995268158243], "ood_test_balanced": 0.5079957246780396, "ood_test_balanced_conf": [0.5058209274848923, 0.5101705218711868], "features": ["admission_source_id", "race", "gender", "age", "payer_code", "medical_specialty"]}