{"id_test": 0.5864240727781665, "id_test_conf": [0.5715107264567911, 0.6012195426659662], "id_test_balanced": 0.5239347219467163, "id_test_balanced_conf": [0.5168950853403658, 0.5309743585530668], "ood_test": 0.5087505886046146, "ood_test_conf": [0.5044002533347216, 0.5130999270900972], "ood_test_balanced": 0.5048978924751282, "ood_test_balanced_conf": [0.5025028922827914, 0.5072928926674649], "validation": 0.5888940737284181, "validation_conf": [0.573990443193827, 0.6036764293783823], "validation_balanced": 0.5320127010345459, "validation_balanced_conf": [0.5247847706545145, 0.5392406314145773], "features": ["admission_source_id", "race", "gender", "age", "payer_code", "medical_specialty"]}