{"validation": 0.5825944937004199, "id_test": 0.5910893398647072, "ood_test": 0.5189530685920578, "ood_validation": 0.5173022598870056, "train": 0.5827986467568829, "id_test_conf": [0.5761979865368734, 0.6058564514690157], "id_test_balanced": 0.5368664264678955, "id_test_balanced_conf": [0.5288307568244636, 0.5449020961113274], "ood_test_conf": [0.5146046070014527, 0.5232993712244423], "ood_test_balanced": 0.5155786871910095, "ood_test_balanced_conf": [0.513012376674451, 0.5181449977075681], "features": ["admission_source_id", "race", "gender", "age", "payer_code", "medical_specialty"]}