{"validation": 0.577928138124125, "id_test": 0.5791929087940284, "ood_test": 0.5105360226024171, "ood_validation": 0.50829802259887, "train": 0.5800863275781615, "id_test_conf": [0.5642481640372637, 0.5940296426585184], "id_test_balanced": 0.5067929625511169, "id_test_balanced_conf": [0.5014545563794672, 0.5121313687227667], "ood_test_conf": [0.5061858846342064, 0.5148849604061918], "ood_test_balanced": 0.5055546760559082, "ood_test_balanced_conf": [0.5037489121383988, 0.5073604399734176], "features": ["admission_source_id", "race", "gender", "age", "payer_code", "medical_specialty"]}