{"validation": 0.5781614559029398, "id_test": 0.5875903895498017, "ood_test": 0.5048461779940355, "ood_validation": 0.4978813559322034, "train": 0.580173821745217, "id_test_conf": [0.5726824134543904, 0.6023788979215476], "id_test_balanced": 0.5112470388412476, "id_test_balanced_conf": [0.5068744458816945, 0.5156196318008006], "ood_test_conf": [0.5004956041948677, 0.50919619976255], "ood_test_balanced": 0.4993813633918762, "ood_test_balanced_conf": [0.49796423472464085, 0.5007984920591116], "features": ["admission_source_id", "race", "gender", "age", "payer_code", "medical_specialty"]}