{"validation": 0.5555296313579094, "id_test": 0.5516678329834384, "ood_test": 0.49845000784806154, "ood_validation": 0.4948799435028249, "train": 0.5635499300046664, "id_test_conf": [0.5366331251103436, 0.5666320765955739], "id_test_balanced": 0.5151832103729248, "id_test_balanced_conf": [0.5056591989472509, 0.5247072217985987], "ood_test_conf": [0.49409961531501273, 0.5028005769415012], "ood_test_balanced": 0.49537548422813416, "ood_test_balanced_conf": [0.49271573005709796, 0.49803523839917035], "features": ["admission_source_id", "race", "gender", "age", "payer_code", "medical_specialty"]}