{"validation": 0.5846943537097526, "id_test": 0.5922556566363424, "ood_test": 0.5070043949144561, "ood_validation": 0.4991172316384181, "train": 0.5867067195520299, "id_test_conf": [0.5773700152948356, 0.607015464876731], "id_test_balanced": 0.5265134572982788, "id_test_balanced_conf": [0.519967152569443, 0.5330597620271146], "ood_test_conf": [0.5026539202398896, 0.5113540717146366], "ood_test_balanced": 0.5024451613426208, "ood_test_balanced_conf": [0.5003808476123959, 0.5045094750728458], "features": ["admission_source_id", "race", "gender", "age", "payer_code", "medical_specialty"]}