{"validation": 0.5305646290247317, "id_test": 0.510146955913226, "ood_test": 0.4851671637105635, "ood_validation": 0.4823446327683616, "0": 0.5048779430256255, "13": 0.5452336448598131, "id_test_conf": [0.49506356242793176, 0.5252165117713955], "id_test_balanced": 0.47390979528427124, "id_test_balanced_conf": [0.46438132716342806, 0.4834382634051144], "ood_test_conf": [0.48081941723945476, 0.48951659979974527], "ood_test_balanced": 0.4820289611816406, "ood_test_balanced_conf": [0.4793898834567517, 0.48466803890652954], "features": ["admission_source_id", "race", "gender", "age", "payer_code", "medical_specialty"]}