{"validation": 0.5036692230404314, "id_test": 0.5043114412168693, "ood_test": 0.4770653463726012, "ood_validation": 0.4649235868164242, "0": 0.47390691114245415, "1": 0.577437412533043, "2": 0.5344096746041641, "3": 0.5382343082209, "4": 0.6505307013193136, "5": 0.45882316806290363, "7": 0.40275738963982477, "8": 0.5460742036128058, "9": 0.49339542381229573, "id_test_conf": [0.500810249465167, 0.5078123147992429], "id_test_balanced": 0.6229236721992493, "id_test_balanced_conf": [0.6207239415170624, 0.6251234028814361], "ood_test_conf": [0.47262862572616815, 0.481504791403544], "ood_test_balanced": 0.6073043346405029, "ood_test_balanced_conf": [0.6046120636165142, 0.6099966056644917], "features": ["AGEP", "SEX", "RAC1P", "DIS", "ANC", "NATIVITY", "DEAR", "DEYE", "DREM", "ST", "MAR", "DIVISION"]}