{"validation": 0.8174672822312946, "id_test": 0.8143409472452562, "ood_test": 0.7833994844306232, "ood_validation": 0.7910145461241024, "train": 0.8150609362530166, "id_test_conf": [0.8116051890694085, 0.8170534922157666], "id_test_balanced": 0.5351290702819824, "id_test_balanced_conf": [0.5340831952518783, 0.5361749453120865], "ood_test_conf": [0.7797206311123476, 0.7870446511996383], "ood_test_balanced": 0.5353763103485107, "ood_test_balanced_conf": [0.5339363154489547, 0.5368163052480668], "features": ["AGEP", "SEX", "RAC1P", "DIS", "ANC", "NATIVITY", "DEAR", "DEYE", "DREM", "ST", "MAR", "DIVISION"]}