{"validation": 0.8183829982067229, "id_test": 0.8157908124332299, "ood_test": 0.782908465976513, "ood_validation": 0.7917510587368809, "train": 0.8158319793710196, "id_test_conf": [0.8130632243398641, 0.818495080034189], "id_test_balanced": 0.5544266700744629, "id_test_balanced_conf": [0.5531350242323242, 0.5557183159166016], "ood_test_conf": [0.7792266510898392, 0.7865566527809185], "ood_test_balanced": 0.562793493270874, "ood_test_balanced_conf": [0.5608951970259659, 0.5646917895157821], "features": ["AGEP", "SEX", "RAC1P", "DIS", "ANC", "NATIVITY", "DEAR", "DEYE", "DREM", "ST", "MAR", "DIVISION"]}