{"validation": 0.8174291273989851, "id_test": 0.8136414508826372, "ood_test": 0.7800851098653792, "ood_validation": 0.7904621616645185, "train": 0.81494488234041, "id_test_conf": [0.8109017733785009, 0.8163579669409698], "id_test_balanced": 0.5671222805976868, "id_test_balanced_conf": [0.5656688066595233, 0.5685757545358502], "ood_test_conf": [0.7763864133649105, 0.7837505144538746], "ood_test_balanced": 0.5845393538475037, "ood_test_balanced_conf": [0.5823584790108726, 0.5867202286841348], "features": ["AGEP", "SEX", "RAC1P", "DIS", "ANC", "NATIVITY", "DEAR", "DEYE", "DREM", "ST", "MAR", "DIVISION"]}