{"validation": 0.8181159143805563, "id_test": 0.815765376201862, "ood_test": 0.7803715372969434, "ood_validation": 0.791198674277297, "train": 0.8159861879946202, "id_test_conf": [0.8130376442320295, 0.8184697895615601], "id_test_balanced": 0.5547417998313904, "id_test_balanced_conf": [0.5534460832504555, 0.5560375164123252], "ood_test_conf": [0.7766745420347103, 0.7840352065441134], "ood_test_balanced": 0.5677496790885925, "ood_test_balanced_conf": [0.5657536662882194, 0.5697456918889656], "features": ["AGEP", "SEX", "RAC1P", "DIS", "ANC", "NATIVITY", "DEAR", "DEYE", "DREM", "ST", "MAR", "DIVISION"]}