{"id_test": 0.8158289667802818, "id_test_conf": [0.8131015945380029, 0.8185330157067436], "id_test_balanced": 0.553228497505188, "id_test_balanced_conf": [0.5519517458369956, 0.5545052491733804], "ood_test": 0.7856295265763739, "ood_test_conf": [0.7819642201872097, 0.7892608808687771], "ood_test_balanced": 0.5617308616638184, "ood_test_balanced_conf": [0.5598873882228509, 0.5635743351047858], "validation": 0.8194513335113892, "validation_conf": [0.8167446372220538, 0.8221344381140514], "validation_balanced": 0.5526027083396912, "validation_balanced_conf": [0.5513402186892926, 0.5538651979900897], "features": ["AGEP", "SEX", "RAC1P", "DIS", "ANC", "NATIVITY", "DEAR", "DEYE", "DREM", "ST", "MAR", "DIVISION"]}