{"id_test": 0.815765376201862, "id_test_conf": [0.8130376442320295, 0.8184697895615601], "id_test_balanced": 0.5536473989486694, "id_test_balanced_conf": [0.5523647526325658, 0.5549300452647731], "ood_test": 0.7857113629853922, "ood_test_conf": [0.7820465567533592, 0.7893422073754899], "ood_test_balanced": 0.5630863904953003, "ood_test_balanced_conf": [0.5612254906049929, 0.5649472903856076], "validation": 0.8193241507370241, "validation_conf": [0.8166167211238808, 0.8220079980762257], "validation_balanced": 0.5530210733413696, "validation_balanced_conf": [0.551751836698968, 0.5542903099837713], "features": ["AGEP", "SEX", "RAC1P", "DIS", "ANC", "NATIVITY", "DEAR", "DEYE", "DREM", "ST", "MAR", "DIVISION"]}