{"id_test": 0.8155364501195503, "id_test_conf": [0.8128074241342663, 0.8182421744350826], "id_test_balanced": 0.552767813205719, "id_test_balanced_conf": [0.5514928079815582, 0.5540428184298798], "ood_test": 0.785875035803429, "ood_test_conf": [0.7822112305302107, 0.7895048597442978], "ood_test_balanced": 0.5612199902534485, "ood_test_balanced_conf": [0.5593874008278362, 0.5630525796790607], "validation": 0.8194640517888258, "validation_conf": [0.8167574288591798, 0.8221470820905231], "validation_balanced": 0.5522707104682922, "validation_balanced_conf": [0.5510124424938112, 0.5535289784427733], "features": ["AGEP", "SEX", "RAC1P", "DIS", "ANC", "NATIVITY", "DEAR", "DEYE", "DREM", "ST", "MAR", "DIVISION"]}