{"id_test": 0.8158925573587017, "id_test_conf": [0.8131655449652917, 0.8185962417305999], "id_test_balanced": 0.5531914830207825, "id_test_balanced_conf": [0.5519160179118626, 0.5544669481297023], "ood_test": 0.7861819223372478, "ood_test_conf": [0.7825199961803478, 0.7898098306170276], "ood_test_balanced": 0.5633211731910706, "ood_test_balanced_conf": [0.5614641237375326, 0.5651782226446085], "validation": 0.8191969679626592, "validation_conf": [0.8164888055219401, 0.821881557542127], "validation_balanced": 0.5516359210014343, "validation_balanced_conf": [0.5503818986611441, 0.5528899433417246], "features": ["AGEP", "SEX", "RAC1P", "DIS", "ANC", "NATIVITY", "DEAR", "DEYE", "DREM", "ST", "MAR", "DIVISION"]}