{"validation": 0.7618629732788991, "id_test": 0.7579488223024876, "ood_test": 0.7192806579647285, "ood_validation": 0.7243601546676487, "0": 0.5662905500705219, "1": 0.7976208987715752, "2": 0.7767859369155966, "3": 0.7743756808849409, "4": 0.7936960618986212, "5": 0.7323985840544878, "7": 0.7388230596690663, "8": 0.7569205699409789, "9": 0.7760891953611248, "id_test_conf": [0.7549391083652071, 0.7609394928602162], "id_test_balanced": 0.6358871459960938, "id_test_balanced_conf": [0.6337183242244646, 0.6380559677677229], "ood_test_conf": [0.715273877278098, 0.7232613816640394], "ood_test_balanced": 0.6377853155136108, "ood_test_balanced_conf": [0.6349135755747557, 0.640657055452466], "features": ["AGEP", "SEX", "RAC1P", "DIS", "ANC", "NATIVITY", "DEAR", "DEYE", "DREM", "ST", "MAR", "DIVISION"]}