{"validation": 0.37413356734963815, "id_test": 0.3745993793559546, "ood_test": 0.4626621383853676, "ood_validation": 0.4584791014546124, "0": 0.4850896635099738, "1": 0.3742808272430415, "2": 0.34109213315048, "3": 0.3631526020279896, "4": 0.37982343021525644, "5": 0.3474211209312683, "7": 0.35345789343886885, "8": 0.42123566701774606, "9": 0.4281287780414633, "id_test_conf": [0.37121454112873775, 0.3779934724455734], "id_test_balanced": 0.5678864121437073, "id_test_balanced_conf": [0.5659873137529939, 0.5697855105344206], "ood_test_conf": [0.4582339837351543, 0.46709472838631616], "ood_test_balanced": 0.5930612087249756, "ood_test_balanced_conf": [0.5903491522744297, 0.5957732651755214], "features": ["AGEP", "SEX", "RAC1P", "DIS", "ANC", "NATIVITY", "DEAR", "DEYE", "DREM", "ST", "MAR", "DIVISION"]}