{"validation": 0.7015656199524336, "id_test": 0.6980719336623086, "ood_test": 0.6572077417242932, "ood_validation": 0.6672804271773154, "0": 0.5312311102155954, "1": 0.7436246306950708, "2": 0.7052362548310684, "3": 0.724136847397972, "4": 0.7393859736137288, "5": 0.6686887146685505, "7": 0.6506406116049933, "8": 0.695296198406232, "9": 0.7322616755473962, "id_test_conf": [0.6948493713646993, 0.7012798758119394], "id_test_balanced": 0.6471415162086487, "id_test_balanced_conf": [0.6448150314297527, 0.6494680009875446], "ood_test_conf": [0.6529804417935907, 0.6614163641264001], "ood_test_balanced": 0.638797402381897, "ood_test_balanced_conf": [0.6357932446105405, 0.6418015601532534], "features": ["AGEP", "SEX", "RAC1P", "DIS", "ANC", "NATIVITY", "DEAR", "DEYE", "DREM", "ST", "MAR", "DIVISION"]}