{"validation": 0.675353250155799, "id_test": 0.6726611385257161, "ood_test": 0.6340071197675846, "ood_validation": 0.633769103295894, "train": 0.6741508192134407, "id_test_conf": [0.6693685861455334, 0.6759409471089811], "id_test_balanced": 0.6659509539604187, "id_test_balanced_conf": [0.6636203757394106, 0.6682815321814268], "ood_test_conf": [0.6297185709667559, 0.6382797482069996], "ood_test_balanced": 0.6571056246757507, "ood_test_balanced_conf": [0.6541412180149928, 0.6600700313365087], "features": ["AGEP", "SEX", "RAC1P", "DIS", "ANC", "NATIVITY", "DEAR", "DEYE", "DREM", "ST", "MAR", "DIVISION"]}