{"validation": 0.7995599476006969, "id_test": 0.7973241084600906, "ood_test": 0.7707966774417938, "ood_validation": 0.7845700607622905, "0": 0.5902679830747531, "1": 0.8262323122375991, "2": 0.8028051365166438, "3": 0.8057906645437023, "4": 0.8349866084713818, "5": 0.7832082990992928, "7": 0.7825326177586227, "8": 0.8057868484330598, "9": 0.816191286437111, "id_test_conf": [0.7944969864534731, 0.8001292761274917], "id_test_balanced": 0.5986776947975159, "id_test_balanced_conf": [0.5968482093373314, 0.6005071802577003], "ood_test_conf": [0.7670441792253022, 0.7745169895269028], "ood_test_balanced": 0.5917505025863647, "ood_test_balanced_conf": [0.5894095488358289, 0.5940914563369006], "features": ["AGEP", "SEX", "RAC1P", "DIS", "ANC", "NATIVITY", "DEAR", "DEYE", "DREM", "ST", "MAR", "DIVISION"]}