{"validation": 0.8185228992585244, "id_test": 0.8154474233097624, "ood_test": 0.7847088669749172, "ood_validation": 0.7934082121156325, "train": 0.8159973164519935, "id_test_conf": [0.812717894520194, 0.8181536570174728], "id_test_balanced": 0.5396051406860352, "id_test_balanced_conf": [0.5385073090600782, 0.5407029723119922], "ood_test_conf": [0.781037948593448, 0.7883459428913097], "ood_test_balanced": 0.5460051894187927, "ood_test_balanced_conf": [0.5443904128693976, 0.5476199659681878], "features": ["AGEP", "SEX", "RAC1P", "DIS", "ANC", "NATIVITY", "DEAR", "DEYE", "DREM", "ST", "MAR", "DIVISION"]}