{"validation": 0.818586490645707, "id_test": 0.815765376201862, "ood_test": 0.7846065714636442, "ood_validation": 0.7932240839624378, "train": 0.8163232212750668, "id_test_conf": [0.8130376442320295, 0.8184697895615601], "id_test_balanced": 0.5500332117080688, "id_test_balanced_conf": [0.5487953135138377, 0.5512711099023], "ood_test_conf": [0.7809350311995613, 0.788244281443772], "ood_test_balanced": 0.5593377947807312, "ood_test_balanced_conf": [0.5575122177135199, 0.5611633718479425], "features": ["AGEP", "SEX", "RAC1P", "DIS", "ANC", "NATIVITY", "DEAR", "DEYE", "DREM", "ST", "MAR", "DIVISION"]}