{"validation": 0.8187772648072545, "id_test": 0.8156000406979702, "ood_test": 0.7833176480216049, "ood_validation": 0.7906462898177131, "train": 0.8162326038364562, "id_test_conf": [0.8128713740039064, 0.8183054010166331], "id_test_balanced": 0.5493456721305847, "id_test_balanced_conf": [0.5481142895598896, 0.5505770547012798], "ood_test_conf": [0.779638300578283, 0.7869633186602195], "ood_test_balanced": 0.5483211278915405, "ood_test_balanced_conf": [0.5466422068304382, 0.5500000489526429], "features": ["AGEP", "SEX", "RAC1P", "DIS", "ANC", "NATIVITY", "DEAR", "DEYE", "DREM", "ST", "MAR", "DIVISION"]}