{"validation": 0.8185228992585244, "id_test": 0.8147733631785115, "ood_test": 0.7837882073734604, "ood_validation": 0.7921193150432702, "train": 0.8157906451007761, "id_test_conf": [0.8120400351299502, 0.8174834460243611], "id_test_balanced": 0.5400794148445129, "id_test_balanced_conf": [0.5389637436601333, 0.5411950860288925], "ood_test_conf": [0.7801117040502509, 0.787430977860486], "ood_test_balanced": 0.5409379601478577, "ood_test_balanced_conf": [0.539396915982943, 0.5424790043127723], "features": ["AGEP", "SEX", "RAC1P", "DIS", "ANC", "NATIVITY", "DEAR", "DEYE", "DREM", "ST", "MAR", "DIVISION"]}