{"validation": 0.8168695231917789, "id_test": 0.8133362161062218, "ood_test": 0.7842587667253161, "ood_validation": 0.7902780335113239, "train": 0.8141372742910378, "id_test_conf": [0.8105948328912166, 0.8160544604610446], "id_test_balanced": 0.5412529110908508, "id_test_balanced_conf": [0.5400980806793086, 0.542407741502393], "ood_test_conf": [0.7805851145560283, 0.7878986300262191], "ood_test_balanced": 0.554804801940918, "ood_test_balanced_conf": [0.553039924071636, 0.5565696798101999], "features": ["AGEP", "SEX", "RAC1P", "DIS", "ANC", "NATIVITY", "DEAR", "DEYE", "DREM", "ST", "MAR", "DIVISION"]}