{"validation": 0.8182049423226119, "id_test": 0.814455410286412, "ood_test": 0.7841360121117885, "ood_validation": 0.7913828024304916, "train": 0.8150402691178948, "id_test_conf": [0.8117202948380888, 0.8171673040595492], "id_test_balanced": 0.533519983291626, "id_test_balanced_conf": [0.5325027118157596, 0.5345372547674924], "ood_test_conf": [0.7804616154841683, 0.7877766344881882], "ood_test_balanced": 0.5334761142730713, "ood_test_balanced_conf": [0.532092603056226, 0.5348596254899166], "features": ["AGEP", "SEX", "RAC1P", "DIS", "ANC", "NATIVITY", "DEAR", "DEYE", "DREM", "ST", "MAR", "DIVISION"]}