{"validation": 0.8176834929477151, "id_test": 0.8137559139237931, "ood_test": 0.7834608617373869, "ood_validation": 0.7919351868900755, "train": 0.8148304182074281, "id_test_conf": [0.811016876771773, 0.816471781160346], "id_test_balanced": 0.5289136171340942, "id_test_balanced_conf": [0.5279646306158975, 0.529862603652291], "ood_test_conf": [0.7797823791522331, 0.7871056504648518], "ood_test_balanced": 0.533009946346283, "ood_test_balanced_conf": [0.5316212651622482, 0.5343986275303177], "features": ["AGEP", "SEX", "RAC1P", "DIS", "ANC", "NATIVITY", "DEAR", "DEYE", "DREM", "ST", "MAR", "DIVISION"]}