{"validation": 0.30230073638826355, "id_test": 0.305400111919418, "ood_test": 0.2613445722001719, "ood_validation": 0.2588841833916406, "0": 0.47461212976022565, "1": 0.2764733322966879, "2": 0.29518763246477997, "3": 0.2679229866756055, "4": 0.2703104850709255, "5": 0.2910674109850957, "7": 0.3199300083379329, "8": 0.27306691043500725, "9": 0.36148300720906285, "id_test_conf": [0.30218167994915135, 0.3086329076369272], "id_test_balanced": 0.453374981880188, "id_test_balanced_conf": [0.4512175569450483, 0.4555324068153277], "ood_test_conf": [0.2574535011006672, 0.26526400476157047], "ood_test_balanced": 0.46279606223106384, "ood_test_balanced_conf": [0.4606306192604825, 0.4649615052016452], "features": ["AGEP", "SEX", "RAC1P", "DIS", "ANC", "NATIVITY", "DEAR", "DEYE", "DREM", "ST", "MAR", "DIVISION"]}