{"validation": 0.18758187391099748, "id_test": 0.19108968815180344, "ood_test": 0.2198739719301117, "ood_validation": 0.21377278585895784, "0": 0.47390691114245415, "1": 0.17606126574405226, "2": 0.1890662012217928, "3": 0.19222953155116065, "4": 0.15658168832457098, "5": 0.19945327917316152, "7": 0.20115556703815485, "8": 0.170843186741122, "9": 0.16931894505888148, "id_test_conf": [0.1883466901768281, 0.19385549751931117], "id_test_balanced": 0.4998633861541748, "id_test_balanced_conf": [0.4997496763461095, 0.4999770959622401], "ood_test_conf": [0.21620881509076714, 0.22357242555328327], "ood_test_balanced": 0.4999331831932068, "ood_test_balanced_conf": [0.4998647270051879, 0.5000016393812257], "features": ["AGEP", "SEX", "RAC1P", "DIS", "ANC", "NATIVITY", "DEAR", "DEYE", "DREM", "ST", "MAR", "DIVISION"]}