{"validation": 0.7773797328572769, "id_test": 0.7764176827441881, "ood_test": 0.36522606700029464, "ood_validation": 0.361745675425855, "train": 0.7763351703800737, "id_test_conf": [0.7752611285882003, 0.7775710380897296], "id_test_balanced": 0.5026123523712158, "id_test_balanced_conf": [0.5024834684125381, 0.5027412363298935], "ood_test_conf": [0.3641824294889162, 0.36627065912836987], "ood_test_balanced": 0.49964186549186707, "ood_test_balanced_conf": [0.4995158769903355, 0.4997678539933986], "features": ["AGEP", "SEX", "RAC1P", "DEAR", "DEYE", "ANC", "NATIVITY", "DIS"]}