{"validation": 0.7776193585619263, "id_test": 0.7768170581210986, "ood_test": 0.3654706025478159, "ood_validation": 0.3624719397860821, "train": 0.7765825339363579, "id_test_conf": [0.7756612362580567, 0.7779696765496249], "id_test_balanced": 0.5053272843360901, "id_test_balanced_conf": [0.5051472897510394, 0.5055072789211408], "ood_test_conf": [0.3644268159747811, 0.36651534200536695], "ood_test_balanced": 0.5005086064338684, "ood_test_balanced_conf": [0.500405786473857, 0.5006114263938798], "features": ["AGEP", "SEX", "RAC1P", "DEAR", "DEYE", "ANC", "NATIVITY", "DIS"]}