{"id_test": 0.7772144366211245, "id_test_conf": [0.7760593449079726, 0.7783663202988121], "id_test_balanced": 0.5112605690956116, "id_test_balanced_conf": [0.5109971010487061, 0.511524037142517], "ood_test": 0.3668571191022611, "ood_test_conf": [0.36581249283198175, 0.3679026884356495], "ood_test_balanced": 0.5015923976898193, "ood_test_balanced_conf": [0.5014777303922164, 0.5017070649874222], "validation": 0.7782044446574451, "validation_conf": [0.7770511774534763, 0.7793544923568676], "validation_balanced": 0.5113486647605896, "validation_balanced_conf": [0.5110859490605071, 0.5116113804606721], "features": ["AGEP", "SEX", "RAC1P", "DEAR", "DEYE", "ANC", "NATIVITY", "DIS"]}