{"id_test": 0.7772044522367018, "id_test_conf": [0.7760493421594987, 0.7783563543940388], "id_test_balanced": 0.5114096999168396, "id_test_balanced_conf": [0.5111442454723875, 0.5116751543612917], "ood_test": 0.3668815726570132, "ood_test_conf": [0.3658369316608284, 0.36792715654310343], "ood_test_balanced": 0.5015972256660461, "ood_test_balanced_conf": [0.5014818313631986, 0.5017126199688937], "validation": 0.778202447776573, "validation_conf": [0.7770491768806602, 0.7793524991910601], "validation_balanced": 0.5115006566047668, "validation_balanced_conf": [0.5112360196508234, 0.5117652935587103], "features": ["AGEP", "SEX", "RAC1P", "DEAR", "DEYE", "ANC", "NATIVITY", "DIS"]}