{"id_test": 0.7772144366211245, "id_test_conf": [0.7760593449079726, 0.7783663202988121], "id_test_balanced": 0.511476457118988, "id_test_balanced_conf": [0.5112103002693038, 0.5117426139686723], "ood_test": 0.3669048035340277, "ood_test_conf": [0.36586014855090043, 0.36795040124249107], "ood_test_balanced": 0.5016090273857117, "ood_test_balanced_conf": [0.5014932116097771, 0.5017248431616462], "validation": 0.7781804820869801, "validation_conf": [0.7770271705822682, 0.779330574364598], "validation_balanced": 0.5115408301353455, "validation_balanced_conf": [0.5112754190724809, 0.51180624119821], "features": ["AGEP", "SEX", "RAC1P", "DEAR", "DEYE", "ANC", "NATIVITY", "DIS"]}