{"validation": 0.5817972327224875, "id_test": 0.5816522958093542, "ood_test": 0.5718659407221379, "ood_validation": 0.5731546282846957, "train": 0.5810327815370437, "id_test_conf": [0.5802845971993724, 0.5830190496762], "id_test_balanced": 0.594422459602356, "id_test_balanced_conf": [0.5934619108214975, 0.5953830083832145], "ood_test_conf": [0.5707927152273029, 0.5729386571942564], "ood_test_balanced": 0.5497890114784241, "ood_test_balanced_conf": [0.549036749593215, 0.5505412733636331], "features": ["AGEP", "SEX", "RAC1P", "DEAR", "DEYE", "ANC", "NATIVITY", "DIS"]}