{"validation": 0.777024288062047, "id_test": 0.7761740637642727, "ood_test": 0.36379431136955803, "ood_validation": 0.3601941106562789, "train": 0.7760438754555695, "id_test_conf": [0.7750170636595761, 0.7773278678791938], "id_test_balanced": 0.5001978278160095, "id_test_balanced_conf": [0.5001573790490511, 0.5002382765829679], "ood_test_conf": [0.36275155244268875, 0.36483803505501405], "ood_test_balanced": 0.5000185370445251, "ood_test_balanced_conf": [0.4999985694210045, 0.5000385046680458], "features": ["AGEP", "SEX", "RAC1P", "DEAR", "DEYE", "ANC", "NATIVITY", "DIS"]}