{"validation": 0.7780127440937256, "id_test": 0.7769029238271343, "ood_test": 0.3680602339960654, "ood_validation": 0.3645627008230996, "train": 0.7768428772150707, "id_test_conf": [0.7757472596067991, 0.7780553836187897], "id_test_balanced": 0.5149210095405579, "id_test_balanced_conf": [0.514612135089701, 0.5152298839914147], "ood_test_conf": [0.3670148866402114, 0.36910651589275273], "ood_test_balanced": 0.5021058917045593, "ood_test_balanced_conf": [0.5019680338038597, 0.502243749605259], "features": ["AGEP", "SEX", "RAC1P", "DEAR", "DEYE", "ANC", "NATIVITY", "DIS"]}