{"validation": 0.7778390154578548, "id_test": 0.7768789613045197, "ood_test": 0.366187091702053, "ood_validation": 0.3629121000044016, "train": 0.7766409426872868, "id_test_conf": [0.7757232530837566, 0.7780314653740474], "id_test_balanced": 0.5087677836418152, "id_test_balanced_conf": [0.5085329936764902, 0.5090025736071402], "ood_test_conf": [0.36514287004826007, 0.36723226116510327], "ood_test_balanced": 0.5012163519859314, "ood_test_balanced_conf": [0.5011131835827837, 0.5013195203890791], "features": ["AGEP", "SEX", "RAC1P", "DEAR", "DEYE", "ANC", "NATIVITY", "DIS"]}