{"validation": 0.6994711427914463, "id_test": 0.6942528735632184, "ood_test": 0.7255899392397909, "ood_validation": 0.7214921576939382, "train": 0.6999367743418784, "id_test_conf": [0.6803195529435238, 0.7079249183121955], "id_test_balanced": 0.7331319451332092, "id_test_balanced_conf": [0.7240566917881369, 0.7422071984782815], "ood_test_conf": [0.7195336031183797, 0.7315844530351268], "ood_test_balanced": 0.7363064885139465, "ood_test_balanced_conf": [0.7321501963213086, 0.7404627807065844], "features": ["VCF0004", "VCF0901b", "VCF0218", "VCF0224", "VCF0302", "VCF9201", "VCF9202", "VCF9203", "VCF9206", "VCF0428", "VCF0429", "VCF0822", "VCF0870", "VCF0803", "VCF0601", "VCF0612", "VCF0615", "VCF0616", "VCF0617", "VCF0310", "VCF0743", "VCF0717", "VCF0718", "VCF0720", "VCF0721", "VCF0701", "VCF0675", "VCF0724", "VCF0725", "VCF0726", "VCF0745", "VCF0101", "VCF0104", "VCF0105a", "VCF0115", "VCF0140a", "VCF0112", "VCF9205"]}