{"validation": 0.6957921361232468, "id_test": 0.6949425287356322, "ood_test": 0.7140973105364796, "ood_validation": 0.7075031793132683, "0": 0.7114624505928854, "1": 0.6877961234745155, "3": 0.7169182513232699, "id_test_conf": [0.681017397240211, 0.7086054549428824], "id_test_balanced": 0.7239816188812256, "id_test_balanced_conf": [0.7147085632942617, 0.7332546744681895], "ood_test_conf": [0.7079668736331148, 0.7201690784069606], "ood_test_balanced": 0.7190917730331421, "ood_test_balanced_conf": [0.7148242327664047, 0.7233593132998795], "features": ["VCF0004", "VCF0901b", "VCF0218", "VCF0224", "VCF0302", "VCF9201", "VCF9202", "VCF9203", "VCF9206", "VCF0428", "VCF0429", "VCF0822", "VCF0870", "VCF0803", "VCF0601", "VCF0612", "VCF0615", "VCF0616", "VCF0617", "VCF0310", "VCF0743", "VCF0717", "VCF0718", "VCF0720", "VCF0721", "VCF0701", "VCF0675", "VCF0724", "VCF0725", "VCF0726", "VCF0745", "VCF0101", "VCF0104", "VCF0105a", "VCF0115", "VCF0140a", "VCF0112", "VCF9205"]}