{"validation": 0.5194297539664291, "id_test": 0.5232183908045978, "ood_test": 0.4446799491309877, "ood_validation": 0.4099194573972022, "0": 0.5152173913043478, "1": 0.5229720028715004, "3": 0.4739266810429328, "id_test_conf": [0.5082496277551509, 0.5381559508728702], "id_test_balanced": 0.4310837686061859, "id_test_balanced_conf": [0.42182882912456987, 0.44033870808780196], "ood_test_conf": [0.4379800198761507, 0.4513950307174393], "ood_test_balanced": 0.4086419939994812, "ood_test_balanced_conf": [0.4043326189368963, 0.4129513690620661], "features": ["VCF0004", "VCF0901b", "VCF0218", "VCF0224", "VCF0302", "VCF9201", "VCF9202", "VCF9203", "VCF9206", "VCF0428", "VCF0429", "VCF0822", "VCF0870", "VCF0803", "VCF0601", "VCF0612", "VCF0615", "VCF0616", "VCF0617", "VCF0310", "VCF0743", "VCF0717", "VCF0718", "VCF0720", "VCF0721", "VCF0701", "VCF0675", "VCF0724", "VCF0725", "VCF0726", "VCF0745", "VCF0101", "VCF0104", "VCF0105a", "VCF0115", "VCF0140a", "VCF0112", "VCF9205"]}