{"validation": 0.43504253851460106, "id_test": 0.43195402298850577, "ood_test": 0.4341764401111582, "ood_validation": 0.4124629080118694, "0": 0.4645256916996047, "1": 0.4395549174443647, "3": 0.41335032346598705, "id_test_conf": [0.41716872885149936, 0.44683077114095493], "id_test_balanced": 0.4852637052536011, "id_test_balanced_conf": [0.4751288409158587, 0.49539856959134343], "ood_test_conf": [0.4274951911874608, 0.4408757185259905], "ood_test_balanced": 0.4672808051109314, "ood_test_balanced_conf": [0.4628374836780131, 0.4717241265438497], "features": ["VCF0004", "VCF0901b", "VCF0218", "VCF0224", "VCF0302", "VCF9201", "VCF9202", "VCF9203", "VCF9206", "VCF0428", "VCF0429", "VCF0822", "VCF0870", "VCF0803", "VCF0601", "VCF0612", "VCF0615", "VCF0616", "VCF0617", "VCF0310", "VCF0743", "VCF0717", "VCF0718", "VCF0720", "VCF0721", "VCF0701", "VCF0675", "VCF0724", "VCF0725", "VCF0726", "VCF0745", "VCF0101", "VCF0104", "VCF0105a", "VCF0115", "VCF0140a", "VCF0112", "VCF9205"]}