{"validation": 0.697861577374109, "id_test": 0.700919540229885, "ood_test": 0.5899392397908718, "ood_validation": 0.5841458245019076, "train": 0.6891309345901828, "id_test_conf": [0.6870669035289282, 0.7145019157234267], "id_test_balanced": 0.49999621510505676, "id_test_balanced_conf": [0.4983460489916615, 0.501646381218452], "ood_test_conf": [0.5832878193950715, 0.5965660243720963], "ood_test_balanced": 0.49824538826942444, "ood_test_balanced_conf": [0.4971028412645683, 0.4993879352742806], "features": ["VCF0004", "VCF0901b", "VCF0218", "VCF0224", "VCF0302", "VCF9201", "VCF9202", "VCF9203", "VCF9206", "VCF0428", "VCF0429", "VCF0822", "VCF0870", "VCF0803", "VCF0601", "VCF0612", "VCF0615", "VCF0616", "VCF0617", "VCF0310", "VCF0743", "VCF0717", "VCF0718", "VCF0720", "VCF0721", "VCF0701", "VCF0675", "VCF0724", "VCF0725", "VCF0726", "VCF0745", "VCF0101", "VCF0104", "VCF0105a", "VCF0115", "VCF0140a", "VCF0112", "VCF9205"]}