{"validation": 0.7003908944584962, "id_test": 0.7011494252873564, "ood_test": 0.5955913522679102, "ood_validation": 0.5824501907587961, "train": 0.6902230141395562, "id_test_conf": [0.6872996317162212, 0.7147286477725824], "id_test_balanced": 0.49903860688209534, "id_test_balanced_conf": [0.4978360133711249, 0.5002412003930659], "ood_test_conf": [0.5889535109135415, 0.6022030093358776], "ood_test_balanced": 0.503386914730072, "ood_test_balanced_conf": [0.5023541254806332, 0.5044197039795109], "features": ["VCF0004", "VCF0901b", "VCF0218", "VCF0224", "VCF0302", "VCF9201", "VCF9202", "VCF9203", "VCF9206", "VCF0428", "VCF0429", "VCF0822", "VCF0870", "VCF0803", "VCF0601", "VCF0612", "VCF0615", "VCF0616", "VCF0617", "VCF0310", "VCF0743", "VCF0717", "VCF0718", "VCF0720", "VCF0721", "VCF0701", "VCF0675", "VCF0724", "VCF0725", "VCF0726", "VCF0745", "VCF0101", "VCF0104", "VCF0105a", "VCF0115", "VCF0140a", "VCF0112", "VCF9205"]}