{"validation": 0.7942055644975856, "id_test": 0.7889655172413793, "ood_test": 0.7175356789600114, "ood_validation": 0.7197965239508266, "train": 0.7878204391309346, "id_test_conf": [0.7765327444287123, 0.801009075647098], "id_test_balanced": 0.6645880937576294, "id_test_balanced_conf": [0.6570269293524325, 0.6721492581628263], "ood_test_conf": [0.7114268987502459, 0.7235848468118511], "ood_test_balanced": 0.6602132320404053, "ood_test_balanced_conf": [0.6567539622262121, 0.6636725018545985], "features": ["VCF0004", "VCF0901b", "VCF0218", "VCF0224", "VCF0302", "VCF9201", "VCF9202", "VCF9203", "VCF9206", "VCF0428", "VCF0429", "VCF0822", "VCF0870", "VCF0803", "VCF0601", "VCF0612", "VCF0615", "VCF0616", "VCF0617", "VCF0310", "VCF0743", "VCF0717", "VCF0718", "VCF0720", "VCF0721", "VCF0701", "VCF0675", "VCF0724", "VCF0725", "VCF0726", "VCF0745", "VCF0101", "VCF0104", "VCF0105a", "VCF0115", "VCF0140a", "VCF0112", "VCF9205"]}