{"validation": 0.7714417107381007, "id_test": 0.766896551724138, "ood_test": 0.6704818425886675, "ood_validation": 0.6731665960152607, "train": 0.7602310610414991, "id_test_conf": [0.7540402382769807, 0.7793935302586227], "id_test_balanced": 0.612357497215271, "id_test_balanced_conf": [0.605944853182882, 0.6187701412476599], "ood_test_conf": [0.6641126713806784, 0.6768043059129025], "ood_test_balanced": 0.5955184102058411, "ood_test_balanced_conf": [0.5927710547763855, 0.5982657656352967], "features": ["VCF0004", "VCF0901b", "VCF0218", "VCF0224", "VCF0302", "VCF9201", "VCF9202", "VCF9203", "VCF9206", "VCF0428", "VCF0429", "VCF0822", "VCF0870", "VCF0803", "VCF0601", "VCF0612", "VCF0615", "VCF0616", "VCF0617", "VCF0310", "VCF0743", "VCF0717", "VCF0718", "VCF0720", "VCF0721", "VCF0701", "VCF0675", "VCF0724", "VCF0725", "VCF0726", "VCF0745", "VCF0101", "VCF0104", "VCF0105a", "VCF0115", "VCF0140a", "VCF0112", "VCF9205"]}