{"validation": 0.7935157507472982, "id_test": 0.7880459770114943, "ood_test": 0.7075031793132683, "ood_validation": 0.7142857142857143, "train": 0.7829348200942637, "id_test_conf": [0.7755945344913953, 0.8001094512530005], "id_test_balanced": 0.6551907658576965, "id_test_balanced_conf": [0.6479325280338526, 0.6624490036815405], "ood_test_conf": [0.701332410683558, 0.7136170878505829], "ood_test_balanced": 0.6440789699554443, "ood_test_balanced_conf": [0.6408319485373795, 0.6473259913735092], "features": ["VCF0004", "VCF0901b", "VCF0218", "VCF0224", "VCF0302", "VCF9201", "VCF9202", "VCF9203", "VCF9206", "VCF0428", "VCF0429", "VCF0822", "VCF0870", "VCF0803", "VCF0601", "VCF0612", "VCF0615", "VCF0616", "VCF0617", "VCF0310", "VCF0743", "VCF0717", "VCF0718", "VCF0720", "VCF0721", "VCF0701", "VCF0675", "VCF0724", "VCF0725", "VCF0726", "VCF0745", "VCF0101", "VCF0104", "VCF0105a", "VCF0115", "VCF0140a", "VCF0112", "VCF9205"]}