{"validation": 0.7723614624051506, "id_test": 0.7691954022988505, "ood_test": 0.7676981771937261, "ood_validation": 0.7833827893175074, "train": 0.7729624094723532, "id_test_conf": [0.756380890420608, 0.7816474693136609], "id_test_balanced": 0.7554605603218079, "id_test_balanced_conf": [0.7464566049724817, 0.764464515671134], "ood_test_conf": [0.7619577202115563, 0.7733652507718971], "ood_test_balanced": 0.756424069404602, "ood_test_balanced_conf": [0.7523809419479222, 0.760467196861282], "features": ["VCF0004", "VCF0901b", "VCF0218", "VCF0224", "VCF0302", "VCF9201", "VCF9202", "VCF9203", "VCF9206", "VCF0428", "VCF0429", "VCF0822", "VCF0870", "VCF0803", "VCF0601", "VCF0612", "VCF0615", "VCF0616", "VCF0617", "VCF0310", "VCF0743", "VCF0717", "VCF0718", "VCF0720", "VCF0721", "VCF0701", "VCF0675", "VCF0724", "VCF0725", "VCF0726", "VCF0745", "VCF0101", "VCF0104", "VCF0105a", "VCF0115", "VCF0140a", "VCF0112", "VCF9205"]}