{"validation": 0.7712117728213382, "id_test": 0.7689655172413793, "ood_test": 0.670952851961754, "ood_validation": 0.6718948707079271, "train": 0.7618404414300495, "id_test_conf": [0.7561468017074329, 0.7814220989311387], "id_test_balanced": 0.616070032119751, "id_test_balanced_conf": [0.6095819519273937, 0.6225581123121082], "ood_test_conf": [0.6645859174345017, 0.6772729494765707], "ood_test_balanced": 0.5961729288101196, "ood_test_balanced_conf": [0.5934149815421551, 0.5989308760780842], "features": ["VCF0004", "VCF0901b", "VCF0218", "VCF0224", "VCF0302", "VCF9201", "VCF9202", "VCF9203", "VCF9206", "VCF0428", "VCF0429", "VCF0822", "VCF0870", "VCF0803", "VCF0601", "VCF0612", "VCF0615", "VCF0616", "VCF0617", "VCF0310", "VCF0743", "VCF0717", "VCF0718", "VCF0720", "VCF0721", "VCF0701", "VCF0675", "VCF0724", "VCF0725", "VCF0726", "VCF0745", "VCF0101", "VCF0104", "VCF0105a", "VCF0115", "VCF0140a", "VCF0112", "VCF9205"]}