{"validation": 0.3582432743159347, "id_test": 0.35747126436781607, "ood_test": 0.4221186001601432, "ood_validation": 0.41670199236964817, "0": 0.3986166007905138, "1": 0.368413496051687, "3": 0.34473632621054695, "id_test_conf": [0.34321400680347053, 0.3719201463929321], "id_test_balanced": 0.5228986144065857, "id_test_balanced_conf": [0.5168016245029867, 0.5289956043101847], "ood_test_conf": [0.4154625541727211, 0.42879597870918085], "ood_test_balanced": 0.502281129360199, "ood_test_balanced_conf": [0.49976546708960085, 0.504796791630797], "features": ["VCF0004", "VCF0901b", "VCF0218", "VCF0224", "VCF0302", "VCF9201", "VCF9202", "VCF9203", "VCF9206", "VCF0428", "VCF0429", "VCF0822", "VCF0870", "VCF0803", "VCF0601", "VCF0612", "VCF0615", "VCF0616", "VCF0617", "VCF0310", "VCF0743", "VCF0717", "VCF0718", "VCF0720", "VCF0721", "VCF0701", "VCF0675", "VCF0724", "VCF0725", "VCF0726", "VCF0745", "VCF0101", "VCF0104", "VCF0105a", "VCF0115", "VCF0140a", "VCF0112", "VCF9205"]}