{"validation": 0.39411358933088064, "id_test": 0.3813793103448276, "ood_test": 0.3960246808911497, "ood_validation": 0.38024586689275114, "0": 0.42569169960474307, "1": 0.3910983488872936, "3": 0.3608116055675358, "id_test_conf": [0.36691380996461326, 0.39600426942171807], "id_test_balanced": 0.4715116322040558, "id_test_balanced_conf": [0.4621113084442914, 0.4809119559638202], "ood_test_conf": [0.38943713858414086, 0.4026407044790048], "ood_test_balanced": 0.4472244381904602, "ood_test_balanced_conf": [0.4432594580575824, 0.45118941832333803], "features": ["VCF0004", "VCF0901b", "VCF0218", "VCF0224", "VCF0302", "VCF9201", "VCF9202", "VCF9203", "VCF9206", "VCF0428", "VCF0429", "VCF0822", "VCF0870", "VCF0803", "VCF0601", "VCF0612", "VCF0615", "VCF0616", "VCF0617", "VCF0310", "VCF0743", "VCF0717", "VCF0718", "VCF0720", "VCF0721", "VCF0701", "VCF0675", "VCF0724", "VCF0725", "VCF0726", "VCF0745", "VCF0101", "VCF0104", "VCF0105a", "VCF0115", "VCF0140a", "VCF0112", "VCF9205"]}