{"validation": 0.5274775810531157, "id_test": 0.5298850574712644, "ood_test": 0.40888323677641186, "ood_validation": 0.4035608308605341, "0": 0.5285573122529644, "1": 0.5244077530509691, "3": 0.46922172123113115, "id_test_conf": [0.5149223441298659, 0.544807608272015], "id_test_balanced": 0.422146201133728, "id_test_balanced_conf": [0.41338511422276497, 0.4309072880446911], "ood_test_conf": [0.4022595291166601, 0.41553190284502245], "ood_test_balanced": 0.3758573830127716, "ood_test_balanced_conf": [0.3715610079374164, 0.3801537580881268], "features": ["VCF0004", "VCF0901b", "VCF0218", "VCF0224", "VCF0302", "VCF9201", "VCF9202", "VCF9203", "VCF9206", "VCF0428", "VCF0429", "VCF0822", "VCF0870", "VCF0803", "VCF0601", "VCF0612", "VCF0615", "VCF0616", "VCF0617", "VCF0310", "VCF0743", "VCF0717", "VCF0718", "VCF0720", "VCF0721", "VCF0701", "VCF0675", "VCF0724", "VCF0725", "VCF0726", "VCF0745", "VCF0101", "VCF0104", "VCF0105a", "VCF0115", "VCF0140a", "VCF0112", "VCF9205"]}