{"validation": 0.37939756265808233, "id_test": 0.36942528735632185, "ood_test": 0.40064057274739767, "ood_validation": 0.39508266214497667, "0": 0.4149209486166008, "1": 0.3773151471643934, "3": 0.34650068613997254, "id_test_conf": [0.3550591882270443, 0.38396692625564316], "id_test_balanced": 0.49462684988975525, "id_test_balanced_conf": [0.4863460583612323, 0.5029076414182783], "ood_test_conf": [0.3940395051711208, 0.40726885695260545], "ood_test_balanced": 0.4658343493938446, "ood_test_balanced_conf": [0.4624081709748134, 0.4692605278128758], "features": ["VCF0004", "VCF0901b", "VCF0218", "VCF0224", "VCF0302", "VCF9201", "VCF9202", "VCF9203", "VCF9206", "VCF0428", "VCF0429", "VCF0822", "VCF0870", "VCF0803", "VCF0601", "VCF0612", "VCF0615", "VCF0616", "VCF0617", "VCF0310", "VCF0743", "VCF0717", "VCF0718", "VCF0720", "VCF0721", "VCF0701", "VCF0675", "VCF0724", "VCF0725", "VCF0726", "VCF0745", "VCF0101", "VCF0104", "VCF0105a", "VCF0115", "VCF0140a", "VCF0112", "VCF9205"]}