{"validation": 0.8126005978385836, "id_test": 0.8064367816091954, "ood_test": 0.747256370401771, "ood_validation": 0.7554048325561679, "train": 0.8042591102425566, "id_test_conf": [0.7943768084374863, 0.8180838416831717], "id_test_balanced": 0.705031156539917, "id_test_balanced_conf": [0.6970059883780777, 0.7130563247017563], "ood_test_conf": [0.7413534968798564, 0.7530914746159841], "ood_test_balanced": 0.7008246183395386, "ood_test_balanced_conf": [0.6971498032426462, 0.704499433436431], "features": ["VCF0004", "VCF0901b", "VCF0218", "VCF0224", "VCF0302", "VCF9201", "VCF9202", "VCF9203", "VCF9206", "VCF0428", "VCF0429", "VCF0822", "VCF0870", "VCF0803", "VCF0601", "VCF0612", "VCF0615", "VCF0616", "VCF0617", "VCF0310", "VCF0743", "VCF0717", "VCF0718", "VCF0720", "VCF0721", "VCF0701", "VCF0675", "VCF0724", "VCF0725", "VCF0726", "VCF0745", "VCF0101", "VCF0104", "VCF0105a", "VCF0115", "VCF0140a", "VCF0112", "VCF9205"]}