{"validation": 0.8146700390894458, "id_test": 0.8172413793103448, "ood_test": 0.7955348311431397, "ood_validation": 0.8092412038999576, "train": 0.8160420738015864, "id_test_conf": [0.8054301129453799, 0.8286250528351602], "id_test_balanced": 0.770778238773346, "id_test_balanced_conf": [0.7622778032720089, 0.779278674274683], "ood_test_conf": [0.7900459567607858, 0.8009426705561229], "ood_test_balanced": 0.77199387550354, "ood_test_balanced_conf": [0.7681833655387164, 0.7758043854683637], "features": ["VCF0004", "VCF0901b", "VCF0218", "VCF0224", "VCF0302", "VCF9201", "VCF9202", "VCF9203", "VCF9206", "VCF0428", "VCF0429", "VCF0822", "VCF0870", "VCF0803", "VCF0601", "VCF0612", "VCF0615", "VCF0616", "VCF0617", "VCF0310", "VCF0743", "VCF0717", "VCF0718", "VCF0720", "VCF0721", "VCF0701", "VCF0675", "VCF0724", "VCF0725", "VCF0726", "VCF0745", "VCF0101", "VCF0104", "VCF0105a", "VCF0115", "VCF0140a", "VCF0112", "VCF9205"]}