{"validation": 0.4622741764080765, "id_test": 0.47558386411889597, "ood_test": 0.45653737981555365, "ood_validation": 0.4579164214243673, "train": 0.47005709733103174, "id_test_conf": [0.4432806938806075, 0.5080401204034125], "id_test_balanced": 0.5034759640693665, "id_test_balanced_conf": [0.48200426023453474, 0.5249476679041982], "ood_test_conf": [0.4486180423750023, 0.46447326146993606], "ood_test_balanced": 0.4820363521575928, "ood_test_balanced_conf": [0.47711270841769876, 0.4869599958974868], "features": ["SEX", "WHTLGSPK", "HWELLSPK", "OTHLGSPK", "HIDEG", "EDUCYR", "YRSINUS", "HISPNCAT", "RACETHX", "RACEWX", "RACEBX", "RACEAX", "RACEV2X", "RACEV1X", "HISPANX", "SICPAY31", "PAYDR31", "REGION31", "AGE31X", "INSCOV19"]}