{"validation": 0.6833156216790648, "id_test": 0.7165605095541401, "ood_test": 0.6168487147622473, "ood_validation": 0.6209535020600353, "train": 0.7041561545611472, "id_test_conf": [0.6866040421343866, 0.745156065550667], "id_test_balanced": 0.700879693031311, "id_test_balanced_conf": [0.6805796920508146, 0.7211796940118075], "ood_test_conf": [0.609088295043932, 0.62456464961629], "ood_test_balanced": 0.594651997089386, "ood_test_balanced_conf": [0.5896636797022075, 0.5996403144765645], "features": ["SEX", "WHTLGSPK", "HWELLSPK", "OTHLGSPK", "HIDEG", "EDUCYR", "YRSINUS", "HISPNCAT", "RACETHX", "RACEWX", "RACEBX", "RACEAX", "RACEV2X", "RACEV1X", "HISPANX", "SICPAY31", "PAYDR31", "REGION31", "AGE31X", "INSCOV19"]}