{"validation": 0.6769394261424017, "id_test": 0.7059447983014862, "ood_test": 0.6001700569036562, "ood_validation": 0.6050618010594467, "train": 0.6894170760855132, "id_test_conf": [0.675706699984434, 0.7348890248163251], "id_test_balanced": 0.6697077751159668, "id_test_balanced_conf": [0.6505029090866447, 0.6889126411452889], "ood_test_conf": [0.5923540385749637, 0.6079479416222078], "ood_test_balanced": 0.5641284584999084, "ood_test_balanced_conf": [0.5600472761783749, 0.568209640821442], "features": ["SEX", "WHTLGSPK", "HWELLSPK", "OTHLGSPK", "HIDEG", "EDUCYR", "YRSINUS", "HISPNCAT", "RACETHX", "RACEWX", "RACEBX", "RACEAX", "RACEV2X", "RACEV1X", "HISPANX", "SICPAY31", "PAYDR31", "REGION31", "AGE31X", "INSCOV19"]}