{"validation": 0.6280552603613178, "id_test": 0.6740976645435244, "ood_test": 0.6362090391784944, "ood_validation": 0.6486168334314303, "train": 0.6653830832558757, "id_test_conf": [0.643126103002047, 0.7039761438811761], "id_test_balanced": 0.7021377682685852, "id_test_balanced_conf": [0.6827154888957739, 0.7215600476413965], "ood_test_conf": [0.6285252080001134, 0.643841011881245], "ood_test_balanced": 0.6490491628646851, "ood_test_balanced_conf": [0.6438712853379548, 0.6542270403914153], "features": ["SEX", "WHTLGSPK", "HWELLSPK", "OTHLGSPK", "HIDEG", "EDUCYR", "YRSINUS", "HISPNCAT", "RACETHX", "RACEWX", "RACEBX", "RACEAX", "RACEV2X", "RACEV1X", "HISPANX", "SICPAY31", "PAYDR31", "REGION31", "AGE31X", "INSCOV19"]}