{"validation": 0.5791710945802337, "id_test": 0.6050955414012739, "ood_test": 0.5556936359474132, "ood_validation": 0.5697469099470277, "train": 0.597662992962422, "id_test_conf": [0.573059606900111, 0.6364722386462156], "id_test_balanced": 0.6551701426506042, "id_test_balanced_conf": [0.6377437015250326, 0.6725965837761759], "ood_test_conf": [0.5477747436496598, 0.5635913279650576], "ood_test_balanced": 0.593663215637207, "ood_test_balanced_conf": [0.5898544345470146, 0.5974719967273995], "features": ["SEX", "WHTLGSPK", "HWELLSPK", "OTHLGSPK", "HIDEG", "EDUCYR", "YRSINUS", "HISPNCAT", "RACETHX", "RACEWX", "RACEBX", "RACEAX", "RACEV2X", "RACEV1X", "HISPANX", "SICPAY31", "PAYDR31", "REGION31", "AGE31X", "INSCOV19"]}