{"validation": 0.691817215727949, "id_test": 0.7452229299363057, "ood_test": 0.6517757865131794, "ood_validation": 0.659211300765156, "train": 0.7228787677599257, "id_test_conf": [0.7161266201104481, 0.7727769752359075], "id_test_balanced": 0.7429828643798828, "id_test_balanced_conf": [0.7232581448927522, 0.7627075838670134], "ood_test_conf": [0.6441631924068683, 0.6593305922624046], "ood_test_balanced": 0.6473265290260315, "ood_test_balanced_conf": [0.6419913259614259, 0.652661732090637], "features": ["SEX", "WHTLGSPK", "HWELLSPK", "OTHLGSPK", "HIDEG", "EDUCYR", "YRSINUS", "HISPNCAT", "RACETHX", "RACEWX", "RACEBX", "RACEAX", "RACEV2X", "RACEV1X", "HISPANX", "SICPAY31", "PAYDR31", "REGION31", "AGE31X", "INSCOV19"]}