{"validation": 0.7035069075451648, "id_test": 0.7505307855626328, "ood_test": 0.6532147295441166, "ood_validation": 0.6509711595055915, "train": 0.7224804142876112, "id_test_conf": [0.7216105878082186, 0.7778750704713818], "id_test_balanced": 0.7474792003631592, "id_test_balanced_conf": [0.7278756577149034, 0.767082743011415], "ood_test_conf": [0.6456091646011186, 0.6607619579338434], "ood_test_balanced": 0.6513324975967407, "ood_test_balanced_conf": [0.6459946896973997, 0.6566703054960817], "features": ["SEX", "WHTLGSPK", "HWELLSPK", "OTHLGSPK", "HIDEG", "EDUCYR", "YRSINUS", "HISPNCAT", "RACETHX", "RACEWX", "RACEBX", "RACEAX", "RACEV2X", "RACEV1X", "HISPANX", "SICPAY31", "PAYDR31", "REGION31", "AGE31X", "INSCOV19"]}