{"validation": 0.6695005313496281, "id_test": 0.6698513800424628, "ood_test": 0.5894433906730329, "ood_validation": 0.594467333725721, "train": 0.6615323330235029, "id_test_conf": [0.6387941338476134, 0.6998422839131979], "id_test_balanced": 0.6383401155471802, "id_test_balanced_conf": [0.6181268827617168, 0.6585533483326436], "ood_test_conf": [0.5815965824249548, 0.5972561496250712], "ood_test_balanced": 0.5879480242729187, "ood_test_balanced_conf": [0.5824333217181266, 0.5934627268277108], "features": ["SEX", "WHTLGSPK", "HWELLSPK", "OTHLGSPK", "HIDEG", "EDUCYR", "YRSINUS", "HISPNCAT", "RACETHX", "RACEWX", "RACEBX", "RACEAX", "RACEV2X", "RACEV1X", "HISPANX", "SICPAY31", "PAYDR31", "REGION31", "AGE31X", "INSCOV19"]}