{"validation": 0.6567481402763018, "id_test": 0.6740976645435244, "ood_test": 0.6018052194388123, "ood_validation": 0.596233078281342, "train": 0.6714911698313637, "id_test_conf": [0.643126103002047, 0.7039761438811761], "id_test_balanced": 0.622530460357666, "id_test_balanced_conf": [0.604848132096231, 0.640212788619101], "ood_test_conf": [0.5939942340863282, 0.6095774485455281], "ood_test_balanced": 0.5633951425552368, "ood_test_balanced_conf": [0.5595564750023186, 0.567233810108155], "features": ["SEX", "WHTLGSPK", "HWELLSPK", "OTHLGSPK", "HIDEG", "EDUCYR", "YRSINUS", "HISPNCAT", "RACETHX", "RACEWX", "RACEBX", "RACEAX", "RACEV2X", "RACEV1X", "HISPANX", "SICPAY31", "PAYDR31", "REGION31", "AGE31X", "INSCOV19"]}