{"validation": 0.696068012752391, "id_test": 0.7420382165605095, "ood_test": 0.6339852181306822, "ood_validation": 0.6374337845791642, "train": 0.7133182844243793, "id_test_conf": [0.7128388424968819, 0.7697155045710924], "id_test_balanced": 0.7410770654678345, "id_test_balanced_conf": [0.7212982413545251, 0.7608558895811438], "ood_test_conf": [0.6262919198342549, 0.6416275049927024], "ood_test_balanced": 0.6311290264129639, "ood_test_balanced_conf": [0.625729158828035, 0.6365288939978927], "features": ["SEX", "WHTLGSPK", "HWELLSPK", "OTHLGSPK", "HIDEG", "EDUCYR", "YRSINUS", "HISPNCAT", "RACETHX", "RACEWX", "RACEBX", "RACEAX", "RACEV2X", "RACEV1X", "HISPANX", "SICPAY31", "PAYDR31", "REGION31", "AGE31X", "INSCOV19"]}