{"validation": 0.665749499240842, "id_test": 0.6662223426094891, "ood_test": 0.5393446526093362, "ood_validation": 0.5415829650462033, "train": 0.664968961034448, "id_test_conf": [0.6637477552021698, 0.6686900582254021], "id_test_balanced": 0.6426601409912109, "id_test_balanced_conf": [0.6408891749824397, 0.6444311069999822], "ood_test_conf": [0.5366752962216118, 0.5420123113276185], "ood_test_balanced": 0.5990190505981445, "ood_test_balanced_conf": [0.5971854624547995, 0.6008526387414895], "features": ["HR", "O2Sat", "Temp", "SBP", "MAP", "DBP", "Resp", "EtCO2", "BaseExcess", "HCO3", "FiO2", "pH", "PaCO2", "SaO2", "AST", "BUN", "Alkalinephos", "Calcium", "Chloride", "Creatinine", "Bilirubin_direct", "Glucose", "Lactate", "Magnesium", "Phosphate", "Potassium", "Bilirubin_total", "TroponinI", "Hct", "Hgb", "PTT", "WBC", "Fibrinogen", "Platelets", "Age", "Gender", "Unit1", "Unit2", "HospAdmTime", "ICULOS", "set"]}