{"id_test": 0.6681206565133816, "id_test_conf": [0.6624730126534579, 0.6737321706846631], "id_test_balanced": 0.6357673406600952, "id_test_balanced_conf": [0.6319582928344607, 0.6395763884857297], "ood_test": 0.6008730829004555, "ood_test_conf": [0.599538744485272, 0.6022062943409208], "ood_test_balanced": 0.626483142375946, "ood_test_balanced_conf": [0.6255992904165759, 0.6273669943353162], "validation": 0.662674207977524, "validation_conf": [0.6570042957419095, 0.668309160301575], "validation_balanced": 0.6294605135917664, "validation_balanced_conf": [0.6256507785059512, 0.6332702486775815], "features": ["IYEAR", "BMI5CAT", "AGEG5YR", "FRUIT_ONCE_PER_DAY", "VEG_ONCE_PER_DAY", "DRNK_PER_WEEK", "RFBING5", "TOTINDA", "SMOKE100", "SMOKDAY2", "DIABETES", "PRACE1", "SEX", "MEDCOST", "POVERTY", "EMPLOY1"]}