{"validation": 0.651953717052974, "id_test": 0.6550347478929469, "ood_test": 0.5799406889796422, "ood_validation": 0.5811540130151844, "train": 0.6524298672433472, "id_test_conf": [0.649335260929433, 0.6607009187315542], "id_test_balanced": 0.6025908589363098, "id_test_balanced_conf": [0.599137790207751, 0.6060439276648686], "ood_test_conf": [0.5785959916163674, 0.5812844932358645], "ood_test_balanced": 0.6139343976974487, "ood_test_balanced_conf": [0.6130816080386284, 0.614787187356269], "features": ["IYEAR", "BMI5CAT", "AGEG5YR", "FRUIT_ONCE_PER_DAY", "VEG_ONCE_PER_DAY", "DRNK_PER_WEEK", "RFBING5", "TOTINDA", "SMOKE100", "SMOKDAY2", "DIABETES", "PRACE1", "SEX", "MEDCOST", "POVERTY", "EMPLOY1"]}