{"validation": 0.82649785577948, "id_test": 0.8238713475660769, "ood_test": 0.7633777679984842, "ood_validation": 0.7588008800880088, "15": 0.7790310479687126, "16": 0.7685352928229179, "17": 0.7678972382306714, "18": 0.7511670799615239, "19": 0.8554082159220628, "20": 0.8909755771871137, "21": 0.9310260948338771, "22": 0.9476871260166971, "23": 0.9514848737163475, "id_test_conf": [0.8220038263349057, 0.825727225049417], "id_test_balanced": 0.7333755493164062, "id_test_balanced_conf": [0.73188712436473, 0.7348639742680825], "ood_test_conf": [0.7613106621488352, 0.7654355371981425], "ood_test_balanced": 0.7507123947143555, "ood_test_balanced_conf": [0.7492309327214025, 0.7521938567073084], "features": ["ENG", "POBP", "OCCP", "DIS", "ESP", "MIG", "MIL", "ANC", "NATIVITY", "DEAR", "DEYE", "DREM", "DPHY", "FER", "AGEP", "SEX", "ST", "MAR", "CIT", "RAC1P", "SCHL", "DIVISION", "WKHP"]}