{"validation": 0.034412880196326316, "id_test": 0.03483407182474514, "ood_test": 0.05154910122180049, "ood_validation": 0.050605060506050605, "15": 0.04538909729427728, "16": 0.05262177674686352, "17": 0.04356896938851882, "18": 0.03910710661242355, "19": 0.029163864954885925, "20": 0.02554585825660902, "21": 0.020776889589746602, "22": 0.016804614998745925, "23": 0.016153205661948375, "id_test_conf": [0.033944702136971094, 0.03574020472141783], "id_test_balanced": 0.5005227327346802, "id_test_balanced_conf": [0.5004438911628677, 0.5006015743064927], "ood_test_conf": [0.05048257861082082, 0.05263155000714362], "ood_test_balanced": 0.5000193119049072, "ood_test_balanced_conf": [0.5000042470496555, 0.5000343767601589], "features": ["ENG", "POBP", "OCCP", "DIS", "ESP", "MIG", "MIL", "ANC", "NATIVITY", "DEAR", "DEYE", "DREM", "DPHY", "FER", "AGEP", "SEX", "ST", "MAR", "CIT", "RAC1P", "SCHL", "DIVISION", "WKHP"]}