{"validation": 0.9722614709600654, "id_test": 0.9716977039630651, "ood_test": 0.9603327404636608, "ood_validation": 0.961001100110011, "train": 0.9713667990276657, "id_test_conf": [0.9708769489348634, 0.9725014522102418], "id_test_balanced": 0.5820653438568115, "id_test_balanced_conf": [0.5811615481751505, 0.5829691395384725], "ood_test_conf": [0.9593757588843138, 0.961273365733535], "ood_test_balanced": 0.6154788136482239, "ood_test_balanced_conf": [0.6144574740575627, 0.6165001532388851], "features": ["ENG", "POBP", "OCCP", "DIS", "ESP", "MIG", "MIL", "ANC", "NATIVITY", "DEAR", "DEYE", "DREM", "DPHY", "FER", "AGEP", "SEX", "ST", "MAR", "CIT", "RAC1P", "SCHL", "DIVISION", "WKHP"]}