{"validation": 0.9722428794526661, "id_test": 0.9716729154401512, "ood_test": 0.9602166113525374, "ood_validation": 0.9607260726072607, "train": 0.971337362519889, "id_test_conf": [0.9708518169574872, 0.972477008071909], "id_test_balanced": 0.5824061036109924, "id_test_balanced_conf": [0.581500521725975, 0.5833116854960099], "ood_test_conf": [0.9592583058577367, 0.9611585647615344], "ood_test_balanced": 0.6156420111656189, "ood_test_balanced_conf": [0.6146195132494904, 0.6166645090817474], "features": ["ENG", "POBP", "OCCP", "DIS", "ESP", "MIG", "MIL", "ANC", "NATIVITY", "DEAR", "DEYE", "DREM", "DPHY", "FER", "AGEP", "SEX", "ST", "MAR", "CIT", "RAC1P", "SCHL", "DIVISION", "WKHP"]}