{"id_test": 0.9717348867474359, "id_test_conf": [0.9709146472090553, 0.972538118109515], "id_test_balanced": 0.5821729898452759, "id_test_balanced_conf": [0.5812688946851995, 0.5830770850053523], "ood_test": 0.9603877489899824, "ood_test_conf": [0.9594313952946837, 0.9613277443749536], "ood_test_balanced": 0.6155639290809631, "ood_test_balanced_conf": [0.6145425542374141, 0.6165853039245122], "validation": 0.9722676681291986, "validation_conf": [0.971454853366734, 0.9730634546039495], "validation_balanced": 0.5849564075469971, "validation_balanced_conf": [0.5840401919535361, 0.5858726231404581], "features": ["ENG", "POBP", "OCCP", "DIS", "ESP", "MIG", "MIL", "ANC", "NATIVITY", "DEAR", "DEYE", "DREM", "DPHY", "FER", "AGEP", "SEX", "ST", "MAR", "CIT", "RAC1P", "SCHL", "DIVISION", "WKHP"]}