{"id_test": 0.971722492485979, "id_test_conf": [0.9709020810765394, 0.9725258961842224], "id_test_balanced": 0.5821665525436401, "id_test_balanced_conf": [0.581262415171368, 0.5830706899159123], "ood_test": 0.9603571886975815, "ood_test_conf": [0.9594004861168985, 0.9612975340795362], "ood_test_balanced": 0.6153795123100281, "ood_test_balanced_conf": [0.6143586509721354, 0.6164003736479208], "validation": 0.9722800624674649, "validation_conf": [0.9714674214131066, 0.9730756747684098], "validation_balanced": 0.5852314233779907, "validation_balanced_conf": [0.5843139954388608, 0.5861488513171207], "features": ["ENG", "POBP", "OCCP", "DIS", "ESP", "MIG", "MIL", "ANC", "NATIVITY", "DEAR", "DEYE", "DREM", "DPHY", "FER", "AGEP", "SEX", "ST", "MAR", "CIT", "RAC1P", "SCHL", "DIVISION", "WKHP"]}