{"validation": 0.7541335118118043, "id_test": 0.7516437889257274, "ood_test": 0.7023794243663324, "ood_validation": 0.7003300330033003, "train": 0.7533545999191271, "id_test_conf": [0.7495281015884856, 0.7537504315833005], "id_test_balanced": 0.7554917335510254, "id_test_balanced_conf": [0.754008949175477, 0.7569745179265738], "ood_test_conf": [0.7001573604170628, 0.7045943150273319], "ood_test_balanced": 0.7687138319015503, "ood_test_balanced_conf": [0.7672914788476192, 0.7701361849554814], "features": ["ENG", "POBP", "OCCP", "DIS", "ESP", "MIG", "MIL", "ANC", "NATIVITY", "DEAR", "DEYE", "DREM", "DPHY", "FER", "AGEP", "SEX", "ST", "MAR", "CIT", "RAC1P", "SCHL", "DIVISION", "WKHP"]}