{"validation": 0.7833531642745594, "id_test": 0.7804976295974964, "ood_test": 0.7528466912371418, "ood_validation": 0.7507700770077008, "train": 0.7829018819224208, "id_test_conf": [0.7784699781153319, 0.7825151984645989], "id_test_balanced": 0.7516826391220093, "id_test_balanced_conf": [0.7501958712842316, 0.753169406959787], "ood_test_conf": [0.7507490121327092, 0.7549354072734591], "ood_test_balanced": 0.769902765750885, "ood_test_balanced_conf": [0.7684620948857628, 0.7713434366160072], "features": ["ENG", "POBP", "OCCP", "DIS", "ESP", "MIG", "MIL", "ANC", "NATIVITY", "DEAR", "DEYE", "DREM", "DPHY", "FER", "AGEP", "SEX", "ST", "MAR", "CIT", "RAC1P", "SCHL", "DIVISION", "WKHP"]}