{"validation": 0.6826987432140998, "id_test": 0.6812753695039196, "ood_test": 0.6952038677106063, "ood_validation": 0.6903740374037404, "15": 0.6225716338095618, "16": 0.6229788530890744, "17": 0.609843948806227, "18": 0.5843165632694124, "19": 0.7071181722935465, "20": 0.754248227266035, "21": 0.8464590375695149, "22": 0.890214626106274, "23": 0.9058562309186788, "id_test_conf": [0.6789954371565151, 0.6835487873030386], "id_test_balanced": 0.7417066097259521, "id_test_balanced_conf": [0.7402131473761984, 0.7432000720757059], "ood_test_conf": [0.692966865005221, 0.6974339515488208], "ood_test_balanced": 0.7656044960021973, "ood_test_balanced_conf": [0.7641781439702027, 0.7670308480341919], "features": ["ENG", "POBP", "OCCP", "DIS", "ESP", "MIG", "MIL", "ANC", "NATIVITY", "DEAR", "DEYE", "DREM", "DPHY", "FER", "AGEP", "SEX", "ST", "MAR", "CIT", "RAC1P", "SCHL", "DIVISION", "WKHP"]}