{"validation": 0.9430851986812424, "id_test": 0.9424534440554023, "ood_test": 0.9212827988338192, "ood_validation": 0.9206820682068206, "15": 0.9343730545135286, "16": 0.9174102229822393, "17": 0.9291407828755333, "18": 0.9268512226762092, "19": 0.9490140580775306, "20": 0.9556123165207506, "21": 0.9670606195321215, "22": 0.9718728725500735, "23": 0.974909797391063, "id_test_conf": [0.9413060990174967, 0.9435848598377745], "id_test_balanced": 0.6669135093688965, "id_test_balanced_conf": [0.6656467840098776, 0.6681802347279153], "ood_test_conf": [0.9199673764882614, 0.9225832699127531], "ood_test_balanced": 0.6903825402259827, "ood_test_balanced_conf": [0.6890666656102985, 0.6916984148416668], "features": ["ENG", "POBP", "OCCP", "DIS", "ESP", "MIG", "MIL", "ANC", "NATIVITY", "DEAR", "DEYE", "DREM", "DPHY", "FER", "AGEP", "SEX", "ST", "MAR", "CIT", "RAC1P", "SCHL", "DIVISION", "WKHP"]}