{"validation": 0.9084492203961231, "id_test": 0.9082019025191337, "ood_test": 0.8681506744656533, "ood_validation": 0.8653465346534653, "15": 0.8904174315587836, "16": 0.8582191896788175, "17": 0.8774979417708255, "18": 0.8773661498274752, "19": 0.9216328636882516, "20": 0.9384310919219484, "21": 0.9546129392127094, "22": 0.9641334336593931, "23": 0.9659728004440744, "id_test_conf": [0.9067826534198468, 0.9096064657150662], "id_test_balanced": 0.7097432613372803, "id_test_balanced_conf": [0.7083601941470988, 0.7111263285274617], "ood_test_conf": [0.8665017190675748, 0.869786572490207], "ood_test_balanced": 0.7312133312225342, "ood_test_balanced_conf": [0.7297872282424942, 0.7326394342025742], "features": ["ENG", "POBP", "OCCP", "DIS", "ESP", "MIG", "MIL", "ANC", "NATIVITY", "DEAR", "DEYE", "DREM", "DPHY", "FER", "AGEP", "SEX", "ST", "MAR", "CIT", "RAC1P", "SCHL", "DIVISION", "WKHP"]}