{"validation": 0.9722614709600654, "id_test": 0.9717039010937936, "ood_test": 0.9603633007560617, "ood_validation": 0.961001100110011, "train": 0.971381517281554, "id_test_conf": [0.970883231954871, 0.9725075632191531], "id_test_balanced": 0.5818033218383789, "id_test_balanced_conf": [0.580900828060694, 0.5827058156160638], "ood_test_conf": [0.9594066679402685, 0.9613035761508095], "ood_test_balanced": 0.615382730960846, "ood_test_balanced_conf": [0.6143618881050498, 0.6164035738166421], "features": ["ENG", "POBP", "OCCP", "DIS", "ESP", "MIG", "MIL", "ANC", "NATIVITY", "DEAR", "DEYE", "DREM", "DPHY", "FER", "AGEP", "SEX", "ST", "MAR", "CIT", "RAC1P", "SCHL", "DIVISION", "WKHP"]}