{"validation": 0.9722614709600654, "id_test": 0.971710098224522, "ood_test": 0.9603877489899824, "ood_validation": 0.961001100110011, "train": 0.9713807426366126, "id_test_conf": [0.9708895149851507, 0.9725136742177891], "id_test_balanced": 0.5818065404891968, "id_test_balanced_conf": [0.5809040679316968, 0.5827090130466968], "ood_test_conf": [0.9594313952946837, 0.9613277443749536], "ood_test_balanced": 0.6155078411102295, "ood_test_balanced_conf": [0.6144866682006977, 0.6165290140197612], "features": ["ENG", "POBP", "OCCP", "DIS", "ESP", "MIG", "MIL", "ANC", "NATIVITY", "DEAR", "DEYE", "DREM", "DPHY", "FER", "AGEP", "SEX", "ST", "MAR", "CIT", "RAC1P", "SCHL", "DIVISION", "WKHP"]}