{"id_test": 0.6376897226633185, "id_test_conf": [0.6319317084090443, 0.6434181791110691], "id_test_balanced": 0.5947015285491943, "id_test_balanced_conf": [0.5910036913771183, 0.5983993657212704], "ood_test": 0.5113628703116965, "ood_test_conf": [0.5100021494147935, 0.5127234644019486], "ood_test_balanced": 0.560888409614563, "ood_test_balanced_conf": [0.560120551007567, 0.561656268221559], "validation": 0.6411610473060305, "validation_conf": [0.6354146646634085, 0.6468771266835803], "validation_balanced": 0.5977826714515686, "validation_balanced_conf": [0.5940888143191114, 0.6014765285840258], "features": ["AGEG5YR", "SMOKE100", "PRACE1", "SEX", "BMI5CAT", "IYEAR"]}