{"id_test": 0.6379482255622438, "id_test_conf": [0.6321910663341237, 0.6436757714717106], "id_test_balanced": 0.5956391096115112, "id_test_balanced_conf": [0.5919284985726699, 0.5993497206503525], "ood_test": 0.510031953558517, "ood_test_conf": [0.5086711626164825, 0.5113926325465883], "ood_test_balanced": 0.5599926710128784, "ood_test_balanced_conf": [0.5592282549245283, 0.5607570871012285], "validation": 0.6407548284648621, "validation_conf": [0.6350070679204185, 0.6464723729798668], "validation_balanced": 0.597869336605072, "validation_balanced_conf": [0.5941652257880196, 0.6015734474221245], "features": ["AGEG5YR", "SMOKE100", "PRACE1", "SEX", "BMI5CAT", "IYEAR"]}