{"id_test": 0.6377266516488792, "id_test_conf": [0.6319687594314971, 0.6434549781294399], "id_test_balanced": 0.5941012501716614, "id_test_balanced_conf": [0.5904161720350385, 0.5977863283082843], "ood_test": 0.5112819752268433, "ood_test_conf": [0.5099212497972412, 0.5126425747525671], "ood_test_balanced": 0.5610103011131287, "ood_test_balanced_conf": [0.5602441981912125, 0.5617764040350448], "validation": 0.6413826212193952, "validation_conf": [0.635636992035745, 0.6470978995547745], "validation_balanced": 0.597435474395752, "validation_balanced_conf": [0.5937531710835173, 0.6011177777079866], "features": ["AGEG5YR", "SMOKE100", "PRACE1", "SEX", "BMI5CAT", "IYEAR"]}