{"id_test": 0.6369511429521031, "id_test_conf": [0.6311906956345288, 0.6426821910685867], "id_test_balanced": 0.5930017828941345, "id_test_balanced_conf": [0.5893218585243448, 0.5966817072639242], "ood_test": 0.5076339921146553, "ood_test_conf": [0.5062730993056948, 0.5089947997302785], "ood_test_balanced": 0.558601438999176, "ood_test_balanced_conf": [0.5578453832073137, 0.5593574947910384], "validation": 0.6399423907825252, "validation_conf": [0.6341918877765271, 0.645662852229453], "validation_balanced": 0.5952903032302856, "validation_balanced_conf": [0.5916194065660239, 0.5989611998945474], "features": ["AGEG5YR", "SMOKE100", "PRACE1", "SEX", "BMI5CAT", "IYEAR"]}