{"validation": 0.401491931016655, "id_test": 0.40241515565567415, "ood_test": 0.5842454896175011, "ood_validation": 0.5874878657606435, "train": 0.40171721368231544, "id_test_conf": [0.3965666704929967, 0.408284587561116], "id_test_balanced": 0.5001561045646667, "id_test_balanced_conf": [0.49996348117449085, 0.5003487279548426], "ood_test_conf": [0.5829034550487299, 0.5855865840161499], "ood_test_balanced": 0.5003974437713623, "ood_test_balanced_conf": [0.500341309768919, 0.5004535777738056], "features": ["AGEG5YR", "SMOKE100", "PRACE1", "SEX", "BMI5CAT", "IYEAR"]}