{"validation": 0.6160124081391484, "id_test": 0.6095129066804534, "ood_test": 0.5433780631790612, "ood_validation": 0.5475835529052836, "train": 0.6129529612703688, "id_test_conf": [0.6036722681842039, 0.6153300375497007], "id_test_balanced": 0.5993597507476807, "id_test_balanced_conf": [0.5952558422926814, 0.60346365920268], "ood_test_conf": [0.5420219403239304, 0.5447337019447929], "ood_test_balanced": 0.5695851445198059, "ood_test_balanced_conf": [0.5686812967574224, 0.5704889922821894], "features": ["AGEG5YR", "SMOKE100", "PRACE1", "SEX", "BMI5CAT", "IYEAR"]}