{"validation": 0.6387975922301414, "id_test": 0.6369511429521031, "ood_test": 0.4985891511986918, "ood_validation": 0.4957183469699071, "train": 0.6348751327147671, "id_test_conf": [0.6311906956345288, 0.6426821910685867], "id_test_balanced": 0.5883429050445557, "id_test_balanced_conf": [0.5847647752705961, 0.5919210348185152], "ood_test_conf": [0.497228155743185, 0.4999501623988886], "ood_test_balanced": 0.5530588626861572, "ood_test_balanced_conf": [0.5523339515656699, 0.5537837738066446], "features": ["AGEG5YR", "SMOKE100", "PRACE1", "SEX", "BMI5CAT", "IYEAR"]}