{"validation": 0.8503246753246754, "id_test": 0.8420454545454545, "ood_test": 0.5584319526627219, "ood_validation": 0.5695364238410596, "train": 0.8459454523316693, "id_test_conf": [0.8354843356219973, 0.8484445410717052], "id_test_balanced": 0.8208058476448059, "id_test_balanced_conf": [0.8160303614102304, 0.8255813338793814], "ood_test_conf": [0.5314897982583098, 0.5851195982940116], "ood_test_balanced": 0.6476752758026123, "ood_test_balanced_conf": [0.6320133500918746, 0.66333720151335], "features": ["AccredAgency", "HIGHDEG", "CONTROL", "region", "LOCALE", "locale2", "CCBASIC", "HBCU", "DISTANCEONLY", "median_hh_inc", "poverty_rate", "unemp_rate", "TUITIONFEE_IN", "TUITIONFEE_OUT", "TUITIONFEE_PROG", "ADM_RATE", "ADM_RATE_ALL", "SATVRMID", "SATMTMID", "SATWRMID", "ACTCMMID", "ACTENMID", "ACTMTMID", "ACTWRMID", "NPT4_PROG", "COSTT4_A", "COSTT4_P", "loan_ever", "pell_ever", "PCIP09"]}