{"validation": 0.8759294133535409, "id_test": 0.8757155826324438, "ood_test": 0.45383001049317945, "ood_validation": 0.5471698113207547, "train": 0.8757994040869842, "id_test_conf": [0.8744572427020856, 0.876965747552841], "id_test_balanced": 0.8532153367996216, "id_test_balanced_conf": [0.8522780411201529, 0.8541526324790902], "ood_test_conf": [0.43130233222977327, 0.476499971667486], "ood_test_balanced": 0.5138735771179199, "ood_test_balanced_conf": [0.5087382741272449, 0.5190088801085949], "features": ["hint_count", "attempt_count", "skill_id", "problem_type", "bottom_hint", "tutor_mode", "position", "first_action", "school_id"]}