{"id_test": 0.9264534861910371, "id_test_conf": [0.9254560467001661, 0.9274416418428383], "id_test_balanced": 0.8808362483978271, "id_test_balanced_conf": [0.8800250483048149, 0.8816474484908394], "ood_test": 0.45435466946484787, "ood_test_conf": [0.4318240137472446, 0.4770259910353815], "ood_test_balanced": 0.5158286690711975, "ood_test_balanced_conf": [0.5118984526209533, 0.5197588855214417], "validation": 0.9255944118904886, "validation_conf": [0.9245916735910339, 0.9265878851762747], "validation_balanced": 0.880016565322876, "validation_balanced_conf": [0.8792038052040152, 0.8808293254417368], "features": ["hint_count", "attempt_count", "skill_id", "problem_type", "bottom_hint", "tutor_mode", "position", "first_action", "school_id"]}