{"validation": 0.9206425425598164, "id_test": 0.9217079447491427, "ood_test": 0.45120671563483733, "ood_validation": 0.5518867924528302, "train": 0.9206391856418163, "id_test_conf": [0.9206817099943521, 0.9227249996241961], "id_test_balanced": 0.8716937899589539, "id_test_balanced_conf": [0.8708644775825087, 0.872523102335399], "ood_test_conf": [0.4286942998756706, 0.4738694997049344], "ood_test_balanced": 0.5130353569984436, "ood_test_balanced_conf": [0.5094584700884297, 0.5166122439084575], "features": ["hint_count", "attempt_count", "skill_id", "problem_type", "bottom_hint", "tutor_mode", "position", "first_action", "school_id"]}