{"validation": 0.9229083979202148, "id_test": 0.9240938454266485, "ood_test": 0.45120671563483733, "ood_validation": 0.5518867924528302, "train": 0.9229683483343227, "id_test_conf": [0.9230819441645681, 0.9250965145514545], "id_test_balanced": 0.8756191730499268, "id_test_balanced_conf": [0.8747983302082867, 0.8764400158915668], "ood_test_conf": [0.4286942998756706, 0.4738694997049344], "ood_test_balanced": 0.5130353569984436, "ood_test_balanced_conf": [0.5094584700884297, 0.5166122439084575], "features": ["hint_count", "attempt_count", "skill_id", "problem_type", "bottom_hint", "tutor_mode", "position", "first_action", "school_id"]}