{"validation": 0.6065210158589331, "id_test": 0.6062398343930209, "ood_test": 0.4322705168697047, "ood_validation": 0.43382212581344903, "train": 0.6072889086044609, "id_test_conf": [0.6003880014453469, 0.6120688396328439], "id_test_balanced": 0.5118208527565002, "id_test_balanced_conf": [0.5106917417794467, 0.5129499637335538], "ood_test_conf": [0.430921681982176, 0.43362010843656784], "ood_test_balanced": 0.5126794576644897, "ood_test_balanced_conf": [0.512391777843004, 0.5129671374859754], "features": ["IYEAR", "BMI5CAT", "AGEG5YR", "FRUIT_ONCE_PER_DAY", "VEG_ONCE_PER_DAY", "DRNK_PER_WEEK", "RFBING5", "TOTINDA", "SMOKE100", "SMOKDAY2", "DIABETES", "PRACE1", "SEX", "MEDCOST", "POVERTY", "EMPLOY1", "STATE"]}