{"id_test": 0.6702646754398935, "id_test_conf": [0.664625987676685, 0.6758667724974199], "id_test_balanced": 0.6370925903320312, "id_test_balanced_conf": [0.633299956205301, 0.6408852244587615], "ood_test": 0.6025583180042497, "ood_test_conf": [0.601224923140756, 0.6038905670644481], "ood_test_balanced": 0.6281688213348389, "ood_test_balanced_conf": [0.6272858708910644, 0.6290517717786134], "validation": 0.6631917489187091, "validation_conf": [0.657523906614468, 0.668824520030765], "validation_balanced": 0.6294122338294983, "validation_balanced_conf": [0.6256116270739586, 0.633212840585038], "features": ["IYEAR", "BMI5CAT", "AGEG5YR", "FRUIT_ONCE_PER_DAY", "VEG_ONCE_PER_DAY", "DRNK_PER_WEEK", "RFBING5", "TOTINDA", "SMOKE100", "SMOKDAY2", "DIABETES", "PRACE1", "SEX", "MEDCOST", "POVERTY", "EMPLOY1", "STATE"]}