{"validation": 0.6447081438763816, "id_test": 0.6492311104539406, "ood_test": 0.5358527019679072, "ood_validation": 0.5386203904555315, "train": 0.6445374773001372, "id_test_conf": [0.6435101589193208, 0.6549199935690171], "id_test_balanced": 0.5833871364593506, "id_test_balanced_conf": [0.5803458210034296, 0.5864284519152716], "ood_test_conf": [0.5344942488915998, 0.5372107544974185], "ood_test_balanced": 0.587479829788208, "ood_test_balanced_conf": [0.586738049875712, 0.588221609700704], "features": ["IYEAR", "BMI5CAT", "AGEG5YR", "FRUIT_ONCE_PER_DAY", "VEG_ONCE_PER_DAY", "DRNK_PER_WEEK", "RFBING5", "TOTINDA", "SMOKE100", "SMOKDAY2", "DIABETES", "PRACE1", "SEX", "MEDCOST", "POVERTY", "EMPLOY1", "STATE"]}