{"validation": 0.6399763409855458, "id_test": 0.6467174330918232, "ood_test": 0.6279698894377793, "ood_validation": 0.6279566160520608, "train": 0.6407345282818341, "id_test_conf": [0.640987471954183, 0.6524158661963632], "id_test_balanced": 0.6487011909484863, "id_test_balanced_conf": [0.6446795387752354, 0.6527228431217372], "ood_test_conf": [0.6266527430465743, 0.6292856061051362], "ood_test_balanced": 0.6285532712936401, "ood_test_balanced_conf": [0.6276233980013057, 0.6294831445859745], "features": ["IYEAR", "BMI5CAT", "AGEG5YR", "FRUIT_ONCE_PER_DAY", "VEG_ONCE_PER_DAY", "DRNK_PER_WEEK", "RFBING5", "TOTINDA", "SMOKE100", "SMOKDAY2", "DIABETES", "PRACE1", "SEX", "MEDCOST", "POVERTY", "EMPLOY1", "STATE"]}