{"validation": 0.761744966442953, "id_test": 0.7718120805369127, "ood_test": 0.4767132401862941, "ood_validation": 0.4757757212847033, "train": 0.7441275167785235, "id_test_conf": [0.7199053599170644, 0.8182243367228025], "id_test_balanced": 0.5656116604804993, "id_test_balanced_conf": [0.5445900144055486, 0.58663330655545], "ood_test_conf": [0.4713169741505876, 0.4821135978545195], "ood_test_balanced": 0.5051911473274231, "ood_test_balanced_conf": [0.5044506541453302, 0.505931640509516], "features": ["EDUCATION", "RACE", "GENDER", "AGE", "ORIGIN", "HEALTHDISAB", "HEALTH_HEARING", "HEALTH_SEEING", "HEALTH_COGNITIVE", "HEALTH_AMBULATORY", "HEALTH_SELF_CARE", "HEALTH_ERRANDS_DIFFICULTY", "HEALTH_CORE_DISABILITY", "HEALTH_SUPPLEMENTAL_DISABILITY", "CITIZENSHIP_STATUS"]}