{"id_test": 0.9337662337662338, "id_test_conf": [0.9292308663872331, 0.9380953311519095], "id_test_balanced": 0.7982648611068726, "id_test_balanced_conf": [0.7937968945968896, 0.8027328276168555], "ood_test": 0.8313609467455622, "ood_test_conf": [0.8103176752809526, 0.8509525265169117], "ood_test_balanced": 0.7743511199951172, "ood_test_balanced_conf": [0.7596526326611638, 0.7890496073290706], "features": ["AccredAgency", "HIGHDEG", "CONTROL", "region", "LOCALE", "locale2", "CCBASIC", "HBCU", "DISTANCEONLY", "median_hh_inc", "poverty_rate", "unemp_rate", "TUITIONFEE_IN", "TUITIONFEE_OUT", "TUITIONFEE_PROG", "ADM_RATE", "ADM_RATE_ALL", "SATVRMID", "SATMTMID", "SATWRMID", "ACTCMMID", "ACTENMID", "ACTMTMID", "ACTWRMID", "NPT4_PROG", "COSTT4_A", "COSTT4_P", "loan_ever", "pell_ever", "UG_HISPOld"]}