{"validation": 0.7856978615773741, "id_test": 0.7744827586206896, "ood_test": 0.7628467806509349, "ood_validation": 0.7736328952946163, "train": 0.7871881825497183, "id_test_conf": [0.7617663888388122, 0.7868295285710512], "id_test_balanced": 0.7294003963470459, "id_test_balanced_conf": [0.7203597515262663, 0.7384410411678255], "ood_test_conf": [0.7570661500731761, 0.7685553605273794], "ood_test_balanced": 0.7360289096832275, "ood_test_balanced_conf": [0.7320596909895539, 0.7399981283769012], "features": ["VCF0004", "VCF0901b", "VCF0218", "VCF0224", "VCF0302", "VCF9201", "VCF9202", "VCF9203", "VCF9206", "VCF0428", "VCF0429", "VCF0822", "VCF0870", "VCF0803", "VCF0601", "VCF0612", "VCF0615", "VCF0616", "VCF0617", "VCF0310", "VCF0743", "VCF0717", "VCF0718", "VCF0720", "VCF0721", "VCF0701", "VCF0675", "VCF0724", "VCF0725", "VCF0726", "VCF0745", "VCF0101", "VCF0104", "VCF0105a", "VCF0115", "VCF0140a", "VCF0112", "VCF9008"]}