{"validation": 0.7679926419866636, "id_test": 0.7540229885057471, "ood_test": 0.73086524421836, "ood_validation": 0.7312420517168292, "train": 0.7585067249109093, "id_test_conf": [0.7409420277075638, 0.7667620207183208], "id_test_balanced": 0.7132885456085205, "id_test_balanced_conf": [0.7040215156413615, 0.7225555755756795], "ood_test_conf": [0.7248445839069569, 0.7368226345290181], "ood_test_balanced": 0.6989233493804932, "ood_test_balanced_conf": [0.6948672876507044, 0.702979411110282], "features": ["VCF0004", "VCF0901b", "VCF0218", "VCF0224", "VCF0302", "VCF9201", "VCF9202", "VCF9203", "VCF9206", "VCF0428", "VCF0429", "VCF0822", "VCF0870", "VCF0803", "VCF0601", "VCF0612", "VCF0615", "VCF0616", "VCF0617", "VCF0310", "VCF0743", "VCF0717", "VCF0718", "VCF0720", "VCF0721", "VCF0701", "VCF0675", "VCF0724", "VCF0725", "VCF0726", "VCF0745", "VCF0101", "VCF0104", "VCF0105a", "VCF0115", "VCF0140a", "VCF0112", "VCF9008"]}