{"validation": 0.7438491607266038, "id_test": 0.7455172413793103, "ood_test": 0.6916301634402524, "ood_validation": 0.6960576515472658, "0": 0.7549407114624506, "1": 0.742713567839196, "3": 0.7555381297784748, "id_test_conf": [0.732296353997493, 0.7584076927541932], "id_test_balanced": 0.6621789336204529, "id_test_balanced_conf": [0.6532204916886986, 0.6711373755522072], "ood_test_conf": [0.6853686224364424, 0.6978391978573952], "ood_test_balanced": 0.6514537334442139, "ood_test_balanced_conf": [0.6473977447301149, 0.6555097221583128], "features": ["VCF0004", "VCF0901b", "VCF0218", "VCF0224", "VCF0302", "VCF9201", "VCF9202", "VCF9203", "VCF9206", "VCF0428", "VCF0429", "VCF0822", "VCF0870", "VCF0803", "VCF0601", "VCF0612", "VCF0615", "VCF0616", "VCF0617", "VCF0310", "VCF0743", "VCF0717", "VCF0718", "VCF0720", "VCF0721", "VCF0701", "VCF0675", "VCF0724", "VCF0725", "VCF0726", "VCF0745", "VCF0101", "VCF0104", "VCF0105a", "VCF0115", "VCF0140a", "VCF0112", "VCF9008"]}