{"validation": 0.426764773511152, "id_test": 0.4188505747126437, "ood_test": 0.4427017097640243, "ood_validation": 0.4306909707503179, "0": 0.45543478260869563, "1": 0.43165829145728646, "3": 0.38453244461870223, "id_test_conf": [0.4041328128927868, 0.43367740606827154], "id_test_balanced": 0.540294885635376, "id_test_balanced_conf": [0.531908059809357, 0.548681711461395], "ood_test_conf": [0.43600506703571457, 0.4494140467026226], "ood_test_balanced": 0.5035372972488403, "ood_test_balanced_conf": [0.49989924076013265, 0.507175353737548], "features": ["VCF0004", "VCF0901b", "VCF0218", "VCF0224", "VCF0302", "VCF9201", "VCF9202", "VCF9203", "VCF9206", "VCF0428", "VCF0429", "VCF0822", "VCF0870", "VCF0803", "VCF0601", "VCF0612", "VCF0615", "VCF0616", "VCF0617", "VCF0310", "VCF0743", "VCF0717", "VCF0718", "VCF0720", "VCF0721", "VCF0701", "VCF0675", "VCF0724", "VCF0725", "VCF0726", "VCF0745", "VCF0101", "VCF0104", "VCF0105a", "VCF0115", "VCF0140a", "VCF0112", "VCF9008"]}