{"validation": 0.38882501724534374, "id_test": 0.37908045977011495, "ood_test": 0.4046912533559418, "ood_validation": 0.39805002119542177, "0": 0.42648221343873516, "1": 0.39174443646805457, "3": 0.36139972554401095, "id_test_conf": [0.3646333505226793, 0.3936901199681912], "id_test_balanced": 0.4882619082927704, "id_test_balanced_conf": [0.4793997631035745, 0.49712405348196625], "ood_test_conf": [0.3980788183801411, 0.4113297951933766], "ood_test_balanced": 0.46326178312301636, "ood_test_balanced_conf": [0.4595469419658184, 0.4669766242802143], "features": ["VCF0004", "VCF0901b", "VCF0218", "VCF0224", "VCF0302", "VCF9201", "VCF9202", "VCF9203", "VCF9206", "VCF0428", "VCF0429", "VCF0822", "VCF0870", "VCF0803", "VCF0601", "VCF0612", "VCF0615", "VCF0616", "VCF0617", "VCF0310", "VCF0743", "VCF0717", "VCF0718", "VCF0720", "VCF0721", "VCF0701", "VCF0675", "VCF0724", "VCF0725", "VCF0726", "VCF0745", "VCF0101", "VCF0104", "VCF0105a", "VCF0115", "VCF0140a", "VCF0112", "VCF9008"]}