{"validation": 0.7024603357093585, "id_test": 0.7055172413793104, "ood_test": 0.5967217747633178, "ood_validation": 0.5871131835523526, "train": 0.6937579032072652, "id_test_conf": [0.6917222473375776, 0.719035776127446], "id_test_balanced": 0.50371253490448, "id_test_balanced_conf": [0.5023819905240089, 0.5050430792849511], "ood_test_conf": [0.590086758065639, 0.6033302974742529], "ood_test_balanced": 0.5028243660926819, "ood_test_balanced_conf": [0.5023063547979109, 0.5033423773874529], "features": ["VCF0004", "VCF0901b", "VCF0218", "VCF0224", "VCF0302", "VCF9201", "VCF9202", "VCF9203", "VCF9206", "VCF0428", "VCF0429", "VCF0822", "VCF0870", "VCF0803", "VCF0601", "VCF0612", "VCF0615", "VCF0616", "VCF0617", "VCF0310", "VCF0743", "VCF0717", "VCF0718", "VCF0720", "VCF0721", "VCF0701", "VCF0675", "VCF0724", "VCF0725", "VCF0726", "VCF0745", "VCF0101", "VCF0104", "VCF0105a", "VCF0115", "VCF0140a", "VCF0112", "VCF9008"]}