{"validation": 0.7447689123936537, "id_test": 0.7432183908045977, "ood_test": 0.6404785455230559, "ood_validation": 0.6401017380245867, "train": 0.7350557535348891, "id_test_conf": [0.7299608098054335, 0.7561486408921265], "id_test_balanced": 0.5695204734802246, "id_test_balanced_conf": [0.5642488182522356, 0.5747921287082136], "ood_test_conf": [0.633981385056414, 0.6469372221399506], "ood_test_balanced": 0.5572531223297119, "ood_test_balanced_conf": [0.5550704764062538, 0.55943576825317], "features": ["VCF0004", "VCF0901b", "VCF0218", "VCF0224", "VCF0302", "VCF9201", "VCF9202", "VCF9203", "VCF9206", "VCF0428", "VCF0429", "VCF0822", "VCF0870", "VCF0803", "VCF0601", "VCF0612", "VCF0615", "VCF0616", "VCF0617", "VCF0310", "VCF0743", "VCF0717", "VCF0718", "VCF0720", "VCF0721", "VCF0701", "VCF0675", "VCF0724", "VCF0725", "VCF0726", "VCF0745", "VCF0101", "VCF0104", "VCF0105a", "VCF0115", "VCF0140a", "VCF0112", "VCF9008"]}