{"validation": 0.7675327661531387, "id_test": 0.7611494252873563, "ood_test": 0.6619094719984928, "ood_validation": 0.6638406104281476, "train": 0.7551730083917692, "id_test_conf": [0.7481908661676208, 0.7737564220886041], "id_test_balanced": 0.6013223528862, "id_test_balanced_conf": [0.5951799047831446, 0.6074648009892553], "ood_test_conf": [0.6555008404650533, 0.6682737456574167], "ood_test_balanced": 0.5842295289039612, "ood_test_balanced_conf": [0.5816448695445433, 0.586814188263379], "features": ["VCF0004", "VCF0901b", "VCF0218", "VCF0224", "VCF0302", "VCF9201", "VCF9202", "VCF9203", "VCF9206", "VCF0428", "VCF0429", "VCF0822", "VCF0870", "VCF0803", "VCF0601", "VCF0612", "VCF0615", "VCF0616", "VCF0617", "VCF0310", "VCF0743", "VCF0717", "VCF0718", "VCF0720", "VCF0721", "VCF0701", "VCF0675", "VCF0724", "VCF0725", "VCF0726", "VCF0745", "VCF0101", "VCF0104", "VCF0105a", "VCF0115", "VCF0140a", "VCF0112", "VCF9008"]}