{"validation": 0.7693722694872385, "id_test": 0.766896551724138, "ood_test": 0.6683151994724695, "ood_validation": 0.6659601526070369, "train": 0.7583055523623405, "id_test_conf": [0.7540402382769807, 0.7793935302586227], "id_test_balanced": 0.6116849184036255, "id_test_balanced_conf": [0.6053105231840163, 0.6180593136232346], "ood_test_conf": [0.6619358319247683, 0.6746484531183572], "ood_test_balanced": 0.5927363634109497, "ood_test_balanced_conf": [0.5900233376771211, 0.5954493891447783], "features": ["VCF0004", "VCF0901b", "VCF0218", "VCF0224", "VCF0302", "VCF9201", "VCF9202", "VCF9203", "VCF9206", "VCF0428", "VCF0429", "VCF0822", "VCF0870", "VCF0803", "VCF0601", "VCF0612", "VCF0615", "VCF0616", "VCF0617", "VCF0310", "VCF0743", "VCF0717", "VCF0718", "VCF0720", "VCF0721", "VCF0701", "VCF0675", "VCF0724", "VCF0725", "VCF0726", "VCF0745", "VCF0101", "VCF0104", "VCF0105a", "VCF0115", "VCF0140a", "VCF0112", "VCF9008"]}