{"id_test": 0.8335632183908046, "id_test_conf": [0.8221564827748825, 0.8445201429894784], "id_test_balanced": 0.7684792280197144, "id_test_balanced_conf": [0.760277692284435, 0.7766807637549937], "ood_test": 0.7965239508266214, "ood_test_conf": [0.7910447136960899, 0.8019218809368174], "ood_test_balanced": 0.7662556171417236, "ood_test_balanced_conf": [0.7625297843851149, 0.7699814498983324], "validation": 0.831225569096344, "validation_conf": [0.8197572918409652, 0.8422471176325494], "validation_balanced": 0.766810953617096, "validation_balanced_conf": [0.7585879275389016, 0.7750339796952903], "features": ["VCF0004", "VCF0901b", "VCF0218", "VCF0224", "VCF0302", "VCF9201", "VCF9202", "VCF9203", "VCF9206", "VCF0428", "VCF0429", "VCF0822", "VCF0870", "VCF0803", "VCF0601", "VCF0612", "VCF0615", "VCF0616", "VCF0617", "VCF0310", "VCF0743", "VCF0717", "VCF0718", "VCF0720", "VCF0721", "VCF0701", "VCF0675", "VCF0724", "VCF0725", "VCF0726", "VCF0745", "VCF0101", "VCF0104", "VCF0105a", "VCF0115", "VCF0140a", "VCF0112", "VCF9008"]}