{"validation": 0.7247643136353185, "id_test": 0.7248275862068966, "ood_test": 0.628938815882436, "ood_validation": 0.6239932174650276, "0": 0.7144268774703557, "1": 0.7235463029432879, "3": 0.7193687512252499, "id_test_conf": [0.7112930591653928, 0.7380596091500196], "id_test_balanced": 0.5468080043792725, "id_test_balanced_conf": [0.5418176954891533, 0.5517983132693917], "ood_test_conf": [0.622399812763389, 0.6354424975733599], "ood_test_balanced": 0.5458676218986511, "ood_test_balanced_conf": [0.5436460962612182, 0.5480891475360841], "features": ["VCF0004", "VCF0901b", "VCF0218", "VCF0224", "VCF0302", "VCF9201", "VCF9202", "VCF9203", "VCF9206", "VCF0428", "VCF0429", "VCF0822", "VCF0870", "VCF0803", "VCF0601", "VCF0612", "VCF0615", "VCF0616", "VCF0617", "VCF0310", "VCF0743", "VCF0717", "VCF0718", "VCF0720", "VCF0721", "VCF0701", "VCF0675", "VCF0724", "VCF0725", "VCF0726", "VCF0745", "VCF0101", "VCF0104", "VCF0105a", "VCF0115", "VCF0140a", "VCF0112", "VCF9008"]}