{"validation": 0.49114739020464476, "id_test": 0.47701149425287354, "ood_test": 0.543309311855306, "ood_validation": 0.5409071640525647, "0": 0.4990118577075099, "1": 0.46137832017229, "3": 0.5106841795726328, "id_test_conf": [0.4620734638947498, 0.4919804186451331], "id_test_balanced": 0.6103321313858032, "id_test_balanced_conf": [0.6027419345732778, 0.6179223281983286], "ood_test_conf": [0.5365798633549738, 0.5500268979337181], "ood_test_balanced": 0.6045281887054443, "ood_test_balanced_conf": [0.6010454459441825, 0.6080109314667062], "features": ["VCF0004", "VCF0901b", "VCF0218", "VCF0224", "VCF0302", "VCF9201", "VCF9202", "VCF9203", "VCF9206", "VCF0428", "VCF0429", "VCF0822", "VCF0870", "VCF0803", "VCF0601", "VCF0612", "VCF0615", "VCF0616", "VCF0617", "VCF0310", "VCF0743", "VCF0717", "VCF0718", "VCF0720", "VCF0721", "VCF0701", "VCF0675", "VCF0724", "VCF0725", "VCF0726", "VCF0745", "VCF0101", "VCF0104", "VCF0105a", "VCF0115", "VCF0140a", "VCF0112", "VCF9008"]}