{"validation": 0.6530236836054265, "id_test": 0.6429885057471264, "ood_test": 0.6975648815411427, "ood_validation": 0.7058075455701568, "train": 0.6574606276583516, "id_test_conf": [0.6285433824053938, 0.6572413859076239], "id_test_balanced": 0.7161992788314819, "id_test_balanced_conf": [0.7075127080827951, 0.7248858495801688], "ood_test_conf": [0.69133625192856, 0.7037393769834633], "ood_test_balanced": 0.7259303331375122, "ood_test_balanced_conf": [0.7219353011157363, 0.7299253651592881], "features": ["VCF0004", "VCF0901b", "VCF0218", "VCF0224", "VCF0302", "VCF9201", "VCF9202", "VCF9203", "VCF9206", "VCF0428", "VCF0429", "VCF0822", "VCF0870", "VCF0803", "VCF0601", "VCF0612", "VCF0615", "VCF0616", "VCF0617", "VCF0310", "VCF0743", "VCF0717", "VCF0718", "VCF0720", "VCF0721", "VCF0701", "VCF0675", "VCF0724", "VCF0725", "VCF0726", "VCF0745", "VCF0101", "VCF0104", "VCF0105a", "VCF0115", "VCF0140a", "VCF0112", "VCF9008"]}