{"validation": 0.7716716486548632, "id_test": 0.767816091954023, "ood_test": 0.6702463379021243, "ood_validation": 0.6710470538363713, "train": 0.7600586274284401, "id_test_conf": [0.7549764365792362, 0.7802951685000066], "id_test_balanced": 0.6127868890762329, "id_test_balanced_conf": [0.6064092218410224, 0.6191645563114434], "ood_test_conf": [0.6638760510477357, 0.6765699814368061], "ood_test_balanced": 0.5948220491409302, "ood_test_balanced_conf": [0.5921046490827575, 0.5975394491991028], "features": ["VCF0004", "VCF0901b", "VCF0218", "VCF0224", "VCF0302", "VCF9201", "VCF9202", "VCF9203", "VCF9206", "VCF0428", "VCF0429", "VCF0822", "VCF0870", "VCF0803", "VCF0601", "VCF0612", "VCF0615", "VCF0616", "VCF0617", "VCF0310", "VCF0743", "VCF0717", "VCF0718", "VCF0720", "VCF0721", "VCF0701", "VCF0675", "VCF0724", "VCF0725", "VCF0726", "VCF0745", "VCF0101", "VCF0104", "VCF0105a", "VCF0115", "VCF0140a", "VCF0112", "VCF9008"]}