{"validation": 0.32237295930098875, "id_test": 0.3264367816091954, "ood_test": 0.42216570109745183, "ood_validation": 0.42475625264942773, "0": 0.33181818181818185, "1": 0.322254127781766, "3": 0.33562046657518135, "id_test_conf": [0.3125076833529951, 0.3405992830586806], "id_test_balanced": 0.4799893796443939, "id_test_balanced_conf": [0.47310968892648814, 0.4868690703622997], "ood_test_conf": [0.4155095487958502, 0.4288431730577143], "ood_test_balanced": 0.4865228533744812, "ood_test_balanced_conf": [0.4830439729150385, 0.4900017338339239], "features": ["VCF0004", "VCF0901b", "VCF0218", "VCF0224", "VCF0302", "VCF9201", "VCF9202", "VCF9203", "VCF9206", "VCF0428", "VCF0429", "VCF0822", "VCF0870", "VCF0803", "VCF0601", "VCF0612", "VCF0615", "VCF0616", "VCF0617", "VCF0310", "VCF0743", "VCF0717", "VCF0718", "VCF0720", "VCF0721", "VCF0701", "VCF0675", "VCF0724", "VCF0725", "VCF0726", "VCF0745", "VCF0101", "VCF0104", "VCF0105a", "VCF0115", "VCF0140a", "VCF0112", "VCF9008"]}