{"validation": 0.8011037020004599, "id_test": 0.7963218390804597, "ood_test": 0.724082709245914, "ood_validation": 0.7299703264094956, "train": 0.7929359696516841, "id_test_conf": [0.7840417859124145, 0.8082027047758875], "id_test_balanced": 0.670041024684906, "id_test_balanced_conf": [0.662618554951623, 0.677463494418189], "ood_test_conf": [0.7180163742983852, 0.7300876354574793], "ood_test_balanced": 0.6651478409767151, "ood_test_balanced_conf": [0.6617794410139323, 0.6685162409394979], "features": ["VCF0004", "VCF0901b", "VCF0218", "VCF0224", "VCF0302", "VCF9201", "VCF9202", "VCF9203", "VCF9206", "VCF0428", "VCF0429", "VCF0822", "VCF0870", "VCF0803", "VCF0601", "VCF0612", "VCF0615", "VCF0616", "VCF0617", "VCF0310", "VCF0743", "VCF0717", "VCF0718", "VCF0720", "VCF0721", "VCF0701", "VCF0675", "VCF0724", "VCF0725", "VCF0726", "VCF0745", "VCF0101", "VCF0104", "VCF0105a", "VCF0115", "VCF0140a", "VCF0112", "VCF9008"]}