{"validation": 0.8254771211772821, "id_test": 0.8285057471264368, "ood_test": 0.7777777777777778, "ood_validation": 0.7871979652395082, "train": 0.8215599494194735, "id_test_conf": [0.8169697728901747, 0.8395988008884019], "id_test_balanced": 0.7451550364494324, "id_test_balanced_conf": [0.7370727234706282, 0.7532373494282365], "ood_test_conf": [0.7721241748623893, 0.7833552276492974], "ood_test_balanced": 0.7383260726928711, "ood_test_balanced_conf": [0.7346472328342497, 0.7420049125514925], "features": ["VCF0004", "VCF0901b", "VCF0218", "VCF0224", "VCF0302", "VCF9201", "VCF9202", "VCF9203", "VCF9206", "VCF0428", "VCF0429", "VCF0822", "VCF0870", "VCF0803", "VCF0601", "VCF0612", "VCF0615", "VCF0616", "VCF0617", "VCF0310", "VCF0743", "VCF0717", "VCF0718", "VCF0720", "VCF0721", "VCF0701", "VCF0675", "VCF0724", "VCF0725", "VCF0726", "VCF0745", "VCF0101", "VCF0104", "VCF0105a", "VCF0115", "VCF0140a", "VCF0112", "VCF9008"]}