{"validation": 0.8208783628420326, "id_test": 0.8202298850574713, "ood_test": 0.773821299043851, "ood_validation": 0.7821110640101738, "train": 0.817938843545235, "id_test_conf": [0.8084900162136442, 0.8315380970042586], "id_test_balanced": 0.7300806045532227, "id_test_balanced_conf": [0.7219972136802971, 0.7381639954261482], "ood_test_conf": [0.7681330495311858, 0.7794344827823796], "ood_test_balanced": 0.7322853207588196, "ood_test_balanced_conf": [0.7286297523695976, 0.7359408891480416], "features": ["VCF0004", "VCF0901b", "VCF0218", "VCF0224", "VCF0302", "VCF9201", "VCF9202", "VCF9203", "VCF9206", "VCF0428", "VCF0429", "VCF0822", "VCF0870", "VCF0803", "VCF0601", "VCF0612", "VCF0615", "VCF0616", "VCF0617", "VCF0310", "VCF0743", "VCF0717", "VCF0718", "VCF0720", "VCF0721", "VCF0701", "VCF0675", "VCF0724", "VCF0725", "VCF0726", "VCF0745", "VCF0101", "VCF0104", "VCF0105a", "VCF0115", "VCF0140a", "VCF0112", "VCF9008"]}