{"validation": 0.8243274315934698, "id_test": 0.8275862068965517, "ood_test": 0.7810277424520748, "ood_validation": 0.7931326833403984, "train": 0.8258420508104379, "id_test_conf": [0.8160271189855368, 0.838703626547721], "id_test_balanced": 0.7449498176574707, "id_test_balanced_conf": [0.7368452257663012, 0.7530544095486402], "ood_test_conf": [0.7754031465392209, 0.7865752920831569], "ood_test_balanced": 0.7424068450927734, "ood_test_balanced_conf": [0.7387297808844596, 0.7460839093010873], "features": ["VCF0004", "VCF0901b", "VCF0218", "VCF0224", "VCF0302", "VCF9201", "VCF9202", "VCF9203", "VCF9206", "VCF0428", "VCF0429", "VCF0822", "VCF0870", "VCF0803", "VCF0601", "VCF0612", "VCF0615", "VCF0616", "VCF0617", "VCF0310", "VCF0743", "VCF0717", "VCF0718", "VCF0720", "VCF0721", "VCF0701", "VCF0675", "VCF0724", "VCF0725", "VCF0726", "VCF0745", "VCF0101", "VCF0104", "VCF0105a", "VCF0115", "VCF0140a", "VCF0112", "VCF9008"]}