{"validation": 0.5674867785697861, "id_test": 0.5744827586206896, "ood_test": 0.5765625735952146, "ood_validation": 0.6011021619330225, "0": 0.5471343873517787, "1": 0.5675520459440058, "3": 0.611154675553813, "id_test_conf": [0.559629212891089, 0.5892361973716781], "id_test_balanced": 0.515948474407196, "id_test_balanced_conf": [0.5058916063420474, 0.5260053424723447], "ood_test_conf": [0.5698826029252855, 0.5832215729851744], "ood_test_balanced": 0.5403306484222412, "ood_test_balanced_conf": [0.535955362552777, 0.5447059342917054], "features": ["VCF0004", "VCF0901b", "VCF0218", "VCF0224", "VCF0302", "VCF9201", "VCF9202", "VCF9203", "VCF9206", "VCF0428", "VCF0429", "VCF0822", "VCF0870", "VCF0803", "VCF0601", "VCF0612", "VCF0615", "VCF0616", "VCF0617", "VCF0310", "VCF0743", "VCF0717", "VCF0718", "VCF0720", "VCF0721", "VCF0701", "VCF0675", "VCF0724", "VCF0725", "VCF0726", "VCF0745", "VCF0101", "VCF0104", "VCF0105a", "VCF0115", "VCF0140a", "VCF0112", "VCF9008"]}