{"id_test": 0.6687121100103505, "id_test_conf": [0.6630669236722182, 0.6743210394838326], "id_test_balanced": 0.6359151601791382, "id_test_balanced_conf": [0.6321135019976646, 0.6397168183606118], "ood_test": 0.6008557292208969, "ood_test_conf": [0.5995213811751543, 0.6021889504858122], "ood_test_balanced": 0.6263759136199951, "ood_test_balanced_conf": [0.6254916662920732, 0.627260160947917], "validation": 0.6626002735573546, "validation_conf": [0.6569300662337185, 0.6682355368666093], "validation_balanced": 0.6293836236000061, "validation_balanced_conf": [0.6255737509252504, 0.6331934962747618], "features": ["IYEAR", "BMI5CAT", "AGEG5YR", "FRUIT_ONCE_PER_DAY", "VEG_ONCE_PER_DAY", "DRNK_PER_WEEK", "RFBING5", "TOTINDA", "SMOKE100", "SMOKDAY2", "DIABETES", "PRACE1", "SEX", "MEDCOST", "POVERTY", "EMPLOY1", "CHCSCNCR"]}