{"validation": 0.6610846179438837, "id_test": 0.6667159544580807, "ood_test": 0.5998742822325316, "ood_validation": 0.6015444685466378, "train": 0.6623323213699858, "id_test_conf": [0.6610625139558466, 0.6723335673113505], "id_test_balanced": 0.6321507692337036, "id_test_balanced_conf": [0.6283686724118889, 0.6359328660555184], "ood_test_conf": [0.5985393923631719, 0.6012080562864294], "ood_test_balanced": 0.62530118227005, "ood_test_balanced_conf": [0.6244160188233946, 0.6261863457167055], "features": ["IYEAR", "BMI5CAT", "AGEG5YR", "FRUIT_ONCE_PER_DAY", "VEG_ONCE_PER_DAY", "DRNK_PER_WEEK", "RFBING5", "TOTINDA", "SMOKE100", "SMOKDAY2", "DIABETES", "PRACE1", "SEX", "MEDCOST", "POVERTY", "EMPLOY1", "CHCSCNCR"]}