{"validation": 0.6606779786329525, "id_test": 0.6654960816205826, "ood_test": 0.5790267285228934, "ood_validation": 0.580182212581345, "train": 0.6600172819311403, "id_test_conf": [0.6598376527221992, 0.6711189451638386], "id_test_balanced": 0.6204125285148621, "id_test_balanced_conf": [0.6168115074094385, 0.6240135496202857], "ood_test_conf": [0.5776816357544108, 0.5803709383954505], "ood_test_balanced": 0.6148104667663574, "ood_test_balanced_conf": [0.6139677144261078, 0.6156532191066071], "features": ["IYEAR", "BMI5CAT", "AGEG5YR", "FRUIT_ONCE_PER_DAY", "VEG_ONCE_PER_DAY", "DRNK_PER_WEEK", "RFBING5", "TOTINDA", "SMOKE100", "SMOKDAY2", "DIABETES", "PRACE1", "SEX", "MEDCOST", "POVERTY", "EMPLOY1", "CHCSCNCR"]}