{"validation": 0.6374256034897047, "id_test": 0.6385479816649416, "ood_test": 0.5548896884436063, "ood_validation": 0.5543080260303688, "train": 0.6388630892145039, "id_test_conf": [0.6327899253388146, 0.6442762661310211], "id_test_balanced": 0.566797137260437, "id_test_balanced_conf": [0.5639819427253678, 0.5696123317955062], "ood_test_conf": [0.5535358507907998, 0.5562429128661713], "ood_test_balanced": 0.5991352796554565, "ood_test_balanced_conf": [0.5983387850935106, 0.5999317742174025], "features": ["IYEAR", "BMI5CAT", "AGEG5YR", "FRUIT_ONCE_PER_DAY", "VEG_ONCE_PER_DAY", "DRNK_PER_WEEK", "RFBING5", "TOTINDA", "SMOKE100", "SMOKDAY2", "DIABETES", "PRACE1", "SEX", "MEDCOST", "POVERTY", "EMPLOY1", "CHCSCNCR"]}