{"validation": 0.6473328157923921, "id_test": 0.6507097441963625, "ood_test": 0.559476844406909, "ood_validation": 0.5619436008676789, "train": 0.644371127160819, "id_test_conf": [0.6449941732749731, 0.6563929288179943], "id_test_balanced": 0.62208491563797, "id_test_balanced_conf": [0.6181888559274376, 0.6259809753485024], "ood_test_conf": [0.558124418360977, 0.5608286059740049], "ood_test_balanced": 0.5924426913261414, "ood_test_balanced_conf": [0.5915751393779647, 0.593310243274318], "features": ["IYEAR", "BMI5CAT", "AGEG5YR", "FRUIT_ONCE_PER_DAY", "VEG_ONCE_PER_DAY", "DRNK_PER_WEEK", "RFBING5", "TOTINDA", "SMOKE100", "SMOKDAY2", "DIABETES", "PRACE1", "SEX", "MEDCOST", "POVERTY", "EMPLOY1", "CHCSCNCR"]}