{"validation": 0.6590144541791431, "id_test": 0.6618364631080881, "ood_test": 0.5978516144706549, "ood_validation": 0.5982472885032538, "train": 0.658663376630578, "id_test_conf": [0.6561633217802693, 0.667474825941659], "id_test_balanced": 0.6267445683479309, "id_test_balanced_conf": [0.6229582950286567, 0.6305308416672051], "ood_test_conf": [0.5965156255260998, 0.5991865101982683], "ood_test_balanced": 0.6234143972396851, "ood_test_balanced_conf": [0.6225287621573079, 0.6243000323220622], "features": ["IYEAR", "BMI5CAT", "AGEG5YR", "FRUIT_ONCE_PER_DAY", "VEG_ONCE_PER_DAY", "DRNK_PER_WEEK", "RFBING5", "TOTINDA", "SMOKE100", "SMOKDAY2", "DIABETES", "PRACE1", "SEX", "MEDCOST", "POVERTY", "EMPLOY1", "CHCSCNCR"]}