{"validation": 0.9156655844155844, "id_test": 0.9155844155844156, "ood_test": 0.7270710059171598, "ood_validation": 0.7350993377483444, "train": 0.9152461544705548, "id_test_conf": [0.9105359427624595, 0.9204355144686278], "id_test_balanced": 0.7458093166351318, "id_test_balanced_conf": [0.7411745950672776, 0.7504440382029861], "ood_test_conf": [0.7024796836676284, 0.7506712587541624], "ood_test_balanced": 0.6934753656387329, "ood_test_balanced_conf": [0.6764220547676086, 0.7105286765098572], "features": ["AccredAgency", "HIGHDEG", "CONTROL", "region", "LOCALE", "locale2", "CCBASIC", "HBCU", "DISTANCEONLY", "median_hh_inc", "poverty_rate", "unemp_rate", "TUITIONFEE_IN", "TUITIONFEE_OUT", "TUITIONFEE_PROG", "ADM_RATE", "ADM_RATE_ALL", "SATVRMID", "SATMTMID", "SATWRMID", "ACTCMMID", "ACTENMID", "ACTMTMID", "ACTWRMID", "NPT4_PROG", "COSTT4_A", "COSTT4_P", "loan_ever", "pell_ever", "PCIP05"]}