{"validation": 0.7153140778612944, "id_test": 0.712036424683319, "ood_test": 0.6849502843815214, "ood_validation": 0.6884551647946971, "0": 0.49717912552891397, "1": 0.7649665681853522, "2": 0.7369031292856252, "3": 0.742625492332188, "4": 0.7799821446285091, "5": 0.6974837020371494, "7": 0.6727889798362947, "8": 0.716440452296258, "9": 0.701061209868804, "id_test_conf": [0.7088572419705966, 0.7151999559284865], "id_test_balanced": 0.6315156817436218, "id_test_balanced_conf": [0.6292199751315638, 0.6338113883556799], "ood_test_conf": [0.6808109326139522, 0.689067661052581], "ood_test_balanced": 0.6277103424072266, "ood_test_balanced_conf": [0.6247483648872003, 0.6306723199272528], "features": ["AGEP", "SEX", "RAC1P", "POBP", "DIS", "ANC", "NATIVITY", "DEAR", "DEYE", "DREM", "MAR", "DIVISION"]}