{"validation": 0.2810612130693019, "id_test": 0.28356310729002393, "ood_test": 0.275113548017513, "ood_validation": 0.26514454060025777, "0": 0.4773322587144872, "1": 0.3088166692582802, "2": 0.3199476374516893, "3": 0.3128194921645856, "4": 0.34443507588532885, "5": 0.2738902411868142, "7": 0.23273401994057755, "8": 0.29526440253572067, "9": 0.23086016209197152, "id_test_conf": [0.28041432399053323, 0.28672786707387604], "id_test_balanced": 0.5461158156394958, "id_test_balanced_conf": [0.5448316979431547, 0.547399933335837], "ood_test_conf": [0.271157794276387, 0.27909602544233003], "ood_test_balanced": 0.5278531908988953, "ood_test_balanced_conf": [0.5265128253377043, 0.5291935564600863], "features": ["AGEP", "SEX", "RAC1P", "POBP", "DIS", "ANC", "NATIVITY", "DEAR", "DEYE", "DREM", "MAR", "DIVISION"]}