{"validation": 0.21888155468223383, "id_test": 0.221664038256092, "ood_test": 0.23120831457915628, "ood_validation": 0.224452218744246, "0": 0.4748136207938747, "1": 0.2251205100295444, "2": 0.23377384366039147, "3": 0.22631567920891646, "4": 0.22190258902886617, "5": 0.22578341562300835, "7": 0.21387385059833477, "8": 0.21066751455654698, "9": 0.190023731697488, "id_test_conf": [0.21876469698559897, 0.22458392980893413], "id_test_balanced": 0.5163394808769226, "id_test_balanced_conf": [0.51559771191678, 0.5170812498370652], "ood_test_conf": [0.22747649199680742, 0.23497208463274913], "ood_test_balanced": 0.5062955021858215, "ood_test_balanced_conf": [0.5057049897336401, 0.506886014638003], "features": ["AGEP", "SEX", "RAC1P", "POBP", "DIS", "ANC", "NATIVITY", "DEAR", "DEYE", "DREM", "MAR", "DIVISION"]}