{"validation": 0.817403690844112, "id_test": 0.8147606450628275, "ood_test": 0.782908465976513, "ood_validation": 0.7930399558092432, "train": 0.8153534557039703, "id_test_conf": [0.8120272454604679, 0.8174708004035799], "id_test_balanced": 0.5458745360374451, "id_test_balanced_conf": [0.5446768907085061, 0.547072181366384], "ood_test_conf": [0.7792266510898392, 0.7865566527809185], "ood_test_balanced": 0.5424122214317322, "ood_test_balanced_conf": [0.5408271532552317, 0.5439972896082327], "features": ["AGEP", "SEX", "RAC1P", "POBP", "DIS", "ANC", "NATIVITY", "DEAR", "DEYE", "DREM", "MAR", "DIVISION"]}