{"validation": 0.817149325295382, "id_test": 0.8137304776924251, "ood_test": 0.7817627562502557, "ood_validation": 0.7923034431964647, "train": 0.814464768893736, "id_test_conf": [0.810991298206414, 0.8164464891451203], "id_test_balanced": 0.5326902270317078, "id_test_balanced_conf": [0.5316741475369782, 0.5337063065264374], "ood_test_conf": [0.7780740606581946, 0.7854179601800253], "ood_test_balanced": 0.5343272686004639, "ood_test_balanced_conf": [0.5328736816020683, 0.5357808555988595], "features": ["AGEP", "SEX", "RAC1P", "POBP", "DIS", "ANC", "NATIVITY", "DEAR", "DEYE", "DREM", "MAR", "DIVISION"]}