{"validation": 0.8169076780240884, "id_test": 0.8138449407335809, "ood_test": 0.7808625557510537, "ood_validation": 0.7910145461241024, "train": 0.8150307304401464, "id_test_conf": [0.8111064019014358, 0.8165603030627208], "id_test_balanced": 0.5523333549499512, "id_test_balanced_conf": [0.5510415031807497, 0.5536252067191526], "ood_test_conf": [0.7771684828604101, 0.7845232441636052], "ood_test_balanced": 0.5551005601882935, "ood_test_balanced_conf": [0.5532773945783265, 0.5569237257982604], "features": ["AGEP", "SEX", "RAC1P", "POBP", "DIS", "ANC", "NATIVITY", "DEAR", "DEYE", "DREM", "MAR", "DIVISION"]}