{"validation": 0.8174418456764215, "id_test": 0.8140993030472605, "ood_test": 0.7827447931584762, "ood_validation": 0.7913828024304916, "train": 0.8149401130015357, "id_test_conf": [0.8113621892806705, 0.8168132214892108], "id_test_balanced": 0.5537121891975403, "id_test_balanced_conf": [0.5524072667071596, 0.555017111687921], "ood_test_conf": [0.7790619927777239, 0.7863939849457888], "ood_test_balanced": 0.5537341833114624, "ood_test_balanced_conf": [0.551960821703542, 0.5555075449193828], "features": ["AGEP", "SEX", "RAC1P", "POBP", "DIS", "ANC", "NATIVITY", "DEAR", "DEYE", "DREM", "MAR", "DIVISION"]}