{"validation": 0.817276508069747, "id_test": 0.8148878262196673, "ood_test": 0.7834608617373869, "ood_validation": 0.7900939053581293, "train": 0.8149464721200347, "id_test_conf": [0.8121551423722506, 0.8175972563944035], "id_test_balanced": 0.5334308743476868, "id_test_balanced_conf": [0.5324227873329073, 0.5344389613624663], "ood_test_conf": [0.7797823791522331, 0.7871056504648518], "ood_test_balanced": 0.53090500831604, "ood_test_balanced_conf": [0.5295629353285767, 0.5322470813035034], "features": ["AGEP", "SEX", "RAC1P", "POBP", "DIS", "ANC", "NATIVITY", "DEAR", "DEYE", "DREM", "MAR", "DIVISION"]}