{"validation": 0.817251071514874, "id_test": 0.8145825914432517, "ood_test": 0.7835426981464053, "ood_validation": 0.7928558276560486, "train": 0.8147986226149331, "id_test_conf": [0.8118481905936742, 0.8172937612066595], "id_test_balanced": 0.5388416647911072, "id_test_balanced_conf": [0.537741541727446, 0.5399417878547683], "ood_test_conf": [0.7798647100579278, 0.7871869826326003], "ood_test_balanced": 0.5338977575302124, "ood_test_balanced_conf": [0.5324918557098135, 0.5353036593506113], "features": ["AGEP", "SEX", "RAC1P", "POBP", "DIS", "ANC", "NATIVITY", "DEAR", "DEYE", "DREM", "MAR", "DIVISION"]}