{"validation": 0.8166278759204854, "id_test": 0.8144045378236761, "ood_test": 0.7806170465239985, "ood_validation": 0.7899097772049346, "train": 0.8148908298331685, "id_test_conf": [0.8116691366705819, 0.8171167210659651], "id_test_balanced": 0.5526028275489807, "id_test_balanced_conf": [0.5513150059035979, 0.5538906491943635], "ood_test_conf": [0.776921511505186, 0.7842792262963296], "ood_test_balanced": 0.5539074540138245, "ood_test_balanced_conf": [0.5520976579189301, 0.5557172501087189], "features": ["AGEP", "SEX", "RAC1P", "POBP", "DIS", "ANC", "NATIVITY", "DEAR", "DEYE", "DREM", "MAR", "DIVISION"]}