{"id_test": 0.8151676247647148, "id_test_conf": [0.8124365172767634, 0.8178754578754895], "id_test_balanced": 0.5508854985237122, "id_test_balanced_conf": [0.5496287500741892, 0.5521422469732351], "ood_test": 0.7858954949056836, "ood_test_conf": [0.7822318148127698, 0.7895251912299383], "ood_test_balanced": 0.5568561553955078, "ood_test_balanced_conf": [0.5550870896200649, 0.5586252211709507], "validation": 0.8183957164841594, "validation_conf": [0.8156829486147024, 0.8210849707913763], "validation_balanced": 0.5482677817344666, "validation_balanced_conf": [0.5470452352031134, 0.5494903282658197], "features": ["AGEP", "SEX", "RAC1P", "POBP", "DIS", "ANC", "NATIVITY", "DEAR", "DEYE", "DREM", "MAR", "DIVISION"]}