{"validation": 0.6689559566052374, "id_test": 0.6659714096759424, "ood_test": 0.6300789721347028, "ood_validation": 0.6310071809979746, "train": 0.6658092455223857, "id_test_conf": [0.6626622758601028, 0.6692682936114449], "id_test_balanced": 0.6679253578186035, "id_test_balanced_conf": [0.6655976712470875, 0.6702530443901196], "ood_test_conf": [0.6257811220908474, 0.6343613685991557], "ood_test_balanced": 0.6536524295806885, "ood_test_balanced_conf": [0.6506813860218972, 0.6566234731394798], "features": ["AGEP", "SEX", "RAC1P", "POBP", "DIS", "ANC", "NATIVITY", "DEAR", "DEYE", "DREM", "MAR", "DIVISION"]}