{"validation": 0.6861383494219543, "id_test": 0.6846288853843414, "ood_test": 0.6442162117926266, "ood_validation": 0.6531025593813294, "train": 0.6840805827496192, "id_test_conf": [0.6813678930473046, 0.68787625026346], "id_test_balanced": 0.6664746999740601, "id_test_balanced_conf": [0.6641489414731041, 0.668800458475016], "ood_test_conf": [0.6399532726727195, 0.64846201735242], "ood_test_balanced": 0.651921272277832, "ood_test_balanced_conf": [0.6489363048551604, 0.6549062397005037], "features": ["AGEP", "SEX", "RAC1P", "POBP", "DIS", "ANC", "NATIVITY", "DEAR", "DEYE", "DREM", "MAR", "DIVISION"]}