{"id_test": 0.8153583964999745, "id_test_conf": [0.8126283651433295, 0.8180651393626331], "id_test_balanced": 0.550774335861206, "id_test_balanced_conf": [0.5495215448620729, 0.5520271268603392], "ood_test": 0.78556814926961, "ood_test_conf": [0.7819024679035229, 0.7891998858478024], "ood_test_balanced": 0.5554769039154053, "ood_test_balanced_conf": [0.5537232737708837, 0.5572305340599268], "validation": 0.8185228992585244, "validation_conf": [0.815810861099726, 0.821211414442647], "validation_balanced": 0.5490255951881409, "validation_balanced_conf": [0.5477951209782623, 0.5502560693980194], "features": ["AGEP", "SEX", "RAC1P", "POBP", "DIS", "ANC", "NATIVITY", "DEAR", "DEYE", "DREM", "MAR", "DIVISION"]}