{"validation": 0.7735637885204828, "id_test": 0.772536500992013, "ood_test": 0.7339702933835264, "ood_validation": 0.7370649972380777, "0": 0.5615555107797703, "1": 0.8113823666614834, "2": 0.7906370776711134, "3": 0.7941632447833739, "4": 0.8227854379525841, "5": 0.756302262902074, "7": 0.7345718882482121, "8": 0.7798533415472666, "9": 0.7781668383110195, "id_test_conf": [0.7695900675705227, 0.7754628128520746], "id_test_balanced": 0.6307253241539001, "id_test_balanced_conf": [0.6286266836943105, 0.6328239646134898], "ood_test_conf": [0.7300288649260347, 0.7378839177012472], "ood_test_balanced": 0.6278547048568726, "ood_test_balanced_conf": [0.6250668280012905, 0.6306425817124546], "features": ["AGEP", "SEX", "RAC1P", "POBP", "DIS", "ANC", "NATIVITY", "DEAR", "DEYE", "DREM", "MAR", "DIVISION"]}