{"validation": 0.817378254289239, "id_test": 0.8137813501551611, "ood_test": 0.7838905028847334, "ood_validation": 0.7913828024304916, "train": 0.8149798574921544, "id_test_conf": [0.8110424553562914, 0.8164970731564112], "id_test_balanced": 0.5422660708427429, "id_test_balanced_conf": [0.541103614741005, 0.5434285269444808], "ood_test_conf": [0.7802146187786777, 0.7875326419737495], "ood_test_balanced": 0.5389987826347351, "ood_test_balanced_conf": [0.5374967012391426, 0.5405008640303276], "features": ["AGEP", "SEX", "RAC1P", "POBP", "DIS", "ANC", "NATIVITY", "DEAR", "DEYE", "DREM", "MAR", "DIVISION"]}