{"validation": 0.8167423404174139, "id_test": 0.8134379610316935, "ood_test": 0.7844224395433529, "ood_validation": 0.7921193150432702, "train": 0.8139480905156927, "id_test_conf": [0.8106971460809519, 0.8161556295937347], "id_test_balanced": 0.523779571056366, "id_test_balanced_conf": [0.5229249827587046, 0.5246341593540274], "ood_test_conf": [0.7807497807315908, 0.7880612899970993], "ood_test_balanced": 0.5343947410583496, "ood_test_balanced_conf": [0.5329978572460823, 0.5357916248706169], "features": ["AGEP", "SEX", "RAC1P", "POBP", "DIS", "ANC", "NATIVITY", "DEAR", "DEYE", "DREM", "MAR", "DIVISION"]}