{"validation": 0.8105866941381459, "id_test": 0.8071552118838073, "ood_test": 0.7749703343017308, "ood_validation": 0.7847541889154852, "0": 0.5638726576667338, "1": 0.8313637070440056, "2": 0.8162697917965341, "3": 0.8123900108941591, "4": 0.8442862811229045, "5": 0.7986808056453533, "7": 0.789837116719317, "8": 0.821982869974762, "9": 0.8225227242197645, "id_test_conf": [0.8043798730818829, 0.8099078691390615], "id_test_balanced": 0.5485047101974487, "id_test_balanced_conf": [0.5471730039548128, 0.5498364164400846], "ood_test_conf": [0.77124168599774, 0.7786662996352155], "ood_test_balanced": 0.5530281066894531, "ood_test_balanced_conf": [0.551144799652975, 0.5549114137259312], "features": ["AGEP", "SEX", "RAC1P", "POBP", "DIS", "ANC", "NATIVITY", "DEAR", "DEYE", "DREM", "MAR", "DIVISION"]}