{"validation": 0.8176834929477151, "id_test": 0.8145317189805158, "ood_test": 0.7848520806906993, "ood_validation": 0.7943288528816056, "train": 0.8152739667227329, "id_test_conf": [0.8117970322336833, 0.8172431784055767], "id_test_balanced": 0.5422461628913879, "id_test_balanced_conf": [0.5410952625493519, 0.543397063233424], "ood_test_conf": [0.7811820335059689, 0.7884882683567176], "ood_test_balanced": 0.5450277924537659, "ood_test_balanced_conf": [0.5434328427445143, 0.5466227421630174], "features": ["AGEP", "SEX", "RAC1P", "POBP", "DIS", "ANC", "NATIVITY", "DEAR", "DEYE", "DREM", "MAR", "DIVISION"]}