{"validation": 0.8171620435728185, "id_test": 0.8143282291295721, "ood_test": 0.781599083432219, "ood_validation": 0.7899097772049346, "train": 0.8148431364444261, "id_test_conf": [0.8115923995635982, 0.8170408464313026], "id_test_balanced": 0.5541591048240662, "id_test_balanced_conf": [0.5528518566698767, 0.5554663529782556], "ood_test_conf": [0.7779094082573931, 0.7852552864329826], "ood_test_balanced": 0.5564079284667969, "ood_test_balanced_conf": [0.5545775098889135, 0.5582383470446802], "features": ["AGEP", "SEX", "RAC1P", "POBP", "DIS", "ANC", "NATIVITY", "DEAR", "DEYE", "DREM", "MAR", "DIVISION"]}