{"validation": 0.8158902158291681, "id_test": 0.8122933306201353, "ood_test": 0.7834608617373869, "ood_validation": 0.7913828024304916, "train": 0.8132152021086837, "id_test_conf": [0.8095461402917282, 0.8150174592542694], "id_test_balanced": 0.5172946453094482, "id_test_balanced_conf": [0.5165616700053215, 0.518027620613575], "ood_test_conf": [0.7797823791522331, 0.7871056504648518], "ood_test_balanced": 0.5196786522865295, "ood_test_balanced_conf": [0.5186309195775539, 0.5207263849955052], "features": ["AGEP", "SEX", "RAC1P", "POBP", "DIS", "ANC", "NATIVITY", "DEAR", "DEYE", "DREM", "MAR", "DIVISION"]}