{"validation": 0.5989142878245135, "id_test": 0.5978433472432513, "ood_test": 0.41600875207775173, "ood_validation": 0.41254680349466094, "train": 0.5984812814476296, "id_test_conf": [0.5919745010680867, 0.6036911911784046], "id_test_balanced": 0.5, "id_test_balanced_conf": [0.5, 0.5], "ood_test_conf": [0.41466753823249985, 0.4173509032557432], "ood_test_balanced": 0.5, "ood_test_balanced_conf": [0.5, 0.5], "features": ["AGEG5YR", "SMOKE100", "PRACE1", "SEX", "BMI5CAT", "IYEAR"]}