{"validation": 0.5100326644890341, "id_test": 0.5050151621180312, "ood_test": 0.5155587819808507, "ood_validation": 0.5319562146892656, "0": 0.5314139530850279, "13": 0.5235514018691588, "id_test_conf": [0.4899329397064985, 0.5200905452533888], "id_test_balanced": 0.5308627486228943, "id_test_balanced_conf": [0.520815638191998, 0.5409098590537905], "ood_test_conf": [0.5112094961632324, 0.5199062954872142], "ood_test_balanced": 0.517985999584198, "ood_test_balanced_conf": [0.5151669655647129, 0.5208050336036831], "features": ["admission_source_id", "race", "gender", "age", "payer_code", "medical_specialty"]}