{"validation": 0.4974335044330378, "id_test": 0.5103802192675531, "ood_test": 0.5091037513734108, "ood_validation": 0.5173022598870056, "0": 0.5287690239777999, "13": 0.5328971962616822, "id_test_conf": [0.4952968100080183, 0.5254494727922161], "id_test_balanced": 0.5464063882827759, "id_test_balanced_conf": [0.5368998312577605, 0.5559129453077912], "ood_test_conf": [0.5047534507367162, 0.5134530149966885], "ood_test_balanced": 0.5129098892211914, "ood_test_balanced_conf": [0.5104975731298328, 0.51532220531255], "features": ["admission_source_id", "race", "gender", "age", "payer_code", "medical_specialty"]}