{"validation": 0.4225384974335044, "id_test": 0.4177746675997201, "ood_test": 0.4949183801601005, "ood_validation": 0.5095338983050848, "train": 0.428196453569762, "id_test_conf": [0.40295484087395145, 0.4327066422866911], "id_test_balanced": 0.49882203340530396, "id_test_balanced_conf": [0.49610494640190156, 0.5015391204087064], "ood_test_conf": [0.49056839209375835, 0.4992689470764053], "ood_test_balanced": 0.5009499192237854, "ood_test_balanced_conf": [0.5003246455988847, 0.5015751928486861], "features": ["admission_source_id", "race", "gender", "age", "payer_code", "medical_specialty"]}