{"id_test": 0.5922556566363424, "id_test_conf": [0.5773700152948356, 0.607015464876731], "id_test_balanced": 0.5272380113601685, "id_test_balanced_conf": [0.5205787454266101, 0.5338972772937268], "ood_test": 0.5113600690629414, "ood_test_conf": [0.5070100408361438, 0.5157088032575541], "ood_test_balanced": 0.5071622133255005, "ood_test_balanced_conf": [0.5049160366784782, 0.5094083899725228], "features": ["admission_source_id", "race", "gender", "age", "payer_code", "medical_specialty"]}