{"validation": 0.44750349976668224, "id_test": 0.44739911359925355, "ood_test": 0.4936234500078481, "ood_validation": 0.5070621468926554, "0": 0.4682391709664831, "13": 0.4857943925233645, "id_test_conf": [0.4324384328219937, 0.4624315312736963], "id_test_balanced": 0.5188780426979065, "id_test_balanced_conf": [0.5133580437675118, 0.5243980416283012], "ood_test_conf": [0.48927366451020254, 0.4979739618616926], "ood_test_balanced": 0.4990363121032715, "ood_test_balanced_conf": [0.4975705103785731, 0.5005021138279698], "features": ["admission_source_id", "race", "gender", "age", "payer_code", "medical_specialty"]}