{"validation": 0.42930471301913203, "id_test": 0.42010730114299044, "ood_test": 0.49425129493015224, "ood_validation": 0.506885593220339, "train": 0.42869225384974335, "id_test_conf": [0.40527441812645815, 0.4350491497483754], "id_test_balanced": 0.5029934048652649, "id_test_balanced_conf": [0.501387829661835, 0.5045989800686947], "ood_test_conf": [0.4899014075807619, 0.4986018371175615], "ood_test_balanced": 0.5004045963287354, "ood_test_balanced_conf": [0.500253883744881, 0.5005553089125897], "features": ["admission_source_id", "race", "gender", "age", "payer_code", "medical_specialty"]}