{"validation": 0.5277648156789547, "id_test": 0.515978539771402, "ood_test": 0.4903861246272171, "ood_validation": 0.4906426553672316, "train": 0.534414372375175, "id_test_conf": [0.5008957294931854, 0.5310395596957982], "id_test_balanced": 0.5111877918243408, "id_test_balanced_conf": [0.5006241090781987, 0.521751474570483], "ood_test_conf": [0.486036972963203, 0.4947363714132191], "ood_test_balanced": 0.48936188220977783, "ood_test_balanced_conf": [0.48633583981078116, 0.4923879246087745], "features": ["admission_source_id", "race", "gender", "age", "payer_code", "medical_specialty"]}