{"validation": 0.5529631357909472, "id_test": 0.5533006764637276, "ood_test": 0.5056113639930937, "ood_validation": 0.506002824858757, "train": 0.5652414839010733, "id_test_conf": [0.5382700111938217, 0.5682586503541626], "id_test_balanced": 0.5227002501487732, "id_test_balanced_conf": [0.5128581549972295, 0.5325423453003169], "ood_test_conf": [0.5012608160827257, 0.509961272710045], "ood_test_balanced": 0.503326416015625, "ood_test_balanced_conf": [0.5004759578686208, 0.5061768741626292], "features": ["admission_source_id", "race", "gender", "age", "payer_code", "medical_specialty"]}