{"validation": 0.5851609892673821, "id_test": 0.5857242827151854, "ood_test": 0.5027468215350809, "ood_validation": 0.4941737288135593, "train": 0.5874941670555296, "id_test_conf": [0.5708077551460407, 0.6005238886146839], "id_test_balanced": 0.5257506966590881, "id_test_balanced_conf": [0.5183734701853245, 0.5331279231328517], "ood_test_conf": [0.4983962289197031, 0.5070971012586184], "ood_test_balanced": 0.4987616539001465, "ood_test_balanced_conf": [0.49642088770866394, 0.501102420091629], "features": ["admission_source_id", "race", "gender", "age", "payer_code", "medical_specialty"]}