{"validation": 0.5830611292580494, "id_test": 0.5871238628411477, "ood_test": 0.5058271856851357, "ood_validation": 0.4978813559322034, "train": 0.5855984601026598, "id_test_conf": [0.5722137284282901, 0.6019151660489226], "id_test_balanced": 0.5208306312561035, "id_test_balanced_conf": [0.5143641276564449, 0.5272971348557621], "ood_test_conf": [0.5014766469150569, 0.5101770606774206], "ood_test_balanced": 0.5011773109436035, "ood_test_balanced_conf": [0.49916374768130484, 0.5031908742059022], "features": ["admission_source_id", "race", "gender", "age", "payer_code", "medical_specialty"]}