{"validation": 0.9228296181808633, "id_test": 0.9240413256004142, "ood_test": 0.45068205666316896, "ood_validation": 0.5377358490566038, "train": 0.9230846423443372, "id_test_conf": [0.9230291057364366, 0.9250443144776481], "id_test_balanced": 0.8803325891494751, "id_test_balanced_conf": [0.8795147501048632, 0.881150428194087], "ood_test_conf": [0.42817276850460056, 0.4733433302353122], "ood_test_balanced": 0.5118927359580994, "ood_test_balanced_conf": [0.5077003749273717, 0.516085096988827], "features": ["hint_count", "attempt_count", "skill_id", "bottom_hint", "tutor_mode", "position", "type", "first_action", "school_id"]}