{"validation": 0.8812076558900985, "id_test": 0.8835147768282526, "ood_test": 0.4685204616998951, "ood_validation": 0.5047169811320755, "train": 0.8821013202183702, "id_test_conf": [0.8822908959963917, 0.8847303124825241], "id_test_balanced": 0.8685787320137024, "id_test_balanced_conf": [0.8676776252489071, 0.8694798387784977], "ood_test_conf": [0.4459188421115403, 0.49121908899914796], "ood_test_balanced": 0.5034826397895813, "ood_test_balanced_conf": [0.4902344247698784, 0.5167308548092842], "features": ["hint_count", "attempt_count", "skill_id", "bottom_hint", "tutor_mode", "position", "type", "first_action", "school_id"]}