{"validation": 0.9051717023176249, "id_test": 0.9061733304322381, "ood_test": 0.45015739769150054, "ood_validation": 0.5518867924528302, "train": 0.9052081897242988, "id_test_conf": [0.9050601189435986, 0.9072777018957833], "id_test_balanced": 0.8481431007385254, "id_test_balanced_conf": [0.8472661716362927, 0.8490200298407581], "ood_test_conf": [0.42765126218488786, 0.4728171357220796], "ood_test_balanced": 0.5121042728424072, "ood_test_balanced_conf": [0.5086542048305273, 0.5155543408542872], "features": ["hint_count", "attempt_count", "skill_id", "bottom_hint", "tutor_mode", "position", "type", "first_action", "school_id"]}