{"validation": 0.61211477151966, "id_test": 0.6401273885350318, "ood_test": 0.6067761135456864, "ood_validation": 0.6227192466156563, "train": 0.6347098658876643, "id_test_conf": [0.6085461348818306, 0.6708293083556613], "id_test_balanced": 0.6789056062698364, "id_test_balanced_conf": [0.6601878644153476, 0.6976233481243252], "ood_test_conf": [0.5989809837717777, 0.6145305942148958], "ood_test_balanced": 0.6330043077468872, "ood_test_balanced_conf": [0.6283516795374453, 0.6376569359563291], "features": ["SEX", "WHTLGSPK", "BORNUSA", "HWELLSPK", "OTHLGSPK", "HIDEG", "EDUCYR", "YRSINUS", "HISPNCAT", "RACEWX", "RACEBX", "RACEAX", "RACEV2X", "RACEV1X", "HISPANX", "SICPAY31", "PAYDR31", "REGION31", "AGE31X", "INSCOV19"]}