{"validation": 0.59192348565356, "id_test": 0.6104033970276008, "ood_test": 0.5666165216822552, "ood_validation": 0.5756327251324308, "train": 0.6060284158810251, "id_test_conf": [0.5784253988952353, 0.6416888271488761], "id_test_balanced": 0.6576862931251526, "id_test_balanced_conf": [0.6398231342062354, 0.6755494520440698], "ood_test_conf": [0.5587168849550403, 0.574490799859531], "ood_test_balanced": 0.6024245619773865, "ood_test_balanced_conf": [0.5984197362698614, 0.6064293876849115], "features": ["SEX", "WHTLGSPK", "BORNUSA", "HWELLSPK", "OTHLGSPK", "HIDEG", "EDUCYR", "YRSINUS", "HISPNCAT", "RACEWX", "RACEBX", "RACEAX", "RACEV2X", "RACEV1X", "HISPANX", "SICPAY31", "PAYDR31", "REGION31", "AGE31X", "INSCOV19"]}