{"validation": 0.6174282678002125, "id_test": 0.6337579617834395, "ood_test": 0.5844724965661586, "ood_validation": 0.5779870512065921, "train": 0.6102775195857124, "id_test_conf": [0.6020812085595406, 0.6645954203877014], "id_test_balanced": 0.5630102157592773, "id_test_balanced_conf": [0.5492880230396986, 0.5767324084788561], "ood_test_conf": [0.5766127211617873, 0.5923001153092995], "ood_test_balanced": 0.5411078333854675, "ood_test_balanced_conf": [0.5378539272723719, 0.5443617394985631], "features": ["SEX", "WHTLGSPK", "BORNUSA", "HWELLSPK", "OTHLGSPK", "HIDEG", "EDUCYR", "YRSINUS", "HISPNCAT", "RACEWX", "RACEBX", "RACEAX", "RACEV2X", "RACEV1X", "HISPANX", "SICPAY31", "PAYDR31", "REGION31", "AGE31X", "INSCOV19"]}