{"validation": 0.6886291179596175, "id_test": 0.7091295116772823, "ood_test": 0.6197266008241219, "ood_validation": 0.6374337845791642, "train": 0.6928694728455717, "id_test_conf": [0.6789738866680388, 0.7379711594317245], "id_test_balanced": 0.6747819185256958, "id_test_balanced_conf": [0.6554528582841158, 0.6941109787672758], "ood_test_conf": [0.6119767386034158, 0.6274308821888226], "ood_test_balanced": 0.5925050377845764, "ood_test_balanced_conf": [0.5877920224051922, 0.5972180531639606], "features": ["SEX", "WHTLGSPK", "BORNUSA", "HWELLSPK", "OTHLGSPK", "HIDEG", "EDUCYR", "YRSINUS", "HISPNCAT", "RACEWX", "RACEBX", "RACEAX", "RACEV2X", "RACEV1X", "HISPANX", "SICPAY31", "PAYDR31", "REGION31", "AGE31X", "INSCOV19"]}