{"validation": 0.6950053134962806, "id_test": 0.7409766454352441, "ood_test": 0.6333311531166198, "ood_validation": 0.6374337845791642, "train": 0.7139822068782367, "id_test_conf": [0.7117433451779285, 0.7686945841018666], "id_test_balanced": 0.7417620420455933, "id_test_balanced_conf": [0.7219997870177031, 0.7615242970734835], "ood_test_conf": [0.625635103761853, 0.6409764401629701], "ood_test_balanced": 0.6325076818466187, "ood_test_balanced_conf": [0.6271044537145645, 0.6379109099786728], "features": ["SEX", "WHTLGSPK", "BORNUSA", "HWELLSPK", "OTHLGSPK", "HIDEG", "EDUCYR", "YRSINUS", "HISPNCAT", "RACEWX", "RACEBX", "RACEAX", "RACEV2X", "RACEV1X", "HISPANX", "SICPAY31", "PAYDR31", "REGION31", "AGE31X", "INSCOV19"]}