{"validation": 0.6971307120085016, "id_test": 0.7409766454352441, "ood_test": 0.6577277781411472, "ood_validation": 0.6698057680988817, "train": 0.7240738281768689, "id_test_conf": [0.7117433451779285, 0.7686945841018666], "id_test_balanced": 0.738593578338623, "id_test_balanced_conf": [0.718760947138071, 0.7584262095391751], "ood_test_conf": [0.6501447537871219, 0.6652507465334667], "ood_test_balanced": 0.653921365737915, "ood_test_balanced_conf": [0.6486041336599737, 0.6592385978158564], "features": ["SEX", "WHTLGSPK", "BORNUSA", "HWELLSPK", "OTHLGSPK", "HIDEG", "EDUCYR", "YRSINUS", "HISPNCAT", "RACEWX", "RACEBX", "RACEAX", "RACEV2X", "RACEV1X", "HISPANX", "SICPAY31", "PAYDR31", "REGION31", "AGE31X", "INSCOV19"]}