{"validation": 0.69394261424017, "id_test": 0.7282377919320594, "ood_test": 0.6549807050820852, "ood_validation": 0.6709829311359623, "train": 0.7192935865090957, "id_test_conf": [0.6986137452258508, 0.756427108203015], "id_test_balanced": 0.7353273034095764, "id_test_balanced_conf": [0.7154854685813189, 0.7551691382378339], "ood_test_conf": [0.6473838708525141, 0.6625185299584069], "ood_test_balanced": 0.6572774648666382, "ood_test_balanced_conf": [0.6519630772061646, 0.6625918525271117], "features": ["SEX", "WHTLGSPK", "BORNUSA", "HWELLSPK", "OTHLGSPK", "HIDEG", "EDUCYR", "YRSINUS", "HISPNCAT", "RACEWX", "RACEBX", "RACEAX", "RACEV2X", "RACEV1X", "HISPANX", "SICPAY31", "PAYDR31", "REGION31", "AGE31X", "INSCOV19"]}