{"validation": 0.8739448051948052, "id_test": 0.8731331168831169, "ood_test": 0.6923076923076923, "ood_validation": 0.6423841059602649, "train": 0.8751268314460814, "id_test_conf": [0.8671272619426054, 0.878962073340942], "id_test_balanced": 0.5006389617919922, "id_test_balanced_conf": [0.5003235333558405, 0.5009543902281439], "ood_test_conf": [0.6669374023273036, 0.7168392211498464], "ood_test_balanced": 0.5047619342803955, "ood_test_balanced_conf": [0.5021733334427699, 0.5073505351180211], "features": ["AccredAgency", "HIGHDEG", "CONTROL", "region", "LOCALE", "locale2", "CCBASIC", "HBCU", "DISTANCEONLY", "median_hh_inc", "poverty_rate", "unemp_rate", "TUITIONFEE_IN", "TUITIONFEE_OUT", "TUITIONFEE_PROG", "ADM_RATE", "ADM_RATE_ALL", "SATVRMID", "SATMTMID", "SATWRMID", "ACTCMMID", "ACTENMID", "ACTMTMID", "ACTWRMID", "NPT4_PROG", "COSTT4_A", "COSTT4_P", "loan_ever", "pell_ever", "INEXPFTE"]}