{"validation": 0.7771884975898864, "id_test": 0.7748766342778654, "ood_test": 0.754347559229101, "ood_validation": 0.752531762106426, "0": 0.6796292564980858, "1": 0.7991369926916498, "2": 0.7852761501059718, "3": 0.800060755887036, "4": 0.8172552326158119, "5": 0.7591356896591441, "7": 0.7450236632884337, "8": 0.7982552016056914, "9": 0.7665517395782027, "id_test_conf": [0.7719408134866491, 0.7777921605208478], "id_test_balanced": 0.7392468452453613, "id_test_balanced_conf": [0.7370956124970689, 0.7413980779936538], "ood_test_conf": [0.750506035425842, 0.7581588545776722], "ood_test_balanced": 0.7263158559799194, "ood_test_balanced_conf": [0.7235385748418048, 0.729093137118034], "features": ["ENG", "FER", "HUPAC", "WIF", "NWLA", "NWLK", "OCCP", "POBP", "RELP", "WKHP", "WKW", "WRK", "DIS", "MIL", "ANC", "NATIVITY", "DEAR", "DEYE", "DREM", "PUBCOV", "AGEP", "SEX", "ST", "MAR", "CIT", "RAC1P", "SCHL", "DIVISION", "ACS_YEAR"]}