{"validation": 0.8448370152746512, "id_test": 0.8417993590069696, "ood_test": 0.8168705757191375, "ood_validation": 0.8153194623457927, "train": 0.8432954223885485, "id_test_conf": [0.8392296479825061, 0.8443438239942561], "id_test_balanced": 0.6334667205810547, "id_test_balanced_conf": [0.6317644446529448, 0.6351689965091646], "ood_test_conf": [0.8134127252317447, 0.8202907520393313], "ood_test_balanced": 0.6375852823257446, "ood_test_balanced_conf": [0.6353366701491177, 0.6398338945023716], "features": ["ENG", "FER", "HUPAC", "WIF", "NWLA", "NWLK", "OCCP", "POBP", "RELP", "WKHP", "WKW", "WRK", "DIS", "MIL", "ANC", "NATIVITY", "DEAR", "DEYE", "DREM", "PUBCOV", "AGEP", "SEX", "ST", "MAR", "CIT", "RAC1P", "SCHL", "DIVISION", "ACS_YEAR"]}