{"validation": 0.8461469978506111, "id_test": 0.8433891234674671, "ood_test": 0.816543230083064, "ood_validation": 0.817160743877739, "train": 0.8451316178551329, "id_test_conf": [0.8408298064811733, 0.8459230766498996], "id_test_balanced": 0.6594935655593872, "id_test_balanced_conf": [0.6576703386846929, 0.6613167924340815], "ood_test_conf": [0.8130830237807631, 0.8199658012401837], "ood_test_balanced": 0.6620334386825562, "ood_test_balanced_conf": [0.6596243336843327, 0.6644425436807796], "features": ["ENG", "FER", "HUPAC", "WIF", "NWLA", "NWLK", "OCCP", "POBP", "RELP", "WKHP", "WKW", "WRK", "DIS", "MIL", "ANC", "NATIVITY", "DEAR", "DEYE", "DREM", "PUBCOV", "AGEP", "SEX", "ST", "MAR", "CIT", "RAC1P", "SCHL", "DIVISION", "ACS_YEAR"]}