{"validation": 0.844201101402826, "id_test": 0.8418120771226535, "ood_test": 0.8140063014034944, "ood_validation": 0.8092432332903701, "train": 0.8429726971247246, "id_test_conf": [0.8392424488884521, 0.8443564583775801], "id_test_balanced": 0.689544677734375, "id_test_balanced_conf": [0.6876088207354769, 0.6914805347332731], "ood_test_conf": [0.810527975758109, 0.8174472943065675], "ood_test_balanced": 0.6961248517036438, "ood_test_balanced_conf": [0.6935610465379431, 0.6986886568693444], "features": ["ENG", "FER", "HUPAC", "WIF", "NWLA", "NWLK", "OCCP", "POBP", "RELP", "WKHP", "WKW", "WRK", "DIS", "MIL", "ANC", "NATIVITY", "DEAR", "DEYE", "DREM", "PUBCOV", "AGEP", "SEX", "ST", "MAR", "CIT", "RAC1P", "SCHL", "DIVISION", "ACS_YEAR"]}