{"validation": 0.8456255484757145, "id_test": 0.8437452307066186, "ood_test": 0.8163181799582634, "ood_validation": 0.8138464371202356, "train": 0.844770737880315, "id_test_conf": [0.8411882545555635, 0.8462768166728385], "id_test_balanced": 0.6626914739608765, "id_test_balanced_conf": [0.6608570039249025, 0.6645259439968504], "ood_test_conf": [0.8128563564094718, 0.819742395189203], "ood_test_balanced": 0.6772587299346924, "ood_test_balanced_conf": [0.674775052871555, 0.6797424069978297], "features": ["ENG", "FER", "HUPAC", "WIF", "NWLA", "NWLK", "OCCP", "POBP", "RELP", "WKHP", "WKW", "WRK", "DIS", "MIL", "ANC", "NATIVITY", "DEAR", "DEYE", "DREM", "PUBCOV", "AGEP", "SEX", "ST", "MAR", "CIT", "RAC1P", "SCHL", "DIVISION", "ACS_YEAR"]}