{"validation": 0.8455619570885319, "id_test": 0.8435671770870428, "ood_test": 0.8159703752199353, "ood_validation": 0.8164242312649604, "train": 0.8446721715435807, "id_test_conf": [0.841009029940599, 0.8460999472391957], "id_test_balanced": 0.6648975610733032, "id_test_balanced_conf": [0.6630529890884646, 0.6667421330581419], "ood_test_conf": [0.8125060560913901, 0.8193971274905576], "ood_test_balanced": 0.6754988431930542, "ood_test_balanced_conf": [0.6730202085478232, 0.6779774778382852], "features": ["ENG", "FER", "HUPAC", "WIF", "NWLA", "NWLK", "OCCP", "POBP", "RELP", "WKHP", "WKW", "WRK", "DIS", "MIL", "ANC", "NATIVITY", "DEAR", "DEYE", "DREM", "PUBCOV", "AGEP", "SEX", "ST", "MAR", "CIT", "RAC1P", "SCHL", "DIVISION", "ACS_YEAR"]}