{"validation": 0.8429419919366121, "id_test": 0.8410998626443507, "ood_test": 0.8111420270878514, "ood_validation": 0.8051924139200883, "train": 0.8426229456072799, "id_test_conf": [0.8385256070953638, 0.8436489239706768], "id_test_balanced": 0.6923623085021973, "id_test_balanced_conf": [0.6904157289210707, 0.6943088880833238], "ood_test_conf": [0.8076435349126334, 0.8146035279064937], "ood_test_balanced": 0.6994345188140869, "ood_test_balanced_conf": [0.6968462538486346, 0.7020227837795392], "features": ["ENG", "FER", "HUPAC", "WIF", "NWLA", "NWLK", "OCCP", "POBP", "RELP", "WKHP", "WKW", "WRK", "DIS", "MIL", "ANC", "NATIVITY", "DEAR", "DEYE", "DREM", "PUBCOV", "AGEP", "SEX", "ST", "MAR", "CIT", "RAC1P", "SCHL", "DIVISION", "ACS_YEAR"]}