{"id_test": 0.8467339878923539, "id_test_conf": [0.8441968417473966, 0.8492455224223628], "id_test_balanced": 0.674897313117981, "id_test_balanced_conf": [0.6730338406795636, 0.6767607855563983], "ood_test": 0.8216784647489668, "ood_test_conf": [0.8182556926660962, 0.8250629894662306], "ood_test_balanced": 0.679491400718689, "ood_test_balanced_conf": [0.6770363604091107, 0.6819464410282672], "features": ["ENG", "FER", "HUPAC", "WIF", "NWLA", "NWLK", "OCCP", "POBP", "RELP", "WKHP", "WKW", "WRK", "DIS", "MIL", "ANC", "NATIVITY", "DEAR", "DEYE", "DREM", "PUBCOV", "AGEP", "SEX", "ST", "MAR", "CIT", "RAC1P", "SCHL", "DIVISION", "ACS_YEAR"]}