{"id_test": 0.8465940886198301, "id_test_conf": [0.8440560068756527, 0.849106569114618], "id_test_balanced": 0.674912691116333, "id_test_balanced_conf": [0.6730483395233751, 0.676777042709291], "ood_test": 0.8210851507835836, "ood_test_conf": [0.8176580010532215, 0.8244741238899278], "ood_test_balanced": 0.6798462271690369, "ood_test_balanced_conf": [0.6773853624891489, 0.6823070918489248], "features": ["ENG", "FER", "HUPAC", "WIF", "NWLA", "NWLK", "OCCP", "POBP", "RELP", "WKHP", "WKW", "WRK", "DIS", "MIL", "ANC", "NATIVITY", "DEAR", "DEYE", "DREM", "PUBCOV", "AGEP", "SEX", "ST", "MAR", "CIT", "RAC1P", "SCHL", "DIVISION", "ACS_YEAR"]}