{"id_test": 0.8467085516609859, "id_test_conf": [0.8441712353526969, 0.8492202582389781], "id_test_balanced": 0.6745761632919312, "id_test_balanced_conf": [0.672713700067252, 0.6764386265166104], "ood_test": 0.8217603011579852, "ood_test_conf": [0.8183381339788444, 0.8251442112139109], "ood_test_balanced": 0.6811141967773438, "ood_test_balanced_conf": [0.6786527354223654, 0.6835756581323221], "features": ["ENG", "FER", "HUPAC", "WIF", "NWLA", "NWLK", "OCCP", "POBP", "RELP", "WKHP", "WKW", "WRK", "DIS", "MIL", "ANC", "NATIVITY", "DEAR", "DEYE", "DREM", "PUBCOV", "AGEP", "SEX", "ST", "MAR", "CIT", "RAC1P", "SCHL", "DIVISION", "ACS_YEAR"]}