{"validation": 0.4636193673928803, "id_test": 0.4644147123162232, "ood_test": 0.4530668194279635, "ood_validation": 0.44577425888418337, "0": 0.48811202901470885, "1": 0.5551236199657907, "2": 0.5127290861488593, "3": 0.5612482192240007, "4": 0.5535909135998413, "5": 0.4190169775245525, "7": 0.37174262797552643, "8": 0.4967111146439856, "9": 0.39871938387140105, "id_test_conf": [0.46092372488436034, 0.46790832583408387], "id_test_balanced": 0.6517173051834106, "id_test_balanced_conf": [0.6499000451737084, 0.6535345651931129], "ood_test_conf": [0.4486464287745841, 0.4574927852842215], "ood_test_balanced": 0.6364946365356445, "ood_test_balanced_conf": [0.634285590192303, 0.638703682878986], "features": ["ENG", "FER", "HUPAC", "WIF", "NWLA", "NWLK", "OCCP", "POBP", "RELP", "WKHP", "WKW", "WRK", "DIS", "MIL", "ANC", "NATIVITY", "DEAR", "DEYE", "DREM", "PUBCOV", "AGEP", "SEX", "ST", "MAR", "CIT", "RAC1P", "SCHL", "DIVISION", "ACS_YEAR"]}