{"validation": 0.2600633370216338, "id_test": 0.26168794831357783, "ood_test": 0.2919104709685339, "ood_validation": 0.29000184128153195, "0": 0.48267177110618575, "1": 0.25688073394495414, "2": 0.2689315546689939, "3": 0.2756641246962206, "4": 0.2738815593691102, "5": 0.2646144159224762, "7": 0.24791845266755136, "8": 0.26509807038810834, "9": 0.2271974208570277, "id_test_conf": [0.25861807109381096, 0.2647754179443694], "id_test_balanced": 0.5402076840400696, "id_test_balanced_conf": [0.5391545067564585, 0.5412608613236807], "ood_test_conf": [0.2878821809460694, 0.2959634871686363], "ood_test_balanced": 0.5432963371276855, "ood_test_balanced_conf": [0.5419402977218851, 0.544652376533486], "features": ["ENG", "FER", "HUPAC", "WIF", "NWLA", "NWLK", "OCCP", "POBP", "RELP", "WKHP", "WKW", "WRK", "DIS", "MIL", "ANC", "NATIVITY", "DEAR", "DEYE", "DREM", "PUBCOV", "AGEP", "SEX", "ST", "MAR", "CIT", "RAC1P", "SCHL", "DIVISION", "ACS_YEAR"]}