{"validation": 0.2089231434494512, "id_test": 0.21244340438520629, "ood_test": 0.2403330741847048, "ood_validation": 0.23531577978272877, "0": 0.47430989320975214, "1": 0.20587777950552014, "2": 0.2105099114823588, "3": 0.21902497276460237, "4": 0.19797143140561452, "5": 0.21907994256359853, "7": 0.2085540145385365, "8": 0.20683213767611933, "9": 0.1878475798146241, "id_test_conf": [0.20958864234531713, 0.2153193984412414], "id_test_balanced": 0.5127793550491333, "id_test_balanced_conf": [0.5121984391403385, 0.5133602709579281], "ood_test_conf": [0.23655035304881164, 0.24414665678000036], "ood_test_balanced": 0.5127451419830322, "ood_test_balanced_conf": [0.5120190245064441, 0.5134712594596204], "features": ["ENG", "FER", "HUPAC", "WIF", "NWLA", "NWLK", "OCCP", "POBP", "RELP", "WKHP", "WKW", "WRK", "DIS", "MIL", "ANC", "NATIVITY", "DEAR", "DEYE", "DREM", "PUBCOV", "AGEP", "SEX", "ST", "MAR", "CIT", "RAC1P", "SCHL", "DIVISION", "ACS_YEAR"]}