{"validation": 0.19381382985488446, "id_test": 0.19747418222516153, "ood_test": 0.22441589263063136, "ood_validation": 0.21911250230160192, "0": 0.4740076566592787, "1": 0.18554657129528845, "2": 0.19505049245729958, "3": 0.19924788401910667, "4": 0.17175875409185595, "5": 0.20538888590274204, "7": 0.2035042805303395, "8": 0.18540966991911925, "9": 0.17184435588590874, "id_test_conf": [0.19469646502971202, 0.20027423850648146], "id_test_balanced": 0.5038596987724304, "id_test_balanced_conf": [0.503533396217972, 0.5041860013268888], "ood_test_conf": [0.22072355216499454, 0.22814098913560393], "ood_test_balanced": 0.5028442144393921, "ood_test_balanced_conf": [0.5025001142534893, 0.5031883146252949], "features": ["ENG", "FER", "HUPAC", "WIF", "NWLA", "NWLK", "OCCP", "POBP", "RELP", "WKHP", "WKW", "WRK", "DIS", "MIL", "ANC", "NATIVITY", "DEAR", "DEYE", "DREM", "PUBCOV", "AGEP", "SEX", "ST", "MAR", "CIT", "RAC1P", "SCHL", "DIVISION", "ACS_YEAR"]}