{"validation": 0.7598789219988045, "id_test": 0.7574528157908125, "ood_test": 0.7313310691926839, "ood_validation": 0.728595102191125, "train": 0.7598510694447536, "id_test_conf": [0.7544410351010906, 0.7604455897563551], "id_test_balanced": 0.767725944519043, "id_test_balanced_conf": [0.765640400336124, 0.7698114887019619], "ood_test_conf": [0.7273774989063424, 0.7352571492709404], "ood_test_balanced": 0.7591092586517334, "ood_test_balanced_conf": [0.7564466486545279, 0.7617718686489389], "features": ["ENG", "FER", "HUPAC", "WIF", "NWLA", "NWLK", "OCCP", "POBP", "RELP", "WKHP", "WKW", "WRK", "DIS", "MIL", "ANC", "NATIVITY", "DEAR", "DEYE", "DREM", "PUBCOV", "AGEP", "SEX", "ST", "MAR", "CIT", "RAC1P", "SCHL", "DIVISION", "ACS_YEAR"]}