{"validation": 0.7674208605186513, "id_test": 0.7674874090654729, "ood_test": 0.749375997381235, "ood_validation": 0.7499539679617013, "train": 0.7690225080999272, "id_test_conf": [0.7645185184096349, 0.770436551371867], "id_test_balanced": 0.7688112258911133, "id_test_balanced_conf": [0.76672750253696, 0.7708949492452666], "ood_test_conf": [0.745509070366902, 0.7532132874970509], "ood_test_balanced": 0.7619540691375732, "ood_test_balanced_conf": [0.7592879790300503, 0.7646201592450962], "features": ["ENG", "FER", "HUPAC", "WIF", "NWLA", "NWLK", "OCCP", "POBP", "RELP", "WKHP", "WKW", "WRK", "DIS", "MIL", "ANC", "NATIVITY", "DEAR", "DEYE", "DREM", "PUBCOV", "AGEP", "SEX", "ST", "MAR", "CIT", "RAC1P", "SCHL", "DIVISION", "ACS_YEAR"]}