{"validation": 0.6400091571597543, "id_test": 0.6387800783435926, "ood_test": 0.6387740905929048, "ood_validation": 0.6322960780703369, "0": 0.5485593391094097, "1": 0.6799098118488571, "2": 0.6530856501683082, "3": 0.6915905472219894, "4": 0.7098006150183513, "5": 0.619698842825441, "7": 0.5824809460617947, "8": 0.6822400190775223, "9": 0.611230018358483, "id_test_conf": [0.6354111091140469, 0.6421388050810377], "id_test_balanced": 0.7300985455513, "id_test_balanced_conf": [0.7280295366840437, 0.7321675544185564], "ood_test_conf": [0.6344972403507178, 0.6430344539996901], "ood_test_balanced": 0.7240779399871826, "ood_test_balanced_conf": [0.7214435067446903, 0.726712373229675], "features": ["ENG", "FER", "HUPAC", "WIF", "NWLA", "NWLK", "OCCP", "POBP", "RELP", "WKHP", "WKW", "WRK", "DIS", "MIL", "ANC", "NATIVITY", "DEAR", "DEYE", "DREM", "PUBCOV", "AGEP", "SEX", "ST", "MAR", "CIT", "RAC1P", "SCHL", "DIVISION", "ACS_YEAR"]}