{"validation": 0.651837155175703, "id_test": 0.6496413491377118, "ood_test": 0.6394083227627971, "ood_validation": 0.6367151537470079, "0": 0.5372758412250654, "1": 0.6917275695848235, "2": 0.6611395087894277, "3": 0.7243463504567167, "4": 0.7125285189961313, "5": 0.6422280409426327, "7": 0.5723932216128615, "8": 0.6720852129329703, "9": 0.6224421260018806, "id_test_conf": [0.6462948478205284, 0.6529768061706119], "id_test_balanced": 0.7332472801208496, "id_test_balanced_conf": [0.7311660799151286, 0.7353284803265706], "ood_test_conf": [0.6351330631438731, 0.6436670201772905], "ood_test_balanced": 0.7242504954338074, "ood_test_balanced_conf": [0.7216147732362151, 0.7268862176313996], "features": ["ENG", "FER", "HUPAC", "WIF", "NWLA", "NWLK", "OCCP", "POBP", "RELP", "WKHP", "WKW", "WRK", "DIS", "MIL", "ANC", "NATIVITY", "DEAR", "DEYE", "DREM", "PUBCOV", "AGEP", "SEX", "ST", "MAR", "CIT", "RAC1P", "SCHL", "DIVISION", "ACS_YEAR"]}