{"validation": 0.783738410469686, "id_test": 0.7808541486493361, "ood_test": 0.7570686198289619, "ood_validation": 0.7527158902596207, "0": 0.7116663308482772, "1": 0.7933058622298242, "2": 0.7876324647799526, "3": 0.8113215452945614, "4": 0.8188919750024799, "5": 0.7745083735823268, "7": 0.7626977323171233, "8": 0.8040182031358677, "9": 0.7569874177226525, "id_test_conf": [0.7779460358816151, 0.7837415249640858], "id_test_balanced": 0.7424317002296448, "id_test_balanced_conf": [0.7402922827890143, 0.7445711176702753], "ood_test_conf": [0.7532412897185322, 0.7608653976869383], "ood_test_balanced": 0.7308330535888672, "ood_test_balanced_conf": [0.7280682129552588, 0.7335978942224756], "features": ["ENG", "FER", "HUPAC", "WIF", "NWLA", "NWLK", "OCCP", "POBP", "RELP", "WKHP", "WKW", "WRK", "DIS", "MIL", "ANC", "NATIVITY", "DEAR", "DEYE", "DREM", "PUBCOV", "AGEP", "SEX", "ST", "MAR", "CIT", "RAC1P", "SCHL", "DIVISION", "ACS_YEAR"]}