{"validation": 0.7045035420402661, "id_test": 0.7025995828458056, "ood_test": 0.6919882155571013, "ood_validation": 0.6867980114159455, "0": 0.6170662905500706, "1": 0.7300575338205567, "2": 0.7216805884553048, "3": 0.7486172798122852, "4": 0.7608620176569785, "5": 0.6870253626248742, "7": 0.6650617124470072, "8": 0.7299536972635678, "9": 0.6723055567993552, "id_test_conf": [0.6993906925939006, 0.7057935185839137], "id_test_balanced": 0.746579647064209, "id_test_balanced_conf": [0.7444587315712125, 0.7487005625572055], "ood_test_conf": [0.6878738361975317, 0.696079783135918], "ood_test_balanced": 0.7387382984161377, "ood_test_balanced_conf": [0.7360344101395458, 0.7414421866927295], "features": ["ENG", "FER", "HUPAC", "WIF", "NWLA", "NWLK", "OCCP", "POBP", "RELP", "WKHP", "WKW", "WRK", "DIS", "MIL", "ANC", "NATIVITY", "DEAR", "DEYE", "DREM", "PUBCOV", "AGEP", "SEX", "ST", "MAR", "CIT", "RAC1P", "SCHL", "DIVISION", "ACS_YEAR"]}