{"validation": 0.7434469075508413, "id_test": 0.7394948364450323, "ood_test": 0.7243545153238676, "ood_validation": 0.7164426440802799, "0": 0.6450735442272819, "1": 0.7515160939200747, "2": 0.7645929435232515, "3": 0.7722177993798709, "4": 0.7901497867275072, "5": 0.7314233938156046, "7": 0.7092292696675396, "8": 0.7686850420301663, "9": 0.7132404961268078, "id_test_conf": [0.7364118196650505, 0.7425601734289204], "id_test_balanced": 0.7500364780426025, "id_test_balanced_conf": [0.7478980485955253, 0.7521749074896797], "ood_test_conf": [0.7203696983989178, 0.7283126718305573], "ood_test_balanced": 0.7409055233001709, "ood_test_balanced_conf": [0.7381651773769409, 0.7436458692234009], "features": ["ENG", "FER", "HUPAC", "WIF", "NWLA", "NWLK", "OCCP", "POBP", "RELP", "WKHP", "WKW", "WRK", "DIS", "MIL", "ANC", "NATIVITY", "DEAR", "DEYE", "DREM", "PUBCOV", "AGEP", "SEX", "ST", "MAR", "CIT", "RAC1P", "SCHL", "DIVISION", "ACS_YEAR"]}