{"validation": 0.7670774670278657, "id_test": 0.763506638856387, "ood_test": 0.7339702933835264, "ood_validation": 0.7280427177315412, "0": 0.7148901873866613, "1": 0.7800108847768621, "2": 0.7653659144745044, "3": 0.7963944523590044, "4": 0.8056244420196409, "5": 0.7626832321029555, "7": 0.7332918393949714, "8": 0.7869477951551043, "9": 0.748587292347647, "id_test_conf": [0.7605204599190334, 0.7664733636656459], "id_test_balanced": 0.7454044818878174, "id_test_balanced_conf": [0.7432562035368755, 0.7475527602387593], "ood_test_conf": [0.7300288649260347, 0.7378839177012472], "ood_test_balanced": 0.7363098859786987, "ood_test_balanced_conf": [0.7335477688303217, 0.7390720031270758], "features": ["ENG", "FER", "HUPAC", "WIF", "NWLA", "NWLK", "OCCP", "POBP", "RELP", "WKHP", "WKW", "WRK", "DIS", "MIL", "ANC", "NATIVITY", "DEAR", "DEYE", "DREM", "PUBCOV", "AGEP", "SEX", "ST", "MAR", "CIT", "RAC1P", "SCHL", "DIVISION", "ACS_YEAR"]}