{"validation": 0.6175995523166342, "id_test": 0.6177951874650252, "ood_test": 0.6187855476901674, "ood_validation": 0.6125943656785122, "0": 0.545033246020552, "1": 0.6767221271963925, "2": 0.6415035531729211, "3": 0.6749350540517891, "4": 0.6451244916178951, "5": 0.5976457218327433, "7": 0.5797916691132432, "8": 0.6551340394666243, "9": 0.571557784444544, "id_test_conf": [0.614388046664966, 0.6211936347863596], "id_test_balanced": 0.7222718000411987, "id_test_balanced_conf": [0.720221772743389, 0.7243218273390084], "ood_test_conf": [0.6144626426320172, 0.6230943411108214], "ood_test_balanced": 0.7160112857818604, "ood_test_balanced_conf": [0.7134022054122761, 0.7186203661514446], "features": ["ENG", "FER", "HUPAC", "WIF", "NWLA", "NWLK", "OCCP", "POBP", "RELP", "WKHP", "WKW", "WRK", "DIS", "MIL", "ANC", "NATIVITY", "DEAR", "DEYE", "DREM", "PUBCOV", "AGEP", "SEX", "ST", "MAR", "CIT", "RAC1P", "SCHL", "DIVISION", "ACS_YEAR"]}