{"validation": 0.8464649547865237, "id_test": 0.8443175459123976, "ood_test": 0.818855108637833, "ood_validation": 0.819554409869269, "train": 0.8447198649323231, "id_test_conf": [0.8417643415204894, 0.84684531772051], "id_test_balanced": 0.6542643308639526, "id_test_balanced_conf": [0.6524707174417563, 0.6560579442861489], "ood_test_conf": [0.8154116284497809, 0.8222606780762403], "ood_test_balanced": 0.6593387126922607, "ood_test_balanced_conf": [0.656963638025336, 0.6617137873591855], "features": ["ENG", "FER", "HUPAC", "WIF", "NWLA", "NWLK", "OCCP", "POBP", "RELP", "WKHP", "WKW", "WRK", "DIS", "MIL", "ANC", "NATIVITY", "DEAR", "DEYE", "DREM", "PUBCOV", "AGEP", "SEX", "ST", "MAR", "CIT", "RAC1P", "SCHL", "DIVISION", "ACS_YEAR"]}