{"validation": 0.8460834064634286, "id_test": 0.8444192908378695, "ood_test": 0.81875281312656, "ood_validation": 0.8201067943288529, "train": 0.8446435555103352, "id_test_conf": [0.8418667582366127, 0.8469463833176115], "id_test_balanced": 0.6598756909370422, "id_test_balanced_conf": [0.6580574740795418, 0.6616939077945426], "ood_test_conf": [0.8153085884836706, 0.8221591392152608], "ood_test_balanced": 0.6620129346847534, "ood_test_balanced_conf": [0.6596218798495829, 0.664403989519924], "features": ["ENG", "FER", "HUPAC", "WIF", "NWLA", "NWLK", "OCCP", "POBP", "RELP", "WKHP", "WKW", "WRK", "DIS", "MIL", "ANC", "NATIVITY", "DEAR", "DEYE", "DREM", "PUBCOV", "AGEP", "SEX", "ST", "MAR", "CIT", "RAC1P", "SCHL", "DIVISION", "ACS_YEAR"]}