{"validation": 0.8455238022562224, "id_test": 0.8444955995319734, "ood_test": 0.8174638896845207, "ood_validation": 0.8193702817160744, "train": 0.8443017528910143, "id_test_conf": [0.8419435710229632, 0.8470221822661566], "id_test_balanced": 0.6812514066696167, "id_test_balanced_conf": [0.6793537011672742, 0.6831491121719592], "ood_test_conf": [0.8140103195781456, 0.8208797148949349], "ood_test_balanced": 0.6830048561096191, "ood_test_balanced_conf": [0.6805058888765052, 0.6855038233427331], "features": ["ENG", "FER", "HUPAC", "WIF", "NWLA", "NWLK", "OCCP", "POBP", "RELP", "WKHP", "WKW", "WRK", "DIS", "MIL", "ANC", "NATIVITY", "DEAR", "DEYE", "DREM", "PUBCOV", "AGEP", "SEX", "ST", "MAR", "CIT", "RAC1P", "SCHL", "DIVISION", "ACS_YEAR"]}