{"validation": 0.8454093377592938, "id_test": 0.8422699292872768, "ood_test": 0.8159703752199353, "ood_validation": 0.8156877186521819, "train": 0.8434257843177778, "id_test_conf": [0.8397032853803378, 0.844811292299034], "id_test_balanced": 0.6702552437782288, "id_test_balanced_conf": [0.6683823430747725, 0.672128144481685], "ood_test_conf": [0.8125060560913901, 0.8193971274905576], "ood_test_balanced": 0.6790739297866821, "ood_test_balanced_conf": [0.6765803451789543, 0.68156751439441], "features": ["ENG", "FER", "HUPAC", "WIF", "NWLA", "NWLK", "OCCP", "POBP", "RELP", "WKHP", "WKW", "WRK", "DIS", "MIL", "ANC", "NATIVITY", "DEAR", "DEYE", "DREM", "PUBCOV", "AGEP", "SEX", "ST", "MAR", "CIT", "RAC1P", "SCHL", "DIVISION", "ACS_YEAR"]}