{"validation": 0.8461851526829206, "id_test": 0.8428803988401079, "ood_test": 0.8171160849461926, "ood_validation": 0.8169766157245443, "train": 0.8439170262218252, "id_test_conf": [0.8403177458072111, 0.8454177257554629], "id_test_balanced": 0.6702507138252258, "id_test_balanced_conf": [0.6683814234053717, 0.67212000424508], "ood_test_conf": [0.8136600040128148, 0.8205344624455096], "ood_test_balanced": 0.6850205063819885, "ood_test_balanced_conf": [0.6825116099277512, 0.6875294028362259], "features": ["ENG", "FER", "HUPAC", "WIF", "NWLA", "NWLK", "OCCP", "POBP", "RELP", "WKHP", "WKW", "WRK", "DIS", "MIL", "ANC", "NATIVITY", "DEAR", "DEYE", "DREM", "PUBCOV", "AGEP", "SEX", "ST", "MAR", "CIT", "RAC1P", "SCHL", "DIVISION", "ACS_YEAR"]}