{"validation": 0.8362903328373205, "id_test": 0.8334308388869105, "ood_test": 0.812717377961455, "ood_validation": 0.8114527711287056, "train": 0.8345405059950589, "id_test_conf": [0.8308078865230413, 0.8360291649961487], "id_test_balanced": 0.5904484987258911, "id_test_balanced_conf": [0.5889878611499444, 0.5919091363018378], "ood_test_conf": [0.8092299395124414, 0.816167637296493], "ood_test_balanced": 0.6112009286880493, "ood_test_balanced_conf": [0.6091383292293177, 0.613263528146781], "features": ["ENG", "FER", "HUPAC", "WIF", "NWLA", "NWLK", "OCCP", "POBP", "RELP", "WKHP", "WKW", "WRK", "DIS", "MIL", "ANC", "NATIVITY", "DEAR", "DEYE", "DREM", "PUBCOV", "AGEP", "SEX", "ST", "MAR", "CIT", "RAC1P", "SCHL", "DIVISION", "ACS_YEAR"]}