{"validation": 0.842687626387882, "id_test": 0.8409090909090909, "ood_test": 0.8156430295838618, "ood_validation": 0.8129257963542625, "train": 0.8404036132511311, "id_test_conf": [0.8383335989849823, 0.8434594027414765], "id_test_balanced": 0.6340872645378113, "id_test_balanced_conf": [0.6323744356748648, 0.6358000934007577], "ood_test_conf": [0.8121763658828256, 0.8190721654475436], "ood_test_balanced": 0.6478912830352783, "ood_test_balanced_conf": [0.6455585257522762, 0.6502240403182804], "features": ["ENG", "FER", "HUPAC", "WIF", "NWLA", "NWLK", "OCCP", "POBP", "RELP", "WKHP", "WKW", "WRK", "DIS", "MIL", "ANC", "NATIVITY", "DEAR", "DEYE", "DREM", "PUBCOV", "AGEP", "SEX", "ST", "MAR", "CIT", "RAC1P", "SCHL", "DIVISION", "ACS_YEAR"]}