{"validation": 0.8450659442685082, "id_test": 0.84279137203032, "ood_test": 0.8146200744711322, "ood_validation": 0.8178972564905174, "train": 0.8440044641011863, "id_test_conf": [0.8402281361549719, 0.8453292883831357], "id_test_balanced": 0.6936876177787781, "id_test_balanced_conf": [0.6917460459331051, 0.6956291896244511], "ood_test_conf": [0.8111461101903552, 0.8180566328504688], "ood_test_balanced": 0.6949144601821899, "ood_test_balanced_conf": [0.6923576191160827, 0.6974713012482971], "features": ["ENG", "FER", "HUPAC", "WIF", "NWLA", "NWLK", "OCCP", "POBP", "RELP", "WKHP", "WKW", "WRK", "DIS", "MIL", "ANC", "NATIVITY", "DEAR", "DEYE", "DREM", "PUBCOV", "AGEP", "SEX", "ST", "MAR", "CIT", "RAC1P", "SCHL", "DIVISION", "ACS_YEAR"]}