{"validation": 0.7465247306904753, "id_test": 0.7426743653660274, "ood_test": 0.7189123941241459, "ood_validation": 0.7287792303443197, "0": 0.5881523272214386, "1": 0.7823822111646711, "2": 0.7131031043510784, "3": 0.7320351127126457, "4": 0.7644082928280924, "5": 0.7284440724558668, "7": 0.7165337686282339, "8": 0.7321396633612209, "9": 0.8106568754757534, "id_test_conf": [0.7396034622904311, 0.7457273537325986], "id_test_balanced": 0.4936664402484894, "id_test_balanced_conf": [0.49220259671332317, 0.4951302837836556], "ood_test_conf": [0.7149040438957128, 0.722894731161017], "ood_test_balanced": 0.48291894793510437, "ood_test_balanced_conf": [0.4812336342362687, 0.48460426163394005], "features": ["ENG", "FER", "HUPAC", "WIF", "NWLA", "NWLK", "OCCP", "POBP", "RELP", "WKHP", "WKW", "WRK", "DIS", "MIL", "ANC", "NATIVITY", "DEAR", "DEYE", "DREM", "PUBCOV", "AGEP", "SEX", "ST", "MAR", "CIT", "RAC1P", "SCHL", "DIVISION", "ACS_YEAR"]}