{"validation": 0.20293283477685783, "id_test": 0.20627511827847586, "ood_test": 0.2234338557224109, "ood_validation": 0.22003314306757504, "0": 0.47390691114245415, "1": 0.19507075104960347, "2": 0.2001994763745169, "3": 0.2024009050532138, "4": 0.16789009026882254, "5": 0.20977340264606736, "7": 0.22133101593602106, "8": 0.18868861906559886, "9": 0.19583575874266781, "id_test_conf": [0.20345138411006825, 0.20912054059778912], "id_test_balanced": 0.49972856044769287, "id_test_balanced_conf": [0.4989522348728497, 0.5005048860225361], "ood_test_conf": [0.21974733897477133, 0.22715324542183543], "ood_test_balanced": 0.5006444454193115, "ood_test_balanced_conf": [0.5001934257347602, 0.5010954651038628], "features": ["ENG", "FER", "HUPAC", "WIF", "NWLA", "NWLK", "OCCP", "POBP", "RELP", "WKHP", "WKW", "WRK", "DIS", "MIL", "ANC", "NATIVITY", "DEAR", "DEYE", "DREM", "PUBCOV", "AGEP", "SEX", "ST", "MAR", "CIT", "RAC1P", "SCHL", "DIVISION", "ACS_YEAR"]}