{"validation": 0.5573961735884274, "id_test": 0.5642640541170982, "ood_test": 0.496703814157903, "ood_validation": 0.4888771186440678, "train": 0.5615958936070928, "id_test_conf": [0.5492647434952815, 0.5791757191816617], "id_test_balanced": 0.5014151334762573, "id_test_balanced_conf": [0.49440839865244923, 0.5084218683000654], "ood_test_conf": [0.4923535945439183, 0.5010544092421032], "ood_test_balanced": 0.49196189641952515, "ood_test_balanced_conf": [0.4900029575638473, 0.493920835275203], "features": ["race", "age", "payer_code", "medical_specialty", "admission_source_id"]}