{"validation": 0.512832477834811, "id_test": 0.5122463261021694, "ood_test": 0.513459425521896, "ood_validation": 0.5248940677966102, "0": 0.538178034080562, "13": 0.5327102803738317, "id_test_conf": [0.4971629079351332, 0.5273130436688038], "id_test_balanced": 0.5327883362770081, "id_test_balanced_conf": [0.522550664935261, 0.5430260076187551], "ood_test_conf": [0.5091097301974865, 0.5178075876747077], "ood_test_balanced": 0.5159915089607239, "ood_test_balanced_conf": [0.5131950078113005, 0.5187880101101473], "features": ["race", "age", "payer_code", "medical_specialty", "admission_source_id"]}