{"validation": 0.5396640223985067, "id_test": 0.5472358292512246, "ood_test": 0.513027782137812, "ood_validation": 0.5194209039548022, "0": 0.5555651909985692, "13": 0.5527102803738317, "id_test_conf": [0.5321909652761312, 0.5622162738851606], "id_test_balanced": 0.5407735109329224, "id_test_balanced_conf": [0.5302567161247134, 0.5512903057411314], "ood_test_conf": [0.5086780121110146, 0.517376068161883], "ood_test_balanced": 0.5131850242614746, "ood_test_balanced_conf": [0.5101176291983575, 0.5162524193245918], "features": ["race", "age", "payer_code", "medical_specialty", "admission_source_id"]}