{"id_test": 0.5810590156286447, "id_test_conf": [0.5661220616332012, 0.5958854128588412], "id_test_balanced": 0.5200648307800293, "id_test_balanced_conf": [0.5128140647429973, 0.5273155968170613], "ood_test": 0.5116543713702716, "ood_test_conf": [0.5073043851962323, 0.516003029987924], "ood_test_balanced": 0.5082305073738098, "ood_test_balanced_conf": [0.5056792198354378, 0.5107817949121818], "validation": 0.5858609426038264, "validation_conf": [0.570943274389869, 0.6006614752408238], "validation_balanced": 0.5296887159347534, "validation_balanced_conf": [0.5223553992714733, 0.5370220325980335], "features": ["race", "age", "payer_code", "medical_specialty", "admission_source_id"]}