{"validation": 0.47246850209986, "id_test": 0.4774900863074411, "ood_test": 0.506729712760948, "ood_validation": 0.515183615819209, "0": 0.4930841607770021, "13": 0.4914018691588785, "id_test_conf": [0.46244104629634913, 0.4925698238352173], "id_test_balanced": 0.5372402667999268, "id_test_balanced_conf": [0.5298561508394778, 0.5446243827603757], "ood_test_conf": [0.5023792209780836, 0.5110794379586353], "ood_test_balanced": 0.5117151737213135, "ood_test_balanced_conf": [0.5099133140896447, 0.5135170333529823], "features": ["race", "age", "payer_code", "medical_specialty", "admission_source_id"]}