{"validation": 0.51376574895007, "id_test": 0.5129461161651504, "ood_test": 0.5086328676816826, "ood_validation": 0.512888418079096, "0": 0.5385682695226119, "13": 0.5416822429906542, "id_test_conf": [0.4978627484208899, 0.5280118289826644], "id_test_balanced": 0.5337901711463928, "id_test_balanced_conf": [0.5235636903718114, 0.5440166519209743], "ood_test_conf": [0.5042825213488347, 0.512982230639786], "ood_test_balanced": 0.5101854801177979, "ood_test_balanced_conf": [0.5072157494723797, 0.513155210763216], "features": ["race", "age", "payer_code", "medical_specialty", "admission_source_id"]}