{"validation": 0.5328978068128791, "id_test": 0.5295078143223699, "ood_test": 0.4976259613875373, "ood_validation": 0.4936440677966102, "0": 0.550969084681091, "13": 0.574392523364486, "id_test_conf": [0.5144342102519077, 0.544541177308287], "id_test_balanced": 0.5193120241165161, "id_test_balanced_conf": [0.5088148760050535, 0.5298091722279787], "ood_test_conf": [0.49327564385975686, 0.5019765493432573], "ood_test_balanced": 0.49641305208206177, "ood_test_balanced_conf": [0.49340374624822286, 0.49942235791590067], "features": ["race", "age", "payer_code", "medical_specialty", "admission_source_id"]}