{"validation": 0.5711619225384974, "id_test": 0.5798926988570096, "ood_test": 0.5119486736776017, "ood_validation": 0.505473163841808, "train": 0.5773156789547363, "id_test_conf": [0.5649508502516246, 0.5947255818735419], "id_test_balanced": 0.5163286924362183, "id_test_balanced_conf": [0.5094340576883405, 0.523223327184096], "ood_test_conf": [0.5075987310613613, 0.5162972552132439], "ood_test_balanced": 0.5077828168869019, "ood_test_balanced_conf": [0.5055219748103991, 0.5100436589634046], "features": ["race", "age", "payer_code", "medical_specialty", "admission_source_id"]}