{"validation": 0.5543630424638357, "id_test": 0.5593655236762305, "ood_test": 0.5163043478260869, "ood_validation": 0.5135946327683616, "0": 0.5646273251528422, "13": 0.5583177570093458, "id_test_conf": [0.5443512959077972, 0.574298787691942], "id_test_balanced": 0.5286990404129028, "id_test_balanced_conf": [0.5188672404736281, 0.5385308403521776], "ood_test_conf": [0.5119552258794533, 0.5206516125333019], "ood_test_balanced": 0.5141257047653198, "ood_test_balanced_conf": [0.511255894722417, 0.5169955148082227], "features": ["race", "age", "payer_code", "medical_specialty", "admission_source_id"]}