{"validation": 0.5758282781147923, "id_test": 0.5815255423372988, "ood_test": 0.5059645267618899, "ood_validation": 0.4932909604519774, "0": 0.5657980314789923, "13": 0.5327102803738317, "id_test_conf": [0.5665905698958953, 0.5963493215374389], "id_test_balanced": 0.5008202195167542, "id_test_balanced_conf": [0.4979454793175682, 0.50369495971594], "ood_test_conf": [0.5016139942295164, 0.5103143798718719], "ood_test_balanced": 0.5000136494636536, "ood_test_balanced_conf": [0.4992193659080658, 0.5008079330192413], "features": ["race", "age", "payer_code", "medical_specialty", "admission_source_id"]}