{"validation": 0.4673355109659356, "id_test": 0.463494285047819, "ood_test": 0.4983126667713075, "ood_validation": 0.510593220338983, "0": 0.4930841607770021, "13": 0.503177570093458, "id_test_conf": [0.4484795448275748, 0.47855881016251245], "id_test_balanced": 0.5235639810562134, "id_test_balanced_conf": [0.5161959436070174, 0.5309320185054094], "ood_test_conf": [0.4939622859203742, 0.5026632398272219], "ood_test_balanced": 0.5024890303611755, "ood_test_balanced_conf": [0.5002325498312712, 0.5047455108910799], "features": ["race", "age", "payer_code", "medical_specialty", "admission_source_id"]}