{"validation": 0.5851609892673821, "id_test": 0.5843247025892232, "ood_test": 0.503198085072987, "ood_validation": 0.4943502824858757, "train": 0.5874066728884741, "id_test_conf": [0.5694019044158384, 0.5991324885983689], "id_test_balanced": 0.5198826789855957, "id_test_balanced_conf": [0.5131233934219926, 0.5266419645491988], "ood_test_conf": [0.4988474900453172, 0.5075483158051534], "ood_test_balanced": 0.49880167841911316, "ood_test_balanced_conf": [0.4966514142695814, 0.5009519425686448], "features": ["race", "age", "payer_code", "medical_specialty", "admission_source_id"]}