{"validation": 0.5781614559029398, "id_test": 0.5833916491719151, "ood_test": 0.5163435881337309, "ood_validation": 0.5127118644067796, "train": 0.5810487634157723, "id_test_conf": [0.56846473859126, 0.5982048205755315], "id_test_balanced": 0.532287061214447, "id_test_balanced_conf": [0.5239237163215875, 0.5406504061073065], "ood_test_conf": [0.5119944750796457, 0.5206908394784897], "ood_test_balanced": 0.5131339430809021, "ood_test_balanced_conf": [0.5105151936085894, 0.5157526925532148], "features": ["race", "age", "payer_code", "medical_specialty", "admission_source_id"]}