{"validation": 0.5359309379374708, "id_test": 0.5388383484954513, "ood_test": 0.5195024328990739, "ood_validation": 0.527542372881356, "train": 0.5386724218385441, "id_test_conf": [0.5237775056173456, 0.5538462251452156], "id_test_balanced": 0.5492813587188721, "id_test_balanced_conf": [0.5388320623524487, 0.5597306550852954], "ood_test_conf": [0.5151541235538106, 0.5238485207073383], "ood_test_balanced": 0.5214111804962158, "ood_test_balanced_conf": [0.5184957116888836, 0.524326649303548], "features": ["race", "age", "payer_code", "medical_specialty", "admission_source_id"]}