{"validation": 0.4708352776481568, "id_test": 0.4683928154886867, "ood_test": 0.506690472453304, "ood_validation": 0.5171257062146892, "train": 0.4812470835277648, "id_test_conf": [0.45336472968915814, 0.4834640054876568], "id_test_balanced": 0.5249411463737488, "id_test_balanced_conf": [0.5171437616087496, 0.5327385311387479], "ood_test_conf": [0.5023399783333649, 0.5110402044579528], "ood_test_balanced": 0.5113243460655212, "ood_test_balanced_conf": [0.5093028343608603, 0.5133458577701822], "features": ["race", "age", "payer_code", "medical_specialty", "admission_source_id"]}