{"validation": 0.5793280447970135, "id_test": 0.5852577560065314, "ood_test": 0.5070043949144561, "ood_validation": 0.493114406779661, "train": 0.5813404106392908, "id_test_conf": [0.5703391246280267, 0.600060102220501], "id_test_balanced": 0.5118257403373718, "id_test_balanced_conf": [0.5067209250479937, 0.5169305556267499], "ood_test_conf": [0.5026539202398896, 0.5113540717146366], "ood_test_balanced": 0.5015490651130676, "ood_test_balanced_conf": [0.5001228913990781, 0.5029752388270572], "features": ["race", "age", "payer_code", "medical_specialty", "admission_source_id"]}