{"validation": 0.5097993467102193, "id_test": 0.5316071845113133, "ood_test": 0.523073300894679, "ood_validation": 0.5190677966101694, "train": 0.5284356042930471, "id_test_conf": [0.5165359945123432, 0.5466352703108419], "id_test_balanced": 0.543249785900116, "id_test_balanced_conf": [0.5328087211400271, 0.5536908506602048], "ood_test_conf": [0.518726109191762, 0.527417864297909], "ood_test_balanced": 0.5257112979888916, "ood_test_balanced_conf": [0.522941963011399, 0.5284806329663843], "features": ["race", "age", "payer_code", "medical_specialty", "admission_source_id"]}