{"validation": 0.5872608492767148, "id_test": 0.5819920690459529, "ood_test": 0.5104379218333072, "ood_validation": 0.4971751412429379, "train": 0.5855401306579562, "id_test_conf": [0.5670590917166614, 0.5968132166548136], "id_test_balanced": 0.5215079188346863, "id_test_balanced_conf": [0.5141912470106036, 0.528824590658769], "ood_test_conf": [0.5060877715865164, 0.5147868830903901], "ood_test_balanced": 0.5069549083709717, "ood_test_balanced_conf": [0.5044234398007393, 0.509486376941204], "features": ["race", "age", "payer_code", "medical_specialty", "admission_source_id"]}