{"validation": 0.5881941203919738, "id_test": 0.583158385817588, "ood_test": 0.5052385810704756, "ood_validation": 0.495409604519774, "train": 0.5876399906672889, "id_test_conf": [0.568230455627021, 0.5979728950758907], "id_test_balanced": 0.5175957083702087, "id_test_balanced_conf": [0.511007403191179, 0.5241840135492385], "ood_test_conf": [0.500888019277514, 0.5095885461339296], "ood_test_balanced": 0.5006960034370422, "ood_test_balanced_conf": [0.49862254426348956, 0.502769462610595], "features": ["race", "age", "payer_code", "medical_specialty", "admission_source_id"]}