{"validation": 0.539430704619692, "id_test": 0.5271751807790996, "ood_test": 0.4996272170773819, "ood_validation": 0.4851694915254237, "0": 0.5282053505615054, "13": 0.562429906542056, "id_test_conf": [0.5120992052981836, 0.5422140963887702], "id_test_balanced": 0.5005686283111572, "id_test_balanced_conf": [0.49053185142576694, 0.5106054051965475], "ood_test_conf": [0.49527673784614834, 0.5039777387725077], "ood_test_balanced": 0.4959541857242584, "ood_test_balanced_conf": [0.4934900346538052, 0.49841833679471165], "features": ["race", "age", "payer_code", "medical_specialty", "admission_source_id"]}