{"validation": 0.42230517965468967, "id_test": 0.41754140424539304, "ood_test": 0.49452597708366036, "ood_validation": 0.5067090395480226, "0": 0.43793088496726357, "13": 0.46841121495327104, "id_test_conf": [0.40272290179541953, 0.4324723728981347], "id_test_balanced": 0.5003934502601624, "id_test_balanced_conf": [0.4987589436164126, 0.5020279569039121], "ood_test_conf": [0.4901760473267085, 0.49887653038943097], "ood_test_balanced": 0.5005854964256287, "ood_test_balanced_conf": [0.5000314323790371, 0.5011395604722202], "features": ["race", "age", "payer_code", "medical_specialty", "admission_source_id"]}