{"validation": 0.6003354111951397, "id_test": 0.5999076042932361, "ood_test": 0.5941167946674395, "ood_validation": 0.5957320687611144, "train": 0.6009707916080951, "id_test_conf": [0.5974870536131768, 0.6023244887252319], "id_test_balanced": 0.6574360132217407, "id_test_balanced_conf": [0.6558789739431813, 0.6589930525003002], "ood_test_conf": [0.5906133952170713, 0.597612999412152], "ood_test_balanced": 0.6476079225540161, "ood_test_balanced_conf": [0.6455989542603493, 0.6496168908476829], "features": ["AGEP", "RAC1P", "POBP", "DIVISION"]}