{"validation": 0.526598226784881, "id_test": 0.5381385584324703, "ood_test": 0.5209935645895464, "ood_validation": 0.5330155367231638, "0": 0.5488444694965963, "13": 0.5302803738317757, "id_test_conf": [0.5230765764051131, 0.5531485286352935], "id_test_balanced": 0.5417582988739014, "id_test_balanced_conf": [0.5312215507030487, 0.5522950470447541], "ood_test_conf": [0.5166456949576858, 0.5253390428275952], "ood_test_balanced": 0.5223991274833679, "ood_test_balanced_conf": [0.5194137812918052, 0.5253844736749307], "features": ["gender", "age", "payer_code", "medical_specialty", "admission_source_id"]}