{"validation": 0.5662622491833877, "id_test": 0.5605318404478656, "ood_test": 0.5117917124470256, "ood_validation": 0.501412429378531, "0": 0.5580366821315527, "13": 0.5471028037383178, "id_test_conf": [0.5455210311647904, 0.5754600950954147], "id_test_balanced": 0.5181851387023926, "id_test_balanced_conf": [0.509058200288564, 0.5273120771162212], "ood_test_conf": [0.5074417464126622, 0.5161403352803708], "ood_test_balanced": 0.5086945295333862, "ood_test_balanced_conf": [0.5060416876664385, 0.5113473714003339], "features": ["gender", "age", "payer_code", "medical_specialty", "admission_source_id"]}