{"validation": 0.47666822211852544, "id_test": 0.47142523909493816, "ood_test": 0.5047873175325694, "ood_validation": 0.5225988700564972, "0": 0.49568573039066904, "13": 0.502803738317757, "id_test_conf": [0.4563896157998494, 0.48649983098614613], "id_test_balanced": 0.5193261504173279, "id_test_balanced_conf": [0.5106487321853638, 0.528003568649292], "ood_test_conf": [0.5004367421630898, 0.5091373475762233], "ood_test_balanced": 0.5082378387451172, "ood_test_balanced_conf": [0.5056954885553568, 0.5107801889348775], "features": ["gender", "age", "payer_code", "medical_specialty", "admission_source_id"]}