{"validation": 0.5711619225384974, "id_test": 0.5740611149988337, "ood_test": 0.5012556898446083, "ood_validation": 0.4894067796610169, "train": 0.5673121791880541, "id_test_conf": [0.5590960604580743, 0.5889251595503735], "id_test_balanced": 0.4961990714073181, "id_test_balanced_conf": [0.49226976902224123, 0.5001283737923949], "ood_test_conf": [0.49690513034500583, 0.5056061063079451], "ood_test_balanced": 0.4954235255718231, "ood_test_balanced_conf": [0.4944349067076109, 0.4964121444360353], "features": ["gender", "age", "payer_code", "medical_specialty", "admission_source_id"]}