{"validation": 0.5452636490900606, "id_test": 0.5444366689993002, "ood_test": 0.49758672107989327, "ood_validation": 0.4922316384180791, "0": 0.5500585353163076, "13": 0.5646728971962617, "id_test_conf": [0.5293860045538272, 0.5594267318655636], "id_test_balanced": 0.5186517238616943, "id_test_balanced_conf": [0.5085885819233954, 0.5287148657999933], "ood_test_conf": [0.49323640741788033, 0.5019373096397313], "ood_test_balanced": 0.49510103464126587, "ood_test_balanced_conf": [0.492292662281543, 0.49790940700098874], "features": ["gender", "age", "payer_code", "medical_specialty", "admission_source_id"]}