{"validation": 0.4342043863742417, "id_test": 0.4296710986703989, "ood_test": 0.49623293046617484, "ood_validation": 0.5079449152542372, "train": 0.43653756416238915, "id_test_conf": [0.4147882155693432, 0.44464990041128033], "id_test_balanced": 0.5094123482704163, "id_test_balanced_conf": [0.506143003217876, 0.5126816933229565], "ood_test_conf": [0.49188276654552243, 0.500583523495653], "ood_test_balanced": 0.5023074746131897, "ood_test_balanced_conf": [0.5017960122553632, 0.5028189369710162], "features": ["gender", "age", "payer_code", "medical_specialty", "admission_source_id"]}