{"validation": 0.48950069995333645, "id_test": 0.4826218801026359, "ood_test": 0.5117917124470256, "ood_validation": 0.528072033898305, "0": 0.5112951480726705, "13": 0.508785046728972, "id_test_conf": [0.46756321197247547, 0.49770424725323187], "id_test_balanced": 0.5294781923294067, "id_test_balanced_conf": [0.5207230662368239, 0.5382333184219896], "ood_test_conf": [0.5074417464126622, 0.5161403352803708], "ood_test_balanced": 0.5161048173904419, "ood_test_balanced_conf": [0.5139152872283012, 0.5182943475525826], "features": ["gender", "age", "payer_code", "medical_specialty", "admission_source_id"]}