{"validation": 0.5, "id_test": 0.4989503149055283, "ood_test": 0.5089467901428347, "ood_validation": 0.5217161016949152, "train": 0.5018373775081661, "id_test_conf": [0.4838715083481218, 0.5140305529386444], "id_test_balanced": 0.5382283329963684, "id_test_balanced_conf": [0.5289125294610858, 0.547544136531651], "ood_test_conf": [0.5045964738461344, 0.5132960873056772], "ood_test_balanced": 0.5122103095054626, "ood_test_balanced_conf": [0.5096079764701426, 0.5148126425407827], "features": ["gender", "age", "payer_code", "medical_specialty", "admission_source_id"]}