{"validation": 0.5681287914139057, "id_test": 0.5651971075344063, "ood_test": 0.5115366504473395, "ood_validation": 0.5081214689265536, "train": 0.5763240783947737, "id_test_conf": [0.5502008049906074, 0.5801044917666958], "id_test_balanced": 0.5188794732093811, "id_test_balanced_conf": [0.5100657711923122, 0.52769317522645], "ood_test_conf": [0.5071866472715953, 0.5158853394763772], "ood_test_balanced": 0.5091176629066467, "ood_test_balanced_conf": [0.5062952697090805, 0.511940056104213], "features": ["gender", "age", "payer_code", "medical_specialty", "admission_source_id"]}