{"validation": 0.5781614559029398, "id_test": 0.5838581758805692, "ood_test": 0.5061607283001098, "ood_validation": 0.4936440677966102, "train": 0.5757991133924405, "id_test_conf": [0.5689333147083906, 0.5986686613837358], "id_test_balanced": 0.5, "id_test_balanced_conf": [0.5, 0.5], "ood_test_conf": [0.501810205246972, 0.5105105495814252], "ood_test_balanced": 0.5, "ood_test_balanced_conf": [0.5, 0.5], "features": ["gender", "age", "payer_code", "medical_specialty", "admission_source_id"]}