{"validation": 0.5804946336910872, "id_test": 0.5873571261954746, "ood_test": 0.5081816041437764, "ood_validation": 0.4966454802259887, "train": 0.580552963135791, "id_test_conf": [0.5724480692362603, 0.6021470336907422], "id_test_balanced": 0.5100006461143494, "id_test_balanced_conf": [0.5059200684539974, 0.5140812237747013], "ood_test_conf": [0.5038312176329052, 0.5125310586836269], "ood_test_balanced": 0.5022767782211304, "ood_test_balanced_conf": [0.5014014677284285, 0.5031520887138322], "features": ["gender", "age", "payer_code", "medical_specialty", "admission_source_id"]}