{"validation": 0.42277181521231916, "id_test": 0.417074877536739, "ood_test": 0.49431015539161827, "ood_validation": 0.5052966101694916, "0": 0.4381476824350692, "13": 0.4730841121495327, "id_test_conf": [0.4022590338196905, 0.4320038239420852], "id_test_balanced": 0.500154972076416, "id_test_balanced_conf": [0.4987165765627287, 0.5015933675901033], "ood_test_conf": [0.4899602588445905, 0.49866070007183444], "ood_test_balanced": 0.5004525780677795, "ood_test_balanced_conf": [0.5002161593249184, 0.5006889968106407], "features": ["gender", "age", "payer_code", "medical_specialty", "admission_source_id"]}