{"validation": 0.9170454545454545, "id_test": 0.9145292207792208, "ood_test": 0.7914201183431953, "ood_validation": 0.7218543046357616, "train": 0.9174682414059012, "id_test_conf": [0.9094532739548508, 0.9194083067029446], "id_test_balanced": 0.7102610468864441, "id_test_balanced_conf": [0.7057451565284282, 0.71477693724446], "ood_test_conf": [0.7687708857163532, 0.8127949906283681], "ood_test_balanced": 0.6996014714241028, "ood_test_balanced_conf": [0.6849366415850818, 0.7142663012631237], "features": ["AccredAgency", "HIGHDEG", "CONTROL", "region", "LOCALE", "locale2", "CCBASIC", "CCSIZSET", "HBCU", "DISTANCEONLY", "median_hh_inc", "poverty_rate", "unemp_rate", "TUITIONFEE_IN", "TUITIONFEE_OUT", "TUITIONFEE_PROG", "ADM_RATE", "ADM_RATE_ALL", "SATVRMID", "SATMTMID", "SATWRMID", "ACTCMMID", "ACTENMID", "ACTMTMID", "ACTWRMID", "NPT4_PROG", "COSTT4_A", "COSTT4_P", "loan_ever", "pell_ever", "PCTPELL", "faminc", "md_faminc", "UGDS", "UG"]}