{"validation": 0.9046266233766234, "id_test": 0.903814935064935, "ood_test": 0.7729289940828402, "ood_validation": 0.7218543046357616, "train": 0.9055663785056212, "id_test_conf": [0.8984721386301285, 0.908966065007434], "id_test_balanced": 0.6364206671714783, "id_test_balanced_conf": [0.63241544672288, 0.6404258876200766], "ood_test_conf": [0.7496479288100373, 0.795017341450825], "ood_test_balanced": 0.6423717737197876, "ood_test_balanced_conf": [0.6298209771886468, 0.6549225702509284], "features": ["AccredAgency", "HIGHDEG", "CONTROL", "region", "LOCALE", "locale2", "CCBASIC", "CCSIZSET", "HBCU", "DISTANCEONLY", "median_hh_inc", "poverty_rate", "unemp_rate", "TUITIONFEE_IN", "TUITIONFEE_OUT", "TUITIONFEE_PROG", "ADM_RATE", "ADM_RATE_ALL", "SATVRMID", "SATMTMID", "SATWRMID", "ACTCMMID", "ACTENMID", "ACTMTMID", "ACTWRMID", "NPT4_PROG", "COSTT4_A", "COSTT4_P", "loan_ever", "pell_ever", "PCTPELL", "faminc", "md_faminc", "UGDS", "UG"]}