{"validation": 0.16461038961038962, "id_test": 0.1625, "ood_test": 0.3431952662721893, "ood_validation": 0.36423841059602646, "33": 0.1619754881595347, "id_test_conf": [0.1560254988578025, 0.16913436525644546], "id_test_balanced": 0.5203161239624023, "id_test_balanced_conf": [0.5185729177203029, 0.5220593302045018], "ood_test_conf": [0.3178818702187655, 0.369192208935912], "ood_test_balanced": 0.5222971439361572, "ood_test_balanced_conf": [0.5162393766921014, 0.528354911180213], "features": ["AccredAgency", "HIGHDEG", "CONTROL", "region", "LOCALE", "locale2", "CCBASIC", "CCSIZSET", "HBCU", "DISTANCEONLY", "median_hh_inc", "poverty_rate", "unemp_rate", "TUITIONFEE_IN", "TUITIONFEE_OUT", "TUITIONFEE_PROG", "ADM_RATE", "ADM_RATE_ALL", "SATVRMID", "SATMTMID", "SATWRMID", "ACTCMMID", "ACTENMID", "ACTMTMID", "ACTWRMID", "NPT4_PROG", "COSTT4_A", "COSTT4_P", "loan_ever", "pell_ever", "PCTPELL", "faminc", "md_faminc", "UGDS", "UG"]}