{"validation": 0.9109577922077922, "id_test": 0.9088474025974026, "ood_test": 0.7892011834319527, "ood_validation": 0.7350993377483444, "train": 0.9110759365233979, "id_test_conf": [0.9036272896510221, 0.9138734124243165], "id_test_balanced": 0.6791608929634094, "id_test_balanced_conf": [0.6747801605798304, 0.6835416253469885], "ood_test_conf": [0.7664726829706082, 0.8106651332759356], "ood_test_balanced": 0.7195738554000854, "ood_test_balanced_conf": [0.7041253892332315, 0.7350223215669394], "features": ["AccredAgency", "HIGHDEG", "CONTROL", "region", "LOCALE", "locale2", "CCBASIC", "CCSIZSET", "HBCU", "DISTANCEONLY", "median_hh_inc", "poverty_rate", "unemp_rate", "TUITIONFEE_IN", "TUITIONFEE_OUT", "TUITIONFEE_PROG", "ADM_RATE", "ADM_RATE_ALL", "SATVRMID", "SATMTMID", "SATWRMID", "ACTCMMID", "ACTENMID", "ACTMTMID", "ACTWRMID", "NPT4_PROG", "COSTT4_A", "COSTT4_P", "loan_ever", "pell_ever", "PCTPELL", "faminc", "md_faminc", "UGDS", "UG"]}