{"validation": 0.8737824675324676, "id_test": 0.8723214285714286, "ood_test": 0.6560650887573964, "ood_validation": 0.6158940397350994, "train": 0.8747717033970535, "id_test_conf": [0.8662997431301529, 0.8781666046691965], "id_test_balanced": 0.49962806701660156, "id_test_balanced_conf": [0.4993873501737835, 0.49986878385941963], "ood_test_conf": [0.6300567990037089, 0.6813930626991311], "ood_test_balanced": 0.4758583605289459, "ood_test_balanced_conf": [0.47014502198435365, 0.4815716990735382], "features": ["AccredAgency", "HIGHDEG", "CONTROL", "region", "LOCALE", "locale2", "CCBASIC", "CCSIZSET", "HBCU", "DISTANCEONLY", "median_hh_inc", "poverty_rate", "unemp_rate", "TUITIONFEE_IN", "TUITIONFEE_OUT", "TUITIONFEE_PROG", "ADM_RATE", "ADM_RATE_ALL", "SATVRMID", "SATMTMID", "SATWRMID", "ACTCMMID", "ACTENMID", "ACTMTMID", "ACTWRMID", "NPT4_PROG", "COSTT4_A", "COSTT4_P", "loan_ever", "pell_ever", "PCTPELL", "faminc", "md_faminc", "UGDS", "UG"]}