{"validation": 0.9030032467532467, "id_test": 0.9019480519480519, "ood_test": 0.6701183431952663, "ood_validation": 0.6291390728476821, "train": 0.9023905190957425, "id_test_conf": [0.896560868833609, 0.9071444712041439], "id_test_balanced": 0.7868657112121582, "id_test_balanced_conf": [0.7821290131937713, 0.7916024092305451], "ood_test_conf": [0.6443373692130768, 0.6951575978191169], "ood_test_balanced": 0.7142959833145142, "ood_test_balanced_conf": [0.6978460412472487, 0.7307459253817796], "features": ["AccredAgency", "HIGHDEG", "CONTROL", "region", "LOCALE", "locale2", "CCBASIC", "CCSIZSET", "HBCU", "DISTANCEONLY", "median_hh_inc", "poverty_rate", "unemp_rate", "TUITIONFEE_IN", "TUITIONFEE_OUT", "TUITIONFEE_PROG", "ADM_RATE", "ADM_RATE_ALL", "SATVRMID", "SATMTMID", "SATWRMID", "ACTCMMID", "ACTENMID", "ACTMTMID", "ACTWRMID", "NPT4_PROG", "COSTT4_A", "COSTT4_P", "loan_ever", "pell_ever", "PCTPELL", "faminc", "md_faminc", "UGDS", "UG"]}