{"id_test": 0.9379058441558441, "id_test_conf": [0.9334994365484132, 0.942103937088869], "id_test_balanced": 0.8063688278198242, "id_test_balanced_conf": [0.8019534672889859, 0.8107841883506626], "ood_test": 0.8468934911242604, "ood_test_conf": [0.8265782785760051, 0.8656875448451942], "ood_test_balanced": 0.7915031909942627, "ood_test_balanced_conf": [0.7772182316705585, 0.8057881503179669], "validation": 0.9438311688311688, "validation_conf": [0.939618847233594, 0.9478322316567028], "validation_balanced": 0.82525235414505, "validation_balanced_conf": [0.8209439009055495, 0.8295608073845506], "features": ["AccredAgency", "HIGHDEG", "CONTROL", "region", "LOCALE", "locale2", "CCBASIC", "CCSIZSET", "HBCU", "DISTANCEONLY", "median_hh_inc", "poverty_rate", "unemp_rate", "TUITIONFEE_IN", "TUITIONFEE_OUT", "TUITIONFEE_PROG", "ADM_RATE", "ADM_RATE_ALL", "SATVRMID", "SATMTMID", "SATWRMID", "ACTCMMID", "ACTENMID", "ACTMTMID", "ACTWRMID", "NPT4_PROG", "COSTT4_A", "COSTT4_P", "loan_ever", "pell_ever", "PCTPELL", "faminc", "md_faminc", "UGDS", "UG"]}