{"validation": 0.8883116883116883, "id_test": 0.8892045454545454, "ood_test": 0.6997041420118343, "ood_validation": 0.6556291390728477, "33": 0.8913585375986706, "id_test_conf": [0.8835292719165109, 0.8946952008871438], "id_test_balanced": 0.5731797218322754, "id_test_balanced_conf": [0.569992450978607, 0.5763669926859438], "ood_test_conf": [0.674485346499039, 0.7240518013279313], "ood_test_balanced": 0.5173206925392151, "ood_test_balanced_conf": [0.5122982321027666, 0.5223431529756636], "features": ["AccredAgency", "HIGHDEG", "CONTROL", "region", "LOCALE", "locale2", "CCBASIC", "CCSIZSET", "HBCU", "DISTANCEONLY", "median_hh_inc", "poverty_rate", "unemp_rate", "TUITIONFEE_IN", "TUITIONFEE_OUT", "TUITIONFEE_PROG", "ADM_RATE", "ADM_RATE_ALL", "SATVRMID", "SATMTMID", "SATWRMID", "ACTCMMID", "ACTENMID", "ACTMTMID", "ACTWRMID", "NPT4_PROG", "COSTT4_A", "COSTT4_P", "loan_ever", "pell_ever", "PCTPELL", "faminc", "md_faminc", "UGDS", "UG"]}