{"validation": 0.4159902597402597, "id_test": 0.4073051948051948, "ood_test": 0.34541420118343197, "ood_validation": 0.3973509933774834, "33": 0.40911923556294144, "id_test_conf": [0.3986113902194141, 0.4160428171062787], "id_test_balanced": 0.6517940163612366, "id_test_balanced_conf": [0.6474770435597748, 0.6561109891626984], "ood_test_conf": [0.32005727515324, 0.3714449817351967], "ood_test_balanced": 0.5219445824623108, "ood_test_balanced_conf": [0.5151786255463958, 0.5287105393782258], "features": ["AccredAgency", "HIGHDEG", "CONTROL", "region", "LOCALE", "locale2", "CCBASIC", "CCSIZSET", "HBCU", "DISTANCEONLY", "median_hh_inc", "poverty_rate", "unemp_rate", "TUITIONFEE_IN", "TUITIONFEE_OUT", "TUITIONFEE_PROG", "ADM_RATE", "ADM_RATE_ALL", "SATVRMID", "SATMTMID", "SATWRMID", "ACTCMMID", "ACTENMID", "ACTMTMID", "ACTWRMID", "NPT4_PROG", "COSTT4_A", "COSTT4_P", "loan_ever", "pell_ever", "PCTPELL", "faminc", "md_faminc", "UGDS", "UG"]}