{"validation": 0.9251623376623377, "id_test": 0.9219155844155844, "ood_test": 0.8025147928994083, "ood_validation": 0.7417218543046358, "33": 0.9231823847112588, "id_test_conf": [0.9170368965014547, 0.9265938136126952], "id_test_balanced": 0.7660884857177734, "id_test_balanced_conf": [0.7614912380836905, 0.7706857333518564], "ood_test_conf": [0.7802767442299862, 0.8234293744201777], "ood_test_balanced": 0.7141886353492737, "ood_test_balanced_conf": [0.6996038991585374, 0.72877337154001], "features": ["AccredAgency", "HIGHDEG", "CONTROL", "region", "LOCALE", "locale2", "CCBASIC", "CCSIZSET", "HBCU", "DISTANCEONLY", "median_hh_inc", "poverty_rate", "unemp_rate", "TUITIONFEE_IN", "TUITIONFEE_OUT", "TUITIONFEE_PROG", "ADM_RATE", "ADM_RATE_ALL", "SATVRMID", "SATMTMID", "SATWRMID", "ACTCMMID", "ACTENMID", "ACTMTMID", "ACTWRMID", "NPT4_PROG", "COSTT4_A", "COSTT4_P", "loan_ever", "pell_ever", "PCTPELL", "faminc", "md_faminc", "UGDS", "UG"]}