{"validation": 0.9265422077922078, "id_test": 0.9252435064935065, "ood_test": 0.8195266272189349, "ood_validation": 0.7483443708609272, "train": 0.9257883842688421, "id_test_conf": [0.9204576735917415, 0.9298272541609778], "id_test_balanced": 0.7696325182914734, "id_test_balanced_conf": [0.7650655132997781, 0.7741995232831687], "ood_test_conf": [0.7979699523999775, 0.8396843232074264], "ood_test_balanced": 0.7461475729942322, "ood_test_balanced_conf": [0.7314588907547295, 0.7608362552337349], "features": ["AccredAgency", "HIGHDEG", "CONTROL", "region", "LOCALE", "locale2", "CCBASIC", "CCSIZSET", "HBCU", "DISTANCEONLY", "median_hh_inc", "poverty_rate", "unemp_rate", "TUITIONFEE_IN", "TUITIONFEE_OUT", "TUITIONFEE_PROG", "ADM_RATE", "ADM_RATE_ALL", "SATVRMID", "SATMTMID", "SATWRMID", "ACTCMMID", "ACTENMID", "ACTMTMID", "ACTWRMID", "NPT4_PROG", "COSTT4_A", "COSTT4_P", "loan_ever", "pell_ever", "PCTPELL", "faminc", "md_faminc", "UGDS", "UG"]}