{"validation": 0.9215097402597403, "id_test": 0.919724025974026, "ood_test": 0.7744082840236687, "ood_validation": 0.7483443708609272, "train": 0.9206542473314664, "id_test_conf": [0.9147855799465747, 0.9244630824320621], "id_test_balanced": 0.7989580631256104, "id_test_balanced_conf": [0.7943802627641707, 0.80353586348705], "ood_test_conf": [0.7511754201533105, 0.7964419069026062], "ood_test_balanced": 0.7598559260368347, "ood_test_balanced_conf": [0.7438201526924968, 0.7758916993811726], "features": ["AccredAgency", "HIGHDEG", "CONTROL", "region", "LOCALE", "locale2", "CCBASIC", "CCSIZSET", "HBCU", "DISTANCEONLY", "median_hh_inc", "poverty_rate", "unemp_rate", "TUITIONFEE_IN", "TUITIONFEE_OUT", "TUITIONFEE_PROG", "ADM_RATE", "ADM_RATE_ALL", "SATVRMID", "SATMTMID", "SATWRMID", "ACTCMMID", "ACTENMID", "ACTMTMID", "ACTWRMID", "NPT4_PROG", "COSTT4_A", "COSTT4_P", "loan_ever", "pell_ever", "PCTPELL", "faminc", "md_faminc", "UGDS", "UG"]}