{"validation": 0.8806818181818182, "id_test": 0.8784090909090909, "ood_test": 0.7034023668639053, "ood_validation": 0.6688741721854304, "33": 0.8818653926049024, "id_test_conf": [0.8725080852586813, 0.8841306670629301], "id_test_balanced": 0.5230437517166138, "id_test_balanced_conf": [0.5211702331178821, 0.5249172703153454], "ood_test_conf": [0.6782621384305345, 0.7276552657768505], "ood_test_balanced": 0.545508861541748, "ood_test_balanced_conf": [0.5352490664459765, 0.5557686566375196], "features": ["AccredAgency", "HIGHDEG", "CONTROL", "region", "LOCALE", "locale2", "CCBASIC", "CCSIZSET", "HBCU", "DISTANCEONLY", "median_hh_inc", "poverty_rate", "unemp_rate", "TUITIONFEE_IN", "TUITIONFEE_OUT", "TUITIONFEE_PROG", "ADM_RATE", "ADM_RATE_ALL", "SATVRMID", "SATMTMID", "SATWRMID", "ACTCMMID", "ACTENMID", "ACTMTMID", "ACTWRMID", "NPT4_PROG", "COSTT4_A", "COSTT4_P", "loan_ever", "pell_ever", "PCTPELL", "faminc", "md_faminc", "UGDS", "UG"]}