{"validation": 0.9085227272727273, "id_test": 0.9033279220779221, "ood_test": 0.6908284023668639, "ood_validation": 0.695364238410596, "33": 0.9048296634815123, "id_test_conf": [0.8979734893246669, 0.9084909238720464], "id_test_balanced": 0.7953000664710999, "id_test_balanced_conf": [0.790597750172019, 0.8000023827701807], "ood_test_conf": [0.6654287053845491, 0.715395811442461], "ood_test_balanced": 0.7129675149917603, "ood_test_balanced_conf": [0.6960593684390187, 0.7298756615445018], "features": ["AccredAgency", "HIGHDEG", "CONTROL", "region", "LOCALE", "locale2", "CCBASIC", "CCSIZSET", "HBCU", "DISTANCEONLY", "median_hh_inc", "poverty_rate", "unemp_rate", "TUITIONFEE_IN", "TUITIONFEE_OUT", "TUITIONFEE_PROG", "ADM_RATE", "ADM_RATE_ALL", "SATVRMID", "SATMTMID", "SATWRMID", "ACTCMMID", "ACTENMID", "ACTMTMID", "ACTWRMID", "NPT4_PROG", "COSTT4_A", "COSTT4_P", "loan_ever", "pell_ever", "PCTPELL", "faminc", "md_faminc", "UGDS", "UG"]}