{"validation": 0.8319805194805194, "id_test": 0.8200487012987013, "ood_test": 0.6590236686390533, "ood_validation": 0.6291390728476821, "33": 0.8212401329455754, "id_test_conf": [0.8131494855039448, 0.8267963681360609], "id_test_balanced": 0.830592930316925, "id_test_balanced_conf": [0.8259124867804348, 0.8352733738534153], "ood_test_conf": [0.6330611752600883, 0.6842929223910696], "ood_test_balanced": 0.6997087597846985, "ood_test_balanced_conf": [0.6829124349355697, 0.7165050846338272], "features": ["AccredAgency", "HIGHDEG", "CONTROL", "region", "LOCALE", "locale2", "CCBASIC", "CCSIZSET", "HBCU", "DISTANCEONLY", "median_hh_inc", "poverty_rate", "unemp_rate", "TUITIONFEE_IN", "TUITIONFEE_OUT", "TUITIONFEE_PROG", "ADM_RATE", "ADM_RATE_ALL", "SATVRMID", "SATMTMID", "SATWRMID", "ACTCMMID", "ACTENMID", "ACTMTMID", "ACTWRMID", "NPT4_PROG", "COSTT4_A", "COSTT4_P", "loan_ever", "pell_ever", "PCTPELL", "faminc", "md_faminc", "UGDS", "UG"]}