{"validation": 0.9253055528461994, "id_test": 0.9263109323769723, "ood_test": 0.48530954879328436, "ood_validation": 0.5754716981132075, "train": 0.9254166186016021, "id_test_conf": [0.9253126108998383, 0.9272999731390916], "id_test_balanced": 0.8807475566864014, "id_test_balanced_conf": [0.8799359137646389, 0.8815591996081639], "ood_test_conf": [0.46264726417346647, 0.5080171026172919], "ood_test_balanced": 0.5431606769561768, "ood_test_balanced_conf": [0.536769554298371, 0.5495517996139825], "features": ["school_id", "Average_confidence(BORED)", "Average_confidence(CONCENTRATING)", "Average_confidence(CONFUSED)", "Average_confidence(FRUSTRATED)", "attempt_count", "hint_count", "skill_id", "problem_type", "bottom_hint", "tutor_mode", "position", "type", "first_action", "ms_first_response"]}