{"validation": 0.9240300713519354, "id_test": 0.9253243099269974, "ood_test": 0.45120671563483733, "ood_validation": 0.5518867924528302, "train": 0.9242246049989543, "id_test_conf": [0.9243199136631297, 0.9263194470955425], "id_test_balanced": 0.8782917857170105, "id_test_balanced_conf": [0.8774758383492007, 0.8791077330848203], "ood_test_conf": [0.4286942998756706, 0.4738694997049344], "ood_test_balanced": 0.5130353569984436, "ood_test_balanced_conf": [0.5094584700884297, 0.5166122439084575], "features": ["school_id", "Average_confidence(BORED)", "Average_confidence(CONCENTRATING)", "Average_confidence(CONFUSED)", "Average_confidence(FRUSTRATED)", "attempt_count", "hint_count", "skill_id", "problem_type", "bottom_hint", "tutor_mode", "position", "type", "first_action", "ms_first_response"]}