{"validation": 0.9238162406308381, "id_test": 0.9251142306220598, "ood_test": 0.45120671563483733, "ood_validation": 0.5518867924528302, "train": 0.9239826384297307, "id_test_conf": [0.9241085474664555, 0.9261106592853144], "id_test_balanced": 0.8777810335159302, "id_test_balanced_conf": [0.8769642027153168, 0.8785978643165435], "ood_test_conf": [0.4286942998756706, 0.4738694997049344], "ood_test_balanced": 0.5130353569984436, "ood_test_balanced_conf": [0.5094584700884297, 0.5166122439084575], "features": ["school_id", "Average_confidence(BORED)", "Average_confidence(CONCENTRATING)", "Average_confidence(CONFUSED)", "Average_confidence(FRUSTRATED)", "attempt_count", "hint_count", "skill_id", "problem_type", "bottom_hint", "tutor_mode", "position", "type", "first_action", "ms_first_response"]}