{"id_test": 0.9376739719244015, "id_test_conf": [0.9367496161623555, 0.9385887976781514], "id_test_balanced": 0.9013156294822693, "id_test_balanced_conf": [0.9005550531065092, 0.9020762058580294], "ood_test": 0.5813221406086044, "ood_test_conf": [0.5588007115994633, 0.6035929229358237], "ood_test_balanced": 0.628220796585083, "ood_test_balanced_conf": [0.6183275959268212, 0.6381139972433448], "validation": 0.9366760952259477, "validation_conf": [0.9357449254983367, 0.937597756862718], "validation_balanced": 0.9001624584197998, "validation_balanced_conf": [0.8993987605662551, 0.9009261562733445], "features": ["school_id", "Average_confidence(BORED)", "Average_confidence(CONCENTRATING)", "Average_confidence(CONFUSED)", "Average_confidence(FRUSTRATED)", "attempt_count", "hint_count", "skill_id", "problem_type", "bottom_hint", "tutor_mode", "position", "type", "first_action", "ms_first_response"]}