{"validation": 0.899859697035631, "id_test": 0.9000735277567282, "ood_test": 0.549317943336831, "ood_validation": 0.6037735849056604, "train": 0.8999665185793749, "id_test_conf": [0.8989288200428056, 0.9012095287434042], "id_test_balanced": 0.8804762363433838, "id_test_balanced_conf": [0.8796159029658884, 0.8813365697208791], "ood_test_conf": [0.5266566697646877, 0.5718272314953994], "ood_test_balanced": 0.5828957557678223, "ood_test_balanced_conf": [0.569684624504298, 0.5961068870313465], "features": ["school_id", "Average_confidence(BORED)", "Average_confidence(CONCENTRATING)", "Average_confidence(CONFUSED)", "Average_confidence(FRUSTRATED)", "attempt_count", "hint_count", "skill_id", "problem_type", "bottom_hint", "tutor_mode", "position", "type", "first_action", "ms_first_response"]}