{"validation": 0.9167973409962261, "id_test": 0.918140347981363, "ood_test": 0.5535152151101784, "ood_validation": 0.6037735849056604, "train": 0.9171663088750149, "id_test_conf": [0.9170931971310005, 0.9191783970580724], "id_test_balanced": 0.882226824760437, "id_test_balanced_conf": [0.8813975058239885, 0.8830561436968856], "ood_test_conf": [0.5308669277619931, 0.5759985799374423], "ood_test_balanced": 0.588786780834198, "ood_test_balanced_conf": [0.5758939550817013, 0.6016796065866947], "features": ["school_id", "Average_confidence(BORED)", "Average_confidence(CONCENTRATING)", "Average_confidence(CONFUSED)", "Average_confidence(FRUSTRATED)", "attempt_count", "hint_count", "skill_id", "problem_type", "bottom_hint", "tutor_mode", "position", "type", "first_action", "ms_first_response"]}