{"validation": 0.9185492523427594, "id_test": 0.919228258667647, "ood_test": 0.48478488982161594, "ood_validation": 0.5801886792452831, "train": 0.9185721533993021, "id_test_conf": [0.9181874222369293, 0.9202599695109435], "id_test_balanced": 0.8835036754608154, "id_test_balanced_conf": [0.8826782276108861, 0.8843291233107448], "ood_test_conf": [0.462124117374059, 0.507492548252846], "ood_test_balanced": 0.5399869084358215, "ood_test_balanced_conf": [0.5322516162134707, 0.5477222006581723], "features": ["school_id", "Average_confidence(BORED)", "Average_confidence(CONCENTRATING)", "Average_confidence(CONFUSED)", "Average_confidence(FRUSTRATED)", "attempt_count", "hint_count", "skill_id", "problem_type", "bottom_hint", "tutor_mode", "position", "type", "first_action", "ms_first_response"]}