{"validation": 0.9243376874770226, "id_test": 0.9254481066602642, "ood_test": 0.4590766002098636, "ood_validation": 0.5613207547169812, "train": 0.9245326903400005, "id_test_conf": [0.9244444698224643, 0.9264424816901989], "id_test_balanced": 0.879400908946991, "id_test_balanced_conf": [0.8785860184242483, 0.8802157994697336], "ood_test_conf": [0.4365202714756758, 0.48175904158656435], "ood_test_balanced": 0.5200186371803284, "ood_test_balanced_conf": [0.5156179153826088, 0.5244193589780479], "features": ["school_id", "Average_confidence(BORED)", "Average_confidence(CONCENTRATING)", "Average_confidence(CONFUSED)", "Average_confidence(FRUSTRATED)", "attempt_count", "hint_count", "skill_id", "problem_type", "bottom_hint", "tutor_mode", "position", "type", "first_action", "ms_first_response"]}