{"validation": 0.9241163539236061, "id_test": 0.9253543212562743, "ood_test": 0.45487932843651624, "ood_validation": 0.5518867924528302, "train": 0.9242738423822265, "id_test_conf": [0.9243501090221005, 0.9263492737375445], "id_test_balanced": 0.8789703845977783, "id_test_balanced_conf": [0.8781549527321476, 0.879785816463409], "ood_test_conf": [0.43234572026297297, 0.47755198541216654], "ood_test_balanced": 0.5162942409515381, "ood_test_balanced_conf": [0.5123085636086762, 0.5202799182944], "features": ["school_id", "Average_confidence(BORED)", "Average_confidence(CONCENTRATING)", "Average_confidence(CONFUSED)", "Average_confidence(FRUSTRATED)", "attempt_count", "hint_count", "skill_id", "problem_type", "bottom_hint", "tutor_mode", "position", "type", "first_action", "ms_first_response"]}