{"validation": 0.9240000600226586, "id_test": 0.9251517447836558, "ood_test": 0.459601259181532, "ood_validation": 0.5566037735849056, "train": 0.9240328136679224, "id_test_conf": [0.9241462912614363, 0.9261479429915791], "id_test_balanced": 0.8776732087135315, "id_test_balanced_conf": [0.8768564171018078, 0.8784900003252551], "ood_test_conf": [0.43704220266038657, 0.48228481135484125], "ood_test_balanced": 0.5204841494560242, "ood_test_balanced_conf": [0.5160347102209926, 0.5249335886910558], "features": ["school_id", "Average_confidence(BORED)", "Average_confidence(CONCENTRATING)", "Average_confidence(CONFUSED)", "Average_confidence(FRUSTRATED)", "attempt_count", "hint_count", "skill_id", "problem_type", "bottom_hint", "tutor_mode", "position", "type", "first_action", "ms_first_response"]}