{"validation": 0.9241501166690426, "id_test": 0.9252867957654014, "ood_test": 0.453305351521511, "ood_validation": 0.5518867924528302, "train": 0.9244013906512746, "id_test_conf": [0.9242821695305854, 0.9262821637268653], "id_test_balanced": 0.8797171115875244, "id_test_balanced_conf": [0.8789020142820664, 0.8805322088929824], "ood_test_conf": [0.4307806757178835, 0.4759739273012397], "ood_test_balanced": 0.5148975849151611, "ood_test_balanced_conf": [0.5110810502432287, 0.5187141195870936], "features": ["school_id", "Average_confidence(BORED)", "Average_confidence(CONCENTRATING)", "Average_confidence(CONFUSED)", "Average_confidence(FRUSTRATED)", "attempt_count", "hint_count", "skill_id", "problem_type", "bottom_hint", "tutor_mode", "position", "type", "first_action", "ms_first_response"]}