{"validation": 0.930433738736373, "id_test": 0.9313640899439538, "ood_test": 0.583420776495278, "ood_validation": 0.6745283018867925, "train": 0.9304346113482321, "id_test_conf": [0.9303977151525192, 0.9323210732316927], "id_test_balanced": 0.8881021738052368, "id_test_balanced_conf": [0.8873099143814761, 0.8888944332289975], "ood_test_conf": [0.560911827534833, 0.6056726076827481], "ood_test_balanced": 0.6303538084030151, "ood_test_balanced_conf": [0.6204989674501121, 0.6402086493559181], "features": ["school_id", "Average_confidence(BORED)", "Average_confidence(CONCENTRATING)", "Average_confidence(CONFUSED)", "Average_confidence(FRUSTRATED)", "attempt_count", "hint_count", "skill_id", "problem_type", "bottom_hint", "tutor_mode", "position", "type", "first_action", "ms_first_response"]}