{"validation": 0.9230922173120353, "id_test": 0.9243676988062994, "ood_test": 0.4522560335781742, "ood_validation": 0.5518867924528302, "train": 0.9232117216859255, "id_test_conf": [0.9233574611114215, 0.9253686983645539], "id_test_balanced": 0.8763555288314819, "id_test_balanced_conf": [0.8755358332488686, 0.8771752244140952], "ood_test_conf": [0.4297374377405798, 0.4749217635443068], "ood_test_balanced": 0.5139665007591248, "ood_test_balanced_conf": [0.5102676123892889, 0.5176653891289607], "features": ["school_id", "Average_confidence(BORED)", "Average_confidence(CONCENTRATING)", "Average_confidence(CONFUSED)", "Average_confidence(FRUSTRATED)", "attempt_count", "hint_count", "skill_id", "problem_type", "bottom_hint", "tutor_mode", "position", "type", "first_action", "ms_first_response"]}