{"validation": 0.9224769850618608, "id_test": 0.9235949070774218, "ood_test": 0.45120671563483733, "ood_validation": 0.5518867924528302, "train": 0.9225294322320103, "id_test_conf": [0.9225799847673286, 0.9246006081798926], "id_test_balanced": 0.874893844127655, "id_test_balanced_conf": [0.8740712468558922, 0.8757164413994178], "ood_test_conf": [0.4286942998756706, 0.4738694997049344], "ood_test_balanced": 0.5130353569984436, "ood_test_balanced_conf": [0.5094584700884297, 0.5166122439084575], "features": ["school_id", "Average_confidence(BORED)", "Average_confidence(CONCENTRATING)", "Average_confidence(CONFUSED)", "Average_confidence(FRUSTRATED)", "attempt_count", "hint_count", "skill_id", "problem_type", "bottom_hint", "tutor_mode", "position", "type", "first_action", "ms_first_response"]}