{"validation": 0.8083932896815175, "id_test": 0.8067921770351171, "ood_test": 0.6259633172225163, "ood_validation": 0.6266230908050531, "train": 0.8080139302374865, "id_test_conf": [0.805695909799474, 0.8078848937301606], "id_test_balanced": 0.6329877376556396, "id_test_balanced_conf": [0.6322726211906411, 0.6337028541206382], "ood_test_conf": [0.6249135990303942, 0.6270121432077786], "ood_test_balanced": 0.6862447261810303, "ood_test_balanced_conf": [0.685619608113775, 0.6868698442482856], "features": ["DIS", "ESP", "MIG", "ANC", "NATIVITY", "DEAR", "DEYE", "DREM", "PINCP", "ESR", "FER", "AGEP", "SEX", "MAR", "CIT", "RAC1P", "SCHL", "ST"]}