{"validation": 0.6439957492029755, "id_test": 0.6804670912951167, "ood_test": 0.6209693243508405, "ood_validation": 0.6344908769864627, "train": 0.669632186960563, "id_test_conf": [0.6496292855472692, 0.7101716920244607], "id_test_balanced": 0.695255696773529, "id_test_balanced_conf": [0.6748024632409215, 0.7157089303061366], "ood_test_conf": [0.6132241096441506, 0.6286684849236231], "ood_test_balanced": 0.6186635494232178, "ood_test_balanced_conf": [0.6132247170154005, 0.6241023818310351], "features": ["SEX", "WHTLGSPK", "BORNUSA", "HWELLSPK", "OTHLGSPK", "HIDEG", "EDUCYR", "YRSINUS", "HISPNCAT", "RACETHX", "RACEWX", "RACEBX", "RACEAX", "RACEV2X", "RACEV1X", "SICPAY31", "PAYDR31", "REGION31", "AGE31X", "INSCOV19"]}