{"validation": 0.5047821466524973, "id_test": 0.5254777070063694, "ood_test": 0.5100398979658578, "ood_validation": 0.5208946439081813, "train": 0.5271544283627673, "id_test_conf": [0.49302150014753576, 0.5577741715447628], "id_test_balanced": 0.5928728580474854, "id_test_balanced_conf": [0.5784574799239636, 0.6072882361710071], "ood_test_conf": [0.5020819807635384, 0.517993993516878], "ood_test_balanced": 0.5554711818695068, "ood_test_balanced_conf": [0.5525724569289013, 0.5583699068101123], "features": ["SEX", "WHTLGSPK", "BORNUSA", "HWELLSPK", "OTHLGSPK", "HIDEG", "EDUCYR", "YRSINUS", "HISPNCAT", "RACETHX", "RACEWX", "RACEBX", "RACEAX", "RACEV2X", "RACEV1X", "SICPAY31", "PAYDR31", "REGION31", "AGE31X", "INSCOV19"]}