{"validation": 0.665249734325186, "id_test": 0.6942675159235668, "ood_test": 0.5865655046111583, "ood_validation": 0.5856386109476163, "train": 0.6720223077944496, "id_test_conf": [0.6637414765241636, 0.7235733596306559], "id_test_balanced": 0.6522905826568604, "id_test_balanced_conf": [0.6335247873514891, 0.6710563779622316], "ood_test_conf": [0.57871108911613, 0.5943869665530797], "ood_test_balanced": 0.5477590560913086, "ood_test_balanced_conf": [0.543935663420707, 0.5515824487619102], "features": ["SEX", "WHTLGSPK", "BORNUSA", "HWELLSPK", "OTHLGSPK", "HIDEG", "EDUCYR", "YRSINUS", "HISPNCAT", "RACETHX", "RACEWX", "RACEBX", "RACEAX", "RACEV2X", "RACEV1X", "SICPAY31", "PAYDR31", "REGION31", "AGE31X", "INSCOV19"]}