{"validation": 0.5132837407013815, "id_test": 0.524416135881104, "ood_test": 0.5091896134475767, "ood_validation": 0.5197174808711007, "train": 0.5320674545213119, "id_test_conf": [0.4919598795965875, 0.5567193061193925], "id_test_balanced": 0.5915775299072266, "id_test_balanced_conf": [0.5770771980285645, 0.6060778617858886], "ood_test_conf": [0.5012315988951693, 0.51714413000707], "ood_test_balanced": 0.5549156665802002, "ood_test_balanced_conf": [0.5520668339449912, 0.5577644992154092], "features": ["SEX", "WHTLGSPK", "BORNUSA", "HWELLSPK", "OTHLGSPK", "HIDEG", "EDUCYR", "YRSINUS", "HISPNCAT", "RACETHX", "RACEWX", "RACEBX", "RACEAX", "RACEV2X", "RACEV1X", "SICPAY31", "PAYDR31", "REGION31", "AGE31X", "INSCOV19"]}