{"validation": 0.7035069075451648, "id_test": 0.7484076433121019, "ood_test": 0.6544574530708352, "ood_validation": 0.657445556209535, "train": 0.7239410436860975, "id_test_conf": [0.719416344591882, 0.7758364912031193], "id_test_balanced": 0.748849093914032, "id_test_balanced_conf": [0.7292663643881678, 0.7684318234398961], "ood_test_conf": [0.6468580199913695, 0.6619980761467861], "ood_test_balanced": 0.654466986656189, "ood_test_balanced_conf": [0.6491368276067078, 0.6597971457056702], "features": ["SEX", "WHTLGSPK", "BORNUSA", "HWELLSPK", "OTHLGSPK", "HIDEG", "EDUCYR", "YRSINUS", "HISPNCAT", "RACETHX", "RACEWX", "RACEBX", "RACEAX", "RACEV2X", "RACEV1X", "SICPAY31", "PAYDR31", "REGION31", "AGE31X", "INSCOV19"]}