{"validation": 0.6875664187035069, "id_test": 0.7420382165605095, "ood_test": 0.6561580221073975, "ood_validation": 0.6562683931724543, "train": 0.7224804142876112, "id_test_conf": [0.7128388424968819, 0.7697155045710924], "id_test_balanced": 0.7446416020393372, "id_test_balanced_conf": [0.7249615352973342, 0.7643216687813401], "ood_test_conf": [0.6485670722250543, 0.6636895140946335], "ood_test_balanced": 0.6587234735488892, "ood_test_balanced_conf": [0.6534158384706825, 0.6640311086270958], "features": ["SEX", "WHTLGSPK", "BORNUSA", "HWELLSPK", "OTHLGSPK", "HIDEG", "EDUCYR", "YRSINUS", "HISPNCAT", "RACETHX", "RACEWX", "RACEBX", "RACEAX", "RACEV2X", "RACEV1X", "SICPAY31", "PAYDR31", "REGION31", "AGE31X", "INSCOV19"]}