{"validation": 0.7003188097768331, "id_test": 0.7399150743099787, "ood_test": 0.6556347700961476, "ood_validation": 0.6698057680988817, "train": 0.7246049661399548, "id_test_conf": [0.7106480607082606, 0.7676734499511462], "id_test_balanced": 0.7432390451431274, "id_test_balanced_conf": [0.7235303452983498, 0.7629477449879051], "ood_test_conf": [0.6480411986295901, 0.6631690830203845], "ood_test_balanced": 0.6598519086837769, "ood_test_balanced_conf": [0.6545601170975714, 0.6651437002699823], "features": ["SEX", "WHTLGSPK", "BORNUSA", "HWELLSPK", "OTHLGSPK", "HIDEG", "EDUCYR", "YRSINUS", "HISPNCAT", "RACETHX", "RACEWX", "RACEBX", "RACEAX", "RACEV2X", "RACEV1X", "SICPAY31", "PAYDR31", "REGION31", "AGE31X", "INSCOV19"]}