{"validation": 0.6418703506907545, "id_test": 0.6528662420382165, "ood_test": 0.5916018052194388, "ood_validation": 0.6038846380223661, "train": 0.6550258929757005, "id_test_conf": [0.6214935655258924, 0.6832794723100499], "id_test_balanced": 0.6100896596908569, "id_test_balanced_conf": [0.5908415501192212, 0.6293377692624926], "ood_test_conf": [0.583760883245388, 0.5994078560772329], "ood_test_balanced": 0.5583299398422241, "ood_test_balanced_conf": [0.5539883771818132, 0.5626715025026351], "features": ["SEX", "WHTLGSPK", "BORNUSA", "HWELLSPK", "OTHLGSPK", "HIDEG", "EDUCYR", "YRSINUS", "HISPNCAT", "RACETHX", "RACEWX", "RACEBX", "RACEAX", "RACEV2X", "RACEV1X", "SICPAY31", "PAYDR31", "REGION31", "AGE31X", "INSCOV19"]}