{"validation": 0.6886291179596175, "id_test": 0.7367303609341825, "ood_test": 0.6297992020406828, "ood_validation": 0.6309593878752208, "train": 0.7068118443765768, "id_test_conf": [0.7073634760210197, 0.7646087738743949], "id_test_balanced": 0.742917537689209, "id_test_balanced_conf": [0.7232440387085081, 0.7625910366699099], "ood_test_conf": [0.6220885582567385, 0.6374604287675014], "ood_test_balanced": 0.6383994221687317, "ood_test_balanced_conf": [0.63308988138102, 0.6437089629564434], "features": ["SEX", "WHTLGSPK", "BORNUSA", "HWELLSPK", "OTHLGSPK", "HIDEG", "EDUCYR", "YRSINUS", "HISPNCAT", "RACETHX", "RACEWX", "RACEBX", "RACEAX", "RACEV2X", "RACEV1X", "SICPAY31", "PAYDR31", "REGION31", "AGE31X", "INSCOV19"]}