{"validation": 0.691817215727949, "id_test": 0.7441613588110403, "ood_test": 0.6373209497024004, "ood_validation": 0.6368452030606239, "train": 0.7143805603505511, "id_test_conf": [0.7150304790975119, 0.7717567010131597], "id_test_balanced": 0.7460440993309021, "id_test_balanced_conf": [0.7263945659250021, 0.7656936327368021], "ood_test_conf": [0.6296419180261659, 0.6449476993748404], "ood_test_balanced": 0.6377551555633545, "ood_test_balanced_conf": [0.6323679420538246, 0.6431423690728844], "features": ["SEX", "WHTLGSPK", "BORNUSA", "HWELLSPK", "OTHLGSPK", "HIDEG", "EDUCYR", "YRSINUS", "HISPNCAT", "RACETHX", "RACEWX", "RACEBX", "RACEAX", "RACEV2X", "RACEV1X", "SICPAY31", "PAYDR31", "REGION31", "AGE31X", "INSCOV19"]}