{"validation": 0.691817215727949, "id_test": 0.7484076433121019, "ood_test": 0.6436653803388057, "ood_validation": 0.6433195997645674, "train": 0.7184968795644668, "id_test_conf": [0.719416344591882, 0.7758364912031193], "id_test_balanced": 0.7385516166687012, "id_test_balanced_conf": [0.7188628464564681, 0.7582403868809342], "ood_test_conf": [0.6360145799890915, 0.6512614819832412], "ood_test_balanced": 0.6302950382232666, "ood_test_balanced_conf": [0.6250685400050133, 0.6355215364415199], "features": ["SEX", "WHTLGSPK", "BORNUSA", "HWELLSPK", "OTHLGSPK", "HIDEG", "EDUCYR", "YRSINUS", "HISPNCAT", "RACETHX", "RACEWX", "RACEBX", "RACEAX", "RACEV2X", "RACEV1X", "SICPAY31", "PAYDR31", "REGION31", "AGE31X", "INSCOV19"]}