{"validation": 0.7418244548260892, "id_test": 0.7424187397857273, "ood_test": 0.7259701492537314, "ood_validation": 0.7245959422283357, "train": 0.74330834095967, "id_test_conf": [0.7399464168930158, 0.744879454559729], "id_test_balanced": 0.7126132249832153, "id_test_balanced_conf": [0.7108183621941134, 0.7144080877723172], "ood_test_conf": [0.724054155276167, 0.7278798854969404], "ood_test_balanced": 0.6995803117752075, "ood_test_balanced_conf": [0.6981971902796067, 0.7009634332708083], "features": ["IYEAR", "MEDCOST", "PRACE1", "SEX", "PHYSHLTH", "BMI5", "BMI5CAT", "SMOKE100", "SMOKDAY2", "FRUIT_ONCE_PER_DAY", "VEG_ONCE_PER_DAY", "DRNK_PER_WEEK", "RFBING5", "TOTINDA", "INCOME", "MARITAL", "CHECKUP1", "EDUCA", "MENTHLTH", "TOLDHI"]}