{"validation": 0.8525974025974026, "id_test": 0.8510551948051948, "ood_test": 0.6893491124260355, "ood_validation": 0.6423841059602649, "train": 0.852662445716141, "id_test_conf": [0.8446448815906102, 0.8572991742381958], "id_test_balanced": 0.5625224113464355, "id_test_balanced_conf": [0.5586441163532436, 0.5664007063396275], "ood_test_conf": [0.6639203029645981, 0.7139521066384891], "ood_test_balanced": 0.5, "ood_test_balanced_conf": [0.5, 0.5], "features": ["AccredAgency", "HIGHDEG", "CONTROL", "region", "LOCALE", "locale2", "DISTANCEONLY", "median_hh_inc", "poverty_rate", "unemp_rate", "CCBASIC"]}