{"validation": 0.6190917516218721, "id_test": 0.6055555555555555, "ood_test": 0.5432192648922687, "ood_validation": 0.5569908814589666, "train": 0.5940467917535326, "id_test_conf": [0.5756894314912262, 0.6348448718247521], "id_test_balanced": 0.5070124864578247, "id_test_balanced_conf": [0.501689676893875, 0.5123352960217744], "ood_test_conf": [0.5341929074640099, 0.5522243542029601], "ood_test_balanced": 0.49943363666534424, "ood_test_balanced_conf": [0.4987185613857582, 0.5001487119449303], "features": ["gender", "age", "ethnicity", "weight_mean_0", "insurance"]}