{"validation": 0.4643188137164041, "id_test": 0.46944444444444444, "ood_test": 0.4841571609632446, "ood_validation": 0.4878419452887538, "train": 0.4615473708593931, "id_test_conf": [0.43933526862911215, 0.4997205209220444], "id_test_balanced": 0.493112713098526, "id_test_balanced_conf": [0.47260575644671915, 0.5136196697503328], "ood_test_conf": [0.47511614925142864, 0.4932059687497153], "ood_test_balanced": 0.49557167291641235, "ood_test_balanced_conf": [0.4894195415638387, 0.501723804268986], "features": ["gender", "age", "ethnicity", "weight_mean_0", "insurance"]}