{"validation": 0.5366079703429101, "id_test": 0.5351851851851852, "ood_test": 0.5171102661596958, "ood_validation": 0.5144376899696048, "3": 0.5384248210023866, "id_test_conf": [0.5049146125552972, 0.5652635668414379], "id_test_balanced": 0.5071914196014404, "id_test_balanced_conf": [0.4869195260107517, 0.5274633131921291], "ood_test_conf": [0.5080618992377635, 0.5261502133166654], "ood_test_balanced": 0.5020959377288818, "ood_test_balanced_conf": [0.49610735969617964, 0.5080845157615841], "features": ["gender", "age", "ethnicity", "weight_mean_0", "insurance"]}