{"validation": 0.46246524559777574, "id_test": 0.46574074074074073, "ood_test": 0.4824672581326574, "ood_validation": 0.4817629179331307, "train": 0.45981005327773916, "id_test_conf": [0.4356559947958378, 0.49601261952197373], "id_test_balanced": 0.49397140741348267, "id_test_balanced_conf": [0.47371292132884263, 0.5142298934981226], "ood_test_conf": [0.4734276787091365, 0.49151546521812817], "ood_test_balanced": 0.499091774225235, "ood_test_balanced_conf": [0.4931927024759352, 0.5049908459745347], "features": ["gender", "age", "ethnicity", "weight_mean_0", "insurance"]}