{"validation": 0.5690454124189064, "id_test": 0.55, "ood_test": 0.49218419940853403, "ood_validation": 0.4946808510638298, "3": 0.5315831344470963, "id_test_conf": [0.5197643322517902, 0.5799625404522657], "id_test_balanced": 0.5092665553092957, "id_test_balanced_conf": [0.48994398798793554, 0.5285891226306557], "ood_test_conf": [0.4831377909026028, 0.5012344539689642], "ood_test_balanced": 0.5011774897575378, "ood_test_balanced_conf": [0.4949417677614838, 0.5074132117535919], "features": ["gender", "age", "ethnicity", "weight_mean_0", "insurance"]}