{"validation": 0.42910101946246526, "id_test": 0.4324074074074074, "ood_test": 0.4600760456273764, "ood_validation": 0.4430091185410334, "train": 0.4375723882325689, "id_test_conf": [0.4026169054718495, 0.46256716788959223], "id_test_balanced": 0.5016994476318359, "id_test_balanced_conf": [0.4862452241778374, 0.5171536710858345], "ood_test_conf": [0.4510651932130709, 0.4691065444763093], "ood_test_balanced": 0.5022139549255371, "ood_test_balanced_conf": [0.5003513763588853, 0.504076533492189], "features": ["gender", "age", "ethnicity", "weight_mean_0", "insurance"]}