{"validation": 0.4633920296570899, "id_test": 0.4648148148148148, "ood_test": 0.48187579214195186, "ood_validation": 0.48556231003039513, "train": 0.45969423210562893, "id_test_conf": [0.4347364331585621, 0.4950853874447027], "id_test_balanced": 0.49280858039855957, "id_test_balanced_conf": [0.47253668498247864, 0.5130804758146406], "ood_test_conf": [0.47283673836770207, 0.49092376463412785], "ood_test_balanced": 0.4970322847366333, "ood_test_balanced_conf": [0.4910512542445213, 0.5030133152287454], "features": ["gender", "age", "ethnicity", "weight_mean_0", "insurance"]}