{"validation": 0.27962662337662336, "id_test": 0.28425324675324676, "ood_test": 0.3624260355029586, "ood_validation": 0.3708609271523179, "33": 0.2781678437889489, "id_test_conf": [0.2762995740483294, 0.2923089608761429], "id_test_balanced": 0.5370893478393555, "id_test_balanced_conf": [0.5325230615958572, 0.5416556340828538], "ood_test_conf": [0.33675543230872496, 0.3886962159487516], "ood_test_balanced": 0.502237856388092, "ood_test_balanced_conf": [0.48952860303223134, 0.5149471097439527], "features": ["AccredAgency", "CONTROL", "region", "LOCALE", "locale2", "CCSIZSET", "HBCU", "DISTANCEONLY", "poverty_rate", "unemp_rate", "CCBASIC"]}