{"validation": 0.8724025974025974, "id_test": 0.8720779220779221, "ood_test": 0.6893491124260355, "ood_validation": 0.6423841059602649, "33": 0.8767864561695056, "id_test_conf": [0.8660515027614577, 0.8779279487802847], "id_test_balanced": 0.49948862195014954, "id_test_balanced_conf": [0.4992064040445257, 0.49977083985577336], "ood_test_conf": [0.6639203029645981, 0.7139521066384891], "ood_test_balanced": 0.5, "ood_test_balanced_conf": [0.5, 0.5], "features": ["AccredAgency", "CONTROL", "region", "LOCALE", "locale2", "CCSIZSET", "HBCU", "DISTANCEONLY", "poverty_rate", "unemp_rate", "CCBASIC"]}