{"validation": 0.2748376623376623, "id_test": 0.2801948051948052, "ood_test": 0.4430473372781065, "ood_validation": 0.39072847682119205, "33": 0.2703469048608226, "id_test_conf": [0.2722767620390843, 0.2882168123195696], "id_test_balanced": 0.5593347549438477, "id_test_balanced_conf": [0.5552609654609114, 0.5634085444267839], "ood_test_conf": [0.41634732677915154, 0.4699954117541201], "ood_test_balanced": 0.5293225049972534, "ood_test_balanced_conf": [0.5125827892124653, 0.5460622207820416], "features": ["AccredAgency", "CONTROL", "region", "LOCALE", "locale2", "CCSIZSET", "HBCU", "DISTANCEONLY", "poverty_rate", "unemp_rate", "CCBASIC"]}