{"validation": 0.13238636363636364, "id_test": 0.13563311688311688, "ood_test": 0.3683431952662722, "ood_validation": 0.3509933774834437, "33": 0.12794972995429996, "id_test_conf": [0.12963303398689566, 0.14180589875156663], "id_test_balanced": 0.5041089653968811, "id_test_balanced_conf": [0.5031439802283422, 0.50507395056542], "ood_test_conf": [0.3425716713246034, 0.39468847184813266], "ood_test_balanced": 0.5052217245101929, "ood_test_balanced_conf": [0.49220121165737507, 0.5182422373630107], "features": ["AccredAgency", "CONTROL", "region", "LOCALE", "locale2", "CCSIZSET", "HBCU", "DISTANCEONLY", "poverty_rate", "unemp_rate", "CCBASIC"]}