{"validation": 0.7583892617449665, "id_test": 0.7248322147651006, "ood_test": 0.6172201052440573, "ood_validation": 0.6115949918345128, "train": 0.7156040268456376, "id_test_conf": [0.6703758807635969, 0.7747554166843915], "id_test_balanced": 0.6509009003639221, "id_test_balanced_conf": [0.6145985434949398, 0.6872032572329044], "ood_test_conf": [0.6119558302125243, 0.6224637818529446], "ood_test_balanced": 0.6073283553123474, "ood_test_balanced_conf": [0.6038401591917499, 0.6108165514329449], "features": ["MARITAL_STATUS", "EDUCATION", "RACE", "GENDER", "AGE", "ORIGIN", "HEALTHDISAB", "HEALTH_SEEING", "HEALTH_COGNITIVE", "HEALTH_AMBULATORY", "HEALTH_SELF_CARE", "HEALTH_ERRANDS_DIFFICULTY", "HEALTH_CORE_DISABILITY", "HEALTH_SUPPLEMENTAL_DISABILITY", "CITIZENSHIP_STATUS"]}