{"validation": 0.7080536912751678, "id_test": 0.6375838926174496, "ood_test": 0.5912115163612169, "ood_validation": 0.5745781164942841, "train": 0.6753355704697986, "id_test_conf": [0.5801733034443223, 0.6922283990462513], "id_test_balanced": 0.6053224802017212, "id_test_balanced_conf": [0.5664385440945625, 0.6442064163088799], "ood_test_conf": [0.5858897669724885, 0.5965172383564291], "ood_test_balanced": 0.5740463733673096, "ood_test_balanced_conf": [0.5710251860553399, 0.5770675606792792], "features": ["MARITAL_STATUS", "EDUCATION", "RACE", "GENDER", "AGE", "ORIGIN", "HEALTHDISAB", "HEALTH_SEEING", "HEALTH_COGNITIVE", "HEALTH_AMBULATORY", "HEALTH_SELF_CARE", "HEALTH_ERRANDS_DIFFICULTY", "HEALTH_CORE_DISABILITY", "HEALTH_SUPPLEMENTAL_DISABILITY", "CITIZENSHIP_STATUS"]}