{"validation": 0.7516778523489933, "id_test": 0.7114093959731543, "ood_test": 0.6107482005685598, "ood_validation": 0.6020685900925422, "train": 0.7156040268456376, "id_test_conf": [0.6563572276381838, 0.7622015285002643], "id_test_balanced": 0.6418918967247009, "id_test_balanced_conf": [0.6051241743564606, 0.6786596190929413], "ood_test_conf": [0.6054681626622993, 0.6160087775532563], "ood_test_balanced": 0.5975185036659241, "ood_test_balanced_conf": [0.5942087407782674, 0.6008282665535808], "features": ["MARITAL_STATUS", "EDUCATION", "RACE", "GENDER", "AGE", "ORIGIN", "HEALTHDISAB", "HEALTH_SEEING", "HEALTH_COGNITIVE", "HEALTH_AMBULATORY", "HEALTH_SELF_CARE", "HEALTH_ERRANDS_DIFFICULTY", "HEALTH_CORE_DISABILITY", "HEALTH_SUPPLEMENTAL_DISABILITY", "CITIZENSHIP_STATUS"]}