{"validation": 0.536663124335813, "id_test": 0.5509554140127388, "ood_test": 0.5231211982471058, "ood_validation": 0.5379635079458505, "train": 0.5499933607754615, "id_test_conf": [0.5185437517005769, 0.5830475651156605], "id_test_balanced": 0.6128713488578796, "id_test_balanced_conf": [0.5972581227868795, 0.6284845749288798], "ood_test_conf": [0.5151676706328046, 0.531065924818406], "ood_test_balanced": 0.5667064189910889, "ood_test_balanced_conf": [0.5635392397735268, 0.5698735982086509], "features": ["SEX", "WHTLGSPK", "BORNUSA", "HWELLSPK", "OTHLGSPK", "HIDEG", "EDUCYR", "YRSINUS", "HISPNCAT", "RACETHX", "RACEWX", "RACEBX", "RACEAX", "RACEV2X", "RACEV1X", "HISPANX", "SICPAY31", "REGION31", "AGE31X", "INSCOV19"]}