{"validation": 0.6695005313496281, "id_test": 0.7186836518046709, "ood_test": 0.633134933612401, "ood_validation": 0.6439081812831077, "train": 0.705218430487319, "id_test_conf": [0.6887858373971699, 0.7472071392765398], "id_test_balanced": 0.7193126678466797, "id_test_balanced_conf": [0.6990230989828706, 0.7396022367104887], "ood_test_conf": [0.6254380618942801, 0.6407811177595708], "ood_test_balanced": 0.6202162504196167, "ood_test_balanced_conf": [0.6149471302051097, 0.6254853706341237], "features": ["SEX", "WHTLGSPK", "BORNUSA", "HWELLSPK", "OTHLGSPK", "HIDEG", "EDUCYR", "YRSINUS", "HISPNCAT", "RACETHX", "RACEWX", "RACEBX", "RACEAX", "RACEV2X", "RACEV1X", "HISPANX", "SICPAY31", "REGION31", "AGE31X", "INSCOV19"]}