{"validation": 0.6971307120085016, "id_test": 0.7409766454352441, "ood_test": 0.648374648440055, "ood_validation": 0.6521483225426722, "train": 0.7246049661399548, "id_test_conf": [0.7117433451779285, 0.7686945841018666], "id_test_balanced": 0.7362172603607178, "id_test_balanced_conf": [0.7163534423336386, 0.7560810783877969], "ood_test_conf": [0.6407457411378428, 0.6559470630824978], "ood_test_balanced": 0.6405705213546753, "ood_test_balanced_conf": [0.6352546729240567, 0.6458863697852939], "features": ["SEX", "WHTLGSPK", "BORNUSA", "HWELLSPK", "OTHLGSPK", "HIDEG", "EDUCYR", "YRSINUS", "HISPNCAT", "RACETHX", "RACEWX", "RACEBX", "RACEAX", "RACEV2X", "RACEV1X", "HISPANX", "SICPAY31", "REGION31", "AGE31X", "INSCOV19"]}