{"validation": 0.6620616365568545, "id_test": 0.6836518046709129, "ood_test": 0.6072993655569363, "ood_validation": 0.6156562683931724, "train": 0.6656486522374186, "id_test_conf": [0.6528832560773341, 0.7132670807252055], "id_test_balanced": 0.6405254006385803, "id_test_balanced_conf": [0.6217356434091925, 0.6593151578679681], "ood_test_conf": [0.5995059535589579, 0.6150519291977092], "ood_test_balanced": 0.5746346116065979, "ood_test_balanced_conf": [0.5702739366330206, 0.5789952865801752], "features": ["SEX", "WHTLGSPK", "BORNUSA", "HWELLSPK", "OTHLGSPK", "HIDEG", "EDUCYR", "YRSINUS", "HISPNCAT", "RACETHX", "RACEWX", "RACEBX", "RACEAX", "RACEV2X", "RACEV1X", "HISPANX", "SICPAY31", "REGION31", "AGE31X", "INSCOV19"]}