{"validation": 0.614240170031881, "id_test": 0.6369426751592356, "ood_test": 0.5933677807574073, "ood_validation": 0.5897586815773985, "train": 0.630991900146063, "id_test_conf": [0.6053129463886431, 0.6677130910445024], "id_test_balanced": 0.5771936774253845, "id_test_balanced_conf": [0.5606375230848789, 0.5937498317658901], "ood_test_conf": [0.5855317904113364, 0.6011682275803172], "ood_test_balanced": 0.5520473718643188, "ood_test_balanced_conf": [0.5485321122501046, 0.5555626314785331], "features": ["SEX", "WHTLGSPK", "BORNUSA", "HWELLSPK", "OTHLGSPK", "HIDEG", "EDUCYR", "YRSINUS", "HISPNCAT", "RACETHX", "RACEWX", "RACEBX", "RACEAX", "RACEV2X", "RACEV1X", "HISPANX", "SICPAY31", "REGION31", "AGE31X", "INSCOV19"]}