{"validation": 0.6981934112646121, "id_test": 0.7346072186836518, "ood_test": 0.6523644450258356, "ood_validation": 0.6645085344320188, "train": 0.7258000265568981, "id_test_conf": [0.7051748019496904, 0.7625646034390512], "id_test_balanced": 0.7331979274749756, "id_test_balanced_conf": [0.713229072727263, 0.7531667822226882], "ood_test_conf": [0.6447547173041532, 0.6599161601295622], "ood_test_balanced": 0.6464130878448486, "ood_test_balanced_conf": [0.6410907866526395, 0.6517353890370577], "features": ["SEX", "WHTLGSPK", "BORNUSA", "HWELLSPK", "OTHLGSPK", "HIDEG", "EDUCYR", "YRSINUS", "HISPNCAT", "RACETHX", "RACEWX", "RACEBX", "RACEAX", "RACEV2X", "RACEV1X", "HISPANX", "SICPAY31", "REGION31", "AGE31X", "INSCOV19"]}