{"validation": 0.6896918172157279, "id_test": 0.7356687898089171, "ood_test": 0.6508600954934921, "ood_validation": 0.6586227192466156, "train": 0.7211525693798965, "id_test_conf": [0.706269034620182, 0.763586793415838], "id_test_balanced": 0.7344932556152344, "id_test_balanced_conf": [0.7145544084906578, 0.754432102739811], "ood_test_conf": [0.6432430677974352, 0.6584196836794165], "ood_test_balanced": 0.6456493139266968, "ood_test_balanced_conf": [0.64031588149257, 0.6509827463608235], "features": ["SEX", "WHTLGSPK", "BORNUSA", "HWELLSPK", "OTHLGSPK", "HIDEG", "EDUCYR", "YRSINUS", "HISPNCAT", "RACETHX", "RACEWX", "RACEBX", "RACEAX", "RACEV2X", "RACEV1X", "HISPANX", "SICPAY31", "REGION31", "AGE31X", "INSCOV19"]}