{"validation": 0.69394261424017, "id_test": 0.7303609341825902, "ood_test": 0.6545228595722414, "ood_validation": 0.6698057680988817, "train": 0.7222148453060683, "id_test_conf": [0.7007999427584994, 0.7584737643309961], "id_test_balanced": 0.7367297410964966, "id_test_balanced_conf": [0.7169066329672933, 0.7565528492256999], "ood_test_conf": [0.646923750797185, 0.6620631334251399], "ood_test_balanced": 0.6616103649139404, "ood_test_balanced_conf": [0.6563590377103538, 0.6668616921175271], "features": ["SEX", "WHTLGSPK", "BORNUSA", "HWELLSPK", "OTHLGSPK", "HIDEG", "EDUCYR", "YRSINUS", "HISPNCAT", "RACETHX", "RACEWX", "RACEBX", "RACEAX", "RACEV2X", "RACEV1X", "HISPANX", "SICPAY31", "REGION31", "AGE31X", "INSCOV19"]}