{"validation": 0.7246473810763243, "id_test": 0.7240045858767391, "ood_test": 0.6805654876505859, "ood_validation": 0.681078107810781, "15": 0.6821454226195227, "16": 0.7348763185073566, "17": 0.6580720005987576, "18": 0.6142414642110187, "19": 0.7712083066193373, "20": 0.776928265476969, "21": 0.8684521762470747, "22": 0.8653839263320076, "23": 0.8903691368304191, "id_test_conf": [0.7218164292204923, 0.7261846917960064], "id_test_balanced": 0.6018674373626709, "id_test_balanced_conf": [0.6002401486621238, 0.603494726063218], "ood_test_conf": [0.678299979267709, 0.6828245961613177], "ood_test_balanced": 0.5796452164649963, "ood_test_balanced_conf": [0.5779984248173423, 0.5812920081126504], "features": ["AGEP", "SEX", "RAC1P", "ACS_YEAR", "POBP", "DIS", "ANC", "NATIVITY", "DEAR", "DREM", "DPHY", "SCHL"]}