{"validation": 0.2787362732703701, "id_test": 0.27704892634710127, "ood_test": 0.31406812500382003, "ood_validation": 0.3116061606160616, "15": 0.3041487748423657, "16": 0.3109730287997562, "17": 0.28971446747997903, "18": 0.23674294236522322, "19": 0.31896511282428186, "20": 0.2595467416276625, "21": 0.27328697606925073, "22": 0.24518972374502848, "23": 0.22126006106022758, "id_test_conf": [0.2748662332625014, 0.2792396322876847], "id_test_balanced": 0.5607179403305054, "id_test_balanced_conf": [0.5593651314126328, 0.562070749248378], "ood_test_conf": [0.3118193543940031, 0.3163234857430107], "ood_test_balanced": 0.5646307468414307, "ood_test_balanced_conf": [0.5632272247620859, 0.5660342689207755], "features": ["AGEP", "SEX", "RAC1P", "ACS_YEAR", "POBP", "DIS", "ANC", "NATIVITY", "DEAR", "DREM", "DPHY", "SCHL"]}