{"validation": 0.05883592375003099, "id_test": 0.05902147305797416, "ood_test": 0.06469613901265807, "ood_validation": 0.0630913091309131, "15": 0.0737073988347035, "16": 0.07637607300678936, "17": 0.06946523463812589, "18": 0.05874228932993284, "19": 0.06007130682262428, "20": 0.04673649178430681, "21": 0.04024526291950108, "22": 0.035221613099716935, "23": 0.032361920621704135, "id_test_conf": [0.05787646237452116, 0.06018235922325861], "id_test_balanced": 0.5086197257041931, "id_test_balanced_conf": [0.5081647499382962, 0.50907470147009], "ood_test_conf": [0.0635088555336832, 0.06589887588744331], "ood_test_balanced": 0.5026859641075134, "ood_test_balanced_conf": [0.5023175796162104, 0.5030543485988165], "features": ["AGEP", "SEX", "RAC1P", "ACS_YEAR", "POBP", "DIS", "ANC", "NATIVITY", "DEAR", "DREM", "DPHY", "SCHL"]}