{"validation": 0.7086937830438422, "id_test": 0.7109133418809865, "ood_test": 0.7501443177299142, "ood_validation": 0.7461227631325765, "train": 0.7099551999034611, "id_test_conf": [0.7084648354299039, 0.7133526215097119], "id_test_balanced": 0.7039974331855774, "id_test_balanced_conf": [0.7022603142843582, 0.7057345520867966], "ood_test_conf": [0.7483844461331468, 0.7518979876423789], "ood_test_balanced": 0.7234484553337097, "ood_test_balanced_conf": [0.7221719425637275, 0.7247249681036919], "features": ["IYEAR", "PRACE1", "HIGH_BLOOD_PRESS", "CHOL_CHK_PAST_5_YEARS", "TOLDHI", "CVDSTRK3", "MICHD", "HEALTH_COV"]}