{"validation": 0.5118110236220472, "id_test": 0.5134831460674157, "ood_test": 0.503987005316007, "ood_validation": 0.5029900332225914, "train": 0.5168634064080945, "id_test_conf": [0.48008588668210406, 0.5467908836353528], "id_test_balanced": 0.5431591868400574, "id_test_balanced_conf": [0.5200774578377605, 0.5662409158423543], "ood_test_conf": [0.4955296290273611, 0.5124426678757656], "ood_test_balanced": 0.5153230428695679, "ood_test_balanced_conf": [0.5093741516023874, 0.5212719341367483], "features": ["gender", "age", "ethnicity", "insurance", "height_mean_0", "weight_mean_0"]}