{"validation": 0.09561304836895389, "id_test": 0.11910112359550562, "ood_test": 0.13201417601890136, "ood_validation": 0.13023255813953488, "3": 0.10332220632649818, "id_test_conf": [0.09854788491145115, 0.14221300948065838], "id_test_balanced": 0.5124627947807312, "id_test_balanced_conf": [0.5051455004978925, 0.5197800890635699], "ood_test_conf": [0.12635588510222873, 0.13783107159006572], "ood_test_balanced": 0.5031000971794128, "ood_test_balanced_conf": [0.5021310421847738, 0.5040691521740519], "features": ["gender", "age", "ethnicity", "insurance", "height_mean_0", "weight_mean_0"]}