{"validation": 0.6588735387885228, "id_test": 0.7059447983014862, "ood_test": 0.6403296487670874, "ood_validation": 0.6521483225426722, "1": 0.6855663258531404, "id_test_conf": [0.675706699984434, 0.7348890248163251], "id_test_balanced": 0.7251555919647217, "id_test_balanced_conf": [0.7055778037756681, 0.7447333801537752], "ood_test_conf": [0.6326638252275325, 0.6479420442596531], "ood_test_balanced": 0.6499658823013306, "ood_test_balanced_conf": [0.6447156302537769, 0.6552161343488843], "features": ["SEX", "WHTLGSPK", "BORNUSA", "HWELLSPK", "OTHLGSPK", "HIDEG", "EDUCYR", "YRSINUS", "HISPNCAT", "RACETHX", "RACEWX", "RACEBX", "RACEAX", "RACEV2X", "RACEV1X", "HISPANX", "INSCOV19", "SICPAY31", "PAYDR31", "REGION31", "AGE31X"]}