{"validation": 0.4112646121147715, "id_test": 0.40976645435244163, "ood_test": 0.4463993720975865, "ood_validation": 0.45556209535020603, "train": 0.42557429292258664, "id_test_conf": [0.3781545700662298, 0.44194427679749043], "id_test_balanced": 0.5, "id_test_balanced_conf": [0.5, 0.5], "ood_test_conf": [0.4384976344407625, 0.4543215132607823], "ood_test_balanced": 0.4999125599861145, "ood_test_balanced_conf": [0.49975186635711, 0.500073253615119], "features": ["SEX", "WHTLGSPK", "BORNUSA", "HWELLSPK", "OTHLGSPK", "HIDEG", "EDUCYR", "YRSINUS", "HISPNCAT", "RACETHX", "RACEWX", "RACEBX", "RACEAX", "RACEV2X", "RACEV1X", "HISPANX", "INSCOV19", "SICPAY31", "PAYDR31", "REGION31", "AGE31X"]}