{"validation": 0.6131774707757705, "id_test": 0.6411889596602972, "ood_test": 0.6035711949767807, "ood_validation": 0.6197763390229547, "train": 0.630460762182977, "id_test_conf": [0.6096241881751289, 0.6718677230526744], "id_test_balanced": 0.6805969476699829, "id_test_balanced_conf": [0.6619950433820486, 0.6991988519579172], "ood_test_conf": [0.5957657466727786, 0.6113372145801167], "ood_test_balanced": 0.629216730594635, "ood_test_balanced_conf": [0.6245153525471687, 0.6339181086421013], "features": ["SEX", "WHTLGSPK", "BORNUSA", "HWELLSPK", "OTHLGSPK", "HIDEG", "EDUCYR", "YRSINUS", "HISPNCAT", "RACETHX", "RACEWX", "RACEBX", "RACEAX", "RACEV2X", "RACEV1X", "HISPANX", "INSCOV19", "SICPAY31", "PAYDR31", "REGION31", "AGE31X"]}