{"validation": 0.6333687566418703, "id_test": 0.6698513800424628, "ood_test": 0.6292759500294329, "ood_validation": 0.6456739258387286, "train": 0.6675076351082193, "id_test_conf": [0.6387941338476134, 0.6998422839131979], "id_test_balanced": 0.6961643099784851, "id_test_balanced_conf": [0.6764677672460675, 0.7158608527109027], "ood_test_conf": [0.6215631815074816, 0.6369395007866441], "ood_test_balanced": 0.6411997079849243, "ood_test_balanced_conf": [0.6359704319760203, 0.6464289839938283], "features": ["SEX", "WHTLGSPK", "BORNUSA", "HWELLSPK", "OTHLGSPK", "HIDEG", "EDUCYR", "YRSINUS", "HISPNCAT", "RACETHX", "RACEWX", "RACEBX", "RACEAX", "RACEV2X", "RACEV1X", "HISPANX", "INSCOV19", "SICPAY31", "PAYDR31", "REGION31", "AGE31X"]}