{"validation": 0.6195536663124336, "id_test": 0.6518046709129511, "ood_test": 0.6076263980639676, "ood_validation": 0.6274278987639789, "train": 0.6345770813968928, "id_test_conf": [0.6204137076058098, 0.6822428658512997], "id_test_balanced": 0.68958979845047, "id_test_balanced_conf": [0.6709595458209514, 0.7082200510799885], "ood_test_conf": [0.5998340644052358, 0.6153777588322626], "ood_test_balanced": 0.6315337419509888, "ood_test_balanced_conf": [0.626740937307477, 0.6363265465945005], "features": ["SEX", "WHTLGSPK", "BORNUSA", "HWELLSPK", "OTHLGSPK", "HIDEG", "EDUCYR", "YRSINUS", "HISPNCAT", "RACETHX", "RACEWX", "RACEBX", "RACEAX", "RACEV2X", "RACEV1X", "HISPANX", "INSCOV19", "SICPAY31", "PAYDR31", "REGION31", "AGE31X"]}