{"validation": 0.6620616365568545, "id_test": 0.6963906581740976, "ood_test": 0.6159984302439663, "ood_validation": 0.6174220129487934, "train": 0.676005842517594, "id_test_conf": [0.6659153019547039, 0.7256324279654159], "id_test_balanced": 0.6635944843292236, "id_test_balanced_conf": [0.643900491669774, 0.6832884769886732], "ood_test_conf": [0.6082349459727152, 0.6237177534613676], "ood_test_balanced": 0.5931330323219299, "ood_test_balanced_conf": [0.5881743104755879, 0.598091754168272], "features": ["SEX", "WHTLGSPK", "BORNUSA", "HWELLSPK", "OTHLGSPK", "HIDEG", "EDUCYR", "YRSINUS", "HISPNCAT", "RACETHX", "RACEWX", "RACEBX", "RACEAX", "RACEV2X", "RACEV1X", "HISPANX", "INSCOV19", "SICPAY31", "PAYDR31", "REGION31", "AGE31X"]}