{"validation": 0.7213152448838813, "id_test": 0.7027586206896552, "ood_test": 0.6717064669586925, "ood_validation": 0.6685036032217041, "0": 0.7227272727272728, "1": 0.7008614501076813, "3": 0.7202509311899628, "id_test_conf": [0.6889288436767362, 0.716315657391803], "id_test_balanced": 0.6613808870315552, "id_test_balanced_conf": [0.6516688027046621, 0.6710929713584483], "ood_test_conf": [0.6653431260800551, 0.678022764217377], "ood_test_balanced": 0.655458390712738, "ood_test_balanced_conf": [0.6510129185114056, 0.6599038629140704], "features": ["VCF0004", "VCF0901b", "VCF0218", "VCF0224", "VCF0302", "VCF9201", "VCF9202", "VCF9203", "VCF9206", "VCF0428", "VCF0429", "VCF0822", "VCF0870", "VCF0803", "VCF0601", "VCF0612", "VCF0615", "VCF0616", "VCF0617", "VCF0310", "VCF0743", "VCF0717", "VCF0718", "VCF0720", "VCF0721", "VCF0701", "VCF0675", "VCF0724", "VCF0725", "VCF0726", "VCF0745", "VCF0101", "VCF0104", "VCF0105a", "VCF0115", "VCF0140a", "VCF0112", "VCF0843"]}