{"validation": 0.7654633249022764, "id_test": 0.7586206896551724, "ood_test": 0.698742404973859, "ood_validation": 0.7024162780839339, "0": 0.7657114624505929, "1": 0.758578607322326, "3": 0.7705351891785924, "id_test_conf": [0.745618148777049, 0.7712750871627314], "id_test_balanced": 0.653780996799469, "id_test_balanced_conf": [0.6453765723668039, 0.6621854212321341], "ood_test_conf": [0.6925204500520297, 0.7049099027733197], "ood_test_balanced": 0.649776816368103, "ood_test_balanced_conf": [0.6459675184637308, 0.6535861142724753], "features": ["VCF0004", "VCF0901b", "VCF0218", "VCF0224", "VCF0302", "VCF9201", "VCF9202", "VCF9203", "VCF9206", "VCF0428", "VCF0429", "VCF0822", "VCF0870", "VCF0803", "VCF0601", "VCF0612", "VCF0615", "VCF0616", "VCF0617", "VCF0310", "VCF0743", "VCF0717", "VCF0718", "VCF0720", "VCF0721", "VCF0701", "VCF0675", "VCF0724", "VCF0725", "VCF0726", "VCF0745", "VCF0101", "VCF0104", "VCF0105a", "VCF0115", "VCF0140a", "VCF0112", "VCF0843"]}