{"validation": 0.6525638077719016, "id_test": 0.6370114942528735, "ood_test": 0.6598841316942207, "ood_validation": 0.6685036032217041, "0": 0.6720355731225296, "1": 0.6361091170136396, "3": 0.6689864732405411, "id_test_conf": [0.6225186164743384, 0.65132017175268], "id_test_balanced": 0.6733888387680054, "id_test_balanced_conf": [0.6637148266471923, 0.6830628508888185], "ood_test_conf": [0.6534665196132996, 0.6662579410871328], "ood_test_balanced": 0.668325662612915, "ood_test_balanced_conf": [0.6638676513358951, 0.672783673889935], "features": ["VCF0004", "VCF0901b", "VCF0218", "VCF0224", "VCF0302", "VCF9201", "VCF9202", "VCF9203", "VCF9206", "VCF0428", "VCF0429", "VCF0822", "VCF0870", "VCF0803", "VCF0601", "VCF0612", "VCF0615", "VCF0616", "VCF0617", "VCF0310", "VCF0743", "VCF0717", "VCF0718", "VCF0720", "VCF0721", "VCF0701", "VCF0675", "VCF0724", "VCF0725", "VCF0726", "VCF0745", "VCF0101", "VCF0104", "VCF0105a", "VCF0115", "VCF0140a", "VCF0112", "VCF0843"]}