{"validation": 0.7679926419866636, "id_test": 0.7625287356321839, "ood_test": 0.6627101879327398, "ood_validation": 0.6634167019923697, "train": 0.7558340039084952, "id_test_conf": [0.7495944241329959, 0.7751096196804037], "id_test_balanced": 0.6036479473114014, "id_test_balanced_conf": [0.5974573480989784, 0.6098385465238243], "ood_test_conf": [0.6563051427507647, 0.669070655744217], "ood_test_balanced": 0.5851613879203796, "ood_test_balanced_conf": [0.5825695189461112, 0.5877532568946481], "features": ["VCF0004", "VCF0901b", "VCF0218", "VCF0224", "VCF0302", "VCF9201", "VCF9202", "VCF9203", "VCF9206", "VCF0428", "VCF0429", "VCF0822", "VCF0870", "VCF0803", "VCF0601", "VCF0612", "VCF0615", "VCF0616", "VCF0617", "VCF0310", "VCF0743", "VCF0717", "VCF0718", "VCF0720", "VCF0721", "VCF0701", "VCF0675", "VCF0724", "VCF0725", "VCF0726", "VCF0745", "VCF0101", "VCF0104", "VCF0105a", "VCF0115", "VCF0140a", "VCF0112", "VCF0843"]}