{"validation": 0.33203035180501267, "id_test": 0.32988505747126434, "ood_test": 0.4333286232396025, "ood_validation": 0.44256040695209836, "0": 0.3476284584980237, "1": 0.3347451543431443, "3": 0.3432660262693589, "id_test_conf": [0.315916157693285, 0.34408271670672796], "id_test_balanced": 0.522347629070282, "id_test_balanced_conf": [0.5189743099035695, 0.5257209482369944], "ood_test_conf": [0.4266490146954872, 0.4400264935166937], "ood_test_balanced": 0.5225432515144348, "ood_test_balanced_conf": [0.5209951482154429, 0.5240913548134267], "features": ["VCF0004", "VCF0901b", "VCF0218", "VCF0224", "VCF0302", "VCF9201", "VCF9202", "VCF9203", "VCF9206", "VCF0428", "VCF0429", "VCF0822", "VCF0870", "VCF0803", "VCF0601", "VCF0612", "VCF0615", "VCF0616", "VCF0617", "VCF0310", "VCF0743", "VCF0717", "VCF0718", "VCF0720", "VCF0721", "VCF0701", "VCF0675", "VCF0724", "VCF0725", "VCF0726", "VCF0745", "VCF0101", "VCF0104", "VCF0105a", "VCF0115", "VCF0140a", "VCF0112", "VCF0843"]}