{"validation": 0.6596918831915383, "id_test": 0.6427586206896552, "ood_test": 0.566059064575385, "ood_validation": 0.5637982195845698, "0": 0.64199604743083, "1": 0.643862167982771, "3": 0.633699274652029, "id_test_conf": [0.6283116162236039, 0.6570136913354617], "id_test_balanced": 0.5794991254806519, "id_test_balanced_conf": [0.5696539563685655, 0.5893442945927382], "ood_test_conf": [0.5593601753183759, 0.5727398598297104], "ood_test_balanced": 0.5467219948768616, "ood_test_balanced_conf": [0.5420881472155452, 0.5513558425381779], "features": ["VCF0004", "VCF0901b", "VCF0218", "VCF0224", "VCF0302", "VCF9201", "VCF9202", "VCF9203", "VCF9206", "VCF0428", "VCF0429", "VCF0822", "VCF0870", "VCF0803", "VCF0601", "VCF0612", "VCF0615", "VCF0616", "VCF0617", "VCF0310", "VCF0743", "VCF0717", "VCF0718", "VCF0720", "VCF0721", "VCF0701", "VCF0675", "VCF0724", "VCF0725", "VCF0726", "VCF0745", "VCF0101", "VCF0104", "VCF0105a", "VCF0115", "VCF0140a", "VCF0112", "VCF0843"]}