{"validation": 0.8013336399172224, "id_test": 0.7979310344827586, "ood_test": 0.7660025434506147, "ood_validation": 0.7766002543450614, "train": 0.8005805264972985, "id_test_conf": [0.7856851996108434, 0.8097754992772174], "id_test_balanced": 0.7229746580123901, "id_test_balanced_conf": [0.7144041968137026, 0.7315451192110777], "ood_test_conf": [0.7602479269330551, 0.7716842423877737], "ood_test_balanced": 0.7305443286895752, "ood_test_balanced_conf": [0.7267204226274043, 0.7343682347517461], "features": ["VCF0004", "VCF0901b", "VCF0218", "VCF0224", "VCF0302", "VCF9201", "VCF9202", "VCF9203", "VCF9206", "VCF0428", "VCF0429", "VCF0822", "VCF0870", "VCF0803", "VCF0601", "VCF0612", "VCF0615", "VCF0616", "VCF0617", "VCF0310", "VCF0743", "VCF0717", "VCF0718", "VCF0720", "VCF0721", "VCF0701", "VCF0675", "VCF0724", "VCF0725", "VCF0726", "VCF0745", "VCF0101", "VCF0104", "VCF0105a", "VCF0115", "VCF0140a", "VCF0112", "VCF0843"]}