{"validation": 0.8008737640836974, "id_test": 0.7960919540229885, "ood_test": 0.7633177900240214, "ood_validation": 0.7660025434506147, "train": 0.7962984251063341, "id_test_conf": [0.783807036595294, 0.807977995748684], "id_test_balanced": 0.7315321564674377, "id_test_balanced_conf": [0.7228371095098555, 0.74022720342502], "ood_test_conf": [0.7575410143703516, 0.7690223855971587], "ood_test_balanced": 0.7302978038787842, "ood_test_balanced_conf": [0.7264176278188824, 0.7341779799386859], "features": ["VCF0004", "VCF0901b", "VCF0218", "VCF0224", "VCF0302", "VCF9201", "VCF9202", "VCF9203", "VCF9206", "VCF0428", "VCF0429", "VCF0822", "VCF0870", "VCF0803", "VCF0601", "VCF0612", "VCF0615", "VCF0616", "VCF0617", "VCF0310", "VCF0743", "VCF0717", "VCF0718", "VCF0720", "VCF0721", "VCF0701", "VCF0675", "VCF0724", "VCF0725", "VCF0726", "VCF0745", "VCF0101", "VCF0104", "VCF0105a", "VCF0115", "VCF0140a", "VCF0112", "VCF0843"]}