{"validation": 0.7636238215681765, "id_test": 0.7570114942528736, "ood_test": 0.6659130516697283, "ood_validation": 0.6672318779143704, "0": 0.7512845849802372, "1": 0.756137832017229, "3": 0.7501470299941188, "id_test_conf": [0.7439812806717848, 0.7696957398526855], "id_test_balanced": 0.5959150195121765, "id_test_balanced_conf": [0.5898228851519525, 0.6020071538724006], "ood_test_conf": [0.6595225562349567, 0.672258091729008], "ood_test_balanced": 0.5897746682167053, "ood_test_balanced_conf": [0.5870924619492144, 0.5924568744841963], "features": ["VCF0004", "VCF0901b", "VCF0218", "VCF0224", "VCF0302", "VCF9201", "VCF9202", "VCF9203", "VCF9206", "VCF0428", "VCF0429", "VCF0822", "VCF0870", "VCF0803", "VCF0601", "VCF0612", "VCF0615", "VCF0616", "VCF0617", "VCF0310", "VCF0743", "VCF0717", "VCF0718", "VCF0720", "VCF0721", "VCF0701", "VCF0675", "VCF0724", "VCF0725", "VCF0726", "VCF0745", "VCF0101", "VCF0104", "VCF0105a", "VCF0115", "VCF0140a", "VCF0112", "VCF0843"]}