{"validation": 0.35594389514830993, "id_test": 0.3554022988505747, "ood_test": 0.4214120861005134, "ood_validation": 0.41966935142009326, "0": 0.36086956521739133, "1": 0.35513280689160087, "3": 0.34375612624975493, "id_test_conf": [0.3411648520859277, 0.369834154366093], "id_test_balanced": 0.49228227138519287, "id_test_balanced_conf": [0.4845108464360237, 0.500053696334362], "ood_test_conf": [0.4147576422573692, 0.4280880560499119], "ood_test_balanced": 0.48640573024749756, "ood_test_balanced_conf": [0.48295701667666435, 0.48985444381833076], "features": ["VCF0004", "VCF0901b", "VCF0218", "VCF0224", "VCF0302", "VCF9201", "VCF9202", "VCF9203", "VCF9206", "VCF0428", "VCF0429", "VCF0822", "VCF0870", "VCF0803", "VCF0601", "VCF0612", "VCF0615", "VCF0616", "VCF0617", "VCF0310", "VCF0743", "VCF0717", "VCF0718", "VCF0720", "VCF0721", "VCF0701", "VCF0675", "VCF0724", "VCF0725", "VCF0726", "VCF0745", "VCF0101", "VCF0104", "VCF0105a", "VCF0115", "VCF0140a", "VCF0112", "VCF0843"]}