{"validation": 0.8119107840882962, "id_test": 0.8101149425287356, "ood_test": 0.751730959446093, "ood_validation": 0.7604917337855023, "train": 0.8085986895045407, "id_test_conf": [0.7981380125453964, 0.8216739643042703], "id_test_balanced": 0.7076455354690552, "id_test_balanced_conf": [0.6996863579750061, 0.7156047129631042], "ood_test_conf": [0.7458621240958072, 0.7575307968914994], "ood_test_balanced": 0.7037577033042908, "ood_test_balanced_conf": [0.7001482682814821, 0.7073671383270994], "features": ["VCF0004", "VCF0901b", "VCF0218", "VCF0224", "VCF0302", "VCF9201", "VCF9202", "VCF9203", "VCF9206", "VCF0428", "VCF0429", "VCF0822", "VCF0870", "VCF0803", "VCF0601", "VCF0612", "VCF0615", "VCF0616", "VCF0617", "VCF0310", "VCF0743", "VCF0717", "VCF0718", "VCF0720", "VCF0721", "VCF0701", "VCF0675", "VCF0724", "VCF0725", "VCF0726", "VCF0745", "VCF0101", "VCF0104", "VCF0105a", "VCF0115", "VCF0140a", "VCF0112", "VCF0843"]}