{"validation": 0.8114509082547712, "id_test": 0.8064367816091954, "ood_test": 0.7414629551128068, "ood_validation": 0.7456549385332768, "train": 0.8023910794344178, "id_test_conf": [0.7943768084374863, 0.8180838416831717], "id_test_balanced": 0.6980810165405273, "id_test_balanced_conf": [0.6902227540314197, 0.7059392790496349], "ood_test_conf": [0.7355172274581778, 0.7473425039464253], "ood_test_balanced": 0.6917070150375366, "ood_test_balanced_conf": [0.6880990291479975, 0.6953150009270758], "features": ["VCF0004", "VCF0901b", "VCF0218", "VCF0224", "VCF0302", "VCF9201", "VCF9202", "VCF9203", "VCF9206", "VCF0428", "VCF0429", "VCF0822", "VCF0870", "VCF0803", "VCF0601", "VCF0612", "VCF0615", "VCF0616", "VCF0617", "VCF0310", "VCF0743", "VCF0717", "VCF0718", "VCF0720", "VCF0721", "VCF0701", "VCF0675", "VCF0724", "VCF0725", "VCF0726", "VCF0745", "VCF0101", "VCF0104", "VCF0105a", "VCF0115", "VCF0140a", "VCF0112", "VCF0843"]}