{"validation": 0.8229478040928949, "id_test": 0.8257471264367816, "ood_test": 0.7830059818190382, "ood_validation": 0.791437049597287, "train": 0.8215886883549833, "id_test_conf": [0.8141421595015612, 0.836912928997694], "id_test_balanced": 0.7505927681922913, "id_test_balanced_conf": [0.7423709477856755, 0.758814588598907], "ood_test_conf": [0.7773992876493102, 0.7885350859404574], "ood_test_balanced": 0.7456763982772827, "ood_test_balanced_conf": [0.7419851891044528, 0.7493676074501127], "features": ["VCF0004", "VCF0901b", "VCF0218", "VCF0224", "VCF0302", "VCF9201", "VCF9202", "VCF9203", "VCF9206", "VCF0428", "VCF0429", "VCF0822", "VCF0870", "VCF0803", "VCF0601", "VCF0612", "VCF0615", "VCF0616", "VCF0617", "VCF0310", "VCF0743", "VCF0717", "VCF0718", "VCF0720", "VCF0721", "VCF0701", "VCF0675", "VCF0724", "VCF0725", "VCF0726", "VCF0745", "VCF0101", "VCF0104", "VCF0105a", "VCF0115", "VCF0140a", "VCF0112", "VCF0843"]}