{"validation": 0.6974084738790621, "id_test": 0.6990114925070879, "ood_test": 0.6405659258868939, "ood_validation": 0.6407824540604624, "train": 0.6981820598153818, "id_test_conf": [0.6967430978119296, 0.7012725833379161], "id_test_balanced": 0.5314463376998901, "id_test_balanced_conf": [0.5308387736883015, 0.5320539017114788], "ood_test_conf": [0.6371406176353768, 0.6439804880286021], "ood_test_balanced": 0.5488374829292297, "ood_test_balanced_conf": [0.5477637290256098, 0.5499112368328497], "features": ["COW", "ENG", "FER", "HINS1", "HINS2", "HINS3", "HINS4", "NWLA", "NWLK", "OCCP", "POBP", "RELP", "WKHP", "WKW", "WRK", "AGEP", "SEX", "ST", "MAR", "CIT", "RAC1P", "SCHL", "DIVISION", "ACS_YEAR"]}