{"validation": 0.6945100148720058, "id_test": 0.696340876873228, "ood_test": 0.6336367588360053, "ood_validation": 0.6331950207468879, "train": 0.6952598758190461, "id_test_conf": [0.6940668636546534, 0.6986076842743154], "id_test_balanced": 0.5271384716033936, "id_test_balanced_conf": [0.5265727764426265, 0.5277041667641607], "ood_test_conf": [0.6301976608827108, 0.6370656405134583], "ood_test_balanced": 0.5400195717811584, "ood_test_balanced_conf": [0.5390397434355692, 0.5409994001267477], "features": ["COW", "ENG", "FER", "HINS1", "HINS2", "HINS3", "HINS4", "NWLA", "NWLK", "OCCP", "POBP", "RELP", "WKHP", "WKW", "WRK", "AGEP", "SEX", "ST", "MAR", "CIT", "RAC1P", "SCHL", "DIVISION", "ACS_YEAR"]}