{"validation": 0.8257000917634402, "id_test": 0.8240304779262859, "ood_test": 0.8125831565912713, "ood_validation": 0.8084173088322466, "train": 0.825957600644874, "id_test_conf": [0.8221438397284967, 0.8259052194721809], "id_test_balanced": 0.7817781567573547, "id_test_balanced_conf": [0.7803980140737258, 0.7831582994409837], "ood_test_conf": [0.8097885512837868, 0.8153538512807055], "ood_test_balanced": 0.7921390533447266, "ood_test_balanced_conf": [0.7901610863720998, 0.7941170203173533], "features": ["COW", "ENG", "FER", "HINS1", "HINS2", "HINS3", "HINS4", "NWLA", "NWLK", "OCCP", "POBP", "RELP", "WKHP", "WKW", "WRK", "AGEP", "SEX", "ST", "MAR", "CIT", "RAC1P", "SCHL", "DIVISION", "ACS_YEAR"]}