{"validation": 0.8244217321140398, "id_test": 0.8240178209801539, "ood_test": 0.8164692864011803, "ood_validation": 0.8128037937166568, "train": 0.8252757049749114, "id_test_conf": [0.8221311299145173, 0.8258926158593418], "id_test_balanced": 0.7764295339584351, "id_test_balanced_conf": [0.7750526862218976, 0.7778063816949725], "ood_test_conf": [0.8136969022729882, 0.8192174620314417], "ood_test_balanced": 0.7971112728118896, "ood_test_balanced_conf": [0.7951454437850043, 0.799077101838775], "features": ["COW", "ENG", "FER", "HINS1", "HINS2", "HINS3", "HINS4", "NWLA", "NWLK", "OCCP", "POBP", "RELP", "WKHP", "WKW", "WRK", "AGEP", "SEX", "ST", "MAR", "CIT", "RAC1P", "SCHL", "DIVISION", "ACS_YEAR"]}