{"validation": 0.8264215422586463, "id_test": 0.824701296071284, "ood_test": 0.8113185177378772, "ood_validation": 0.8080616478956728, "train": 0.8263167429118844, "id_test_conf": [0.8228174649942794, 0.8265732058276283], "id_test_balanced": 0.7851706147193909, "id_test_balanced_conf": [0.7837913092062808, 0.7865499202325009], "ood_test_conf": [0.808516779115695, 0.8140964426712136], "ood_test_balanced": 0.7891196012496948, "ood_test_balanced_conf": [0.7871419021533802, 0.7910973003460094], "features": ["COW", "ENG", "FER", "HINS1", "HINS2", "HINS3", "HINS4", "NWLA", "NWLK", "OCCP", "POBP", "RELP", "WKHP", "WKW", "WRK", "AGEP", "SEX", "ST", "MAR", "CIT", "RAC1P", "SCHL", "DIVISION", "ACS_YEAR"]}