{"validation": 0.7890326867702433, "id_test": 0.7896858545970028, "ood_test": 0.7779504946582182, "ood_validation": 0.7713100177830469, "train": 0.7899943280835805, "id_test_conf": [0.7876680188853845, 0.7916930561606597], "id_test_balanced": 0.7602618932723999, "id_test_balanced_conf": [0.7588012091489509, 0.7617225773958489], "ood_test_conf": [0.7749766878400864, 0.7809030441011374], "ood_test_balanced": 0.7677631378173828, "ood_test_balanced_conf": [0.7656539687234908, 0.7698723069112748], "features": ["COW", "ENG", "FER", "HINS1", "HINS2", "HINS3", "HINS4", "NWLA", "NWLK", "OCCP", "POBP", "RELP", "WKHP", "WKW", "WRK", "AGEP", "SEX", "ST", "MAR", "CIT", "RAC1P", "SCHL", "DIVISION", "ACS_YEAR"]}