{"validation": 0.4965351390690757, "id_test": 0.49261467193195624, "ood_test": 0.5693509504551383, "ood_validation": 0.5736810906935388, "0": 0.4987572493786247, "2": 0.5244453316602977, "3": 0.4842884204341704, "4": 0.45408772552690185, "5": 0.49422920001255377, "6": 0.4550912092559999, "7": 0.48326738382613194, "8": 0.4793973066754792, "9": 0.5300883558016594, "id_test_conf": [0.49014664363690086, 0.4950829712324434], "id_test_balanced": 0.6252325177192688, "id_test_balanced_conf": [0.624144621475134, 0.6263204139634035], "ood_test_conf": [0.5658192972774216, 0.5728773022477731], "ood_test_balanced": 0.6415303945541382, "ood_test_balanced_conf": [0.6399014713289216, 0.6431593177793548], "features": ["COW", "ENG", "FER", "HINS1", "HINS2", "HINS3", "HINS4", "NWLA", "NWLK", "OCCP", "POBP", "RELP", "WKHP", "WKW", "WRK", "AGEP", "SEX", "ST", "MAR", "CIT", "RAC1P", "SCHL", "DIVISION", "ACS_YEAR"]}