{"validation": 0.5506629117488846, "id_test": 0.5468243722154719, "ood_test": 0.6076457957344785, "ood_validation": 0.6090100770598695, "0": 0.5567522783761392, "2": 0.562094336394228, "3": 0.5410314332890992, "4": 0.511753757436874, "5": 0.5523177353042714, "6": 0.5132823052678973, "7": 0.5386914822400297, "8": 0.5463896232650364, "9": 0.5820101641689817, "id_test_conf": [0.5443659143869903, 0.549281111805869], "id_test_balanced": 0.6638762354850769, "id_test_balanced_conf": [0.6626864538318478, 0.665066017138306], "ood_test_conf": [0.6041617060445845, 0.6111216563847917], "ood_test_balanced": 0.6727066040039062, "ood_test_balanced_conf": [0.6709748082887381, 0.6744383997190744], "features": ["COW", "ENG", "FER", "HINS1", "HINS2", "HINS3", "HINS4", "NWLA", "NWLK", "OCCP", "POBP", "RELP", "WKHP", "WKW", "WRK", "AGEP", "SEX", "ST", "MAR", "CIT", "RAC1P", "SCHL", "DIVISION", "ACS_YEAR"]}