{"validation": 0.8036642090940733, "id_test": 0.802298501417578, "ood_test": 0.8044947372581048, "ood_validation": 0.804149377593361, "train": 0.8055695529628051, "id_test_conf": [0.8003261196342175, 0.8042597855147248], "id_test_balanced": 0.8115900754928589, "id_test_balanced_conf": [0.8102297151554376, 0.8129504358302801], "ood_test_conf": [0.801655318770933, 0.8073108650061791], "ood_test_balanced": 0.8126025795936584, "ood_test_balanced_conf": [0.8106498285895214, 0.8145553305977955], "features": ["COW", "ENG", "FER", "HINS1", "HINS2", "HINS3", "HINS4", "NWLA", "NWLK", "OCCP", "POBP", "RELP", "WKHP", "WKW", "WRK", "AGEP", "SEX", "ST", "MAR", "CIT", "RAC1P", "SCHL", "DIVISION", "ACS_YEAR"]}