{"validation": 0.8035059962661772, "id_test": 0.8014251721344674, "ood_test": 0.8065497753948703, "ood_validation": 0.803556609365738, "train": 0.8046914738518325, "id_test_conf": [0.7994495454637741, 0.8033897332188413], "id_test_balanced": 0.8122325539588928, "id_test_balanced_conf": [0.8108750471659004, 0.8135900607518852], "ood_test_conf": [0.8037215623612673, 0.8093545402097965], "ood_test_balanced": 0.814107358455658, "ood_test_balanced_conf": [0.812159382221289, 0.8160553346900269], "features": ["COW", "ENG", "FER", "HINS1", "HINS2", "HINS3", "HINS4", "NWLA", "NWLK", "OCCP", "POBP", "RELP", "WKHP", "WKW", "WRK", "AGEP", "SEX", "ST", "MAR", "CIT", "RAC1P", "SCHL", "DIVISION", "ACS_YEAR"]}