{"validation": 0.8279910135113755, "id_test": 0.8275617658971244, "ood_test": 0.8173650722556678, "ood_validation": 0.8120924718435092, "train": 0.8296225921053568, "id_test_conf": [0.8256900186217461, 0.8294214866556318], "id_test_balanced": 0.7951240539550781, "id_test_balanced_conf": [0.7937527071521617, 0.7964954007579945], "ood_test_conf": [0.8145978755485328, 0.8201079917956458], "ood_test_balanced": 0.8042788505554199, "ood_test_balanced_conf": [0.8023093194048851, 0.8062483817059547], "features": ["COW", "ENG", "FER", "HINS1", "HINS2", "HINS3", "HINS4", "NWLA", "NWLK", "OCCP", "POBP", "RELP", "WKHP", "WKW", "WRK", "AGEP", "SEX", "ST", "MAR", "CIT", "RAC1P", "SCHL", "DIVISION", "ACS_YEAR"]}