{"validation": 0.8264215422586463, "id_test": 0.8255429829890644, "ood_test": 0.8051402300061915, "ood_validation": 0.8040308239478364, "train": 0.8266474069374579, "id_test_conf": [0.823662688332938, 0.8274113253716007], "id_test_balanced": 0.7907028198242188, "id_test_balanced_conf": [0.78932558453409, 0.7920800551143475], "ood_test_conf": [0.8023043181431381, 0.8079528016664079], "ood_test_balanced": 0.7778565883636475, "ood_test_balanced_conf": [0.7758766898978502, 0.7798364868294447], "features": ["COW", "ENG", "FER", "HINS1", "HINS2", "HINS3", "HINS4", "NWLA", "NWLK", "OCCP", "POBP", "RELP", "WKHP", "WKW", "WRK", "AGEP", "SEX", "ST", "MAR", "CIT", "RAC1P", "SCHL", "DIVISION", "ACS_YEAR"]}