{"validation": 0.8258013479732936, "id_test": 0.8255493114621304, "ood_test": 0.8126885431623875, "ood_validation": 0.8069946650859514, "train": 0.8265398224698072, "id_test_conf": [0.8236690434560336, 0.8274176269619071], "id_test_balanced": 0.7899165153503418, "id_test_balanced_conf": [0.7885391850257293, 0.7912938456749543], "ood_test_conf": [0.8098945344527388, 0.8154586331763803], "ood_test_balanced": 0.7912560701370239, "ood_test_balanced_conf": [0.7892811682261527, 0.7932309720478952], "features": ["COW", "ENG", "FER", "HINS1", "HINS2", "HINS3", "HINS4", "NWLA", "NWLK", "OCCP", "POBP", "RELP", "WKHP", "WKW", "WRK", "AGEP", "SEX", "ST", "MAR", "CIT", "RAC1P", "SCHL", "DIVISION", "ACS_YEAR"]}