{"validation": 0.8229535170711642, "id_test": 0.8223787464560551, "ood_test": 0.7913741091541411, "ood_validation": 0.7908713692946058, "train": 0.8241033507024237, "id_test_conf": [0.8204852391097065, 0.8242604178897225], "id_test_balanced": 0.7665218114852905, "id_test_balanced_conf": [0.7651506311353296, 0.7678929918352515], "ood_test_conf": [0.7884659281363564, 0.7942600046726028], "ood_test_balanced": 0.754580557346344, "ood_test_balanced_conf": [0.7526150240330025, 0.7565460906596855], "features": ["COW", "ENG", "FER", "HINS1", "HINS2", "HINS3", "HINS4", "NWLA", "NWLK", "OCCP", "POBP", "RELP", "WKHP", "WKW", "WRK", "AGEP", "SEX", "ST", "MAR", "CIT", "RAC1P", "SCHL", "DIVISION", "ACS_YEAR"]}