{"id_test": 0.8733765744022928, "id_test_conf": [0.8715746460595754, 0.8751621565267723], "id_test_balanced": 0.5014386177062988, "id_test_balanced_conf": [0.5012731204007287, 0.501604115011869], "ood_test": 0.8258993667124207, "ood_test_conf": [0.8243563309570918, 0.8274343207860354], "ood_test_balanced": 0.5025943517684937, "ood_test_balanced_conf": [0.5024214195262175, 0.5027672840107698], "validation": 0.8727420826765417, "validation_conf": [0.8709363343689887, 0.8745315125171581], "validation_balanced": 0.5015946626663208, "validation_balanced_conf": [0.5014189191631158, 0.5017704061695258], "features": ["IYEAR", "PRACE1", "HIGH_BLOOD_PRESS", "CHOL_CHK_PAST_5_YEARS", "TOLDHI", "CVDSTRK3", "MICHD", "HEALTH_COV"]}