{"validation": 0.7116653719388486, "id_test": 0.7139754129270685, "ood_test": 0.7518034371138165, "ood_validation": 0.7482393688666539, "train": 0.7129899539177458, "id_test_conf": [0.711534575372665, 0.7164068896419051], "id_test_balanced": 0.703357458114624, "id_test_balanced_conf": [0.7016197376325727, 0.7050951785966754], "ood_test_conf": [0.7500474473979519, 0.7535531839893463], "ood_test_balanced": 0.7227984666824341, "ood_test_balanced_conf": [0.7215219960105606, 0.7240749373543076], "features": ["IYEAR", "PRACE1", "HIGH_BLOOD_PRESS", "CHOL_CHK_PAST_5_YEARS", "TOLDHI", "CVDSTRK3", "MICHD", "HEALTH_COV"]}