{"validation": 0.4570412235690737, "id_test": 0.4559662876088371, "ood_test": 0.42095580370512986, "ood_validation": 0.4146314631463146, "15": 0.46304413760076624, "16": 0.46479183245009564, "17": 0.4353809595090188, "18": 0.3747540086659548, "19": 0.4953947677055153, "20": 0.46201333273985407, "21": 0.5198919635293032, "22": 0.545594611057365, "23": 0.5366638912017763, "id_test_conf": [0.4535339065113583, 0.45840025097554277], "id_test_balanced": 0.5895708203315735, "id_test_balanced_conf": [0.587947265242692, 0.5911943754204549], "ood_test_conf": [0.41856186414700924, 0.4233525445871053], "ood_test_balanced": 0.5713810920715332, "ood_test_balanced_conf": [0.5697857827600091, 0.5729764013830573], "features": ["AGEP", "SEX", "RAC1P", "ACS_YEAR", "POBP", "DIS", "ANC", "NATIVITY", "DEAR", "DEYE", "DPHY", "SCHL"]}