{"validation": 0.9568615056642126, "id_test": 0.9566324791621479, "ood_test": 0.9213133591262201, "ood_validation": 0.9222222222222223, "15": 0.9400877963125549, "16": 0.9324111541912873, "17": 0.9436980764912806, "18": 0.9464202193845583, "19": 0.9666452954698275, "20": 0.971776637232378, "21": 0.9801877217557604, "22": 0.9841269841269841, "23": 0.9840133222314738, "id_test_conf": [0.9556273455486719, 0.9576211645729847], "id_test_balanced": 0.5120342969894409, "id_test_balanced_conf": [0.511517201984534, 0.5125513919943478], "ood_test_conf": [0.919998167912486, 0.922613597980543], "ood_test_balanced": 0.5065456628799438, "ood_test_balanced_conf": [0.5058943197445478, 0.5071970060153399], "features": ["AGEP", "SEX", "RAC1P", "ACS_YEAR", "POBP", "DIS", "ANC", "NATIVITY", "DEAR", "DEYE", "DREM", "SCHL"]}