{"validation": 0.5931124662254282, "id_test": 0.5921916152821244, "ood_test": 0.5808533656050021, "ood_validation": 0.58003300330033, "15": 0.5689296831351265, "16": 0.5800585815146538, "17": 0.5383579073422649, "18": 0.4826107291933249, "19": 0.6382664310622528, "20": 0.6250055638680696, "21": 0.7350673969753143, "22": 0.7334193270987853, "23": 0.7650291423813489, "id_test_conf": [0.5897891350657918, 0.5945907826895249], "id_test_balanced": 0.6029605865478516, "id_test_balanced_conf": [0.6012729588220828, 0.6046482142736204], "ood_test_conf": [0.5784580126391179, 0.5832458531272509], "ood_test_balanced": 0.5866639614105225, "ood_test_balanced_conf": [0.5849768507271074, 0.5883510720939376], "features": ["AGEP", "SEX", "RAC1P", "ACS_YEAR", "POBP", "DIS", "ANC", "NATIVITY", "DEAR", "DEYE", "DREM", "SCHL"]}