{"validation": 0.13099576113631292, "id_test": 0.13084621820097295, "ood_test": 0.11950296740439212, "ood_validation": 0.1152915291529153, "15": 0.1623529411764706, "16": 0.15732353588541048, "17": 0.14488062270788116, "18": 0.11507099552582578, "19": 0.14110463025223224, "20": 0.11114040463872521, "21": 0.11049413264664189, "22": 0.10283421118635566, "23": 0.09392173189009159, "id_test_conf": [0.12920435873194483, 0.13250135319082387], "id_test_balanced": 0.5256337523460388, "id_test_balanced_conf": [0.5247206161892973, 0.5265468885027803], "ood_test_conf": [0.11793487060697723, 0.12108456089855277], "ood_test_balanced": 0.5162612199783325, "ood_test_balanced_conf": [0.5154644093383104, 0.5170580306183546], "features": ["AGEP", "SEX", "RAC1P", "ACS_YEAR", "POBP", "DIS", "ANC", "NATIVITY", "DEAR", "DEYE", "DREM", "SCHL"]}