{"validation": 0.8446183783247813, "id_test": 0.8423387971369256, "ood_test": 0.793455207779428, "ood_validation": 0.7922442244224422, "15": 0.7988251257083566, "16": 0.8549345614005384, "17": 0.7757091535064741, "18": 0.7521422204964833, "19": 0.8867065943173467, "20": 0.9042124473144493, "21": 0.9493704862479974, "22": 0.9539216740119675, "23": 0.961421038023869, "id_test_conf": [0.8405514796184019, 0.8441138057416395], "id_test_balanced": 0.582129955291748, "id_test_balanced_conf": [0.5807269568718039, 0.5835329537116922], "ood_test_conf": [0.7914853615368878, 0.7954146501194655], "ood_test_balanced": 0.5648177266120911, "ood_test_balanced_conf": [0.5633607095875778, 0.5662747436366043], "features": ["AGEP", "SEX", "RAC1P", "ACS_YEAR", "POBP", "DIS", "ANC", "NATIVITY", "DEAR", "DEYE", "DREM", "SCHL"]}