{"validation": 0.9198024342480355, "id_test": 0.9183713940445574, "ood_test": 0.8683584844539792, "ood_validation": 0.8665566556655666, "15": 0.8854561417511374, "16": 0.9114335540016593, "17": 0.8782183219818875, "18": 0.8792061208821271, "19": 0.9466762576428092, "20": 0.957303732413897, "21": 0.9750878635116885, "22": 0.9788598659930489, "23": 0.979683597002498, "id_test_conf": [0.9170248664424923, 0.9197028674898569], "id_test_balanced": 0.5426229238510132, "id_test_balanced_conf": [0.5416125273727812, 0.5436333203292452], "ood_test_conf": [0.8667106217281445, 0.8699932824142582], "ood_test_balanced": 0.5355758666992188, "ood_test_balanced_conf": [0.5344338537356816, 0.5367178796627559], "features": ["AGEP", "SEX", "RAC1P", "ACS_YEAR", "POBP", "DIS", "ANC", "NATIVITY", "DEAR", "DEYE", "DREM", "SCHL"]}