{"validation": 0.9192137031803872, "id_test": 0.9189477272023053, "ood_test": 0.8766036513437361, "ood_validation": 0.8740924092409241, "15": 0.8922308244871897, "16": 0.9196620557709564, "17": 0.8768991841927999, "18": 0.8760071304393868, "19": 0.9434002095419788, "20": 0.9550370981603284, "21": 0.9728818393041377, "22": 0.9767458525923537, "23": 0.9778517901748542, "id_test_conf": [0.917605495785399, 0.920274883575139], "id_test_balanced": 0.5404459238052368, "id_test_balanced_conf": [0.5394486191542819, 0.5414432284561917], "ood_test_conf": [0.8750002636185483, 0.8781936809459113], "ood_test_balanced": 0.5306090712547302, "ood_test_balanced_conf": [0.5295240854844451, 0.5316940570250154], "features": ["AGEP", "SEX", "RAC1P", "ACS_YEAR", "POBP", "DIS", "ANC", "NATIVITY", "DEAR", "DEYE", "DREM", "SCHL"]}