{"validation": 0.9531741900299943, "id_test": 0.9522758962600316, "ood_test": 0.9164359364590401, "ood_validation": 0.9177667766776678, "15": 0.9349030249820417, "16": 0.9358989553527589, "17": 0.9340805328942444, "18": 0.9384823106859518, "19": 0.9647609814070588, "20": 0.9708419073966918, "21": 0.9800619028846074, "22": 0.9839478304489592, "23": 0.9834582292534, "id_test_conf": [0.9512244980046133, 0.9533110062212146], "id_test_balanced": 0.5164982080459595, "id_test_balanced_conf": [0.5158881207718514, 0.5171082953200675], "ood_test_conf": [0.9150845699511057, 0.9177725249422766], "ood_test_balanced": 0.5139610171318054, "ood_test_balanced_conf": [0.5132066599815153, 0.5147153742820956], "features": ["AGEP", "SEX", "RAC1P", "ACS_YEAR", "POBP", "DIS", "ANC", "NATIVITY", "DEAR", "DEYE", "DREM", "SCHL"]}