{"validation": 0.7264259686175355, "id_test": 0.7249651411396524, "ood_test": 0.6512092707703028, "ood_validation": 0.6487348734873487, "train": 0.7262226608434025, "id_test_conf": [0.7227793220386234, 0.7271428749648667], "id_test_balanced": 0.6047513484954834, "id_test_balanced_conf": [0.6031242779293098, 0.606378419061657], "ood_test_conf": [0.648894228823889, 0.6535189535394104], "ood_test_balanced": 0.5877336263656616, "ood_test_balanced_conf": [0.5860645390348509, 0.5894027136964723], "features": ["AGEP", "SEX", "RAC1P", "ACS_YEAR", "POBP", "DIS", "ANC", "NATIVITY", "DEAR", "DEYE", "DREM", "SCHL"]}