{"validation": 0.598064004362807, "id_test": 0.5972918538716574, "ood_test": 0.5257531584062196, "ood_validation": 0.5253575357535754, "train": 0.5986130756967544, "id_test_conf": [0.5948940842589541, 0.5996861273917117], "id_test_balanced": 0.6114344596862793, "id_test_balanced_conf": [0.6097535936697386, 0.61311532570282], "ood_test_conf": [0.5233301116891145, 0.5281752924495662], "ood_test_balanced": 0.5820229053497314, "ood_test_balanced_conf": [0.580346652213484, 0.5836991584859789], "features": ["AGEP", "SEX", "RAC1P", "ACS_YEAR", "POBP", "DIS", "ANC", "NATIVITY", "DEAR", "DEYE", "DREM", "SCHL"]}