{"validation": 0.4776963882898292, "id_test": 0.4771356861772999, "ood_test": 0.4941293678297914, "ood_validation": 0.4921342134213421, "15": 0.48327240801340887, "16": 0.48756412644125763, "17": 0.45239877254696503, "18": 0.39090780730164054, "19": 0.5204694365822765, "20": 0.48487141472901396, "21": 0.5566226859812614, "22": 0.5521516356730803, "23": 0.5525395503746877, "id_test_conf": [0.4746959979677368, 0.47957619596934575], "id_test_balanced": 0.5956639647483826, "id_test_balanced_conf": [0.5940285601257347, 0.5972993693710305], "ood_test_conf": [0.4917038327097344, 0.4965551110004717], "ood_test_balanced": 0.5851008296012878, "ood_test_balanced_conf": [0.5834487920044922, 0.5867528671980835], "features": ["AGEP", "SEX", "RAC1P", "ACS_YEAR", "POBP", "DIS", "ANC", "NATIVITY", "DEAR", "DEYE", "DREM", "SCHL"]}