{"validation": 0.7139758558290573, "id_test": 0.7128993276113159, "ood_test": 0.6951488591842847, "ood_validation": 0.6938943894389439, "15": 0.6857466677308643, "16": 0.7316932766706737, "17": 0.6582310455804207, "18": 0.6086068286311851, "19": 0.7597304101706047, "20": 0.7514885487035331, "21": 0.8381717679228982, "22": 0.8437421620265864, "23": 0.8621149042464613, "id_test_conf": [0.71068505055638, 0.715105953224296], "id_test_balanced": 0.6030157208442688, "id_test_balanced_conf": [0.6013773680990562, 0.6046540735894814], "ood_test_conf": [0.6929117444431987, 0.6973790570085747], "ood_test_balanced": 0.5826762318611145, "ood_test_balanced_conf": [0.581042164680548, 0.584310299041681], "features": ["AGEP", "SEX", "RAC1P", "ACS_YEAR", "POBP", "DIS", "ANC", "NATIVITY", "DEAR", "DEYE", "DREM", "SCHL"]}