{"validation": 0.7086648818819563, "id_test": 0.7055247420444334, "ood_test": 0.700172971254989, "ood_validation": 0.6966446644664467, "15": 0.6809641631415116, "16": 0.738939776171207, "17": 0.6469014295337175, "18": 0.5936002541542752, "19": 0.7560165131589235, "20": 0.7402923341881718, "21": 0.8396899823014788, "22": 0.8477193736787416, "23": 0.8708298640022204, "id_test_conf": [0.7032940207219209, 0.7077480770642871], "id_test_balanced": 0.6038846373558044, "id_test_balanced_conf": [0.6022396641410888, 0.6055296105705201], "ood_test_conf": [0.6979462448410276, 0.7023926026152851], "ood_test_balanced": 0.5835294127464294, "ood_test_balanced_conf": [0.5819001287780702, 0.5851586967147887], "features": ["AGEP", "SEX", "RAC1P", "ACS_YEAR", "POBP", "DIS", "ANC", "NATIVITY", "DEAR", "DEYE", "DREM", "SCHL"]}