{"validation": 0.8593180635085893, "id_test": 0.8588789390512193, "ood_test": 0.8030450275348234, "ood_validation": 0.8026952695269527, "15": 0.8177476255088195, "16": 0.8663461050065184, "17": 0.7971428036823591, "18": 0.7811714041141223, "19": 0.9005613848535552, "20": 0.9155250750694199, "21": 0.9554685075365503, "22": 0.9551040882869325, "23": 0.9609214543436025, "id_test_conf": [0.8571707380046943, 0.8605742350878463], "id_test_balanced": 0.5699151754379272, "id_test_balanced_conf": [0.5685831570532173, 0.5712471938226372], "ood_test_conf": [0.8011095491077727, 0.804969761673687], "ood_test_balanced": 0.5571374297142029, "ood_test_balanced_conf": [0.5557181663648225, 0.5585566930635832], "features": ["AGEP", "SEX", "RAC1P", "ACS_YEAR", "POBP", "DIS", "ANC", "NATIVITY", "DEAR", "DEYE", "DREM", "SCHL"]}