{"validation": 0.03678639597431893, "id_test": 0.037257149939577974, "ood_test": 0.05400614873083106, "ood_validation": 0.052420242024202424, "15": 0.04987788331071913, "16": 0.05592333609874202, "17": 0.04621660055385076, "18": 0.04080588084753391, "19": 0.03273702481665077, "20": 0.02735711130817666, "21": 0.021355656397050806, "22": 0.016123831022250887, "23": 0.017096863724673884, "id_test_conf": [0.036338306067294025, 0.03819266727910329], "id_test_balanced": 0.5009810924530029, "id_test_balanced_conf": [0.5008044209945365, 0.5011577639114694], "ood_test_conf": [0.052915767025284915, 0.05511236805689413], "ood_test_balanced": 0.5006974339485168, "ood_test_balanced_conf": [0.5005442744833999, 0.5008505934136338], "features": ["AGEP", "SEX", "RAC1P", "ACS_YEAR", "POBP", "DIS", "ANC", "NATIVITY", "DEAR", "DEYE", "DREM", "SCHL"]}