{"validation": 0.05147988398899383, "id_test": 0.05229138908685279, "ood_test": 0.07099767130571906, "ood_validation": 0.07057205720572057, "15": 0.05536275840051082, "16": 0.05737940842828844, "17": 0.04985592395778759, "18": 0.04618900959255893, "19": 0.04303429295219628, "20": 0.0541218846618709, "21": 0.05954587775438479, "22": 0.05030635278942277, "23": 0.06822092700527338, "id_test_conf": [0.05121017632102261, 0.05338872297862652], "id_test_balanced": 0.5028384327888489, "id_test_balanced_conf": [0.5023956048372201, 0.5032812607404776], "ood_test_conf": [0.06975778929787464, 0.07225278083101089], "ood_test_balanced": 0.5056712031364441, "ood_test_balanced_conf": [0.5052497266838327, 0.5060926795890555], "features": ["AGEP", "SEX", "RAC1P", "ACS_YEAR", "POBP", "DIS", "ANC", "NATIVITY", "DEAR", "DEYE", "DREM", "SCHL"]}