{"validation": 0.6474437174226461, "id_test": 0.6505618808221204, "ood_test": 0.587192598848487, "ood_validation": 0.5870368763557484, "train": 0.6452999154386792, "id_test_conf": [0.6448457691377187, 0.6562456379949817], "id_test_balanced": 0.6255943775177002, "id_test_balanced_conf": [0.6216599663160741, 0.6295287887193263], "ood_test_conf": [0.5858512067743736, 0.5885330167940158], "ood_test_balanced": 0.6118260025978088, "ood_test_balanced_conf": [0.6109312816825695, 0.6127207235130482], "features": ["BMI5CAT", "AGEG5YR", "FRUIT_ONCE_PER_DAY", "VEG_ONCE_PER_DAY", "DRNK_PER_WEEK", "RFBING5", "TOTINDA", "SMOKE100", "SMOKDAY2", "CHCSCNCR", "CHCOCNCR", "DIABETES", "POVERTY", "EMPLOY1", "IYEAR", "STATE", "MEDCOST", "PRACE1", "SEX"]}