{"validation": 0.47942774758788953, "id_test": 0.4825890876829809, "ood_test": 0.6154906656485841, "ood_validation": 0.6142472885032538, "train": 0.48015119379329146, "id_test_conf": [0.4766181111345548, 0.48856380495880786], "id_test_balanced": 0.5590547919273376, "id_test_balanced_conf": [0.556465626815334, 0.5616439570393413], "ood_test_conf": [0.6141650630164557, 0.616814977987143], "ood_test_balanced": 0.5497098565101624, "ood_test_balanced_conf": [0.5491158209939022, 0.5503038920264225], "features": ["BMI5CAT", "AGEG5YR", "FRUIT_ONCE_PER_DAY", "VEG_ONCE_PER_DAY", "DRNK_PER_WEEK", "RFBING5", "TOTINDA", "SMOKE100", "SMOKDAY2", "CHCSCNCR", "CHCOCNCR", "DIABETES", "POVERTY", "EMPLOY1", "IYEAR", "STATE", "MEDCOST", "PRACE1", "SEX"]}