{"validation": 0.6625263391371853, "id_test": 0.6674552713292917, "ood_test": 0.6048065836003872, "ood_validation": 0.6069067245119306, "train": 0.6631686929037803, "id_test_conf": [0.6618048746854708, 0.67306968135648], "id_test_balanced": 0.6425978541374207, "id_test_balanced_conf": [0.6387035084702074, 0.6464921998046339], "ood_test_conf": [0.6034744732031702, 0.6061375230751139], "ood_test_balanced": 0.6271411180496216, "ood_test_balanced_conf": [0.6262461090646684, 0.6280361270345748], "features": ["BMI5CAT", "AGEG5YR", "FRUIT_ONCE_PER_DAY", "VEG_ONCE_PER_DAY", "DRNK_PER_WEEK", "RFBING5", "TOTINDA", "SMOKE100", "SMOKDAY2", "CHCSCNCR", "CHCOCNCR", "DIABETES", "POVERTY", "EMPLOY1", "IYEAR", "STATE", "MEDCOST", "PRACE1", "SEX"]}