{"validation": 0.8340519160084958, "id_test": 0.828559800579946, "ood_test": 0.8109783542698147, "ood_validation": 0.8129257963542625, "train": 0.8310255032447402, "id_test_conf": [0.8259069571257184, 0.8311883784330316], "id_test_balanced": 0.5896017551422119, "id_test_balanced_conf": [0.588098040134646, 0.5911054701497779], "ood_test_conf": [0.8074787189305397, 0.8144410177591181], "ood_test_balanced": 0.6178713440895081, "ood_test_balanced_conf": [0.6157243113406002, 0.6200183768384159], "features": ["DIVISION", "AGEP", "SEX", "RAC1P", "POBP", "DIS", "ANC", "NATIVITY", "DEAR", "DEYE", "DREM", "ENG", "FER", "MAR", "CIT", "SCHL", "HUPAC", "OCCP", "MIL", "WIF", "WKHP", "WKW", "WRK", "NWLA", "NWLK", "ACS_YEAR"]}