{"validation": 0.905762987012987, "id_test": 0.8996753246753246, "ood_test": 0.7529585798816568, "ood_validation": 0.7218543046357616, "train": 0.9041255732781363, "id_test_conf": [0.8942348930198102, 0.904926090469642], "id_test_balanced": 0.7402462363243103, "id_test_balanced_conf": [0.7354653834365308, 0.7450270892120898], "ood_test_conf": [0.7290644047239165, 0.7757479765703252], "ood_test_balanced": 0.6553545594215393, "ood_test_balanced_conf": [0.640304168406874, 0.6704049504362046], "features": ["AccredAgency", "HIGHDEG", "CONTROL", "region", "LOCALE", "locale2", "CCBASIC", "HBCU", "DISTANCEONLY", "median_hh_inc", "poverty_rate", "unemp_rate", "TUITIONFEE_IN", "TUITIONFEE_OUT", "TUITIONFEE_PROG", "ADM_RATE", "ADM_RATE_ALL", "SATVRMID", "SATMTMID", "SATWRMID", "ACTCMMID", "ACTENMID", "ACTMTMID", "ACTWRMID", "NPT4_PROG", "COSTT4_A", "COSTT4_P", "loan_ever", "pell_ever"]}