{"validation": 0.9080357142857143, "id_test": 0.9044642857142857, "ood_test": 0.6871301775147929, "ood_validation": 0.7019867549668874, "33": 0.9077897798088908, "id_test_conf": [0.8991370678950591, 0.9095995229257953], "id_test_balanced": 0.8158798217773438, "id_test_balanced_conf": [0.8112730985321105, 0.820486545022577], "ood_test_conf": [0.6616582490423828, 0.7117859986667777], "ood_test_balanced": 0.7181330919265747, "ood_test_balanced_conf": [0.701458100900054, 0.7348080829530954], "features": ["AccredAgency", "HIGHDEG", "CONTROL", "region", "LOCALE", "locale2", "CCBASIC", "CCSIZSET", "HBCU", "DISTANCEONLY", "median_hh_inc", "poverty_rate", "unemp_rate", "TUITIONFEE_IN", "TUITIONFEE_OUT", "TUITIONFEE_PROG", "ADM_RATE", "ADM_RATE_ALL", "SATVRMID", "SATMTMID", "SATWRMID", "ACTCMMID", "ACTENMID", "ACTMTMID", "ACTWRMID", "NPT4_PROG", "COSTT4_A", "COSTT4_P", "loan_ever", "pell_ever", "PCTPELL", "faminc", "md_faminc", "UGDS", "UG"]}