{"validation": 0.7381493506493506, "id_test": 0.7253246753246754, "ood_test": 0.5495562130177515, "ood_validation": 0.5231788079470199, "33": 0.7243144993768176, "id_test_conf": [0.7173497996510558, 0.7331929720183405], "id_test_balanced": 0.8055499792098999, "id_test_balanced_conf": [0.8007941296324134, 0.8103058287873864], "ood_test_conf": [0.5225820945314005, 0.5763144897786383], "ood_test_balanced": 0.6451614499092102, "ood_test_balanced_conf": [0.6298417961969972, 0.6604811036214232], "features": ["AccredAgency", "HIGHDEG", "CONTROL", "region", "LOCALE", "locale2", "CCBASIC", "CCSIZSET", "HBCU", "DISTANCEONLY", "median_hh_inc", "poverty_rate", "unemp_rate", "TUITIONFEE_IN", "TUITIONFEE_OUT", "TUITIONFEE_PROG", "ADM_RATE", "ADM_RATE_ALL", "SATVRMID", "SATMTMID", "SATWRMID", "ACTCMMID", "ACTENMID", "ACTMTMID", "ACTWRMID", "NPT4_PROG", "COSTT4_A", "COSTT4_P", "loan_ever", "pell_ever", "PCTPELL", "faminc", "md_faminc", "UGDS", "UG"]}