{"validation": 0.8801948051948052, "id_test": 0.8780032467532467, "ood_test": 0.7011834319526628, "ood_validation": 0.6688741721854304, "train": 0.8803827265716953, "id_test_conf": [0.8720940533401977, 0.883733205465915], "id_test_balanced": 0.519808292388916, "id_test_balanced_conf": [0.5180860997200943, 0.5215304850577377], "ood_test_conf": [0.675995835791338, 0.7254934150647827], "ood_test_balanced": 0.5197016000747681, "ood_test_balanced_conf": [0.5143771257530898, 0.5250260743964463], "features": ["AccredAgency", "HIGHDEG", "CONTROL", "region", "LOCALE", "locale2", "CCBASIC", "CCSIZSET", "HBCU", "DISTANCEONLY", "median_hh_inc", "poverty_rate", "unemp_rate", "TUITIONFEE_IN", "TUITIONFEE_OUT", "TUITIONFEE_PROG", "ADM_RATE", "ADM_RATE_ALL", "SATVRMID", "SATMTMID", "SATWRMID", "ACTCMMID", "ACTENMID", "ACTMTMID", "ACTWRMID", "NPT4_PROG", "COSTT4_A", "COSTT4_P", "loan_ever", "pell_ever", "PCTPELL", "faminc", "md_faminc", "UGDS", "UG"]}