{"validation": 0.875974025974026, "id_test": 0.8733766233766234, "ood_test": 0.6930473372781065, "ood_validation": 0.6490066225165563, "train": 0.8762936807500304, "id_test_conf": [0.8673755329280549, 0.8792006985883007], "id_test_balanced": 0.5056924223899841, "id_test_balanced_conf": [0.5046474039251916, 0.5067374408547767], "ood_test_conf": [0.667691861610298, 0.7175608149741719], "ood_test_balanced": 0.5281882286071777, "ood_test_balanced_conf": [0.5189792442880571, 0.5373972129262984], "features": ["AccredAgency", "HIGHDEG", "CONTROL", "region", "LOCALE", "locale2", "CCBASIC", "HBCU", "DISTANCEONLY", "median_hh_inc", "poverty_rate", "unemp_rate", "TUITIONFEE_IN", "TUITIONFEE_OUT", "TUITIONFEE_PROG", "ADM_RATE", "ADM_RATE_ALL", "SATVRMID", "SATMTMID", "SATWRMID", "ACTCMMID", "ACTENMID", "ACTMTMID", "ACTWRMID", "NPT4_PROG", "COSTT4_A", "COSTT4_P", "loan_ever", "pell_ever"]}