{"validation": 0.9108766233766233, "id_test": 0.9120941558441559, "ood_test": 0.7618343195266272, "ood_validation": 0.7483443708609272, "train": 0.9094829335606153, "id_test_conf": [0.9069556587475374, 0.9170369748906102], "id_test_balanced": 0.7088663578033447, "id_test_balanced_conf": [0.7043272840511053, 0.7134054315555841], "ood_test_conf": [0.7382041513357387, 0.7843206518634989], "ood_test_balanced": 0.7206519842147827, "ood_test_balanced_conf": [0.704244493469596, 0.7370594749599695], "features": ["AccredAgency", "HIGHDEG", "CONTROL", "region", "LOCALE", "locale2", "CCBASIC", "HBCU", "DISTANCEONLY", "median_hh_inc", "poverty_rate", "unemp_rate", "TUITIONFEE_IN", "TUITIONFEE_OUT", "TUITIONFEE_PROG", "ADM_RATE", "ADM_RATE_ALL", "SATVRMID", "SATMTMID", "SATWRMID", "ACTCMMID", "ACTENMID", "ACTMTMID", "ACTWRMID", "NPT4_PROG", "COSTT4_A", "COSTT4_P", "loan_ever", "pell_ever"]}