{"id_test": 0.9344155844155844, "id_test_conf": [0.9299001099241853, 0.9387244687617295], "id_test_balanced": 0.7994557619094849, "id_test_balanced_conf": [0.7949956286139787, 0.8039158952049911], "ood_test": 0.8254437869822485, "ood_test_conf": [0.8041395700166463, 0.8453226894979634], "ood_test_balanced": 0.7726752758026123, "ood_test_balanced_conf": [0.7577769390493632, 0.7875736125558614], "validation": 0.9381493506493507, "validation_conf": [0.9337506915571254, 0.9423395745040213], "validation_balanced": 0.812640905380249, "validation_balanced_conf": [0.8082425707392394, 0.8170392400212586], "features": ["AccredAgency", "HIGHDEG", "CONTROL", "region", "LOCALE", "locale2", "CCBASIC", "HBCU", "DISTANCEONLY", "median_hh_inc", "poverty_rate", "unemp_rate", "TUITIONFEE_IN", "TUITIONFEE_OUT", "TUITIONFEE_PROG", "ADM_RATE", "ADM_RATE_ALL", "SATVRMID", "SATMTMID", "SATWRMID", "ACTCMMID", "ACTENMID", "ACTMTMID", "ACTWRMID", "NPT4_PROG", "COSTT4_A", "COSTT4_P", "loan_ever", "pell_ever"]}