{"id_test": 0.9351461038961039, "id_test_conf": [0.9306531554261328, 0.9394321017999583], "id_test_balanced": 0.8017851710319519, "id_test_balanced_conf": [0.7973360544349998, 0.806234287628904], "ood_test": 0.8276627218934911, "ood_test_conf": [0.8064553464964845, 0.8474348964430979], "ood_test_balanced": 0.7703607082366943, "ood_test_balanced_conf": [0.7555687270499766, 0.7851526894234121], "validation": 0.939935064935065, "validation_conf": [0.9355938063513609, 0.9440670030924245], "validation_balanced": 0.8177922964096069, "validation_balanced_conf": [0.8134252092894166, 0.8221593835297972], "features": ["AccredAgency", "HIGHDEG", "CONTROL", "region", "LOCALE", "locale2", "CCBASIC", "HBCU", "DISTANCEONLY", "median_hh_inc", "poverty_rate", "unemp_rate", "TUITIONFEE_IN", "TUITIONFEE_OUT", "TUITIONFEE_PROG", "ADM_RATE", "ADM_RATE_ALL", "SATVRMID", "SATMTMID", "SATWRMID", "ACTCMMID", "ACTENMID", "ACTMTMID", "ACTWRMID", "NPT4_PROG", "COSTT4_A", "COSTT4_P", "loan_ever", "pell_ever"]}