{"id_test": 0.935064935064935, "id_test_conf": [0.9305694759714643, 0.9393534836523354], "id_test_balanced": 0.8001006841659546, "id_test_balanced_conf": [0.7956473518256097, 0.8045540165062994], "ood_test": 0.8321005917159763, "ood_test_conf": [0.8110905525181975, 0.8516556389573519], "ood_test_balanced": 0.7768495678901672, "ood_test_balanced_conf": [0.7621510997228325, 0.791548036057502], "validation": 0.9392045454545455, "validation_conf": [0.9348396806526191, 0.9433604521820552], "validation_balanced": 0.8146212100982666, "validation_balanced_conf": [0.8102375817298889, 0.8190048384666443], "features": ["AccredAgency", "HIGHDEG", "CONTROL", "region", "LOCALE", "locale2", "CCBASIC", "HBCU", "DISTANCEONLY", "median_hh_inc", "poverty_rate", "unemp_rate", "TUITIONFEE_IN", "TUITIONFEE_OUT", "TUITIONFEE_PROG", "ADM_RATE", "ADM_RATE_ALL", "SATVRMID", "SATMTMID", "SATWRMID", "ACTCMMID", "ACTENMID", "ACTMTMID", "ACTWRMID", "NPT4_PROG", "COSTT4_A", "COSTT4_P", "loan_ever", "pell_ever"]}