{"validation": 0.15, "id_test": 0.15137987012987014, "ood_test": 0.34097633136094674, "ood_validation": 0.37748344370860926, "33": 0.14737224761113418, "id_test_conf": [0.14509321074989937, 0.15783170026322527], "id_test_balanced": 0.5136740207672119, "id_test_balanced_conf": [0.5122007825085894, 0.5151472590258345], "ood_test_conf": [0.31570707760893035, 0.3669388247399117], "ood_test_balanced": 0.5213416814804077, "ood_test_balanced_conf": [0.5156622076127678, 0.5270211553480476], "features": ["AccredAgency", "HIGHDEG", "CONTROL", "region", "LOCALE", "locale2", "CCBASIC", "HBCU", "DISTANCEONLY", "median_hh_inc", "poverty_rate", "unemp_rate", "TUITIONFEE_IN", "TUITIONFEE_OUT", "TUITIONFEE_PROG", "ADM_RATE", "ADM_RATE_ALL", "SATVRMID", "SATMTMID", "SATWRMID", "ACTCMMID", "ACTENMID", "ACTMTMID", "ACTWRMID", "NPT4_PROG", "COSTT4_A", "COSTT4_P", "loan_ever", "pell_ever"]}