{"validation": 0.8467532467532467, "id_test": 0.8485389610389611, "ood_test": 0.6678994082840237, "ood_validation": 0.6556291390728477, "33": 0.8506335687577897, "id_test_conf": [0.84208575685561, 0.8548270332300371], "id_test_balanced": 0.6091289520263672, "id_test_balanced_conf": [0.6045397803839296, 0.6137181236688047], "ood_test_conf": [0.6420808839879697, 0.6929859111925878], "ood_test_balanced": 0.5138718485832214, "ood_test_balanced_conf": [0.5029229560494423, 0.5248207411170006], "features": ["AccredAgency", "HIGHDEG", "CONTROL", "region", "LOCALE", "locale2", "CCBASIC", "HBCU", "DISTANCEONLY", "median_hh_inc", "poverty_rate", "unemp_rate", "TUITIONFEE_IN", "TUITIONFEE_OUT", "TUITIONFEE_PROG", "ADM_RATE", "ADM_RATE_ALL", "SATVRMID", "SATMTMID", "SATWRMID", "ACTCMMID", "ACTENMID", "ACTMTMID", "ACTWRMID", "NPT4_PROG", "COSTT4_A", "COSTT4_P", "loan_ever", "pell_ever"]}