{"validation": 0.8737012987012988, "id_test": 0.8607142857142858, "ood_test": 0.6826923076923077, "ood_validation": 0.695364238410596, "train": 0.8650006087909412, "id_test_conf": [0.8544744850501111, 0.86678313526937], "id_test_balanced": 0.8366855382919312, "id_test_balanced_conf": [0.8320874861162156, 0.8412835904676467], "ood_test_conf": [0.6571361062032843, 0.7074518140074296], "ood_test_balanced": 0.720146119594574, "ood_test_balanced_conf": [0.7036407549679279, 0.7366514842212201], "features": ["AccredAgency", "HIGHDEG", "CONTROL", "region", "LOCALE", "locale2", "CCBASIC", "CCSIZSET", "HBCU", "DISTANCEONLY", "median_hh_inc", "poverty_rate", "unemp_rate", "TUITIONFEE_IN", "TUITIONFEE_OUT", "TUITIONFEE_PROG", "ADM_RATE", "ADM_RATE_ALL", "SATVRMID", "SATMTMID", "SATWRMID", "ACTCMMID", "ACTENMID", "ACTMTMID", "ACTWRMID", "NPT4_PROG", "COSTT4_A", "COSTT4_P", "loan_ever", "pell_ever", "PCTPELL", "faminc", "md_faminc", "UGDS", "UG"]}