{"validation": 0.7987012987012987, "id_test": 0.7939935064935065, "ood_test": 0.4474852071005917, "ood_validation": 0.4370860927152318, "train": 0.7976683306952392, "id_test_conf": [0.7867423194518879, 0.8011055368467617], "id_test_balanced": 0.7957407236099243, "id_test_balanced_conf": [0.7907068179640919, 0.8007746292557567], "ood_test_conf": [0.42074952616091477, 0.47444961833375715], "ood_test_balanced": 0.5920549631118774, "ood_test_balanced_conf": [0.5803892481699586, 0.6037206780537963], "features": ["AccredAgency", "HIGHDEG", "CONTROL", "region", "LOCALE", "locale2", "CCBASIC", "HBCU", "DISTANCEONLY", "median_hh_inc", "poverty_rate", "unemp_rate", "TUITIONFEE_IN", "TUITIONFEE_OUT", "TUITIONFEE_PROG", "ADM_RATE", "ADM_RATE_ALL", "SATVRMID", "SATMTMID", "SATWRMID", "ACTCMMID", "ACTENMID", "ACTMTMID", "ACTWRMID", "NPT4_PROG", "COSTT4_A", "COSTT4_P", "loan_ever", "pell_ever"]}