{"validation": 0.39082792207792205, "id_test": 0.3810064935064935, "ood_test": 0.35428994082840237, "ood_validation": 0.39072847682119205, "33": 0.38487744079767344, "id_test_conf": [0.3724195083105175, 0.389649732114698], "id_test_balanced": 0.6383692622184753, "id_test_balanced_conf": [0.6341939430497586, 0.6425445813871921], "ood_test_conf": [0.3287649628507651, 0.3804500138561875], "ood_test_balanced": 0.5296903848648071, "ood_test_balanced_conf": [0.5226797149516642, 0.53670105477795], "features": ["AccredAgency", "HIGHDEG", "CONTROL", "region", "LOCALE", "locale2", "CCBASIC", "HBCU", "DISTANCEONLY", "median_hh_inc", "poverty_rate", "unemp_rate", "TUITIONFEE_IN", "TUITIONFEE_OUT", "TUITIONFEE_PROG", "ADM_RATE", "ADM_RATE_ALL", "SATVRMID", "SATMTMID", "SATWRMID", "ACTCMMID", "ACTENMID", "ACTMTMID", "ACTWRMID", "NPT4_PROG", "COSTT4_A", "COSTT4_P", "loan_ever", "pell_ever"]}