{"validation": 0.7771915584415584, "id_test": 0.767775974025974, "ood_test": 0.4948224852071006, "ood_validation": 0.4966887417218543, "33": 0.7719464063149148, "id_test_conf": [0.7602164883234854, 0.7752087524328466], "id_test_balanced": 0.815941333770752, "id_test_balanced_conf": [0.8111701107397675, 0.8207125568017364], "ood_test_conf": [0.46783800371158196, 0.5218295153683311], "ood_test_balanced": 0.615271806716919, "ood_test_balanced_conf": [0.601394623592496, 0.6291489898413419], "features": ["AccredAgency", "HIGHDEG", "CONTROL", "region", "LOCALE", "locale2", "CCBASIC", "HBCU", "DISTANCEONLY", "median_hh_inc", "poverty_rate", "unemp_rate", "TUITIONFEE_IN", "TUITIONFEE_OUT", "TUITIONFEE_PROG", "ADM_RATE", "ADM_RATE_ALL", "SATVRMID", "SATMTMID", "SATWRMID", "ACTCMMID", "ACTENMID", "ACTMTMID", "ACTWRMID", "NPT4_PROG", "COSTT4_A", "COSTT4_P", "loan_ever", "pell_ever"]}