{"validation": 0.8621753246753247, "id_test": 0.8576298701298701, "ood_test": 0.6146449704142012, "ood_validation": 0.5827814569536424, "33": 0.8602721229746573, "id_test_conf": [0.8513345820144573, 0.8637556823042469], "id_test_balanced": 0.7999750375747681, "id_test_balanced_conf": [0.7950743851065636, 0.8048756900429725], "ood_test_conf": [0.5881067540292335, 0.64068365245127], "ood_test_balanced": 0.67209792137146, "ood_test_balanced_conf": [0.655352780520916, 0.688843062222004], "features": ["AccredAgency", "HIGHDEG", "CONTROL", "region", "LOCALE", "locale2", "CCBASIC", "HBCU", "DISTANCEONLY", "median_hh_inc", "poverty_rate", "unemp_rate", "TUITIONFEE_IN", "TUITIONFEE_OUT", "TUITIONFEE_PROG", "ADM_RATE", "ADM_RATE_ALL", "SATVRMID", "SATMTMID", "SATWRMID", "ACTCMMID", "ACTENMID", "ACTMTMID", "ACTWRMID", "NPT4_PROG", "COSTT4_A", "COSTT4_P", "loan_ever", "pell_ever"]}