{"validation": 0.41371753246753246, "id_test": 0.4031655844155844, "ood_test": 0.3890532544378698, "ood_validation": 0.40397350993377484, "33": 0.40550477773161614, "id_test_conf": [0.3944868655468542, 0.41189007829044777], "id_test_balanced": 0.6505150198936462, "id_test_balanced_conf": [0.6462369005661458, 0.6547931392211467], "ood_test_conf": [0.36296094542477386, 0.41562896829058266], "ood_test_balanced": 0.5549049973487854, "ood_test_balanced_conf": [0.5460506474971771, 0.5637593472003937], "features": ["AccredAgency", "HIGHDEG", "CONTROL", "region", "LOCALE", "locale2", "CCBASIC", "HBCU", "DISTANCEONLY", "median_hh_inc", "poverty_rate", "unemp_rate", "TUITIONFEE_IN", "TUITIONFEE_OUT", "TUITIONFEE_PROG", "ADM_RATE", "ADM_RATE_ALL", "SATVRMID", "SATMTMID", "SATWRMID", "ACTCMMID", "ACTENMID", "ACTMTMID", "ACTWRMID", "NPT4_PROG", "COSTT4_A", "COSTT4_P", "loan_ever", "pell_ever"]}