{"validation": 0.9065746753246753, "id_test": 0.9037337662337662, "ood_test": 0.7670118343195266, "ood_validation": 0.7417218543046358, "train": 0.9061345833840659, "id_test_conf": [0.8983890275862583, 0.908886877647654], "id_test_balanced": 0.6481131315231323, "id_test_balanced_conf": [0.643960002278909, 0.6522662607673556], "ood_test_conf": [0.7435418863436021, 0.7893151435951676], "ood_test_balanced": 0.7041334509849548, "ood_test_balanced_conf": [0.6881081992015242, 0.7201587027683855], "features": ["AccredAgency", "HIGHDEG", "CONTROL", "region", "LOCALE", "locale2", "CCBASIC", "HBCU", "DISTANCEONLY", "median_hh_inc", "poverty_rate", "unemp_rate", "TUITIONFEE_IN", "TUITIONFEE_OUT", "TUITIONFEE_PROG", "ADM_RATE", "ADM_RATE_ALL", "SATVRMID", "SATMTMID", "SATWRMID", "ACTCMMID", "ACTENMID", "ACTMTMID", "ACTWRMID", "NPT4_PROG", "COSTT4_A", "COSTT4_P", "loan_ever", "pell_ever"]}