{"validation": 0.9165584415584416, "id_test": 0.9162337662337663, "ood_test": 0.7810650887573964, "ood_validation": 0.7218543046357616, "train": 0.9177421973294371, "id_test_conf": [0.9112023138092125, 0.9210675288589202], "id_test_balanced": 0.7033203840255737, "id_test_balanced_conf": [0.698867267081514, 0.7077735009696334], "ood_test_conf": [0.7580540933776083, 0.8028474720984178], "ood_test_balanced": 0.6953607201576233, "ood_test_balanced_conf": [0.6802547760680318, 0.7104666642472148], "features": ["AccredAgency", "HIGHDEG", "CONTROL", "region", "LOCALE", "locale2", "CCBASIC", "HBCU", "DISTANCEONLY", "median_hh_inc", "poverty_rate", "unemp_rate", "TUITIONFEE_IN", "TUITIONFEE_OUT", "TUITIONFEE_PROG", "ADM_RATE", "ADM_RATE_ALL", "SATVRMID", "SATMTMID", "SATWRMID", "ACTCMMID", "ACTENMID", "ACTMTMID", "ACTWRMID", "NPT4_PROG", "COSTT4_A", "COSTT4_P", "loan_ever", "pell_ever"]}