{"validation": 0.9193181818181818, "id_test": 0.9175324675324675, "ood_test": 0.7625739644970414, "ood_validation": 0.7218543046357616, "train": 0.9169913551686351, "id_test_conf": [0.9125353191538516, 0.9223312940434808], "id_test_balanced": 0.7695839405059814, "id_test_balanced_conf": [0.7649456913676113, 0.7742221896443516], "ood_test_conf": [0.7389664006140673, 0.7850344358813074], "ood_test_balanced": 0.7264204025268555, "ood_test_balanced_conf": [0.7100071599707007, 0.7428336450830102], "features": ["AccredAgency", "HIGHDEG", "CONTROL", "region", "LOCALE", "locale2", "CCBASIC", "HBCU", "DISTANCEONLY", "median_hh_inc", "poverty_rate", "unemp_rate", "TUITIONFEE_IN", "TUITIONFEE_OUT", "TUITIONFEE_PROG", "ADM_RATE", "ADM_RATE_ALL", "SATVRMID", "SATMTMID", "SATWRMID", "ACTCMMID", "ACTENMID", "ACTMTMID", "ACTWRMID", "NPT4_PROG", "COSTT4_A", "COSTT4_P", "loan_ever", "pell_ever"]}