{"validation": 0.9238636363636363, "id_test": 0.9232142857142858, "ood_test": 0.7825443786982249, "ood_validation": 0.7483443708609272, "train": 0.9234952717236901, "id_test_conf": [0.9183715247321469, 0.9278559536869625], "id_test_balanced": 0.8020491600036621, "id_test_balanced_conf": [0.7975060822535306, 0.8065922377537936], "ood_test_conf": [0.7595838072383975, 0.8042698072629262], "ood_test_balanced": 0.7356734275817871, "ood_test_balanced_conf": [0.7197202130779624, 0.7516266420856118], "features": ["AccredAgency", "HIGHDEG", "CONTROL", "region", "LOCALE", "locale2", "CCBASIC", "CCSIZSET", "HBCU", "DISTANCEONLY", "median_hh_inc", "poverty_rate", "unemp_rate", "TUITIONFEE_IN", "TUITIONFEE_OUT", "TUITIONFEE_PROG", "ADM_RATE", "ADM_RATE_ALL", "SATVRMID", "SATMTMID", "SATWRMID", "ACTCMMID", "ACTENMID", "ACTMTMID", "ACTWRMID", "NPT4_PROG", "COSTT4_A", "COSTT4_P", "loan_ever", "pell_ever", "PCTPELL", "faminc", "md_faminc", "UGDS", "UG"]}