{"validation": 0.8945616883116884, "id_test": 0.8916396103896104, "ood_test": 0.6752958579881657, "ood_validation": 0.6688741721854304, "train": 0.8926904500994358, "id_test_conf": [0.8860174800954419, 0.8970759501506879], "id_test_balanced": 0.7637625932693481, "id_test_balanced_conf": [0.758909897506237, 0.7686152890324592], "ood_test_conf": [0.6496049549764351, 0.7002224088938558], "ood_test_balanced": 0.6663856506347656, "ood_test_balanced_conf": [0.6486357262730599, 0.6841355749964714], "features": ["AccredAgency", "HIGHDEG", "CONTROL", "region", "LOCALE", "locale2", "CCBASIC", "HBCU", "DISTANCEONLY", "median_hh_inc", "poverty_rate", "unemp_rate", "TUITIONFEE_IN", "TUITIONFEE_OUT", "TUITIONFEE_PROG", "ADM_RATE", "ADM_RATE_ALL", "SATVRMID", "SATMTMID", "SATWRMID", "ACTCMMID", "ACTENMID", "ACTMTMID", "ACTWRMID", "NPT4_PROG", "COSTT4_A", "COSTT4_P", "loan_ever", "pell_ever"]}