{"validation": 0.8923701298701299, "id_test": 0.8876623376623377, "ood_test": 0.6738165680473372, "ood_validation": 0.6622516556291391, "train": 0.8882970088071757, "id_test_conf": [0.8819538457387655, 0.8931869535982793], "id_test_balanced": 0.7713125348091125, "id_test_balanced_conf": [0.7664434858132154, 0.7761815838050097], "ood_test_conf": [0.6480995783500176, 0.6987756727420869], "ood_test_balanced": 0.6770846247673035, "ood_test_balanced_conf": [0.6594630546867848, 0.6947061948478221], "features": ["AccredAgency", "HIGHDEG", "CONTROL", "region", "LOCALE", "locale2", "CCBASIC", "HBCU", "DISTANCEONLY", "median_hh_inc", "poverty_rate", "unemp_rate", "TUITIONFEE_IN", "TUITIONFEE_OUT", "TUITIONFEE_PROG", "ADM_RATE", "ADM_RATE_ALL", "SATVRMID", "SATMTMID", "SATWRMID", "ACTCMMID", "ACTENMID", "ACTMTMID", "ACTWRMID", "NPT4_PROG", "COSTT4_A", "COSTT4_P", "loan_ever", "pell_ever"]}