{"validation": 0.9293019480519481, "id_test": 0.9262987012987013, "ood_test": 0.783284023668639, "ood_validation": 0.7682119205298014, "train": 0.928000324688502, "id_test_conf": [0.9215428630775151, 0.9308519377510679], "id_test_balanced": 0.7776078581809998, "id_test_balanced_conf": [0.7730507623311133, 0.7821649540308863], "ood_test_conf": [0.7603488190890944, 0.8049808193664226], "ood_test_balanced": 0.7662936449050903, "ood_test_balanced_conf": [0.7504326254874468, 0.7821546643227338], "features": ["AccredAgency", "HIGHDEG", "CONTROL", "region", "LOCALE", "locale2", "CCBASIC", "CCSIZSET", "HBCU", "DISTANCEONLY", "median_hh_inc", "poverty_rate", "unemp_rate", "TUITIONFEE_IN", "TUITIONFEE_OUT", "TUITIONFEE_PROG", "ADM_RATE", "ADM_RATE_ALL", "SATVRMID", "SATMTMID", "SATWRMID", "ACTCMMID", "ACTENMID", "ACTMTMID", "ACTWRMID", "NPT4_PROG", "COSTT4_A", "COSTT4_P", "loan_ever", "pell_ever", "PCTPELL", "faminc", "md_faminc", "UGDS", "UG"]}