{"validation": 0.9226461038961039, "id_test": 0.9222402597402597, "ood_test": 0.7921597633136095, "ood_validation": 0.7682119205298014, "train": 0.9222472502942489, "id_test_conf": [0.9173705171191306, 0.9269093851230769], "id_test_balanced": 0.7247785925865173, "id_test_balanced_conf": [0.7202869612351059, 0.7292702239379287], "ood_test_conf": [0.7695371691600017, 0.813504726391828], "ood_test_balanced": 0.7367616891860962, "ood_test_balanced_conf": [0.7211048818752169, 0.7524184964969755], "features": ["AccredAgency", "HIGHDEG", "CONTROL", "region", "LOCALE", "locale2", "CCBASIC", "HBCU", "DISTANCEONLY", "median_hh_inc", "poverty_rate", "unemp_rate", "TUITIONFEE_IN", "TUITIONFEE_OUT", "TUITIONFEE_PROG", "ADM_RATE", "ADM_RATE_ALL", "SATVRMID", "SATMTMID", "SATWRMID", "ACTCMMID", "ACTENMID", "ACTMTMID", "ACTWRMID", "NPT4_PROG", "COSTT4_A", "COSTT4_P", "loan_ever", "pell_ever"]}