{"validation": 0.9206168831168832, "id_test": 0.9208603896103896, "ood_test": 0.7477810650887574, "ood_validation": 0.7549668874172185, "train": 0.9193149072608466, "id_test_conf": [0.9159527949687698, 0.9255680404964657], "id_test_balanced": 0.7466471195220947, "id_test_balanced_conf": [0.7420657929591834, 0.751228446085006], "ood_test_conf": [0.7237389373258587, 0.7707411797863533], "ood_test_balanced": 0.7235387563705444, "ood_test_balanced_conf": [0.7068545325100422, 0.7402229802310467], "features": ["AccredAgency", "HIGHDEG", "CONTROL", "region", "LOCALE", "locale2", "CCBASIC", "HBCU", "DISTANCEONLY", "median_hh_inc", "poverty_rate", "unemp_rate", "TUITIONFEE_IN", "TUITIONFEE_OUT", "TUITIONFEE_PROG", "ADM_RATE", "ADM_RATE_ALL", "SATVRMID", "SATMTMID", "SATWRMID", "ACTCMMID", "ACTENMID", "ACTMTMID", "ACTWRMID", "NPT4_PROG", "COSTT4_A", "COSTT4_P", "loan_ever", "pell_ever"]}