{"validation": 0.8737824675324676, "id_test": 0.8704545454545455, "ood_test": 0.6708579881656804, "ood_validation": 0.6423841059602649, "33": 0.871551724137931, "id_test_conf": [0.8643967455381119, 0.8763367308097656], "id_test_balanced": 0.8075934648513794, "id_test_balanced_conf": [0.8027852497901767, 0.812401679912582], "ood_test_conf": [0.6450896706786126, 0.6958813534037696], "ood_test_balanced": 0.6749386787414551, "ood_test_balanced_conf": [0.657288358733058, 0.6925889987498521], "features": ["AccredAgency", "HIGHDEG", "CONTROL", "region", "LOCALE", "locale2", "CCBASIC", "HBCU", "DISTANCEONLY", "median_hh_inc", "poverty_rate", "unemp_rate", "TUITIONFEE_IN", "TUITIONFEE_OUT", "TUITIONFEE_PROG", "ADM_RATE", "ADM_RATE_ALL", "SATVRMID", "SATMTMID", "SATWRMID", "ACTCMMID", "ACTENMID", "ACTMTMID", "ACTWRMID", "NPT4_PROG", "COSTT4_A", "COSTT4_P", "loan_ever", "pell_ever"]}