{"validation": 0.9086038961038961, "id_test": 0.9063311688311688, "ood_test": 0.8054733727810651, "ood_validation": 0.7417218543046358, "33": 0.9062629829663481, "id_test_conf": [0.9010491496637048, 0.911420303844114], "id_test_balanced": 0.638407826423645, "id_test_balanced_conf": [0.6344231945741922, 0.6423924582730979], "ood_test_conf": [0.7833492781325216, 0.8262608876052843], "ood_test_balanced": 0.7176425457000732, "ood_test_balanced_conf": [0.7031008851155639, 0.7321842062845826], "features": ["AccredAgency", "HIGHDEG", "CONTROL", "region", "LOCALE", "locale2", "CCBASIC", "CCSIZSET", "HBCU", "DISTANCEONLY", "median_hh_inc", "poverty_rate", "unemp_rate", "TUITIONFEE_IN", "TUITIONFEE_OUT", "TUITIONFEE_PROG", "ADM_RATE", "ADM_RATE_ALL", "SATVRMID", "SATMTMID", "SATWRMID", "ACTCMMID", "ACTENMID", "ACTMTMID", "ACTWRMID", "NPT4_PROG", "COSTT4_A", "COSTT4_P", "loan_ever", "pell_ever", "PCTPELL", "faminc", "md_faminc", "UGDS", "UG"]}