{"validation": 0.7550335570469798, "id_test": 0.7348993288590604, "ood_test": 0.6092965583983548, "ood_validation": 0.6050626020685901, "train": 0.7172818791946308, "id_test_conf": [0.6809268459750349, 0.7841334567874546], "id_test_balanced": 0.6576576232910156, "id_test_balanced_conf": [0.6217273470759391, 0.6935878995060921], "ood_test_conf": [0.6040131188919633, 0.614560792117873], "ood_test_balanced": 0.599515438079834, "ood_test_balanced_conf": [0.596008461182937, 0.6030224149767309], "features": ["MARITAL_STATUS", "EDUCATION", "RACE", "GENDER", "AGE", "ORIGIN", "HEALTHDISAB", "HEALTH_HEARING", "HEALTH_COGNITIVE", "HEALTH_AMBULATORY", "HEALTH_SELF_CARE", "HEALTH_ERRANDS_DIFFICULTY", "HEALTH_CORE_DISABILITY", "HEALTH_SUPPLEMENTAL_DISABILITY", "CITIZENSHIP_STATUS"]}