{"validation": 0.7651006711409396, "id_test": 0.7248322147651006, "ood_test": 0.6029758664489203, "ood_validation": 0.6015242242787153, "train": 0.7172818791946308, "id_test_conf": [0.6703758807635969, 0.7747554166843915], "id_test_balanced": 0.6465741991996765, "id_test_balanced_conf": [0.6104013466089964, 0.6827470517903567], "ood_test_conf": [0.5976781843643759, 0.6082554536223254], "ood_test_balanced": 0.5997826457023621, "ood_test_balanced_conf": [0.5960720645543188, 0.6034932268504053], "features": ["MARITAL_STATUS", "EDUCATION", "RACE", "GENDER", "AGE", "ORIGIN", "HEALTHDISAB", "HEALTH_HEARING", "HEALTH_COGNITIVE", "HEALTH_AMBULATORY", "HEALTH_SELF_CARE", "HEALTH_ERRANDS_DIFFICULTY", "HEALTH_CORE_DISABILITY", "HEALTH_SUPPLEMENTAL_DISABILITY", "CITIZENSHIP_STATUS"]}