{"validation": 0.6879194630872483, "id_test": 0.6409395973154363, "ood_test": 0.6084800096776145, "ood_validation": 0.6004354926510616, "train": 0.6371644295302014, "id_test_conf": [0.5836047124632071, 0.695440717944456], "id_test_balanced": 0.6551682949066162, "id_test_balanced_conf": [0.6170791893452406, 0.6932574004679918], "ood_test_conf": [0.6031946782593112, 0.6137462788214143], "ood_test_balanced": 0.5922912955284119, "ood_test_balanced_conf": [0.5892070801602677, 0.595375510896556], "features": ["MARITAL_STATUS", "EDUCATION", "RACE", "GENDER", "AGE", "ORIGIN", "HEALTHDISAB", "HEALTH_HEARING", "HEALTH_COGNITIVE", "HEALTH_AMBULATORY", "HEALTH_SELF_CARE", "HEALTH_ERRANDS_DIFFICULTY", "HEALTH_CORE_DISABILITY", "HEALTH_SUPPLEMENTAL_DISABILITY", "CITIZENSHIP_STATUS"]}