{"validation": 0.7785234899328859, "id_test": 0.761744966442953, "ood_test": 0.499001996007984, "ood_validation": 0.49373979314099076, "train": 0.7437080536912751, "id_test_conf": [0.7092271851975407, 0.8089751365552451], "id_test_balanced": 0.5977951288223267, "id_test_balanced_conf": [0.569020695053041, 0.6265695625916123], "ood_test_conf": [0.4935979349618235, 0.5044062324091237], "ood_test_balanced": 0.5245616436004639, "ood_test_balanced_conf": [0.5227639325149357, 0.526359354685992], "features": ["MARITAL_STATUS", "EDUCATION", "RACE", "GENDER", "AGE", "ORIGIN", "HEALTHDISAB", "HEALTH_HEARING", "HEALTH_COGNITIVE", "HEALTH_AMBULATORY", "HEALTH_SELF_CARE", "HEALTH_ERRANDS_DIFFICULTY", "HEALTH_CORE_DISABILITY", "HEALTH_SUPPLEMENTAL_DISABILITY", "CITIZENSHIP_STATUS"]}