{"validation": 0.7818791946308725, "id_test": 0.785234899328859, "ood_test": 0.6064840016935825, "ood_validation": 0.597713663581927, "train": 0.7491610738255033, "id_test_conf": [0.7342026981016121, 0.8304959336686918], "id_test_balanced": 0.6568278670310974, "id_test_balanced_conf": [0.6250455245375633, 0.6886102095246315], "ood_test_conf": [0.6011941106080606, 0.6117551813099452], "ood_test_balanced": 0.6207005977630615, "ood_test_balanced_conf": [0.6175077927764505, 0.6238934027496725], "features": ["MARITAL_STATUS", "EDUCATION", "RACE", "GENDER", "AGE", "ORIGIN", "HEALTHDISAB", "HEALTH_HEARING", "HEALTH_COGNITIVE", "HEALTH_AMBULATORY", "HEALTH_SELF_CARE", "HEALTH_ERRANDS_DIFFICULTY", "HEALTH_CORE_DISABILITY", "HEALTH_SUPPLEMENTAL_DISABILITY", "CITIZENSHIP_STATUS"]}