{"validation": 0.7684563758389261, "id_test": 0.7684563758389261, "ood_test": 0.47686445291235713, "ood_validation": 0.47876973326075123, "train": 0.7361577181208053, "id_test_conf": [0.7163418071336323, 0.8151454913714486], "id_test_balanced": 0.5633594393730164, "id_test_balanced_conf": [0.5420060081779957, 0.584712870568037], "ood_test_conf": [0.47146809785507116, 0.4822648730329069], "ood_test_balanced": 0.5051613450050354, "ood_test_balanced_conf": [0.5043096571415663, 0.5060130328685045], "features": ["MARITAL_STATUS", "EDUCATION", "RACE", "GENDER", "AGE", "ORIGIN", "HEALTHDISAB", "HEALTH_HEARING", "HEALTH_COGNITIVE", "HEALTH_AMBULATORY", "HEALTH_SELF_CARE", "HEALTH_ERRANDS_DIFFICULTY", "HEALTH_CORE_DISABILITY", "HEALTH_SUPPLEMENTAL_DISABILITY", "CITIZENSHIP_STATUS"]}