{"validation": 0.8977272727272727, "id_test": 0.8969155844155844, "ood_test": 0.6863905325443787, "ood_validation": 0.6754966887417219, "train": 0.8966374447014895, "id_test_conf": [0.8914116209103959, 0.9022312141404084], "id_test_balanced": 0.7539535164833069, "id_test_balanced_conf": [0.7491373322159052, 0.7587697007507086], "ood_test_conf": [0.6609043770886678, 0.7110638163777172], "ood_test_balanced": 0.6724708676338196, "ood_test_balanced_conf": [0.6548357513174414, 0.6901059839501977], "features": ["AccredAgency", "HIGHDEG", "CONTROL", "region", "LOCALE", "locale2", "CCBASIC", "HBCU", "DISTANCEONLY", "median_hh_inc", "poverty_rate", "unemp_rate", "TUITIONFEE_IN", "TUITIONFEE_OUT", "TUITIONFEE_PROG", "ADM_RATE", "ADM_RATE_ALL", "SATVRMID", "SATMTMID", "SATWRMID", "ACTCMMID", "ACTENMID", "ACTMTMID", "ACTWRMID", "NPT4_PROG", "COSTT4_A", "COSTT4_P", "loan_ever", "pell_ever", "PCIP11"]}