{"validation": 0.7771061601778023, "id_test": 0.7762159981788482, "ood_test": 0.3638542225787007, "ood_validation": 0.3603261587217747, "train": 0.776106028357199, "id_test_conf": [0.7750590747953604, 0.7773697250870358], "id_test_balanced": 0.5000089406967163, "id_test_balanced_conf": [0.5000030905053063, 0.5000147908881263], "ood_test_conf": [0.3628114266880475, 0.3648979828035441], "ood_test_balanced": 0.5000951290130615, "ood_test_balanced_conf": [0.5000791616207789, 0.5001110964053441], "features": ["DIS", "ESP", "MIG", "ANC", "NATIVITY", "DEAR", "DEYE", "DREM", "PINCP", "ESR", "FER", "AGEP", "SEX", "MAR", "CIT", "RAC1P", "SCHL"]}