{"validation": 0.792316401780419, "id_test": 0.7911047122300722, "ood_test": 0.5873866119233088, "ood_validation": 0.5875148554073683, "train": 0.7912800727064144, "id_test_conf": [0.7899761177916533, 0.7922299377980044], "id_test_balanced": 0.5744824409484863, "id_test_balanced_conf": [0.5738926650991197, 0.5750722167978529], "ood_test_conf": [0.586318758125052, 0.5884538467643641], "ood_test_balanced": 0.6492065191268921, "ood_test_balanced_conf": [0.6485630813089664, 0.6498499569448177], "features": ["DIS", "ESP", "MIG", "ANC", "NATIVITY", "DEAR", "DEYE", "DREM", "PINCP", "ESR", "FER", "AGEP", "SEX", "MAR", "CIT", "RAC1P", "SCHL"]}