{"validation": 0.7855988945267492, "id_test": 0.7848205406743852, "ood_test": 0.4844811628154356, "ood_validation": 0.4832739117038602, "train": 0.7844420054769436, "id_test_conf": [0.7836797204975396, 0.7859580647473401], "id_test_balanced": 0.5718792080879211, "id_test_balanced_conf": [0.5712716141284909, 0.5724868020473514], "ood_test_conf": [0.48339751737957176, 0.4855649181695925], "ood_test_balanced": 0.570992648601532, "ood_test_balanced_conf": [0.5704107045405544, 0.5715745926625095], "features": ["DIS", "ESP", "MIG", "ANC", "NATIVITY", "DEAR", "DEYE", "DREM", "PINCP", "ESR", "FER", "AGEP", "SEX", "MAR", "CIT", "RAC1P", "SCHL"]}