{"validation": 0.8001661404885568, "id_test": 0.7987827038511768, "ood_test": 0.6268155236056278, "ood_validation": 0.6269422069633347, "train": 0.7990032571614994, "id_test_conf": [0.7976696007490133, 0.7998923491708596], "id_test_balanced": 0.5941486358642578, "id_test_balanced_conf": [0.5935172972024884, 0.5947799745260273], "ood_test_conf": [0.6257662849277915, 0.6278638640400549], "ood_test_balanced": 0.6860663294792175, "ood_test_balanced_conf": [0.6854379795549903, 0.6866946794034448], "features": ["DIS", "ESP", "MIG", "ANC", "NATIVITY", "DEAR", "DEYE", "DREM", "PINCP", "ESR", "FER", "AGEP", "SEX", "MAR", "CIT", "RAC1P", "SCHL"]}