{"validation": 0.8005695104247166, "id_test": 0.7994856045145392, "ood_test": 0.6356946093361227, "ood_validation": 0.6348540868876271, "train": 0.7993806675521167, "id_test_conf": [0.7983739508541926, 0.8005937922523959], "id_test_balanced": 0.5986086130142212, "id_test_balanced_conf": [0.5979648431460373, 0.5992523828824051], "ood_test_conf": [0.6346505745080152, 0.6367376830258867], "ood_test_balanced": 0.6900646686553955, "ood_test_balanced_conf": [0.6894252741383389, 0.6907040631724521], "features": ["DIS", "ESP", "MIG", "ANC", "NATIVITY", "DEAR", "DEYE", "DREM", "PINCP", "ESR", "FER", "AGEP", "SEX", "MAR", "CIT", "RAC1P", "SCHL"]}