{"validation": 0.7994692290642017, "id_test": 0.7983873222280353, "ood_test": 0.6398786125542105, "ood_validation": 0.6405871737312382, "train": 0.7986375784430773, "id_test_conf": [0.7972734061492103, 0.7994977851031124], "id_test_balanced": 0.5870164036750793, "id_test_balanced_conf": [0.5864095099247061, 0.5876232974254526], "ood_test_conf": [0.6388371623860063, 0.6409190719464595], "ood_test_balanced": 0.6971005797386169, "ood_test_balanced_conf": [0.6964741888595745, 0.6977269706176594], "features": ["DIS", "ESP", "MIG", "ANC", "NATIVITY", "DEAR", "DEYE", "DREM", "PINCP", "ESR", "FER", "AGEP", "SEX", "MAR", "CIT", "RAC1P", "SCHL"]}