{"validation": 0.7996709140322815, "id_test": 0.7984512222883411, "ood_test": 0.6470630669403834, "ood_validation": 0.647343633082442, "train": 0.7985569543979918, "id_test_conf": [0.7973374374860361, 0.7995615531469027], "id_test_balanced": 0.6063217520713806, "id_test_balanced_conf": [0.6056497507437598, 0.6069937533990014], "ood_test_conf": [0.6460262553580662, 0.6480988368547791], "ood_test_balanced": 0.6976073980331421, "ood_test_balanced_conf": [0.6969634659902658, 0.6982513300760184], "features": ["DIS", "ESP", "MIG", "ANC", "NATIVITY", "DEAR", "DEYE", "DREM", "PINCP", "ESR", "FER", "AGEP", "SEX", "MAR", "CIT", "RAC1P", "SCHL"]}