{"validation": 0.7991716938142621, "id_test": 0.7980698188033915, "ood_test": 0.6323811526672104, "ood_validation": 0.6326422817905718, "train": 0.7983011041001196, "id_test_conf": [0.7969552510932307, 0.7991809369866422], "id_test_balanced": 0.5978490114212036, "id_test_balanced_conf": [0.5972022346756422, 0.5984957881667651], "ood_test_conf": [0.6313351313758333, 0.6334262362911918], "ood_test_balanced": 0.6874234080314636, "ood_test_balanced_conf": [0.6867840009077918, 0.6880628151551355], "features": ["DIS", "ESP", "MIG", "ANC", "NATIVITY", "DEAR", "DEYE", "DREM", "PINCP", "ESR", "FER", "AGEP", "SEX", "MAR", "CIT", "RAC1P", "SCHL"]}