{"id_test": 0.9659839494314133, "id_test_conf": [0.9650879933051765, 0.9668631119875903], "features": ["SCHL", "WKHP", "WKW", "WRK"], "ood_test": 0.9484753470121202, "ood_test_conf": [0.9473931380744737, 0.9495416288937227]}