{"validation": 0.5972369819341127, "id_test": 0.6146496815286624, "ood_test": 0.5674013996991301, "ood_validation": 0.5785756327251325, "train": 0.609879166113398, "id_test_conf": [0.5827208139298986, 0.6458593124946439], "id_test_balanced": 0.6604912877082825, "id_test_balanced_conf": [0.6424447955191135, 0.6785377798974515], "ood_test_conf": [0.5595032958083856, 0.5752738462346112], "ood_test_balanced": 0.6026801466941833, "ood_test_balanced_conf": [0.598624978037551, 0.6067353153508157], "features": ["SEX", "WHTLGSPK", "BORNUSA", "HWELLSPK", "OTHLGSPK", "HIDEG", "EDUCYR", "YRSINUS", "HISPNCAT", "RACETHX", "RACEWX", "RACEBX", "RACEAX", "RACEV2X", "RACEV1X", "HISPANX", "SICPAY31", "PAYDR31", "AGE31X", "INSCOV19"]}