{"validation": 0.6833156216790648, "id_test": 0.7292993630573248, "ood_test": 0.6321538360913075, "ood_validation": 0.644496762801648, "train": 0.711326517062807, "id_test_conf": [0.6997067419545913, 0.757450538673789], "id_test_balanced": 0.7263251543045044, "id_test_balanced_conf": [0.7062063727900386, 0.7464439358189702], "ood_test_conf": [0.6244528729867556, 0.639804485309952], "ood_test_balanced": 0.6204352378845215, "ood_test_balanced_conf": [0.6151360863167793, 0.6257343894522637], "features": ["SEX", "WHTLGSPK", "BORNUSA", "HWELLSPK", "OTHLGSPK", "HIDEG", "EDUCYR", "YRSINUS", "HISPNCAT", "RACETHX", "RACEWX", "RACEBX", "RACEAX", "RACEV2X", "RACEV1X", "HISPANX", "SICPAY31", "PAYDR31", "AGE31X", "INSCOV19"]}