{"validation": 0.5430393198724761, "id_test": 0.5668789808917197, "ood_test": 0.5306429459088233, "ood_validation": 0.5414949970570924, "train": 0.5570309387863498, "id_test_conf": [0.5345377339245116, 0.5988008354084715], "id_test_balanced": 0.6259645223617554, "id_test_balanced_conf": [0.6098760499432683, 0.6420529947802425], "ood_test_conf": [0.5226944052896837, 0.5385798222937155], "ood_test_balanced": 0.5734723210334778, "ood_test_balanced_conf": [0.5702123185666278, 0.5767323235003278], "features": ["SEX", "WHTLGSPK", "BORNUSA", "HWELLSPK", "OTHLGSPK", "HIDEG", "EDUCYR", "YRSINUS", "HISPNCAT", "RACETHX", "RACEWX", "RACEBX", "RACEAX", "RACEV2X", "RACEV1X", "HISPANX", "SICPAY31", "PAYDR31", "AGE31X", "INSCOV19"]}