{"validation": 0.7003188097768331, "id_test": 0.7473460721868365, "ood_test": 0.64863627444568, "ood_validation": 0.6562683931724543, "train": 0.7243393971584119, "id_test_conf": [0.7183195519625751, 0.7748168712357579], "id_test_balanced": 0.7412168979644775, "id_test_balanced_conf": [0.7214996425062418, 0.7609341534227133], "ood_test_conf": [0.6410086070219718, 0.6562073495425187], "ood_test_balanced": 0.6427762508392334, "ood_test_balanced_conf": [0.6374404431134463, 0.6481120585650205], "features": ["SEX", "WHTLGSPK", "BORNUSA", "HWELLSPK", "OTHLGSPK", "HIDEG", "EDUCYR", "YRSINUS", "HISPNCAT", "RACETHX", "RACEWX", "RACEBX", "RACEAX", "RACEV2X", "RACEV1X", "HISPANX", "SICPAY31", "PAYDR31", "AGE31X", "INSCOV19"]}