{"validation": 0.6950053134962806, "id_test": 0.7441613588110403, "ood_test": 0.646477859899274, "ood_validation": 0.646262507357269, "train": 0.7220820608152968, "id_test_conf": [0.7150304790975119, 0.7717567010131597], "id_test_balanced": 0.7349545359611511, "id_test_balanced_conf": [0.7151581844314933, 0.754750887490809], "ood_test_conf": [0.6388400378994841, 0.6540599118163666], "ood_test_balanced": 0.6361650824546814, "ood_test_balanced_conf": [0.6308817739225924, 0.6414483909867704], "features": ["SEX", "WHTLGSPK", "BORNUSA", "HWELLSPK", "OTHLGSPK", "HIDEG", "EDUCYR", "YRSINUS", "HISPNCAT", "RACETHX", "RACEWX", "RACEBX", "RACEAX", "RACEV2X", "RACEV1X", "HISPANX", "SICPAY31", "PAYDR31", "AGE31X", "INSCOV19"]}