{"validation": 0.6599362380446334, "id_test": 0.7101910828025477, "ood_test": 0.5711295702792858, "ood_validation": 0.5738669805768098, "train": 0.6814500066392245, "id_test_conf": [0.6800633303997012, 0.7389981549331337], "id_test_balanced": 0.7093459963798523, "id_test_balanced_conf": [0.6888433586061001, 0.7298486341536045], "ood_test_conf": [0.5632390216729024, 0.5789930421901801], "ood_test_balanced": 0.5886344909667969, "ood_test_balanced_conf": [0.5834322608821094, 0.5938367210514843], "features": ["SEX", "WHTLGSPK", "BORNUSA", "HWELLSPK", "OTHLGSPK", "HIDEG", "EDUCYR", "YRSINUS", "HISPNCAT", "RACETHX", "RACEWX", "RACEBX", "RACEAX", "RACEV2X", "RACEV1X", "HISPANX", "SICPAY31", "PAYDR31", "AGE31X", "INSCOV19"]}