{"validation": 0.691817215727949, "id_test": 0.7367303609341825, "ood_test": 0.6412453397867748, "ood_validation": 0.6427310182460271, "train": 0.717700172619838, "id_test_conf": [0.7073634760210197, 0.7646087738743949], "id_test_balanced": 0.7346004247665405, "id_test_balanced_conf": [0.7146691000834108, 0.7545317494496703], "ood_test_conf": [0.6335836004393844, 0.6488533022838128], "ood_test_balanced": 0.6342298984527588, "ood_test_balanced_conf": [0.6288815124053508, 0.6395782845001667], "features": ["SEX", "WHTLGSPK", "BORNUSA", "HWELLSPK", "OTHLGSPK", "HIDEG", "EDUCYR", "YRSINUS", "HISPNCAT", "RACETHX", "RACEWX", "RACEBX", "RACEAX", "RACEV2X", "RACEV1X", "HISPANX", "SICPAY31", "PAYDR31", "AGE31X", "INSCOV19"]}