{"validation": 0.6928799149840595, "id_test": 0.7399150743099787, "ood_test": 0.6301916410491203, "ood_validation": 0.6386109476162448, "train": 0.7084052582658346, "id_test_conf": [0.7106480607082606, 0.7676734499511462], "id_test_balanced": 0.7436351776123047, "id_test_balanced_conf": [0.7239408892393112, 0.7633294659852982], "ood_test_conf": [0.6224825971413463, 0.6378511184297929], "ood_test_balanced": 0.6340357065200806, "ood_test_balanced_conf": [0.6286515450663864, 0.6394198679737747], "features": ["SEX", "WHTLGSPK", "BORNUSA", "HWELLSPK", "OTHLGSPK", "HIDEG", "EDUCYR", "YRSINUS", "HISPNCAT", "RACETHX", "RACEWX", "RACEBX", "RACEAX", "RACEV2X", "RACEV1X", "HISPANX", "SICPAY31", "PAYDR31", "AGE31X", "INSCOV19"]}