{"validation": 0.6971307120085016, "id_test": 0.7441613588110403, "ood_test": 0.6364706651841193, "ood_validation": 0.6409652736904061, "train": 0.7191608020183242, "id_test_conf": [0.7150304790975119, 0.7717567010131597], "id_test_balanced": 0.743667721748352, "id_test_balanced_conf": [0.7239526567608118, 0.7633827867358923], "ood_test_conf": [0.6287879593395211, 0.6441014128998586], "ood_test_balanced": 0.6361936926841736, "ood_test_balanced_conf": [0.6308013799414038, 0.6415860054269433], "features": ["SEX", "WHTLGSPK", "BORNUSA", "HWELLSPK", "OTHLGSPK", "HIDEG", "EDUCYR", "YRSINUS", "HISPNCAT", "RACETHX", "RACEWX", "RACEBX", "RACEAX", "RACEV2X", "RACEV1X", "HISPANX", "SICPAY31", "PAYDR31", "AGE31X", "INSCOV19"]}