{"validation": 0.6907545164718385, "id_test": 0.7229299363057324, "ood_test": 0.6267905029759958, "ood_validation": 0.6309593878752208, "train": 0.714911698313637, "id_test_conf": [0.6931517968447436, 0.75130690978298], "id_test_balanced": 0.7074635624885559, "id_test_balanced_conf": [0.687288672067225, 0.7276384529098868], "ood_test_conf": [0.6190677732731502, 0.6344649615388048], "ood_test_balanced": 0.6102064847946167, "ood_test_balanced_conf": [0.6050230165477842, 0.6153899530414492], "features": ["SEX", "WHTLGSPK", "BORNUSA", "HWELLSPK", "OTHLGSPK", "HIDEG", "EDUCYR", "YRSINUS", "HISPNCAT", "RACETHX", "RACEWX", "RACEBX", "RACEAX", "RACEV2X", "RACEV1X", "HISPANX", "SICPAY31", "PAYDR31", "AGE31X", "INSCOV19"]}