{"validation": 0.6992561105207227, "id_test": 0.7452229299363057, "ood_test": 0.6534763555497416, "ood_validation": 0.6621542083578575, "train": 0.7264639490107555, "id_test_conf": [0.7161266201104481, 0.7727769752359075], "id_test_balanced": 0.7449630498886108, "id_test_balanced_conf": [0.7252804641053081, 0.7646456356719136], "ood_test_conf": [0.6458720768044907, 0.6610221980686118], "ood_test_balanced": 0.6526456475257874, "ood_test_balanced_conf": [0.647309608887881, 0.6579816861636937], "features": ["SEX", "WHTLGSPK", "BORNUSA", "HWELLSPK", "OTHLGSPK", "HIDEG", "EDUCYR", "YRSINUS", "HISPNCAT", "RACETHX", "RACEWX", "RACEBX", "RACEAX", "RACEV2X", "RACEV1X", "HISPANX", "SICPAY31", "PAYDR31", "AGE31X", "INSCOV19"]}