{"validation": 0.6971307120085016, "id_test": 0.7420382165605095, "ood_test": 0.6551769245863038, "ood_validation": 0.6656856974690994, "train": 0.7259328110476696, "id_test_conf": [0.7128388424968819, 0.7697155045710924], "id_test_balanced": 0.7438494563102722, "id_test_balanced_conf": [0.7241437957435847, 0.7635551168769598], "ood_test_conf": [0.6475810675280772, 0.6627136975347823], "ood_test_balanced": 0.655981183052063, "ood_test_balanced_conf": [0.6506572321616113, 0.6613051339425147], "features": ["SEX", "WHTLGSPK", "BORNUSA", "HWELLSPK", "OTHLGSPK", "HIDEG", "EDUCYR", "YRSINUS", "HISPNCAT", "RACETHX", "RACEWX", "RACEBX", "RACEAX", "RACEV2X", "RACEV1X", "HISPANX", "SICPAY31", "PAYDR31", "AGE31X", "INSCOV19"]}