{"validation": 0.6248671625929861, "id_test": 0.6602972399150743, "ood_test": 0.60828046307803, "ood_validation": 0.6286050618010595, "train": 0.6498472978356128, "id_test_conf": [0.6290572420626562, 0.6905310364268064], "id_test_balanced": 0.6940116286277771, "id_test_balanced_conf": [0.6749892707914114, 0.7130339864641428], "ood_test_conf": [0.6004902970189365, 0.6160294071792589], "ood_test_balanced": 0.6327904462814331, "ood_test_balanced_conf": [0.6280355048365891, 0.6375453877262771], "features": ["SEX", "WHTLGSPK", "BORNUSA", "OTHLGSPK", "HIDEG", "EDUCYR", "YRSINUS", "HISPNCAT", "RACETHX", "RACEWX", "RACEBX", "RACEAX", "RACEV2X", "RACEV1X", "HISPANX", "SICPAY31", "PAYDR31", "REGION31", "AGE31X", "INSCOV19"]}