{"validation": 0.6822529224229543, "id_test": 0.7144373673036093, "ood_test": 0.6112237556413107, "ood_validation": 0.6127133608004709, "train": 0.7030938786349754, "id_test_conf": [0.6844230293501108, 0.7431042067461051], "id_test_balanced": 0.6852191686630249, "id_test_balanced_conf": [0.6655630072578788, 0.704875330068171], "ood_test_conf": [0.6034435243021828, 0.6189616442030061], "ood_test_balanced": 0.579468846321106, "ood_test_balanced_conf": [0.575045705055818, 0.5838919875863939], "features": ["SEX", "WHTLGSPK", "BORNUSA", "OTHLGSPK", "HIDEG", "EDUCYR", "YRSINUS", "HISPNCAT", "RACETHX", "RACEWX", "RACEBX", "RACEAX", "RACEV2X", "RACEV1X", "HISPANX", "SICPAY31", "PAYDR31", "REGION31", "AGE31X", "INSCOV19"]}