{"validation": 0.6461211477151966, "id_test": 0.6868365180467091, "ood_test": 0.6381712342206816, "ood_validation": 0.6486168334314303, "train": 0.6825122825653963, "id_test_conf": [0.6561388296367847, 0.7163608621507619], "id_test_balanced": 0.7050080299377441, "id_test_balanced_conf": [0.6849233504012227, 0.7250927094742656], "ood_test_conf": [0.6304959024882231, 0.6457939600714193], "ood_test_balanced": 0.6376731395721436, "ood_test_balanced_conf": [0.6322857234440744, 0.6430605557002127], "features": ["SEX", "WHTLGSPK", "BORNUSA", "OTHLGSPK", "HIDEG", "EDUCYR", "YRSINUS", "HISPNCAT", "RACETHX", "RACEWX", "RACEBX", "RACEAX", "RACEV2X", "RACEV1X", "HISPANX", "SICPAY31", "PAYDR31", "REGION31", "AGE31X", "INSCOV19"]}