{"validation": 0.6578108395324124, "id_test": 0.678343949044586, "ood_test": 0.5821832690169403, "ood_validation": 0.5838728663919953, "train": 0.6669764971451334, "id_test_conf": [0.6474608561249965, 0.7081072129977435], "id_test_balanced": 0.632068395614624, "id_test_balanced_conf": [0.6136258060857653, 0.6505109851434827], "ood_test_conf": [0.5743177972440658, 0.5900174557178053], "ood_test_balanced": 0.5412077903747559, "ood_test_balanced_conf": [0.5376307615404948, 0.5447848192090169], "features": ["SEX", "WHTLGSPK", "BORNUSA", "OTHLGSPK", "HIDEG", "EDUCYR", "YRSINUS", "HISPNCAT", "RACETHX", "RACEWX", "RACEBX", "RACEAX", "RACEV2X", "RACEV1X", "HISPANX", "SICPAY31", "PAYDR31", "REGION31", "AGE31X", "INSCOV19"]}