{"validation": 0.5855472901168969, "id_test": 0.6093418259023354, "ood_test": 0.570933350775067, "ood_validation": 0.5903472630959388, "train": 0.5952728721285354, "id_test_conf": [0.5773519321998091, 0.6406458181821872], "id_test_balanced": 0.6583712100982666, "id_test_balanced_conf": [0.6408178750053048, 0.6759245451912284], "ood_test_conf": [0.5630423932095547, 0.5787973063478369], "ood_test_balanced": 0.6060405373573303, "ood_test_balanced_conf": [0.601979919904843, 0.6101011548098176], "features": ["SEX", "WHTLGSPK", "BORNUSA", "OTHLGSPK", "HIDEG", "EDUCYR", "YRSINUS", "HISPNCAT", "RACETHX", "RACEWX", "RACEBX", "RACEAX", "RACEV2X", "RACEV1X", "HISPANX", "SICPAY31", "PAYDR31", "REGION31", "AGE31X", "INSCOV19"]}