{"validation": 0.6896918172157279, "id_test": 0.7399150743099787, "ood_test": 0.6536071685525541, "ood_validation": 0.657445556209535, "train": 0.7215509228522109, "id_test_conf": [0.7106480607082606, 0.7676734499511462], "id_test_balanced": 0.7436351776123047, "id_test_balanced_conf": [0.7239408892393112, 0.7633294659852982], "ood_test_conf": [0.6460035338498101, 0.6611523171922371], "ood_test_balanced": 0.6580770611763, "ood_test_balanced_conf": [0.6527808466646821, 0.663373275687918], "features": ["SEX", "WHTLGSPK", "BORNUSA", "OTHLGSPK", "HIDEG", "EDUCYR", "YRSINUS", "HISPNCAT", "RACETHX", "RACEWX", "RACEBX", "RACEAX", "RACEV2X", "RACEV1X", "HISPANX", "SICPAY31", "PAYDR31", "REGION31", "AGE31X", "INSCOV19"]}