{"validation": 0.6875664187035069, "id_test": 0.7335456475583864, "ood_test": 0.6307802995617764, "ood_validation": 0.6356680400235433, "train": 0.7155756207674944, "id_test_conf": [0.7040807772124695, 0.7615422047496272], "id_test_balanced": 0.715664267539978, "id_test_balanced_conf": [0.6957919632643461, 0.7355365718156099], "ood_test_conf": [0.6230736656382103, 0.6384371427521667], "ood_test_balanced": 0.6102399230003357, "ood_test_balanced_conf": [0.6052142083458603, 0.6152656376548111], "features": ["SEX", "WHTLGSPK", "BORNUSA", "OTHLGSPK", "HIDEG", "EDUCYR", "YRSINUS", "HISPNCAT", "RACETHX", "RACEWX", "RACEBX", "RACEAX", "RACEV2X", "RACEV1X", "HISPANX", "SICPAY31", "PAYDR31", "REGION31", "AGE31X", "INSCOV19"]}