{"validation": 0.6248671625929861, "id_test": 0.6316348195329087, "ood_test": 0.5859114395970959, "ood_validation": 0.5721012360211889, "train": 0.6227592617182313, "id_test_conf": [0.5999275186230579, 0.6625161698865907], "id_test_balanced": 0.5655682682991028, "id_test_balanced_conf": [0.5504776748456061, 0.5806588617525995], "ood_test_conf": [0.5780553335335284, 0.5937348411373444], "ood_test_balanced": 0.5442495346069336, "ood_test_balanced_conf": [0.5407651658775285, 0.5477339033363386], "features": ["SEX", "WHTLGSPK", "BORNUSA", "OTHLGSPK", "HIDEG", "EDUCYR", "YRSINUS", "HISPNCAT", "RACETHX", "RACEWX", "RACEBX", "RACEAX", "RACEV2X", "RACEV1X", "HISPANX", "SICPAY31", "PAYDR31", "REGION31", "AGE31X", "INSCOV19"]}