{"validation": 0.6503719447396387, "id_test": 0.6794055201698513, "ood_test": 0.5974883903460004, "ood_validation": 0.5891701000588582, "train": 0.6641880228389324, "id_test_conf": [0.6485449827194194, 0.7091395408542006], "id_test_balanced": 0.6389085650444031, "id_test_balanced_conf": [0.6197319414839149, 0.6580851886048913], "ood_test_conf": [0.5896643129368504, 0.6052753552516011], "ood_test_balanced": 0.5654749870300293, "ood_test_balanced_conf": [0.5610434663016349, 0.5699065077584237], "features": ["SEX", "WHTLGSPK", "BORNUSA", "OTHLGSPK", "HIDEG", "EDUCYR", "YRSINUS", "HISPNCAT", "RACETHX", "RACEWX", "RACEBX", "RACEAX", "RACEV2X", "RACEV1X", "HISPANX", "SICPAY31", "PAYDR31", "REGION31", "AGE31X", "INSCOV19"]}