{"validation": 0.691817215727949, "id_test": 0.7420382165605095, "ood_test": 0.6330695271109948, "ood_validation": 0.6386109476162448, "train": 0.7099986721550923, "id_test_conf": [0.7128388424968819, 0.7697155045710924], "id_test_balanced": 0.7446416020393372, "id_test_balanced_conf": [0.7249615352973342, 0.7643216687813401], "ood_test_conf": [0.6253723815745867, 0.640716009988906], "ood_test_balanced": 0.6357852220535278, "ood_test_balanced_conf": [0.6303990344144403, 0.6411714096926153], "features": ["SEX", "WHTLGSPK", "BORNUSA", "OTHLGSPK", "HIDEG", "EDUCYR", "YRSINUS", "HISPNCAT", "RACETHX", "RACEWX", "RACEBX", "RACEAX", "RACEV2X", "RACEV1X", "HISPANX", "SICPAY31", "PAYDR31", "REGION31", "AGE31X", "INSCOV19"]}