{"validation": 0.6801275239107333, "id_test": 0.7303609341825902, "ood_test": 0.6259402184577147, "ood_validation": 0.6321365509123014, "train": 0.7029610941442039, "id_test_conf": [0.7007999427584994, 0.7584737643309961], "id_test_balanced": 0.737917959690094, "id_test_balanced_conf": [0.7181500642001629, 0.7576858551800251], "ood_test_conf": [0.6182141306875445, 0.6336183589278545], "ood_test_balanced": 0.6369823217391968, "ood_test_balanced_conf": [0.6317178535368293, 0.6422467899415643], "features": ["SEX", "WHTLGSPK", "BORNUSA", "OTHLGSPK", "HIDEG", "EDUCYR", "YRSINUS", "HISPNCAT", "RACETHX", "RACEWX", "RACEBX", "RACEAX", "RACEV2X", "RACEV1X", "HISPANX", "SICPAY31", "PAYDR31", "REGION31", "AGE31X", "INSCOV19"]}