{"validation": 0.7056323060573858, "id_test": 0.7367303609341825, "ood_test": 0.6568120871214599, "ood_validation": 0.6627427898763979, "train": 0.7244721816491834, "id_test_conf": [0.7073634760210197, 0.7646087738743949], "id_test_balanced": 0.7357885837554932, "id_test_balanced_conf": [0.7158801312372088, 0.7556970362737775], "ood_test_conf": [0.6492244284546262, 0.6643400387002769], "ood_test_balanced": 0.6530942916870117, "ood_test_balanced_conf": [0.6477733741421252, 0.6584152092318982], "features": ["SEX", "WHTLGSPK", "BORNUSA", "OTHLGSPK", "HIDEG", "EDUCYR", "YRSINUS", "HISPNCAT", "RACETHX", "RACEWX", "RACEBX", "RACEAX", "RACEV2X", "RACEV1X", "HISPANX", "SICPAY31", "PAYDR31", "REGION31", "AGE31X", "INSCOV19"]}