{"validation": 0.6928799149840595, "id_test": 0.7239915074309978, "ood_test": 0.6523644450258356, "ood_validation": 0.660977045320777, "train": 0.7175673881290665, "id_test_conf": [0.6942437842432737, 0.7523313531596973], "id_test_balanced": 0.7265814542770386, "id_test_balanced_conf": [0.7064652264863253, 0.7466976820677519], "ood_test_conf": [0.6447547173041532, 0.6599161601295622], "ood_test_balanced": 0.6530439853668213, "ood_test_balanced_conf": [0.6477091455552727, 0.6583788251783699], "features": ["SEX", "WHTLGSPK", "BORNUSA", "OTHLGSPK", "HIDEG", "EDUCYR", "YRSINUS", "HISPNCAT", "RACETHX", "RACEWX", "RACEBX", "RACEAX", "RACEV2X", "RACEV1X", "HISPANX", "SICPAY31", "PAYDR31", "REGION31", "AGE31X", "INSCOV19"]}