{"validation": 0.6981934112646121, "id_test": 0.7388535031847133, "ood_test": 0.6575969651383348, "ood_validation": 0.673925838728664, "train": 0.7288540698446422, "id_test_conf": [0.7095529882458829, 0.7666521029700296], "id_test_balanced": 0.7371910810470581, "id_test_balanced_conf": [0.7173195835947991, 0.7570625784993171], "ood_test_conf": [0.6500132768369233, 0.6651206473173983], "ood_test_balanced": 0.6568495035171509, "ood_test_balanced_conf": [0.6515286681149155, 0.6621703389193863], "features": ["SEX", "WHTLGSPK", "BORNUSA", "OTHLGSPK", "HIDEG", "EDUCYR", "YRSINUS", "HISPNCAT", "RACETHX", "RACEWX", "RACEBX", "RACEAX", "RACEV2X", "RACEV1X", "HISPANX", "SICPAY31", "PAYDR31", "REGION31", "AGE31X", "INSCOV19"]}