{"validation": 0.7785234899328859, "id_test": 0.761744966442953, "ood_test": 0.5331760720982278, "ood_validation": 0.5187806205770278, "train": 0.738255033557047, "id_test_conf": [0.7092271851975407, 0.8089751365552451], "id_test_balanced": 0.6324087381362915, "id_test_balanced_conf": [0.6000172147899866, 0.6648002614825964], "ood_test_conf": [0.5277808735345254, 0.5385654413898483], "ood_test_balanced": 0.5485718250274658, "ood_test_balanced_conf": [0.5453622111445293, 0.5517814389104023], "features": ["MARITAL_STATUS", "CITIZENSHIP_STATUS", "EDUCATION", "RACE", "GENDER", "AGE", "ORIGIN", "HEALTHDISAB", "HEALTH_HEARING", "HEALTH_SEEING", "HEALTH_COGNITIVE", "HEALTH_AMBULATORY", "HEALTH_SELF_CARE", "HEALTH_ERRANDS_DIFFICULTY", "HEALTH_CORE_DISABILITY", "HEALTH_SUPPLEMENTAL_DISABILITY"]}