{"validation": 0.7718120805369127, "id_test": 0.7516778523489933, "ood_test": 0.6119881449222767, "ood_validation": 0.608056614044638, "train": 0.7273489932885906, "id_test_conf": [0.6985855746324816, 0.7996888625874019], "id_test_balanced": 0.6602655053138733, "id_test_balanced_conf": [0.6253160598129034, 0.6952149508148432], "ood_test_conf": [0.6067110513335356, 0.6172455596602733], "ood_test_balanced": 0.618206262588501, "ood_test_balanced_conf": [0.614594526658766, 0.6218179985182359], "features": ["MARITAL_STATUS", "CITIZENSHIP_STATUS", "EDUCATION", "RACE", "GENDER", "AGE", "ORIGIN", "HEALTHDISAB", "HEALTH_HEARING", "HEALTH_SEEING", "HEALTH_COGNITIVE", "HEALTH_AMBULATORY", "HEALTH_SELF_CARE", "HEALTH_ERRANDS_DIFFICULTY", "HEALTH_CORE_DISABILITY", "HEALTH_SUPPLEMENTAL_DISABILITY"]}