{"validation": 0.7348993288590604, "id_test": 0.714765100671141, "ood_test": 0.6253553499062481, "ood_validation": 0.623298856831791, "train": 0.7038590604026845, "id_test_conf": [0.659856723282205, 0.7653452216907826], "id_test_balanced": 0.6614509224891663, "id_test_balanced_conf": [0.6244770439714193, 0.6984248010069132], "ood_test_conf": [0.6201122842523363, 0.6305763872250665], "ood_test_balanced": 0.6184671521186829, "ood_test_balanced_conf": [0.6148769238730892, 0.6220573803642765], "features": ["MARITAL_STATUS", "CITIZENSHIP_STATUS", "EDUCATION", "RACE", "GENDER", "AGE", "ORIGIN", "HEALTHDISAB", "HEALTH_HEARING", "HEALTH_SEEING", "HEALTH_COGNITIVE", "HEALTH_AMBULATORY", "HEALTH_SELF_CARE", "HEALTH_ERRANDS_DIFFICULTY", "HEALTH_CORE_DISABILITY", "HEALTH_SUPPLEMENTAL_DISABILITY"]}