{"id_test": 0.6719281384001183, "id_test_conf": [0.6662964900877548, 0.6775228383134464], "id_test_balanced": 0.6391014456748962, "id_test_balanced_conf": [0.6353084542276338, 0.6428944371221587], "ood_test": 0.6025255388317503, "ood_test_conf": [0.6011921254583048, 0.6038578067681402], "ood_test_balanced": 0.6284545660018921, "ood_test_balanced_conf": [0.6275729819783009, 0.6293361500254833], "validation": 0.6642637980111641, "validation_conf": [0.6586002674737605, 0.6698920268445796], "validation_balanced": 0.6303991079330444, "validation_balanced_conf": [0.6266023050667718, 0.634195910799317], "features": ["BMI5CAT", "AGEG5YR", "FRUIT_ONCE_PER_DAY", "VEG_ONCE_PER_DAY", "DRNK_PER_WEEK", "RFBING5", "TOTINDA", "SMOKE100", "SMOKDAY2", "CHCSCNCR", "CHCOCNCR", "DIABETES", "POVERTY", "EMPLOY1", "IYEAR", "STATE", "MEDCOST", "PRACE1", "SEX"]}