{"validation": 0.43251859723698194, "id_test": 0.45116772823779194, "ood_test": 0.4589574203675845, "ood_validation": 0.4608593290170689, "train": 0.4533262514938255, "id_test_conf": [0.4190553581947484, 0.48358629373848083], "id_test_balanced": 0.5315074324607849, "id_test_balanced_conf": [0.5213272618874908, 0.541687603034079], "ood_test_conf": [0.4510343695600009, 0.4668960941562224], "ood_test_balanced": 0.509286642074585, "ood_test_balanced_conf": [0.5073791984468699, 0.5111940857023001], "features": ["WHTLGSPK", "BORNUSA", "HWELLSPK", "OTHLGSPK", "HIDEG", "EDUCYR", "YRSINUS", "HISPNCAT", "RACETHX", "RACEWX", "RACEBX", "RACEAX", "RACEV2X", "RACEV1X", "HISPANX", "SICPAY31", "PAYDR31", "REGION31", "AGE31X", "INSCOV19"]}