{"validation": 0.6758767268862912, "id_test": 0.70276008492569, "ood_test": 0.6152789587284976, "ood_validation": 0.6268393172454385, "train": 0.6961890851148586, "id_test_conf": [0.672441217438187, 0.7318051807929842], "id_test_balanced": 0.6923575401306152, "id_test_balanced_conf": [0.67168042588979, 0.7130346543714404], "ood_test_conf": [0.6075129008221508, 0.6230011295725673], "ood_test_balanced": 0.5956143736839294, "ood_test_balanced_conf": [0.590513204159215, 0.6007155432086438], "features": ["WHTLGSPK", "BORNUSA", "HWELLSPK", "OTHLGSPK", "HIDEG", "EDUCYR", "YRSINUS", "HISPNCAT", "RACETHX", "RACEWX", "RACEBX", "RACEAX", "RACEV2X", "RACEV1X", "HISPANX", "SICPAY31", "PAYDR31", "REGION31", "AGE31X", "INSCOV19"]}