{"validation": 0.6780021253985122, "id_test": 0.7112526539278131, "ood_test": 0.6040944469880306, "ood_validation": 0.5979988228369629, "train": 0.6979152834948879, "id_test_conf": [0.6811529659066997, 0.7400249580487565], "id_test_balanced": 0.6848976612091064, "id_test_balanced_conf": [0.6649836065620184, 0.7048117158561945], "ood_test_conf": [0.5962906595539795, 0.611858606473817], "ood_test_balanced": 0.5741341710090637, "ood_test_balanced_conf": [0.5695646081864834, 0.5787037338316441], "features": ["WHTLGSPK", "BORNUSA", "HWELLSPK", "OTHLGSPK", "HIDEG", "EDUCYR", "YRSINUS", "HISPNCAT", "RACETHX", "RACEWX", "RACEBX", "RACEAX", "RACEV2X", "RACEV1X", "HISPANX", "SICPAY31", "PAYDR31", "REGION31", "AGE31X", "INSCOV19"]}