{"validation": 0.6280552603613178, "id_test": 0.6464968152866242, "ood_test": 0.627379161488652, "ood_validation": 0.6415538552089465, "train": 0.6491833753817554, "id_test_conf": [0.6150168973112932, 0.6770573491340156], "id_test_balanced": 0.6743998527526855, "id_test_balanced_conf": [0.6544248263537884, 0.6943748791515827], "ood_test_conf": [0.6196587714303685, 0.635051056208404], "ood_test_balanced": 0.6335355639457703, "ood_test_balanced_conf": [0.6281734194606543, 0.6388977084308862], "features": ["WHTLGSPK", "BORNUSA", "HWELLSPK", "OTHLGSPK", "HIDEG", "EDUCYR", "YRSINUS", "HISPNCAT", "RACETHX", "RACEWX", "RACEBX", "RACEAX", "RACEV2X", "RACEV1X", "HISPANX", "SICPAY31", "PAYDR31", "REGION31", "AGE31X", "INSCOV19"]}