{"validation": 0.6068012752391073, "id_test": 0.6337579617834395, "ood_test": 0.6059912355288115, "ood_validation": 0.6303708063566804, "train": 0.6201035719028017, "id_test_conf": [0.6020812085595406, 0.6645954203877014], "id_test_balanced": 0.6758862733840942, "id_test_balanced_conf": [0.6575677466392517, 0.6942048001289368], "ood_test_conf": [0.5981935465402128, 0.6137485742899464], "ood_test_balanced": 0.6299858689308167, "ood_test_balanced_conf": [0.6251925394870341, 0.6347791983745992], "features": ["WHTLGSPK", "BORNUSA", "HWELLSPK", "OTHLGSPK", "HIDEG", "EDUCYR", "YRSINUS", "HISPNCAT", "RACETHX", "RACEWX", "RACEBX", "RACEAX", "RACEV2X", "RACEV1X", "HISPANX", "SICPAY31", "PAYDR31", "REGION31", "AGE31X", "INSCOV19"]}