{"validation": 0.6981934112646121, "id_test": 0.7430997876857749, "ood_test": 0.635293348158807, "ood_validation": 0.6350794585050029, "train": 0.7199575089629531, "id_test_conf": [0.7139345535164677, 0.7707362104982496], "id_test_balanced": 0.7352434396743774, "id_test_balanced_conf": [0.7154176664724946, 0.7550692128762603], "ood_test_conf": [0.6276055974841259, 0.6429295891419624], "ood_test_balanced": 0.6221092939376831, "ood_test_balanced_conf": [0.616852862937376, 0.6273657249379903], "features": ["WHTLGSPK", "BORNUSA", "HWELLSPK", "OTHLGSPK", "HIDEG", "EDUCYR", "YRSINUS", "HISPNCAT", "RACETHX", "RACEWX", "RACEBX", "RACEAX", "RACEV2X", "RACEV1X", "HISPANX", "SICPAY31", "PAYDR31", "REGION31", "AGE31X", "INSCOV19"]}