{"validation": 0.6269925611052072, "id_test": 0.6305732484076433, "ood_test": 0.5760350578847537, "ood_validation": 0.5650382577987051, "train": 0.6158544681981145, "id_test_conf": [0.5988509133672058, 0.661476304499004], "id_test_balanced": 0.5607084035873413, "id_test_balanced_conf": [0.5466851297579706, 0.574731677416712], "ood_test_conf": [0.5681551427953055, 0.5838860286862876], "ood_test_balanced": 0.5312619209289551, "ood_test_balanced_conf": [0.5282095406297594, 0.5343143012281507], "features": ["WHTLGSPK", "BORNUSA", "HWELLSPK", "OTHLGSPK", "HIDEG", "EDUCYR", "YRSINUS", "HISPNCAT", "RACETHX", "RACEWX", "RACEBX", "RACEAX", "RACEV2X", "RACEV1X", "HISPANX", "SICPAY31", "PAYDR31", "REGION31", "AGE31X", "INSCOV19"]}