{"validation": 0.6450584484590861, "id_test": 0.6868365180467091, "ood_test": 0.6171103407678723, "ood_validation": 0.6103590347263096, "train": 0.6579471517726729, "id_test_conf": [0.6561388296367847, 0.7163608621507619], "id_test_balanced": 0.6539167761802673, "id_test_balanced_conf": [0.6340771573781967, 0.673756394982338], "ood_test_conf": [0.6093508690028084, 0.6248252280342046], "ood_test_balanced": 0.600980818271637, "ood_test_balanced_conf": [0.5957581707183272, 0.6062034658249468], "features": ["WHTLGSPK", "BORNUSA", "HWELLSPK", "OTHLGSPK", "HIDEG", "EDUCYR", "YRSINUS", "HISPNCAT", "RACETHX", "RACEWX", "RACEBX", "RACEAX", "RACEV2X", "RACEV1X", "HISPANX", "SICPAY31", "PAYDR31", "REGION31", "AGE31X", "INSCOV19"]}