{"validation": 0.69394261424017, "id_test": 0.7346072186836518, "ood_test": 0.6319576165870887, "ood_validation": 0.6327251324308417, "train": 0.7129199309520649, "id_test_conf": [0.7051748019496904, 0.7625646034390512], "id_test_balanced": 0.7264649271965027, "id_test_balanced_conf": [0.7064389577507972, 0.7464908966422081], "ood_test_conf": [0.6242558392881189, 0.6396091547367069], "ood_test_balanced": 0.6200737953186035, "ood_test_balanced_conf": [0.6147776460647583, 0.6253699445724488], "features": ["WHTLGSPK", "BORNUSA", "HWELLSPK", "OTHLGSPK", "HIDEG", "EDUCYR", "YRSINUS", "HISPNCAT", "RACETHX", "RACEWX", "RACEBX", "RACEAX", "RACEV2X", "RACEV1X", "HISPANX", "SICPAY31", "PAYDR31", "REGION31", "AGE31X", "INSCOV19"]}