{"validation": 0.691817215727949, "id_test": 0.7367303609341825, "ood_test": 0.6320884295899012, "ood_validation": 0.6397881106533255, "train": 0.7096003186827778, "id_test_conf": [0.7073634760210197, 0.7646087738743949], "id_test_balanced": 0.7421254515647888, "id_test_balanced_conf": [0.7224174727499485, 0.7618334303796291], "ood_test_conf": [0.6243871949360824, 0.6397393752700145], "ood_test_balanced": 0.6377468705177307, "ood_test_balanced_conf": [0.6323921024426817, 0.6431016385927797], "features": ["WHTLGSPK", "BORNUSA", "HWELLSPK", "OTHLGSPK", "HIDEG", "EDUCYR", "YRSINUS", "HISPNCAT", "RACETHX", "RACEWX", "RACEBX", "RACEAX", "RACEV2X", "RACEV1X", "HISPANX", "SICPAY31", "PAYDR31", "REGION31", "AGE31X", "INSCOV19"]}