{"validation": 0.6928799149840595, "id_test": 0.7346072186836518, "ood_test": 0.6267905029759958, "ood_validation": 0.6350794585050029, "train": 0.708538042756606, "id_test_conf": [0.7051748019496904, 0.7625646034390512], "id_test_balanced": 0.7268610000610352, "id_test_balanced_conf": [0.7068343351408839, 0.7468876649811864], "ood_test_conf": [0.6190677732731502, 0.6344649615388048], "ood_test_balanced": 0.6159448027610779, "ood_test_balanced_conf": [0.6106128032598644, 0.6212768022622913], "features": ["WHTLGSPK", "BORNUSA", "HWELLSPK", "OTHLGSPK", "HIDEG", "EDUCYR", "YRSINUS", "HISPNCAT", "RACETHX", "RACEWX", "RACEBX", "RACEAX", "RACEV2X", "RACEV1X", "HISPANX", "SICPAY31", "PAYDR31", "REGION31", "AGE31X", "INSCOV19"]}