{"validation": 0.6896918172157279, "id_test": 0.7303609341825902, "ood_test": 0.6284256655111518, "ood_validation": 0.6350794585050029, "train": 0.7096003186827778, "id_test_conf": [0.7007999427584994, 0.7584737643309961], "id_test_balanced": 0.7204915285110474, "id_test_balanced_conf": [0.7003784549981356, 0.7406046020239592], "ood_test_conf": [0.6207094648184837, 0.636092972286988], "ood_test_balanced": 0.6136529445648193, "ood_test_balanced_conf": [0.608419032515958, 0.6188868566136807], "features": ["WHTLGSPK", "BORNUSA", "HWELLSPK", "OTHLGSPK", "HIDEG", "EDUCYR", "YRSINUS", "HISPNCAT", "RACETHX", "RACEWX", "RACEBX", "RACEAX", "RACEV2X", "RACEV1X", "HISPANX", "SICPAY31", "PAYDR31", "REGION31", "AGE31X", "INSCOV19"]}