{"validation": 0.6896918172157279, "id_test": 0.7430997876857749, "ood_test": 0.6423572503106809, "ood_validation": 0.6509711595055915, "train": 0.7260655955384411, "id_test_conf": [0.7139345535164677, 0.7707362104982496], "id_test_balanced": 0.7316789031028748, "id_test_balanced_conf": [0.7118760513514281, 0.7514817548543214], "ood_test_conf": [0.6347005108193754, 0.6499597893998353], "ood_test_balanced": 0.6256704330444336, "ood_test_balanced_conf": [0.6205350082088262, 0.630805857880041], "features": ["WHTLGSPK", "BORNUSA", "HWELLSPK", "OTHLGSPK", "HIDEG", "EDUCYR", "YRSINUS", "HISPNCAT", "RACETHX", "RACEWX", "RACEBX", "RACEAX", "RACEV2X", "RACEV1X", "HISPANX", "SICPAY31", "PAYDR31", "REGION31", "AGE31X", "INSCOV19"]}