{"validation": 0.691817215727949, "id_test": 0.7388535031847133, "ood_test": 0.6481784289358362, "ood_validation": 0.644496762801648, "train": 0.7234099057230116, "id_test_conf": [0.7095529882458829, 0.7666521029700296], "id_test_balanced": 0.740755558013916, "id_test_balanced_conf": [0.7209730137512088, 0.7605381022766232], "ood_test_conf": [0.6405485933596231, 0.6557518466024002], "ood_test_balanced": 0.6436945199966431, "ood_test_balanced_conf": [0.6383472036290914, 0.6490418363641948], "features": ["WHTLGSPK", "BORNUSA", "HWELLSPK", "OTHLGSPK", "HIDEG", "EDUCYR", "YRSINUS", "HISPNCAT", "RACETHX", "RACEWX", "RACEBX", "RACEAX", "RACEV2X", "RACEV1X", "HISPANX", "SICPAY31", "PAYDR31", "REGION31", "AGE31X", "INSCOV19"]}