{"validation": 0.7799494136583123, "id_test": 0.7788505747126436, "ood_test": 0.7558287409919457, "ood_validation": 0.7524374735057228, "train": 0.7777905506380044, "id_test_conf": [0.7662174192766606, 0.7911082174012011], "id_test_balanced": 0.750440776348114, "id_test_balanced_conf": [0.7414661942981183, 0.7594153583981097], "ood_test_conf": [0.7499918095020115, 0.7615955493018742], "ood_test_balanced": 0.736862301826477, "ood_test_balanced_conf": [0.7327842824533581, 0.740940321199596], "features": ["VCF0004", "VCF0901b", "VCF0218", "VCF0224", "VCF0302", "VCF9201", "VCF9202", "VCF9203", "VCF9206", "VCF0428", "VCF0429", "VCF0822", "VCF0870", "VCF0803", "VCF0601", "VCF0612", "VCF0615", "VCF0616", "VCF0617", "VCF0310", "VCF0743", "VCF0717", "VCF0718", "VCF0720", "VCF0721", "VCF0701", "VCF0675", "VCF0724", "VCF0725", "VCF0726", "VCF0745", "VCF0101", "VCF0104", "VCF0105a", "VCF0115", "VCF0140a", "VCF0112", "VCF9204"]}