{"validation": 0.763853759484939, "id_test": 0.7570114942528736, "ood_test": 0.750223729452216, "ood_validation": 0.7439593047901654, "train": 0.7622715254626968, "id_test_conf": [0.7439812806717848, 0.7696957398526855], "id_test_balanced": 0.7315549254417419, "id_test_balanced_conf": [0.7223360922187567, 0.7407737586647272], "ood_test_conf": [0.7443433361071712, 0.7560355387529565], "ood_test_balanced": 0.7299147844314575, "ood_test_balanced_conf": [0.7258172265160829, 0.7340123423468321], "features": ["VCF0004", "VCF0901b", "VCF0218", "VCF0224", "VCF0302", "VCF9201", "VCF9202", "VCF9203", "VCF9206", "VCF0428", "VCF0429", "VCF0822", "VCF0870", "VCF0803", "VCF0601", "VCF0612", "VCF0615", "VCF0616", "VCF0617", "VCF0310", "VCF0743", "VCF0717", "VCF0718", "VCF0720", "VCF0721", "VCF0701", "VCF0675", "VCF0724", "VCF0725", "VCF0726", "VCF0745", "VCF0101", "VCF0104", "VCF0105a", "VCF0115", "VCF0140a", "VCF0112", "VCF9204"]}