{"validation": 0.7748907794895378, "id_test": 0.7611494252873563, "ood_test": 0.7509773444491545, "ood_validation": 0.7579482831708351, "train": 0.7707782503736061, "id_test_conf": [0.7481908661676208, 0.7737564220886041], "id_test_balanced": 0.7380833029747009, "id_test_balanced_conf": [0.7289212932996452, 0.7472453126497567], "ood_test_conf": [0.7451027182964192, 0.7567831796295268], "ood_test_balanced": 0.734221339225769, "ood_test_balanced_conf": [0.730105157289654, 0.7383375211618841], "features": ["VCF0004", "VCF0901b", "VCF0218", "VCF0224", "VCF0302", "VCF9201", "VCF9202", "VCF9203", "VCF9206", "VCF0428", "VCF0429", "VCF0822", "VCF0870", "VCF0803", "VCF0601", "VCF0612", "VCF0615", "VCF0616", "VCF0617", "VCF0310", "VCF0743", "VCF0717", "VCF0718", "VCF0720", "VCF0721", "VCF0701", "VCF0675", "VCF0724", "VCF0725", "VCF0726", "VCF0745", "VCF0101", "VCF0104", "VCF0105a", "VCF0115", "VCF0140a", "VCF0112", "VCF9204"]}