{"validation": 0.5467923660611634, "id_test": 0.5482758620689655, "ood_test": 0.6455183458150817, "ood_validation": 0.6574819838914795, "0": 0.5523715415019763, "1": 0.5442211055276381, "3": 0.6025289158988434, "id_test_conf": [0.533343620069705, 0.5631432242210723], "id_test_balanced": 0.6423772573471069, "id_test_balanced_conf": [0.6335555126518011, 0.6511990020424128], "ood_test_conf": [0.6390407259207216, 0.6519561006136497], "ood_test_balanced": 0.6762114763259888, "ood_test_balanced_conf": [0.6720376626495272, 0.6803852900024503], "features": ["VCF0004", "VCF0901b", "VCF0218", "VCF0224", "VCF0302", "VCF9201", "VCF9202", "VCF9203", "VCF9206", "VCF0428", "VCF0429", "VCF0822", "VCF0870", "VCF0803", "VCF0601", "VCF0612", "VCF0615", "VCF0616", "VCF0617", "VCF0310", "VCF0743", "VCF0717", "VCF0718", "VCF0720", "VCF0721", "VCF0701", "VCF0675", "VCF0724", "VCF0725", "VCF0726", "VCF0745", "VCF0101", "VCF0104", "VCF0105a", "VCF0115", "VCF0140a", "VCF0112", "VCF9204"]}