{"validation": 0.7445389744768912, "id_test": 0.7381609195402299, "ood_test": 0.6685978050963214, "ood_validation": 0.678677405680373, "0": 0.7465415019762845, "1": 0.7376166547020818, "3": 0.74142325034307, "id_test_conf": [0.7248242625963206, 0.7511770753555579], "id_test_balanced": 0.6251139640808105, "id_test_balanced_conf": [0.6167835720814765, 0.6334443560801446], "ood_test_conf": [0.6622197589135774, 0.6749296599022703], "ood_test_balanced": 0.6117063760757446, "ood_test_balanced_conf": [0.6080615640385076, 0.6153511881129816], "features": ["VCF0004", "VCF0901b", "VCF0218", "VCF0224", "VCF0302", "VCF9201", "VCF9202", "VCF9203", "VCF9206", "VCF0428", "VCF0429", "VCF0822", "VCF0870", "VCF0803", "VCF0601", "VCF0612", "VCF0615", "VCF0616", "VCF0617", "VCF0310", "VCF0743", "VCF0717", "VCF0718", "VCF0720", "VCF0721", "VCF0701", "VCF0675", "VCF0724", "VCF0725", "VCF0726", "VCF0745", "VCF0101", "VCF0104", "VCF0105a", "VCF0115", "VCF0140a", "VCF0112", "VCF9204"]}