{"validation": 0.7008507702920211, "id_test": 0.7029885057471265, "ood_test": 0.59384861758749, "ood_validation": 0.5849936413734633, "train": 0.6910564432693413, "id_test_conf": [0.6891616046537251, 0.7165423566296464], "id_test_balanced": 0.5001215934753418, "id_test_balanced_conf": [0.499327872825088, 0.5009153141255956], "ood_test_conf": [0.5872064927476818, 0.6004650355916238], "ood_test_balanced": 0.4995403587818146, "ood_test_balanced_conf": [0.4992701178736752, 0.49981059968995395], "features": ["VCF0004", "VCF0901b", "VCF0218", "VCF0224", "VCF0302", "VCF9201", "VCF9202", "VCF9203", "VCF9206", "VCF0428", "VCF0429", "VCF0822", "VCF0870", "VCF0803", "VCF0601", "VCF0612", "VCF0615", "VCF0616", "VCF0617", "VCF0310", "VCF0743", "VCF0717", "VCF0718", "VCF0720", "VCF0721", "VCF0701", "VCF0675", "VCF0724", "VCF0725", "VCF0726", "VCF0745", "VCF0101", "VCF0104", "VCF0105a", "VCF0115", "VCF0140a", "VCF0112", "VCF9204"]}