{"validation": 0.7436192228098414, "id_test": 0.7402298850574712, "ood_test": 0.6372756817860675, "ood_validation": 0.6333192030521407, "train": 0.7314921255316703, "id_test_conf": [0.7269253049673416, 0.7532111702496204], "id_test_balanced": 0.5635849237442017, "id_test_balanced_conf": [0.5585465134866535, 0.5686233340017498], "ood_test_conf": [0.6307665051367103, 0.643747252352201], "ood_test_balanced": 0.5531565546989441, "ood_test_balanced_conf": [0.5510528022283688, 0.5552603071695194], "features": ["VCF0004", "VCF0901b", "VCF0218", "VCF0224", "VCF0302", "VCF9201", "VCF9202", "VCF9203", "VCF9206", "VCF0428", "VCF0429", "VCF0822", "VCF0870", "VCF0803", "VCF0601", "VCF0612", "VCF0615", "VCF0616", "VCF0617", "VCF0310", "VCF0743", "VCF0717", "VCF0718", "VCF0720", "VCF0721", "VCF0701", "VCF0675", "VCF0724", "VCF0725", "VCF0726", "VCF0745", "VCF0101", "VCF0104", "VCF0105a", "VCF0115", "VCF0140a", "VCF0112", "VCF9204"]}