{"validation": 0.7339618303058174, "id_test": 0.7312643678160919, "ood_test": 0.626630869954312, "ood_validation": 0.6248410343365833, "train": 0.7225543165881135, "id_test_conf": [0.7178234722317995, 0.7443940726025375], "id_test_balanced": 0.5477960109710693, "id_test_balanced_conf": [0.5433678316231817, 0.552224190318957], "ood_test_conf": [0.620083977380044, 0.6331430735465033], "ood_test_balanced": 0.5399399995803833, "ood_test_balanced_conf": [0.5380897022527642, 0.5417902969080024], "features": ["VCF0004", "VCF0901b", "VCF0218", "VCF0224", "VCF0302", "VCF9201", "VCF9202", "VCF9203", "VCF9206", "VCF0428", "VCF0429", "VCF0822", "VCF0870", "VCF0803", "VCF0601", "VCF0612", "VCF0615", "VCF0616", "VCF0617", "VCF0310", "VCF0743", "VCF0717", "VCF0718", "VCF0720", "VCF0721", "VCF0701", "VCF0675", "VCF0724", "VCF0725", "VCF0726", "VCF0745", "VCF0101", "VCF0104", "VCF0105a", "VCF0115", "VCF0140a", "VCF0112", "VCF9204"]}