{"validation": 0.7751207174063003, "id_test": 0.771264367816092, "ood_test": 0.6752390372568414, "ood_validation": 0.6782534972445952, "train": 0.7641682952063455, "id_test_conf": [0.7584879253857507, 0.7836755659641098], "id_test_balanced": 0.6208428144454956, "id_test_balanced_conf": [0.6142399992235005, 0.6274456296674907], "ood_test_conf": [0.6688927879481038, 0.681537274445704], "ood_test_balanced": 0.602121889591217, "ood_test_balanced_conf": [0.599271818199195, 0.6049719609832391], "features": ["VCF0004", "VCF0901b", "VCF0218", "VCF0224", "VCF0302", "VCF9201", "VCF9202", "VCF9203", "VCF9206", "VCF0428", "VCF0429", "VCF0822", "VCF0870", "VCF0803", "VCF0601", "VCF0612", "VCF0615", "VCF0616", "VCF0617", "VCF0310", "VCF0743", "VCF0717", "VCF0718", "VCF0720", "VCF0721", "VCF0701", "VCF0675", "VCF0724", "VCF0725", "VCF0726", "VCF0745", "VCF0101", "VCF0104", "VCF0105a", "VCF0115", "VCF0140a", "VCF0112", "VCF9204"]}