{"id_test": 0.8344827586206897, "id_test_conf": [0.8230999114825204, 0.8454145412829688], "id_test_balanced": 0.7709264755249023, "id_test_balanced_conf": [0.7627285230346024, 0.7791244280152023], "ood_test": 0.7954877302058311, "ood_test_conf": [0.7899983981594416, 0.800896040237337], "ood_test_balanced": 0.7645905017852783, "ood_test_balanced_conf": [0.7608670233283192, 0.7683139802422374], "validation": 0.830765693262819, "validation_conf": [0.8192856660304498, 0.8417996184730858], "validation_balanced": 0.7675842642784119, "validation_balanced_conf": [0.7593461622856558, 0.775822366271168], "features": ["VCF0004", "VCF0901b", "VCF0218", "VCF0224", "VCF0302", "VCF9201", "VCF9202", "VCF9203", "VCF9206", "VCF0428", "VCF0429", "VCF0822", "VCF0870", "VCF0803", "VCF0601", "VCF0612", "VCF0615", "VCF0616", "VCF0617", "VCF0310", "VCF0743", "VCF0717", "VCF0718", "VCF0720", "VCF0721", "VCF0701", "VCF0675", "VCF0724", "VCF0725", "VCF0726", "VCF0745", "VCF0101", "VCF0104", "VCF0105a", "VCF0115", "VCF0140a", "VCF0112", "VCF9204"]}