{"id_test": 0.8354022988505747, "id_test_conf": [0.8240434623509224, 0.8463088172142741], "id_test_balanced": 0.7729251980781555, "id_test_balanced_conf": [0.7647343983873724, 0.7811159977689386], "ood_test": 0.799161603315906, "ood_test_conf": [0.7937083127157041, 0.8045328613627176], "ood_test_balanced": 0.7698583006858826, "ood_test_balanced_conf": [0.7661363642290234, 0.7735802371427417], "validation": 0.8305357553460566, "validation_conf": [0.8190498642897377, 0.8415758577109079], "validation_balanced": 0.7656580209732056, "validation_balanced_conf": [0.7574284764192999, 0.7738875655271112], "features": ["VCF0004", "VCF0901b", "VCF0218", "VCF0224", "VCF0302", "VCF9201", "VCF9202", "VCF9203", "VCF9206", "VCF0428", "VCF0429", "VCF0822", "VCF0870", "VCF0803", "VCF0601", "VCF0612", "VCF0615", "VCF0616", "VCF0617", "VCF0310", "VCF0743", "VCF0717", "VCF0718", "VCF0720", "VCF0721", "VCF0701", "VCF0675", "VCF0724", "VCF0725", "VCF0726", "VCF0745", "VCF0101", "VCF0104", "VCF0105a", "VCF0115", "VCF0140a", "VCF0112", "VCF9204"]}