{"id_test": 0.8333333333333334, "id_test_conf": [0.8219206445905043, 0.844296524392427], "id_test_balanced": 0.7694368362426758, "id_test_balanced_conf": [0.7612242724001408, 0.7776494000852108], "ood_test": 0.7980311808204983, "ood_test_conf": [0.7925667260495078, 0.8034139139923212], "ood_test_balanced": 0.767910897731781, "ood_test_balanced_conf": [0.7641927665332332, 0.7716290289303288], "validation": 0.8305357553460566, "validation_conf": [0.8190498642897377, 0.8415758577109079], "validation_balanced": 0.7676404714584351, "validation_balanced_conf": [0.7593971853516996, 0.7758837575651705], "features": ["VCF0004", "VCF0901b", "VCF0218", "VCF0224", "VCF0302", "VCF9201", "VCF9202", "VCF9203", "VCF9206", "VCF0428", "VCF0429", "VCF0822", "VCF0870", "VCF0803", "VCF0601", "VCF0612", "VCF0615", "VCF0616", "VCF0617", "VCF0310", "VCF0743", "VCF0717", "VCF0718", "VCF0720", "VCF0721", "VCF0701", "VCF0675", "VCF0724", "VCF0725", "VCF0726", "VCF0745", "VCF0101", "VCF0104", "VCF0105a", "VCF0115", "VCF0140a", "VCF0112", "VCF9204"]}