{"id_test": 0.8358620689655173, "id_test_conf": [0.8245152838514078, 0.8467559090372322], "id_test_balanced": 0.773027777671814, "id_test_balanced_conf": [0.7648457800224423, 0.7812097753211856], "ood_test": 0.7977014742593378, "ood_test_conf": [0.7922337757960878, 0.8030875418151407], "ood_test_balanced": 0.7676520347595215, "ood_test_balanced_conf": [0.7639307650271803, 0.7713733044918627], "validation": 0.8323752586801564, "validation_conf": [0.8209364871867331, 0.8433657345009848], "validation_balanced": 0.7691731452941895, "validation_balanced_conf": [0.7609583727270365, 0.7773879178613424], "features": ["VCF0004", "VCF0901b", "VCF0218", "VCF0224", "VCF0302", "VCF9201", "VCF9202", "VCF9203", "VCF9206", "VCF0428", "VCF0429", "VCF0822", "VCF0870", "VCF0803", "VCF0601", "VCF0612", "VCF0615", "VCF0616", "VCF0617", "VCF0310", "VCF0743", "VCF0717", "VCF0718", "VCF0720", "VCF0721", "VCF0701", "VCF0675", "VCF0724", "VCF0725", "VCF0726", "VCF0745", "VCF0101", "VCF0104", "VCF0105a", "VCF0115", "VCF0140a", "VCF0112", "VCF9204"]}