{"validation": 0.702230397792596, "id_test": 0.7045977011494253, "ood_test": 0.5971927841364043, "ood_validation": 0.5900805426027977, "0": 0.6861660079051384, "1": 0.7038047379755923, "3": 0.6925112722995491, "id_test_conf": [0.6907910467560732, 0.7181291359543538], "id_test_balanced": 0.501937985420227, "id_test_balanced_conf": [0.5010147162829526, 0.5028612545575015], "ood_test_conf": [0.5905589551180701, 0.6037999901255783], "ood_test_balanced": 0.5034050941467285, "ood_test_balanced_conf": [0.5028392292244825, 0.5039709590689745], "features": ["VCF0004", "VCF0901b", "VCF0218", "VCF0224", "VCF0302", "VCF9201", "VCF9202", "VCF9203", "VCF9206", "VCF0428", "VCF0429", "VCF0822", "VCF0870", "VCF0803", "VCF0601", "VCF0612", "VCF0615", "VCF0616", "VCF0617", "VCF0310", "VCF0743", "VCF0717", "VCF0718", "VCF0720", "VCF0721", "VCF0701", "VCF0675", "VCF0724", "VCF0725", "VCF0726", "VCF0745", "VCF0101", "VCF0104", "VCF0105a", "VCF0115", "VCF0140a", "VCF0112", "VCF9204"]}