{"validation": 0.32214302138422624, "id_test": 0.31264367816091954, "ood_test": 0.4421364985163205, "ood_validation": 0.45061466723187793, "0": 0.3323122529644269, "1": 0.3185929648241206, "3": 0.33483630660654773, "id_test_conf": [0.298882423450138, 0.326656915784299], "id_test_balanced": 0.5085233449935913, "id_test_balanced_conf": [0.5056898664170876, 0.511356823570095], "ood_test_conf": [0.4354408145117703, 0.44884803155427666], "ood_test_balanced": 0.5281244516372681, "ood_test_balanced_conf": [0.5261740588117391, 0.5300748444627971], "features": ["VCF0004", "VCF0901b", "VCF0218", "VCF0224", "VCF0302", "VCF9201", "VCF9202", "VCF9203", "VCF9206", "VCF0428", "VCF0429", "VCF0822", "VCF0870", "VCF0803", "VCF0601", "VCF0612", "VCF0615", "VCF0616", "VCF0617", "VCF0310", "VCF0743", "VCF0717", "VCF0718", "VCF0720", "VCF0721", "VCF0701", "VCF0675", "VCF0724", "VCF0725", "VCF0726", "VCF0745", "VCF0101", "VCF0104", "VCF0105a", "VCF0115", "VCF0140a", "VCF0112", "VCF9204"]}