{"validation": 0.7790296619912623, "id_test": 0.7758620689655172, "ood_test": 0.7721727662380481, "ood_validation": 0.7910131411615091, "train": 0.7799172318657317, "id_test_conf": [0.7631717659865731, 0.788180905105924], "id_test_balanced": 0.7608717679977417, "id_test_balanced_conf": [0.7519419682957232, 0.7698015676997602], "ood_test_conf": [0.7664702935455338, 0.7778006261384016], "ood_test_balanced": 0.7606489658355713, "ood_test_balanced_conf": [0.7566321495827287, 0.7646657820884138], "features": ["VCF0004", "VCF0901b", "VCF0218", "VCF0224", "VCF0302", "VCF9201", "VCF9202", "VCF9203", "VCF9206", "VCF0428", "VCF0429", "VCF0822", "VCF0870", "VCF0803", "VCF0601", "VCF0612", "VCF0615", "VCF0616", "VCF0617", "VCF0310", "VCF0743", "VCF0717", "VCF0718", "VCF0720", "VCF0721", "VCF0701", "VCF0675", "VCF0724", "VCF0725", "VCF0726", "VCF0745", "VCF0101", "VCF0104", "VCF0105a", "VCF0115", "VCF0140a", "VCF0112", "VCF9204"]}