{"validation": 0.7454587261439412, "id_test": 0.7425287356321839, "ood_test": 0.6414676652065376, "ood_validation": 0.6396778295888088, "0": 0.7338932806324111, "1": 0.741421392677674, "3": 0.7303469907861204, "id_test_conf": [0.7292602384602662, 0.7554708333408233], "id_test_balanced": 0.5681334733963013, "id_test_balanced_conf": [0.5629154965654015, 0.573351450227201], "ood_test_conf": [0.6349742786201282, 0.6479222968628671], "ood_test_balanced": 0.558491051197052, "ood_test_balanced_conf": [0.5562874593539163, 0.5606946430401877], "features": ["VCF0004", "VCF0901b", "VCF0218", "VCF0224", "VCF0302", "VCF9201", "VCF9202", "VCF9203", "VCF9206", "VCF0428", "VCF0429", "VCF0822", "VCF0870", "VCF0803", "VCF0601", "VCF0612", "VCF0615", "VCF0616", "VCF0617", "VCF0310", "VCF0743", "VCF0717", "VCF0718", "VCF0720", "VCF0721", "VCF0701", "VCF0675", "VCF0724", "VCF0725", "VCF0726", "VCF0745", "VCF0101", "VCF0104", "VCF0105a", "VCF0115", "VCF0140a", "VCF0112", "VCF9204"]}