{"validation": 0.7500574844791906, "id_test": 0.7436781609195402, "ood_test": 0.6449060336300693, "ood_validation": 0.6426451886392539, "train": 0.7382457753764801, "id_test_conf": [0.7304278808808137, 0.7566004890606196], "id_test_balanced": 0.5705198049545288, "id_test_balanced_conf": [0.5652068264968694, 0.5758327834121882], "ood_test_conf": [0.6384259981586063, 0.6513463718243351], "ood_test_balanced": 0.5628225803375244, "ood_test_balanced_conf": [0.5605461850063875, 0.5650989756686613], "features": ["VCF0004", "VCF0901b", "VCF0218", "VCF0224", "VCF0302", "VCF9201", "VCF9202", "VCF9203", "VCF9206", "VCF0428", "VCF0429", "VCF0822", "VCF0870", "VCF0803", "VCF0601", "VCF0612", "VCF0615", "VCF0616", "VCF0617", "VCF0310", "VCF0743", "VCF0717", "VCF0718", "VCF0720", "VCF0721", "VCF0701", "VCF0675", "VCF0724", "VCF0725", "VCF0726", "VCF0745", "VCF0101", "VCF0104", "VCF0105a", "VCF0115", "VCF0140a", "VCF0112", "VCF9204"]}