{"validation": 0.8024833295010347, "id_test": 0.7988505747126436, "ood_test": 0.7290283076633225, "ood_validation": 0.731665960152607, "train": 0.7936544430394298, "id_test_conf": [0.7866244262016805, 0.8106741057760679], "id_test_balanced": 0.6866354942321777, "id_test_balanced_conf": [0.6787980001233518, 0.6944729883410037], "ood_test_conf": [0.7229951038205463, 0.7349987456259696], "ood_test_balanced": 0.6758223176002502, "ood_test_balanced_conf": [0.6722662924136966, 0.6793783427868039], "features": ["VCF0004", "VCF0901b", "VCF0218", "VCF0224", "VCF0302", "VCF9201", "VCF9202", "VCF9203", "VCF9206", "VCF0428", "VCF0429", "VCF0822", "VCF0870", "VCF0803", "VCF0601", "VCF0612", "VCF0615", "VCF0616", "VCF0617", "VCF0310", "VCF0743", "VCF0717", "VCF0718", "VCF0720", "VCF0721", "VCF0701", "VCF0675", "VCF0724", "VCF0725", "VCF0726", "VCF0745", "VCF0101", "VCF0104", "VCF0105a", "VCF0115", "VCF0140a", "VCF0112", "VCF9204"]}