{"validation": 0.7185559898827316, "id_test": 0.7245977011494252, "ood_test": 0.6790071122415337, "ood_validation": 0.6939381093683764, "0": 0.6985177865612648, "1": 0.7248384781048097, "3": 0.7435796902568124, "id_test_conf": [0.711059894422883, 0.7378333139666798], "id_test_balanced": 0.6163702607154846, "id_test_balanced_conf": [0.6078161988407373, 0.6249243225902319], "ood_test_conf": [0.6726795443768779, 0.6852856348690474], "ood_test_balanced": 0.6202032566070557, "ood_test_balanced_conf": [0.6166612903634087, 0.6237452228507027], "features": ["VCF0004", "VCF0901b", "VCF0218", "VCF0224", "VCF0302", "VCF9201", "VCF9202", "VCF9203", "VCF9206", "VCF0428", "VCF0429", "VCF0822", "VCF0870", "VCF0803", "VCF0601", "VCF0612", "VCF0615", "VCF0616", "VCF0617", "VCF0310", "VCF0743", "VCF0717", "VCF0718", "VCF0720", "VCF0721", "VCF0701", "VCF0675", "VCF0724", "VCF0725", "VCF0726", "VCF0745", "VCF0101", "VCF0104", "VCF0105a", "VCF0115", "VCF0140a", "VCF0112", "VCF9204"]}