{"validation": 0.48194987353414576, "id_test": 0.484367816091954, "ood_test": 0.48485704865526824, "ood_validation": 0.47477744807121663, "0": 0.5025691699604743, "1": 0.4806173725771716, "3": 0.48069006077239756, "id_test_conf": [0.4694163982123431, 0.4993402417942665], "id_test_balanced": 0.4859743118286133, "id_test_balanced_conf": [0.47547207087278365, 0.4964765527844429], "ood_test_conf": [0.478113415009578, 0.49160482989249127], "ood_test_balanced": 0.4852147400379181, "ood_test_balanced_conf": [0.4804610289074481, 0.4899684511683881], "features": ["VCF0004", "VCF0901b", "VCF0218", "VCF0224", "VCF0302", "VCF9201", "VCF9202", "VCF9203", "VCF9206", "VCF0428", "VCF0429", "VCF0822", "VCF0870", "VCF0803", "VCF0601", "VCF0612", "VCF0615", "VCF0616", "VCF0617", "VCF0310", "VCF0743", "VCF0717", "VCF0718", "VCF0720", "VCF0721", "VCF0701", "VCF0675", "VCF0724", "VCF0725", "VCF0726", "VCF0745", "VCF0101", "VCF0104", "VCF0105a", "VCF0115", "VCF0140a", "VCF0112", "VCF9204"]}