{"validation": 0.8139802253391585, "id_test": 0.8059770114942528, "ood_test": 0.7465969572794499, "ood_validation": 0.7562526494277236, "train": 0.8045752385331647, "id_test_conf": [0.7939067730717682, 0.8176349610525112], "id_test_balanced": 0.6968574523925781, "id_test_balanced_conf": [0.6890138158388436, 0.7047010889463127], "ood_test_conf": [0.7406891372922197, 0.7524371890024647], "ood_test_balanced": 0.6964681148529053, "ood_test_balanced_conf": [0.6928965678997338, 0.7000396618060768], "features": ["VCF0004", "VCF0901b", "VCF0218", "VCF0224", "VCF0302", "VCF9201", "VCF9202", "VCF9203", "VCF9206", "VCF0428", "VCF0429", "VCF0822", "VCF0870", "VCF0803", "VCF0601", "VCF0612", "VCF0615", "VCF0616", "VCF0617", "VCF0310", "VCF0743", "VCF0717", "VCF0718", "VCF0720", "VCF0721", "VCF0701", "VCF0675", "VCF0724", "VCF0725", "VCF0726", "VCF0745", "VCF0101", "VCF0104", "VCF0105a", "VCF0115", "VCF0140a", "VCF0112", "VCF9204"]}