{"validation": 0.8257070590940446, "id_test": 0.8354022988505747, "ood_test": 0.7935094908388677, "ood_validation": 0.8054260279779568, "train": 0.8248074491320841, "id_test_conf": [0.8240434623509224, 0.8463088172142741], "id_test_balanced": 0.7731493711471558, "id_test_balanced_conf": [0.7649573192372918, 0.7813414230570197], "ood_test_conf": [0.7880010391795701, 0.7989374645457497], "ood_test_balanced": 0.7633141279220581, "ood_test_balanced_conf": [0.7595679374784231, 0.7670603183656931], "features": ["VCF0004", "VCF0901b", "VCF0218", "VCF0224", "VCF0302", "VCF9201", "VCF9202", "VCF9203", "VCF9206", "VCF0428", "VCF0429", "VCF0822", "VCF0870", "VCF0803", "VCF0601", "VCF0612", "VCF0615", "VCF0616", "VCF0617", "VCF0310", "VCF0743", "VCF0717", "VCF0718", "VCF0720", "VCF0721", "VCF0701", "VCF0675", "VCF0724", "VCF0725", "VCF0726", "VCF0745", "VCF0101", "VCF0104", "VCF0105a", "VCF0115", "VCF0140a", "VCF0112", "VCF9204"]}