{"validation": 0.688156187703699, "id_test": 0.6877151680842446, "ood_test": 0.6469418134394225, "ood_validation": 0.6459988144635448, "0": 0.7815520574426954, "2": 0.6550846974277077, "3": 0.6762158493471236, "4": 0.6603190997213526, "5": 0.6903304773561811, "6": 0.7117460057577122, "7": 0.7162050201162568, "8": 0.7051284699272967, "9": 0.686397294510048, "id_test_conf": [0.6854236221107908, 0.6899998249069123], "id_test_balanced": 0.659386157989502, "id_test_balanced_conf": [0.6577569974632934, 0.6610153185157105], "ood_test_conf": [0.643529876387023, 0.6503425168377739], "ood_test_balanced": 0.6559510231018066, "ood_test_balanced_conf": [0.6535717130685225, 0.6583303331350908], "features": ["DIVISION", "AGEP", "SEX", "RAC1P", "POBP"]}