{"validation": 0.681004967882796, "id_test": 0.6835193904414743, "ood_test": 0.6249028467547523, "ood_validation": 0.618375815056313, "train": 0.6820087918659814, "id_test_conf": [0.6812196505179346, 0.6858123952438546], "id_test_balanced": 0.5331189632415771, "id_test_balanced_conf": [0.5321785183611791, 0.5340594081219752], "ood_test_conf": [0.6214474539932964, 0.6283486910483664], "ood_test_balanced": 0.5519974231719971, "ood_test_balanced_conf": [0.5502573590003885, 0.5537374873436056], "features": ["DIVISION", "AGEP", "SEX", "RAC1P", "POBP"]}