{"validation": 0.7041673258867829, "id_test": 0.706200637910085, "ood_test": 0.6695604062652316, "ood_validation": 0.6659158269116775, "train": 0.7045034383521224, "id_test_conf": [0.7039478226137512, 0.7084458853973267], "id_test_balanced": 0.6305302977561951, "id_test_balanced_conf": [0.6290170836355538, 0.6320435118768364], "ood_test_conf": [0.6662013052113149, 0.6729065439485664], "ood_test_balanced": 0.6406153440475464, "ood_test_balanced_conf": [0.6383096018852666, 0.6429210862098261], "features": ["DIVISION", "AGEP", "SEX", "RAC1P", "POBP"]}