{"id_test": 0.7073714054272985, "id_test_conf": [0.7051211907203435, 0.709614009340018], "id_test_balanced": 0.6250225305557251, "id_test_balanced_conf": [0.6235369222983718, 0.6265081388130784], "ood_test": 0.6729327765409493, "ood_test_conf": [0.6695822916342148, 0.6762700401598122], "ood_test_balanced": 0.6387373208999634, "ood_test_balanced_conf": [0.6364727484062314, 0.6410018933936954], "validation": 0.7064392620953707, "validation_conf": [0.7041869682462102, 0.7086839793262975], "validation_balanced": 0.6253194808959961, "validation_balanced_conf": [0.6238342144433409, 0.6268047473486513], "features": ["DIVISION", "AGEP", "SEX", "RAC1P", "POBP"]}