{"validation": 0.6516026959465874, "id_test": 0.6502632644795464, "ood_test": 0.6101487267984878, "ood_validation": 0.6111440426793124, "train": 0.6505854256270949, "id_test_conf": [0.6479060344392935, 0.6526149801398494], "id_test_balanced": 0.670386552810669, "id_test_balanced_conf": [0.6687593769421801, 0.6720137286791578], "ood_test_conf": [0.6066685145422881, 0.6136205186530613], "ood_test_balanced": 0.6534836292266846, "ood_test_balanced_conf": [0.6513415033603087, 0.6556257550930604], "features": ["DIVISION", "AGEP", "SEX", "RAC1P", "POBP"]}