{"validation": 0.6566718349523779, "id_test": 0.6556741089509923, "ood_test": 0.6190934120219731, "ood_validation": 0.6190871369294606, "train": 0.6553191422037254, "id_test_conf": [0.6533253526570634, 0.6580171522599174], "id_test_balanced": 0.6715754270553589, "id_test_balanced_conf": [0.6699453482427634, 0.6732055058679544], "ood_test_conf": [0.6156278437079166, 0.6225498760522085], "ood_test_balanced": 0.6589095592498779, "ood_test_balanced_conf": [0.6567361758230255, 0.6610829426767304], "features": ["DIVISION", "AGEP", "SEX", "RAC1P", "POBP"]}