{"validation": 0.7040597411638135, "id_test": 0.7052893377885784, "ood_test": 0.6689017401957555, "ood_validation": 0.6654416123295791, "train": 0.7043768683901804, "id_test_conf": [0.7030345106261611, 0.707536630600375], "id_test_balanced": 0.6374884843826294, "id_test_balanced_conf": [0.6359476990811527, 0.6390292696841061], "ood_test_conf": [0.6655409790333738, 0.672249588361329], "ood_test_balanced": 0.6420150399208069, "ood_test_balanced_conf": [0.6396963625727221, 0.6443337172688917], "features": ["DIVISION", "AGEP", "SEX", "RAC1P", "POBP"]}