{"validation": 0.7054709995886467, "id_test": 0.7071878797083839, "ood_test": 0.6715495777950494, "ood_validation": 0.6681683461766449, "train": 0.7050484802507351, "id_test_conf": [0.7049372561573903, 0.7094308992033758], "id_test_balanced": 0.6232742071151733, "id_test_balanced_conf": [0.6217951256618836, 0.6247532885684631], "ood_test_conf": [0.6681955353160397, 0.6748905047732963], "ood_test_balanced": 0.6358999013900757, "ood_test_balanced_conf": [0.6336446205992252, 0.6381551821809262], "features": ["DIVISION", "AGEP", "SEX", "RAC1P", "POBP"]}