{"validation": 0.7055406132329209, "id_test": 0.7062259518023492, "ood_test": 0.6719974707222932, "ood_validation": 0.6707765263781861, "train": 0.704541409340705, "id_test_conf": [0.7039731925456598, 0.7084711423205378], "id_test_balanced": 0.6138753890991211, "id_test_balanced_conf": [0.6124352466850541, 0.6153155315131881], "ood_test_conf": [0.6686445766181799, 0.6753372150708776], "ood_test_balanced": 0.633595883846283, "ood_test_balanced_conf": [0.6313647000584751, 0.6358270676340908], "features": ["DIVISION", "AGEP", "SEX", "RAC1P", "POBP"]}