{"validation": 0.7020979020979021, "id_test": 0.7025491089509923, "ood_test": 0.6695999262294002, "ood_validation": 0.6648488441019561, "train": 0.7021081018223702, "id_test_conf": [0.7002882971771304, 0.7048024869807856], "id_test_balanced": 0.6437142491340637, "id_test_balanced_conf": [0.6421457425132394, 0.645282755754888], "ood_test_conf": [0.666240925017625, 0.672945961048157], "ood_test_balanced": 0.6449960470199585, "ood_test_balanced_conf": [0.6426666616927832, 0.6473254323471338], "features": ["DIVISION", "AGEP", "SEX", "RAC1P", "POBP"]}