{"validation": 0.7770881882499536, "id_test": 0.7762120044250792, "ood_test": 0.36374051354910336, "ood_validation": 0.3601721026453629, "train": 0.7760952951251907, "id_test_conf": [0.7750550737340849, 0.7773657386870135], "id_test_balanced": 0.5, "id_test_balanced_conf": [0.5, 0.5], "ood_test_conf": [0.3626977878290931, 0.3647842044087796], "ood_test_balanced": 0.4999992847442627, "ood_test_balanced_conf": [0.49998923774523063, 0.5000093317432948], "features": ["AGEP", "SEX", "RAC1P", "DEAR", "DREM", "ANC", "NATIVITY", "DIS"]}