{"validation": 0.7774376424025672, "id_test": 0.7765275109728385, "ood_test": 0.36958735849033536, "ood_validation": 0.3663123376909195, "train": 0.7763201937772715, "id_test_conf": [0.7753711580450751, 0.7776806638185437], "id_test_balanced": 0.5032927393913269, "id_test_balanced_conf": [0.5031494962269789, 0.5034359825556749], "ood_test_conf": [0.36854110592153355, 0.37063453478260555], "ood_test_balanced": 0.5014031529426575, "ood_test_balanced_conf": [0.5012088475818746, 0.5015974583034404], "features": ["AGEP", "SEX", "RAC1P", "DEAR", "DREM", "ANC", "NATIVITY", "DIS"]}