{"id_test": 0.7772024553598172, "id_test_conf": [0.7760473416099233, 0.7783543612129655], "id_test_balanced": 0.5124244689941406, "id_test_balanced_conf": [0.5121467031346402, 0.5127022348536411], "ood_test": 0.36747334868201453, "ood_test_conf": [0.36642835220092024, 0.36851928386114474], "ood_test_balanced": 0.5019341111183167, "ood_test_balanced_conf": [0.5018096831845469, 0.5020585390520864], "validation": 0.7781724945634918, "validation_conf": [0.7770191682930974, 0.7793226016992747], "validation_balanced": 0.5125131607055664, "validation_balanced_conf": [0.5122359057562426, 0.5127904156548903], "features": ["AGEP", "SEX", "RAC1P", "DEAR", "DREM", "ANC", "NATIVITY", "DIS"]}