{"id_test": 0.7772663554201229, "id_test_conf": [0.7761113592154609, 0.778418142988193], "id_test_balanced": 0.5111669898033142, "id_test_balanced_conf": [0.5109053590707481, 0.5114286205358803], "ood_test": 0.36686934587963715, "ood_test_conf": [0.3658247122460467, 0.3679149224897416], "ood_test_balanced": 0.5016077756881714, "ood_test_balanced_conf": [0.5014932255935856, 0.5017223257827572], "validation": 0.7782403885131425, "validation_conf": [0.7770871877706846, 0.7793903693348851], "validation_balanced": 0.5112408399581909, "validation_balanced_conf": [0.510979937328957, 0.5115017425874249], "features": ["AGEP", "SEX", "RAC1P", "DEAR", "DREM", "ANC", "NATIVITY", "DIS"]}