{"validation": 0.5732825326839477, "id_test": 0.5732194847258887, "ood_test": 0.5541468949487515, "ood_validation": 0.5545798670716141, "train": 0.5722851974502833, "id_test_conf": [0.5718481734426679, 0.5745899488384745], "id_test_balanced": 0.5944994688034058, "id_test_balanced_conf": [0.5935408468381502, 0.5954580907686613], "ood_test_conf": [0.5530688535065014, 0.5552245528726829], "ood_test_balanced": 0.5336410403251648, "ood_test_balanced_conf": [0.5328852777939755, 0.534396802856354], "features": ["AGEP", "SEX", "RAC1P", "DEAR", "DREM", "ANC", "NATIVITY", "DIS"]}