{"validation": 0.5782208190805961, "id_test": 0.5779381048040864, "ood_test": 0.5657672241669591, "ood_validation": 0.5661450768079581, "train": 0.5774808305724382, "id_test_conf": [0.5765687646602202, 0.5793065431802498], "id_test_balanced": 0.5944272875785828, "id_test_balanced_conf": [0.5934674527542666, 0.5953871224028989], "ood_test_conf": [0.5646921836244901, 0.5668417988842052], "ood_test_balanced": 0.5415537357330322, "ood_test_balanced_conf": [0.5408023787289857, 0.5423050927370787], "features": ["AGEP", "SEX", "RAC1P", "DEAR", "DREM", "ANC", "NATIVITY", "DIS"]}