{"validation": 0.5704030304664115, "id_test": 0.5698227971452648, "ood_test": 0.5581438284729855, "ood_validation": 0.5568687002068753, "train": 0.5692075055744164, "id_test_conf": [0.5684501458432891, 0.5711946405780457], "id_test_balanced": 0.5895712971687317, "id_test_balanced_conf": [0.588610450963024, 0.5905321433744394], "ood_test_conf": [0.5570667517626577, 0.5592204933547377], "ood_test_balanced": 0.5316898226737976, "ood_test_balanced_conf": [0.5309397261030973, 0.532439919244498], "features": ["AGEP", "SEX", "RAC1P", "DEAR", "DREM", "ANC", "NATIVITY", "DIS"]}