{"validation": 0.7778629780283197, "id_test": 0.7769308801035181, "ood_test": 0.3669586013544824, "ood_validation": 0.3635723403318808, "train": 0.7767220659524657, "id_test_conf": [0.7757752672239794, 0.7780832882306882], "id_test_balanced": 0.5091187953948975, "id_test_balanced_conf": [0.5088798046030569, 0.509357786186738], "ood_test_conf": [0.3659139139905837, 0.36800423106263314], "ood_test_balanced": 0.5013208389282227, "ood_test_balanced_conf": [0.501193071482121, 0.5014486063743243], "features": ["AGEP", "SEX", "RAC1P", "DEAR", "DREM", "ANC", "NATIVITY", "DIS"]}