{"validation": 0.7778470029813431, "id_test": 0.7769288832266336, "ood_test": 0.36529209159812537, "ood_validation": 0.361734671420397, "train": 0.7767288054237268, "id_test_conf": [0.77577326667965, 0.7780812950443725], "id_test_balanced": 0.5129055380821228, "id_test_balanced_conf": [0.5126189677568618, 0.5131921084073838], "ood_test_conf": [0.3642484138115037, 0.3663367235337569], "ood_test_balanced": 0.49920418858528137, "ood_test_balanced_conf": [0.4990622545836959, 0.49934612258686684], "features": ["AGEP", "SEX", "RAC1P", "DEAR", "DREM", "ANC", "NATIVITY", "DIS"]}