{"validation": 0.7770881882499536, "id_test": 0.7762120044250792, "ood_test": 0.3638383277681118, "ood_validation": 0.36023812667811084, "train": 0.776095045515144, "id_test_conf": [0.7750550737340849, 0.7773657386870135], "id_test_balanced": 0.5, "id_test_balanced_conf": [0.5, 0.5], "ood_test_conf": [0.3627955416824747, 0.3648820783005439], "ood_test_balanced": 0.5000566840171814, "ood_test_balanced_conf": [0.5000354968765532, 0.5000778711578096], "features": ["AGEP", "SEX", "RAC1P", "DEAR", "DREM", "ANC", "NATIVITY", "DIS"]}