{"validation": 0.777970809595412, "id_test": 0.7770267301939766, "ood_test": 0.36694759725484394, "ood_validation": 0.36380342444649855, "train": 0.7767912079354029, "id_test_conf": [0.7758712933969738, 0.7781789611288328], "id_test_balanced": 0.5114952921867371, "id_test_balanced_conf": [0.5112265605357242, 0.5117640238377499], "ood_test_conf": [0.3659029165131454, 0.3679932204187488], "ood_test_balanced": 0.5016123652458191, "ood_test_balanced_conf": [0.5014951096489676, 0.5017296208426706], "features": ["AGEP", "SEX", "RAC1P", "DEAR", "DREM", "ANC", "NATIVITY", "DIS"]}