{"validation": 0.7775834147062288, "id_test": 0.7764676046663019, "ood_test": 0.36579216679280624, "ood_validation": 0.3625379638188301, "train": 0.7764230331165137, "id_test_conf": [0.7753111419633685, 0.7776208679807821], "id_test_balanced": 0.5058959722518921, "id_test_balanced_conf": [0.5056994294878677, 0.5060925150159165], "ood_test_conf": [0.36474818464527736, 0.36683709954705046], "ood_test_balanced": 0.5011335015296936, "ood_test_balanced_conf": [0.5010441909483052, 0.501222812111082], "features": ["AGEP", "SEX", "RAC1P", "DEAR", "DREM", "ANC", "NATIVITY", "DIS"]}