{"validation": 0.13246753246753246, "id_test": 0.1354707792207792, "ood_test": 0.3646449704142012, "ood_validation": 0.36423841059602646, "33": 0.127970502700457, "id_test_conf": [0.12947378631050205, 0.14164054881109558], "id_test_balanced": 0.5040159821510315, "id_test_balanced_conf": [0.5030583855998703, 0.5049735787021927], "ood_test_conf": [0.3389360326908921, 0.39094380053941447], "ood_test_balanced": 0.5090792775154114, "ood_test_balanced_conf": [0.49689737176522614, 0.5212611832655967], "features": ["AccredAgency", "HIGHDEG", "CONTROL", "region", "LOCALE", "locale2", "CCSIZSET", "HBCU", "poverty_rate", "unemp_rate", "CCBASIC"]}