{"validation": 0.13108766233766234, "id_test": 0.1338474025974026, "ood_test": 0.35355029585798814, "ood_validation": 0.37748344370860926, "33": 0.12740963855421686, "id_test_conf": [0.1278814699185484, 0.1399868891553625], "id_test_balanced": 0.5033591389656067, "id_test_balanced_conf": [0.5025118731718976, 0.5042064047593158], "ood_test_conf": [0.3280389539367259, 0.3796999622608021], "ood_test_balanced": 0.503648042678833, "ood_test_balanced_conf": [0.4921601191163063, 0.5151359662413597], "features": ["AccredAgency", "HIGHDEG", "CONTROL", "region", "LOCALE", "locale2", "CCSIZSET", "HBCU", "poverty_rate", "unemp_rate", "CCBASIC"]}