{"id_test": 0.8831168831168831, "id_test_conf": [0.8773124002829669, 0.8887396754787357], "id_test_balanced": 0.5817049145698547, "id_test_balanced_conf": [0.5781720821326598, 0.5852377470070497], "ood_test": 0.7411242603550295, "ood_test_conf": [0.7168982806725117, 0.7642974786014173], "ood_test_balanced": 0.6990905404090881, "ood_test_balanced_conf": [0.6823167007416486, 0.7158643800765276], "validation": 0.8877435064935065, "validation_conf": [0.8820367545480148, 0.8932663434004185], "validation_balanced": 0.5872303247451782, "validation_balanced_conf": [0.5836795961624012, 0.5907810533279553], "features": ["AccredAgency", "HIGHDEG", "CONTROL", "region", "LOCALE", "locale2", "CCSIZSET", "HBCU", "poverty_rate", "unemp_rate", "CCBASIC"]}