{"id_test": 0.8834415584415585, "id_test_conf": [0.8776438392846303, 0.8890574311026749], "id_test_balanced": 0.5835288763046265, "id_test_balanced_conf": [0.5799670609738677, 0.5870906916353852], "ood_test": 0.7322485207100592, "ood_test_conf": [0.7077882677957805, 0.7556949847603873], "ood_test_balanced": 0.6906907558441162, "ood_test_balanced_conf": [0.6737671829015016, 0.7076143287867308], "validation": 0.8879058441558442, "validation_conf": [0.8822025749383999, 0.8934251202302069], "validation_balanced": 0.5898009538650513, "validation_balanced_conf": [0.5862039070948959, 0.5933980006352066], "features": ["AccredAgency", "HIGHDEG", "CONTROL", "region", "LOCALE", "locale2", "CCSIZSET", "HBCU", "poverty_rate", "unemp_rate", "CCBASIC"]}