{"id_test": 0.884090909090909, "id_test_conf": [0.8783067595515001, 0.8896929000489966], "id_test_balanced": 0.5847197771072388, "id_test_balanced_conf": [0.5811495912121609, 0.5882899630023166], "ood_test": 0.738905325443787, "ood_test_conf": [0.714619626421766, 0.7621480092473084], "ood_test_balanced": 0.698789119720459, "ood_test_balanced_conf": [0.6819637638330459, 0.7156144756078721], "validation": 0.8871753246753247, "validation_conf": [0.8814564122315369, 0.892710595419058], "validation_balanced": 0.5858039855957031, "validation_balanced_conf": [0.5822681517573074, 0.5893398194340989], "features": ["AccredAgency", "HIGHDEG", "CONTROL", "region", "LOCALE", "locale2", "CCSIZSET", "HBCU", "poverty_rate", "unemp_rate", "CCBASIC"]}