{"validation": 0.2450487012987013, "id_test": 0.24902597402597404, "ood_test": 0.40828402366863903, "ood_validation": 0.3973509933774834, "train": 0.24209586428020619, "id_test_conf": [0.2414091783507257, 0.25676150662059044], "id_test_balanced": 0.5526755452156067, "id_test_balanced_conf": [0.5491104720160365, 0.5562406184151769], "ood_test_conf": [0.3819379978080486, 0.43502960522708045], "ood_test_balanced": 0.5191498398780823, "ood_test_balanced_conf": [0.5038889783993363, 0.5344107013568282], "features": ["AccredAgency", "HIGHDEG", "CONTROL", "region", "LOCALE", "locale2", "CCSIZSET", "HBCU", "poverty_rate", "unemp_rate", "CCBASIC"]}