{"validation": 0.2622564935064935, "id_test": 0.26420454545454547, "ood_test": 0.34763313609467456, "ood_validation": 0.3708609271523179, "train": 0.25806647997077803, "id_test_conf": [0.25643480039301814, 0.2720858314826769], "id_test_balanced": 0.5485382676124573, "id_test_balanced_conf": [0.5445436043199152, 0.5525329309049993], "ood_test_conf": [0.3222332896026602, 0.37369714592740055], "ood_test_balanced": 0.5045881867408752, "ood_test_balanced_conf": [0.49404765270650386, 0.5151287207752466], "features": ["AccredAgency", "HIGHDEG", "CONTROL", "region", "LOCALE", "locale2", "CCSIZSET", "HBCU", "poverty_rate", "unemp_rate", "CCBASIC"]}