{"validation": 0.3788961038961039, "id_test": 0.37597402597402596, "ood_test": 0.4423076923076923, "ood_validation": 0.3841059602649007, "train": 0.37016518527537645, "id_test_conf": [0.3674104894873301, 0.38459619588707544], "id_test_balanced": 0.5754271745681763, "id_test_balanced_conf": [0.5702364485617727, 0.5806179005745798], "ood_test_conf": [0.41561383453721185, 0.4692528364381016], "ood_test_balanced": 0.5320559740066528, "ood_test_balanced_conf": [0.5155053433030844, 0.5486066047102213], "features": ["AccredAgency", "HIGHDEG", "CONTROL", "region", "LOCALE", "locale2", "CCSIZSET", "HBCU", "poverty_rate", "unemp_rate", "CCBASIC"]}