{"id_test": 0.8370114942528736, "id_test_conf": [0.8256949727947418, 0.8478735031767781], "id_test_balanced": 0.7731721997261047, "id_test_balanced_conf": [0.7650131107494235, 0.781331288702786], "ood_test": 0.7984079883189675, "ood_test_conf": [0.7929472475410124, 0.8037869038482779], "ood_test_balanced": 0.769095242023468, "ood_test_balanced_conf": [0.7653684983961284, 0.7728219856508076], "features": ["VCF0004", "VCF0901b", "VCF0218", "VCF0224", "VCF0302", "VCF9201", "VCF9202", "VCF9203", "VCF9206", "VCF0428", "VCF0429", "VCF0822", "VCF0870", "VCF0803", "VCF0601", "VCF0612", "VCF0615", "VCF0616", "VCF0617", "VCF0310", "VCF0743", "VCF0717", "VCF0718", "VCF0720", "VCF0721", "VCF0701", "VCF0675", "VCF0724", "VCF0725", "VCF0726", "VCF0745", "VCF0101", "VCF0104", "VCF0105a", "VCF0115", "VCF0140a", "VCF0112", "VCF0809"]}