{"validation": 0.7779887815232607, "id_test": 0.7771026115155896, "ood_test": 0.36895523409999303, "ood_validation": 0.365850169461684, "train": 0.7767592578494248, "id_test_conf": [0.7759473141798167, 0.778254702110641], "id_test_balanced": 0.5120553374290466, "id_test_balanced_conf": [0.5117807556240587, 0.5123299192340346], "ood_test_conf": [0.36790935486259535, 0.37000204153850996], "ood_test_balanced": 0.501083493232727, "ood_test_balanced_conf": [0.5008960134271183, 0.5012709730383358], "features": ["AGEP", "RAC1P", "DEAR", "DEYE", "DREM", "ANC", "NATIVITY", "DIS"]}