{"id_test": 0.7772443897743928, "id_test_conf": [0.7760893531591311, 0.7783962180073802], "id_test_balanced": 0.511102020740509, "id_test_balanced_conf": [0.5108409295539604, 0.5113631119270576], "ood_test": 0.36668594421899625, "ood_test_conf": [0.36564142111114634, 0.3677314116024745], "ood_test_balanced": 0.5015090107917786, "ood_test_balanced_conf": [0.50139765052023, 0.5016203710633271], "validation": 0.7782084384191892, "validation_conf": [0.7770551785992167, 0.7793584786883777], "validation_balanced": 0.511165976524353, "validation_balanced_conf": [0.5109056105889613, 0.5114263424597447], "features": ["AGEP", "RAC1P", "DEAR", "DEYE", "DREM", "ANC", "NATIVITY", "DIS"]}