{"validation": 0.6581978948881847, "id_test": 0.6577732426484978, "ood_test": 0.4711466394091043, "ood_validation": 0.4720278181257978, "train": 0.6567836896807961, "id_test_conf": [0.6564572634629622, 0.6590873962770825], "id_test_balanced": 0.5789987444877625, "id_test_balanced_conf": [0.5780730181443505, 0.5799244708311744], "ood_test_conf": [0.47006432488024896, 0.47222915830346224], "ood_test_balanced": 0.5094950795173645, "ood_test_balanced_conf": [0.5087599461432546, 0.5102302128914744], "features": ["AGEP", "RAC1P", "DEAR", "DEYE", "DREM", "ANC", "NATIVITY", "DIS"]}