{"validation": 0.5500628019034268, "id_test": 0.5504690663801814, "ood_test": 0.5141286525969064, "ood_validation": 0.5169571724107576, "train": 0.5498704648662627, "id_test_conf": [0.5490900306644142, 0.5518475181574614], "id_test_balanced": 0.5770441889762878, "id_test_balanced_conf": [0.5760812474484556, 0.5780071305041201], "ood_test_conf": [0.513044812803672, 0.5152123923183853], "ood_test_balanced": 0.5147081613540649, "ood_test_balanced_conf": [0.5139422559167725, 0.5154740667913574], "features": ["AGEP", "RAC1P", "DEAR", "DEYE", "DREM", "ANC", "NATIVITY", "DIS"]}