{"validation": 0.7775155207565783, "id_test": 0.7766213641864125, "ood_test": 0.37273453098693327, "ood_validation": 0.3692834191645759, "train": 0.7764742031760882, "id_test_conf": [0.7754651833088543, 0.7777743438952582], "id_test_balanced": 0.5051884651184082, "id_test_balanced_conf": [0.5050073787634028, 0.5053695514734136], "ood_test_conf": [0.37168644831485126, 0.3737835150895899], "ood_test_balanced": 0.50089430809021, "ood_test_balanced_conf": [0.5006339063600171, 0.5011547098204028], "features": ["AGEP", "RAC1P", "DEAR", "DEYE", "DREM", "ANC", "NATIVITY", "DIS"]}