{"validation": 0.7779148969309938, "id_test": 0.7770806458698596, "ood_test": 0.3691141822058818, "ood_validation": 0.36569611338527225, "train": 0.776692362356908, "id_test_conf": [0.7759253081580441, 0.7782327770952778], "id_test_balanced": 0.5108758807182312, "id_test_balanced_conf": [0.5106155536009465, 0.5111362078355159], "ood_test_conf": [0.3680682089127724, 0.3701610825741968], "ood_test_balanced": 0.5014387965202332, "ood_test_balanced_conf": [0.5012557530452614, 0.5016218399952049], "features": ["AGEP", "RAC1P", "DEAR", "DEYE", "DREM", "ANC", "NATIVITY", "DIS"]}