{"validation": 0.7775814178253568, "id_test": 0.7765015515733393, "ood_test": 0.3682680892114584, "ood_validation": 0.36478278093225935, "train": 0.7764277757074011, "id_test_conf": [0.7753451510721173, 0.7776547522930669], "id_test_balanced": 0.5065179467201233, "id_test_balanced_conf": [0.5063115620115423, 0.5067243314287043], "ood_test_conf": [0.36722261798649297, 0.3693144935049221], "ood_test_balanced": 0.5014585852622986, "ood_test_balanced_conf": [0.5012966106072417, 0.5016205599173554], "features": ["AGEP", "RAC1P", "DEAR", "DEYE", "DREM", "ANC", "NATIVITY", "DIS"]}