{"validation": 0.777765130865588, "id_test": 0.7769328769804027, "ood_test": 0.36525907929921003, "ood_validation": 0.3622298516660064, "train": 0.7766928615770013, "id_test_conf": [0.7757772677683507, 0.7780852814169656], "id_test_balanced": 0.5063480734825134, "id_test_balanced_conf": [0.5061518126132433, 0.5065443343517836], "ood_test_conf": [0.36421542164756526, 0.36630369133370805], "ood_test_balanced": 0.5007714629173279, "ood_test_balanced_conf": [0.5006907588393369, 0.5008521669953189], "features": ["AGEP", "RAC1P", "DEAR", "DEYE", "DREM", "ANC", "NATIVITY", "DIS"]}