{"validation": 0.7776113710384379, "id_test": 0.7767950924753685, "ood_test": 0.3651282527812862, "ood_validation": 0.3618667194858929, "train": 0.7765708022641629, "id_test_conf": [0.7756392302964875, 0.777947751474065], "id_test_balanced": 0.5053448677062988, "id_test_balanced_conf": [0.5051641264074714, 0.5055256090051262], "ood_test_conf": [0.36408467497582764, 0.36617278589631774], "ood_test_balanced": 0.5006945729255676, "ood_test_balanced_conf": [0.5006167838207329, 0.5007723620304023], "features": ["AGEP", "RAC1P", "DEAR", "DEYE", "DREM", "ANC", "NATIVITY", "DIS"]}