{"validation": 0.7348993288590604, "id_test": 0.7516778523489933, "ood_test": 0.4714207947740882, "ood_validation": 0.4711486118671747, "train": 0.7172818791946308, "id_test_conf": [0.6985855746324816, 0.7996888625874019], "id_test_balanced": 0.5131579041481018, "id_test_balanced_conf": [0.5040705977380275, 0.5222452105581761], "ood_test_conf": [0.46602795617327714, 0.47681865493413306], "ood_test_balanced": 0.5004217028617859, "ood_test_balanced_conf": [0.5002430153288878, 0.500600390394684], "features": ["MARITAL_STATUS", "EDUCATION", "RACE", "GENDER", "AGE", "ORIGIN", "HEALTHDISAB", "HEALTH_HEARING", "HEALTH_SEEING", "HEALTH_COGNITIVE", "HEALTH_AMBULATORY", "HEALTH_SELF_CARE", "HEALTH_CORE_DISABILITY", "HEALTH_SUPPLEMENTAL_DISABILITY", "CITIZENSHIP_STATUS"]}