{"validation": 0.7416107382550335, "id_test": 0.7550335570469798, "ood_test": 0.4730841347607815, "ood_validation": 0.4719651605879151, "train": 0.7281879194630873, "id_test_conf": [0.7021288104453476, 0.8027883082068612], "id_test_balanced": 0.5370436310768127, "id_test_balanced_conf": [0.5189737501367927, 0.5551135120168328], "ood_test_conf": [0.46769015363660116, 0.47848284518089107], "ood_test_balanced": 0.5018069744110107, "ood_test_balanced_conf": [0.5012517437105999, 0.5023622051114216], "features": ["MARITAL_STATUS", "EDUCATION", "RACE", "GENDER", "AGE", "ORIGIN", "HEALTHDISAB", "HEALTH_HEARING", "HEALTH_SEEING", "HEALTH_COGNITIVE", "HEALTH_AMBULATORY", "HEALTH_SELF_CARE", "HEALTH_CORE_DISABILITY", "HEALTH_SUPPLEMENTAL_DISABILITY", "CITIZENSHIP_STATUS"]}