{"validation": 0.7785234899328859, "id_test": 0.7651006711409396, "ood_test": 0.573973265590032, "ood_validation": 0.5685900925421884, "train": 0.7353187919463087, "id_test_conf": [0.7127824359961468, 0.8120624034731051], "id_test_balanced": 0.6433143615722656, "id_test_balanced_conf": [0.6104397299140691, 0.6761889932304621], "ood_test_conf": [0.5686219091963916, 0.5793116239254912], "ood_test_balanced": 0.5921518206596375, "ood_test_balanced_conf": [0.5892646655114367, 0.5950389758078382], "features": ["MARITAL_STATUS", "EDUCATION", "RACE", "GENDER", "AGE", "ORIGIN", "HEALTHDISAB", "HEALTH_HEARING", "HEALTH_SEEING", "HEALTH_COGNITIVE", "HEALTH_AMBULATORY", "HEALTH_SELF_CARE", "HEALTH_CORE_DISABILITY", "HEALTH_SUPPLEMENTAL_DISABILITY", "CITIZENSHIP_STATUS"]}