{"validation": 0.7751677852348994, "id_test": 0.7651006711409396, "ood_test": 0.5902437549144136, "ood_validation": 0.5786608600979859, "train": 0.7390939597315436, "id_test_conf": [0.7127824359961468, 0.8120624034731051], "id_test_balanced": 0.6562944650650024, "id_test_balanced_conf": [0.6225891448557377, 0.6899997852742672], "ood_test_conf": [0.5849201659987424, 0.595551486510144], "ood_test_balanced": 0.6046009659767151, "ood_test_balanced_conf": [0.6013860826427117, 0.6078158493107185], "features": ["MARITAL_STATUS", "EDUCATION", "RACE", "GENDER", "AGE", "ORIGIN", "HEALTHDISAB", "HEALTH_HEARING", "HEALTH_SEEING", "HEALTH_COGNITIVE", "HEALTH_AMBULATORY", "HEALTH_SELF_CARE", "HEALTH_CORE_DISABILITY", "HEALTH_SUPPLEMENTAL_DISABILITY", "CITIZENSHIP_STATUS"]}