{"id_test": 0.6433248453983267, "id_test_conf": [0.6376291893051398, 0.6489901944984412], "id_test_balanced": 0.5756198167800903, "id_test_balanced_conf": [0.5725924263289198, 0.5786472072312608], "ood_test": 0.5660352054930992, "ood_test_conf": [0.5646893346805386, 0.5673803432810978], "ood_test_balanced": 0.6051353812217712, "ood_test_balanced_conf": [0.6043119913875126, 0.6059587710560299], "validation": 0.6440887595489269, "validation_conf": [0.638395732190155, 0.6497513183181872], "validation_balanced": 0.5789117217063904, "validation_balanced_conf": [0.5759108277363703, 0.5819126156764105], "features": ["SMOKE100", "DIABETES", "PRACE1", "SEX", "BMI5CAT", "IYEAR"]}