{"id_test": 0.6431429610767552, "id_test_conf": [0.6374466814076105, 0.6488089722280125], "id_test_balanced": 0.5757431387901306, "id_test_balanced_conf": [0.5727042422071099, 0.5787820353731513], "ood_test": 0.5667728042546996, "ood_test_conf": [0.5654271974714713, 0.5681176698254987], "ood_test_balanced": 0.6055004596710205, "ood_test_balanced_conf": [0.6046749260276556, 0.6063259933143854], "validation": 0.6447071662422699, "validation_conf": [0.6390162784126403, 0.6503674546654377], "validation_balanced": 0.5798807740211487, "validation_balanced_conf": [0.5768673469079658, 0.5828942011343315], "features": ["SMOKE100", "DIABETES", "PRACE1", "SEX", "BMI5CAT", "IYEAR"]}