{"id_test": 0.6436522371771554, "id_test_conf": [0.6379577057620935, 0.6493163923436562], "id_test_balanced": 0.5759686231613159, "id_test_balanced_conf": [0.5729410154884681, 0.5789962308341637], "ood_test": 0.5659336659233204, "ood_test_conf": [0.5645877590012333, 0.5672788409480056], "ood_test_balanced": 0.6051505208015442, "ood_test_balanced_conf": [0.6043278691673186, 0.6059731724357698], "validation": 0.6444161513277555, "validation_conf": [0.6387242553775936, 0.6500775094324603], "validation_balanced": 0.5791718363761902, "validation_balanced_conf": [0.5761741877254098, 0.5821694850269705], "features": ["SMOKE100", "DIABETES", "PRACE1", "SEX", "BMI5CAT", "IYEAR"]}