{"id_test": 0.6436886140414696, "id_test_conf": [0.6379942077685958, 0.6493526363707186], "id_test_balanced": 0.5764721632003784, "id_test_balanced_conf": [0.5734275467507541, 0.5795167796500027], "ood_test": 0.567424190174035, "ood_test_conf": [0.5660788190811639, 0.568768812823637], "ood_test_balanced": 0.6058852672576904, "ood_test_balanced_conf": [0.6050582748407032, 0.6067122596746777], "validation": 0.6444525281920699, "validation_conf": [0.6387607581321827, 0.6501137527113838], "validation_balanced": 0.5796672105789185, "validation_balanced_conf": [0.5766517203161493, 0.5826827008416876], "features": ["SMOKE100", "DIABETES", "PRACE1", "SEX", "BMI5CAT", "IYEAR"]}