{"validation": 0.5814114223353947, "id_test": 0.5871589668970535, "ood_test": 0.44662467143327894, "ood_validation": 0.4490482102213946, "train": 0.5857073350400378, "id_test_conf": [0.581311724216903, 0.5929877813434954], "id_test_balanced": 0.5098462104797363, "id_test_balanced_conf": [0.5071712126862258, 0.5125212082732469], "ood_test_conf": [0.44527533240709666, 0.44797460295120306], "ood_test_balanced": 0.5036485195159912, "ood_test_balanced_conf": [0.5029473063221667, 0.5043497327098158], "features": ["SMOKE100", "DIABETES", "PRACE1", "SEX", "BMI5CAT", "IYEAR"]}