{"validation": 0.40316478719534377, "id_test": 0.4000363768643143, "ood_test": 0.5806664827459365, "ood_validation": 0.5766259742051176, "train": 0.400028192454426, "id_test_conf": [0.3942377494905926, 0.40585614022473837], "id_test_balanced": 0.4990030825138092, "id_test_balanced_conf": [0.4982408919208683, 0.4997652731067501], "ood_test_conf": [0.5793264180213483, 0.582005652027578], "ood_test_balanced": 0.4988258183002472, "ood_test_balanced_conf": [0.4986311473476235, 0.4990204892528709], "features": ["SMOKE100", "DIABETES", "PRACE1", "SEX", "BMI5CAT", "IYEAR"]}