{"validation": 0.6433248453983267, "id_test": 0.6407057111676974, "ood_test": 0.5618184395858719, "ood_validation": 0.563849230981447, "train": 0.6425787910893656, "id_test_conf": [0.635001161237402, 0.6463805081418093], "id_test_balanced": 0.5726915597915649, "id_test_balanced_conf": [0.5696711103944108, 0.5757120091887191], "ood_test_conf": [0.5604711174860182, 0.5631650754701281], "ood_test_balanced": 0.6013137102127075, "ood_test_balanced_conf": [0.600491040609777, 0.6021363798156381], "features": ["SMOKE100", "DIABETES", "PRACE1", "SEX", "BMI5CAT", "IYEAR"]}