{"validation": 0.631575118224809, "id_test": 0.6296471444161513, "ood_test": 0.545334544144807, "ood_validation": 0.5471584247189462, "train": 0.6328432999722623, "id_test_conf": [0.6239070559147, 0.6353598190975769], "id_test_balanced": 0.557013988494873, "id_test_balanced_conf": [0.5541600297018886, 0.5598679472878575], "ood_test_conf": [0.5439824934151143, 0.5466860916400746], "ood_test_balanced": 0.590550422668457, "ood_test_balanced_conf": [0.5897626635781489, 0.5913381817587652], "features": ["SMOKE100", "DIABETES", "PRACE1", "SEX", "BMI5CAT", "IYEAR"]}