{"validation": 0.655793025871766, "id_test": 0.6629213483146067, "ood_test": 0.6596278795038394, "ood_validation": 0.6478405315614618, "3": 0.6388491495787633, "id_test_conf": [0.6308030553573274, 0.6939565720415667], "id_test_balanced": 0.49959588050842285, "id_test_balanced_conf": [0.47824587192386386, 0.5209458890929818], "ood_test_conf": [0.6515773558934905, 0.6676097686921458], "ood_test_balanced": 0.5115354061126709, "ood_test_balanced_conf": [0.5060637472197413, 0.5170070650056005], "features": ["gender", "age", "ethnicity", "insurance", "height_mean_0", "weight_mean_0"]}