{"validation": 0.7829021372328459, "id_test": 0.7617977528089888, "ood_test": 0.6791937389249852, "ood_validation": 0.6591362126245848, "3": 0.7672865999046257, "id_test_conf": [0.7324094209747476, 0.7894413344631608], "id_test_balanced": 0.4880382716655731, "id_test_balanced_conf": [0.4706024169921875, 0.5054741263389587], "ood_test_conf": [0.6712576771082011, 0.6870527466205643], "ood_test_balanced": 0.5319119095802307, "ood_test_balanced_conf": [0.5264462429936976, 0.5373775761667638], "features": ["gender", "age", "ethnicity", "insurance", "height_mean_0", "weight_mean_0"]}