{"validation": 0.2643419572553431, "id_test": 0.2842696629213483, "ood_test": 0.27968103957471946, "ood_validation": 0.2637873754152824, "3": 0.2708631378159275, "id_test_conf": [0.25482869097550304, 0.3151463444930359], "id_test_balanced": 0.543110728263855, "id_test_balanced_conf": [0.525076148584485, 0.5611453079432249], "ood_test_conf": [0.27213302644830323, 0.2873238141877602], "ood_test_balanced": 0.5387654900550842, "ood_test_balanced_conf": [0.5344739276263862, 0.5430570524837822], "features": ["gender", "age", "ethnicity", "insurance", "height_mean_0", "weight_mean_0"]}