{"validation": 0.1372328458942632, "id_test": 0.149438202247191, "ood_test": 0.13681334908446544, "ood_validation": 0.13554817275747508, "train": 0.14235525576166386, "id_test_conf": [0.12664480135668574, 0.17457940601198835], "id_test_balanced": 0.49325940012931824, "id_test_balanced_conf": [0.48028214724734425, 0.5062366530112922], "ood_test_conf": [0.1310674031114926, 0.14271581141108208], "ood_test_balanced": 0.5045598149299622, "ood_test_balanced_conf": [0.5033124639419839, 0.5058071659179404], "features": ["gender", "age", "ethnicity", "insurance", "height_mean_0", "weight_mean_0"]}