{"validation": 0.4769403824521935, "id_test": 0.4651685393258427, "ood_test": 0.3647371529828706, "ood_validation": 0.3315614617940199, "3": 0.48370688284851376, "id_test_conf": [0.43199934551660557, 0.4985690082386291], "id_test_balanced": 0.5286757946014404, "id_test_balanced_conf": [0.5057603697851301, 0.5515912194177508], "ood_test_conf": [0.35662336567938324, 0.3729090930764911], "ood_test_balanced": 0.5481646060943604, "ood_test_balanced_conf": [0.5429980925470591, 0.5533311196416616], "features": ["gender", "age", "ethnicity", "insurance", "height_mean_0", "weight_mean_0"]}