{"validation": 0.42008670062968706, "id_test": 0.418141200891049, "ood_test": 0.5006125594446128, "ood_validation": 0.5005334914048607, "train": 0.42008570368548, "id_test_conf": [0.415707533082686, 0.4205778725863247], "id_test_balanced": 0.5639793872833252, "id_test_balanced_conf": [0.5629914895631373, 0.5649672850035131], "ood_test_conf": [0.4970491574587147, 0.5041759146058296], "ood_test_balanced": 0.578938364982605, "ood_test_balanced_conf": [0.5773761601862497, 0.5805005697789603], "features": ["DIVISION", "HINS2", "HINS4", "NWLK"]}