{"id_test": 0.5796296296296296, "id_test_conf": [0.549543586208077, 0.6092806245789983], "id_test_balanced": 0.5023971199989319, "id_test_balanced_conf": [0.48865082297474144, 0.5161434170231223], "ood_test": 0.5362061681453316, "ood_test_conf": [0.5271714710568647, 0.5452230483710301], "ood_test_balanced": 0.5171236991882324, "ood_test_balanced_conf": [0.5113863179460167, 0.5228610804304481], "features": ["gender", "age", "ethnicity", "weight_mean_0", "insurance"]}