{"validation": 0.6627494372162235, "id_test": 0.6595869156025843, "ood_test": 0.625741642456729, "ood_validation": 0.6284293868532499, "0": 0.48005238766874875, "1": 0.7248483906079926, "2": 0.6568881685575365, "3": 0.6779518980977123, "4": 0.7718480309493105, "5": 0.6262640999454815, "7": 0.58165889633953, "8": 0.6901094970290733, "9": 0.6970044329019837, "id_test_conf": [0.6562626522059835, 0.6628994004795443], "id_test_balanced": 0.6459600925445557, "id_test_balanced_conf": [0.6435989643307403, 0.6483212207583711], "ood_test_conf": [0.6214338752430827, 0.6300344714840644], "ood_test_balanced": 0.6377750635147095, "ood_test_balanced_conf": [0.6347650170279667, 0.6407851100014522], "features": ["AGEP", "RAC1P", "POBP", "DIS", "ANC", "NATIVITY", "DEAR", "DEYE", "DREM", "ST", "MAR", "DIVISION"]}