{"validation": 0.6859475752604067, "id_test": 0.6824413694866969, "ood_test": 0.6514791930930071, "ood_validation": 0.6527343030749402, "0": 0.4774330042313117, "1": 0.7388819779194526, "2": 0.6954494452063333, "3": 0.698902203972178, "4": 0.767359388949509, "5": 0.6346261642773227, "7": 0.6477634375770671, "8": 0.7155660658571968, "9": 0.7091031209421036, "id_test_conf": [0.6791744243514468, 0.6856948486891614], "id_test_balanced": 0.6411473751068115, "id_test_balanced_conf": [0.6387997052818537, 0.6434950449317693], "ood_test_conf": [0.6472357525273383, 0.6557046369523998], "ood_test_balanced": 0.6325197219848633, "ood_test_balanced_conf": [0.6295048706093803, 0.6355345733603462], "features": ["AGEP", "RAC1P", "POBP", "DIS", "ANC", "NATIVITY", "DEAR", "DEYE", "DREM", "ST", "MAR", "DIVISION"]}