{"id_test": 0.8158925573587017, "id_test_conf": [0.8131655449652917, 0.8185962417305999], "id_test_balanced": 0.54794842004776, "id_test_balanced_conf": [0.5467393194697797, 0.5491575206257403], "ood_test": 0.7821923973976022, "ood_test_conf": [0.7785062772201228, 0.7858449747557938], "ood_test_balanced": 0.5429222583770752, "ood_test_balanced_conf": [0.5413146589277312, 0.5445298578264192], "validation": 0.8181159143805563, "validation_conf": [0.8154015428833984, 0.8208067930226892], "validation_balanced": 0.5445407629013062, "validation_balanced_conf": [0.5433634555223398, 0.5457180702802725], "features": ["AGEP", "RAC1P", "POBP", "DIS", "ANC", "NATIVITY", "DEAR", "DEYE", "DREM", "ST", "MAR", "DIVISION"]}