{"validation": 0.424523382553067, "id_test": 0.42582794933102713, "ood_test": 0.38258521216089036, "ood_validation": 0.3820659178788437, "0": 0.4779367318154342, "1": 0.49770642201834864, "2": 0.42822590699414037, "3": 0.44152769630436606, "4": 0.4581886717587541, "5": 0.40933418310540504, "7": 0.3353610559815861, "8": 0.46209336062478884, "9": 0.4479738503559755, "id_test_conf": [0.4223681901763414, 0.4292931822712191], "id_test_balanced": 0.59132319688797, "id_test_balanced_conf": [0.5892853572778404, 0.5933610364980996], "ood_test_conf": [0.3782733835308596, 0.3869109895531522], "ood_test_balanced": 0.5589118599891663, "ood_test_balanced_conf": [0.5565044767921791, 0.5613192431861534], "features": ["AGEP", "RAC1P", "POBP", "DIS", "ANC", "NATIVITY", "DEAR", "DEYE", "DREM", "ST", "MAR", "DIVISION"]}