{"validation": 0.6673534536482378, "id_test": 0.6645215444879686, "ood_test": 0.6441343753836082, "ood_validation": 0.6481310992450746, "train": 0.6652401044167258, "id_test_conf": [0.6612089156375334, 0.667822030501787], "id_test_balanced": 0.6673856973648071, "id_test_balanced_conf": [0.665057121599093, 0.6697142731305212], "ood_test_conf": [0.6398712226593533, 0.6483804042731007], "ood_test_balanced": 0.6542744636535645, "ood_test_balanced_conf": [0.6512951560877264, 0.6572537712194025], "features": ["AGEP", "RAC1P", "POBP", "DIS", "ANC", "NATIVITY", "DEAR", "DEYE", "DREM", "ST", "MAR", "DIVISION"]}