{"validation": 0.6863799966932479, "id_test": 0.6815383832731342, "ood_test": 0.6413723965792381, "ood_validation": 0.6407659731172897, "train": 0.6835400576772048, "id_test_conf": [0.6782690050714937, 0.684794362217279], "id_test_balanced": 0.6661683320999146, "id_test_balanced_conf": [0.6638407564209774, 0.6684959077788517], "ood_test_conf": [0.6371021138798499, 0.6456258836714396], "ood_test_balanced": 0.658618688583374, "ood_test_balanced_conf": [0.6556524631474168, 0.6615849140193313], "features": ["AGEP", "RAC1P", "POBP", "DIS", "ANC", "NATIVITY", "DEAR", "DEYE", "DREM", "ST", "MAR", "DIVISION"]}