{"validation": 0.7352309003268598, "id_test": 0.7306175916976141, "ood_test": 0.6845820205409386, "ood_validation": 0.6899281900202541, "0": 0.4869030828128148, "1": 0.7628284870160161, "2": 0.7463782570751777, "3": 0.7581182435263555, "4": 0.7812964983632577, "5": 0.6852439127396702, "7": 0.6883374631545571, "8": 0.729993442101707, "9": 0.7829579545963372, "id_test_conf": [0.7275018517553454, 0.733716307669363], "id_test_balanced": 0.6454925537109375, "id_test_balanced_conf": [0.6432282798970118, 0.6477568275248632], "ood_test_conf": [0.6804413924011525, 0.6887007173625888], "ood_test_balanced": 0.6391016244888306, "ood_test_balanced_conf": [0.6361342846509069, 0.6420689643267542], "features": ["AGEP", "RAC1P", "POBP", "DIS", "ANC", "NATIVITY", "DEAR", "DEYE", "DREM", "ST", "MAR", "DIVISION"]}