{"validation": 0.6969107304106732, "id_test": 0.6938495192552272, "ood_test": 0.6621997626744138, "ood_validation": 0.6610200699686982, "0": 0.48267177110618575, "1": 0.7335950863007308, "2": 0.7217927939159706, "3": 0.7212352300343585, "4": 0.7755926991369904, "5": 0.6570555397716366, "7": 0.6531419914741701, "8": 0.6915403112020826, "9": 0.712112121076434, "id_test_conf": [0.6906145403227857, 0.6970701898520444], "id_test_balanced": 0.6528549194335938, "id_test_balanced_conf": [0.6505248888302595, 0.655184950036928], "ood_test_conf": [0.6579870824736549, 0.6663931720349225], "ood_test_balanced": 0.6416627168655396, "ood_test_balanced_conf": [0.6386655492056161, 0.644659884525463], "features": ["AGEP", "RAC1P", "POBP", "DIS", "ANC", "NATIVITY", "DEAR", "DEYE", "DREM", "ST", "MAR", "DIVISION"]}