{"validation": 0.7078357307286302, "id_test": 0.7050160248257619, "ood_test": 0.6809198412373665, "ood_validation": 0.6888234211010864, "0": 0.48166431593794073, "1": 0.7398538329964236, "2": 0.7503428500187009, "3": 0.7380478504986173, "4": 0.7688225374466818, "5": 0.6778800746366073, "7": 0.6304651627071272, "8": 0.6992508098010771, "9": 0.7237719965969641, "id_test_conf": [0.7018145846275767, 0.7082023320508566], "id_test_balanced": 0.6525526642799377, "id_test_balanced_conf": [0.6502368956943974, 0.6548684328654781], "ood_test_conf": [0.6767666828308663, 0.6850515036688947], "ood_test_balanced": 0.6378235816955566, "ood_test_balanced_conf": [0.6348494509421289, 0.6407977124489844], "features": ["AGEP", "RAC1P", "POBP", "DIS", "ANC", "NATIVITY", "DEAR", "DEYE", "DREM", "ST", "MAR", "DIVISION"]}