{"validation": 0.6203848550752286, "id_test": 0.6177951874650252, "ood_test": 0.5700519661197266, "ood_validation": 0.5680353526054134, "0": 0.48005238766874875, "1": 0.6857020681076038, "2": 0.6580974940780452, "3": 0.6700117321712897, "4": 0.6871094137486361, "5": 0.5577627446614093, "7": 0.5591347339494792, "8": 0.6007631008922716, "9": 0.6395379035507993, "id_test_conf": [0.614388046664966, 0.6211936347863596], "id_test_balanced": 0.6525595188140869, "id_test_balanced_conf": [0.6502225512638689, 0.654896486364305], "ood_test_conf": [0.5656487747844438, 0.5744468358264196], "ood_test_balanced": 0.6333224773406982, "ood_test_balanced_conf": [0.6303856840729714, 0.6362592706084251], "features": ["AGEP", "RAC1P", "POBP", "DIS", "ANC", "NATIVITY", "DEAR", "DEYE", "DREM", "ST", "MAR", "DIVISION"]}