{"validation": 0.817276508069747, "id_test": 0.8142900747825202, "ood_test": 0.7808216375465444, "ood_validation": 0.7921193150432702, "train": 0.8152866849597309, "id_test_conf": [0.8115540310750098, 0.8170029090490639], "id_test_balanced": 0.5481034517288208, "id_test_balanced_conf": [0.5468699336773716, 0.54933696978027], "ood_test_conf": [0.7771273208368922, 0.7844825746500544], "ood_test_balanced": 0.5473227500915527, "ood_test_balanced_conf": [0.5456167678185738, 0.5490287323645316], "features": ["AGEP", "RAC1P", "POBP", "DIS", "ANC", "NATIVITY", "DEAR", "DEYE", "DREM", "ST", "MAR", "DIVISION"]}