{"validation": 0.8172129166825645, "id_test": 0.8149386986824032, "ood_test": 0.7799623552518515, "ood_validation": 0.7913828024304916, "train": 0.8154520220407048, "id_test_conf": [0.8122063012720142, 0.8176478386556716], "id_test_balanced": 0.5491660237312317, "id_test_balanced_conf": [0.5479278325615451, 0.5504042149009183], "ood_test_conf": [0.7762629304327564, 0.783628502774504], "ood_test_balanced": 0.5438317656517029, "ood_test_balanced_conf": [0.542167991809547, 0.5454955394938588], "features": ["AGEP", "RAC1P", "POBP", "DIS", "ANC", "NATIVITY", "DEAR", "DEYE", "DREM", "ST", "MAR", "DIVISION"]}