{"validation": 0.8130286034059547, "id_test": 0.809266419087348, "ood_test": 0.7803306190924342, "ood_validation": 0.7865954704474314, "0": 0.5268990529921419, "1": 0.8243274762867361, "2": 0.8112330133399825, "3": 0.8077809436017765, "4": 0.8436167046919948, "5": 0.8009460113183497, "7": 0.7992437142555165, "8": 0.8296933685737565, "9": 0.8319168942820042, "id_test_conf": [0.8065025540060526, 0.8120074464297583], "id_test_balanced": 0.501196563243866, "id_test_balanced_conf": [0.5009949477718328, 0.5013981787158991], "ood_test_conf": [0.7766333806393795, 0.7839945364023141], "ood_test_balanced": 0.5011668801307678, "ood_test_balanced_conf": [0.5009073999384418, 0.5014263603230938], "features": ["AGEP", "RAC1P", "POBP", "DIS", "ANC", "NATIVITY", "DEAR", "DEYE", "DREM", "ST", "MAR", "DIVISION"]}