{"validation": 0.8167677769722869, "id_test": 0.81448084651778, "ood_test": 0.7818445926592741, "ood_validation": 0.7923034431964647, "train": 0.8151881186229964, "id_test_conf": [0.811745873950705, 0.8171925955274746], "id_test_balanced": 0.5465415120124817, "id_test_balanced_conf": [0.5453310007485561, 0.5477520232764073], "ood_test_conf": [0.7781563871744608, 0.7854992967376537], "ood_test_balanced": 0.5474438071250916, "ood_test_balanced_conf": [0.5457535140984692, 0.5491341001517139], "features": ["AGEP", "RAC1P", "POBP", "DIS", "ANC", "NATIVITY", "DEAR", "DEYE", "DREM", "ST", "MAR", "DIVISION"]}