{"validation": 0.8171366070179454, "id_test": 0.8145190008648319, "ood_test": 0.779635009615778, "ood_validation": 0.7906462898177131, "train": 0.8148176999704301, "id_test_conf": [0.8117842426557198, 0.8172305326932718], "id_test_balanced": 0.553131639957428, "id_test_balanced_conf": [0.5518389769154601, 0.5544243029993958], "ood_test_conf": [0.7759336449091117, 0.7833031360005207], "ood_test_balanced": 0.5481325387954712, "ood_test_balanced_conf": [0.5463936980930157, 0.5498713794979266], "features": ["AGEP", "RAC1P", "POBP", "DIS", "ANC", "NATIVITY", "DEAR", "DEYE", "DREM", "ST", "MAR", "DIVISION"]}