{"validation": 0.8169203963015249, "id_test": 0.8142773566668362, "ood_test": 0.7797782233315602, "ood_validation": 0.7906462898177131, "train": 0.815153143471252, "id_test_conf": [0.8115412415884258, 0.8169902632453699], "id_test_balanced": 0.5519133806228638, "id_test_balanced_conf": [0.5506322067137808, 0.5531945545319468], "ood_test_conf": [0.7760777069150799, 0.7834454843748028], "ood_test_balanced": 0.5508304834365845, "ood_test_balanced_conf": [0.5490527468197979, 0.5526082200533711], "features": ["AGEP", "RAC1P", "POBP", "DIS", "ANC", "NATIVITY", "DEAR", "DEYE", "DREM", "ST", "MAR", "DIVISION"]}