{"validation": 0.8170857339081995, "id_test": 0.8143663834766242, "ood_test": 0.7800441916608699, "ood_validation": 0.7902780335113239, "train": 0.8146873380412007, "id_test_conf": [0.8116307680954533, 0.8170787837702737], "id_test_balanced": 0.5549207925796509, "id_test_balanced_conf": [0.5536051561776548, 0.5562364289816469], "ood_test_conf": [0.7763452523353223, 0.7837098439462933], "ood_test_balanced": 0.5521035194396973, "ood_test_balanced_conf": [0.5503110890998505, 0.553895949779544], "features": ["AGEP", "RAC1P", "POBP", "DIS", "ANC", "NATIVITY", "DEAR", "DEYE", "DREM", "ST", "MAR", "DIVISION"]}