{"validation": 0.8175308736184771, "id_test": 0.8139085313120008, "ood_test": 0.779839600638324, "ood_validation": 0.7906462898177131, "train": 0.8143805105736243, "id_test_conf": [0.8111703485663995, 0.8166235328492042], "id_test_balanced": 0.5512782335281372, "id_test_balanced_conf": [0.5499999260553159, 0.5525565410009585], "ood_test_conf": [0.7761394479702792, 0.7835064906254097], "ood_test_balanced": 0.5497338175773621, "ood_test_balanced_conf": [0.547973668386694, 0.5514939667680301], "features": ["AGEP", "RAC1P", "POBP", "DIS", "ANC", "NATIVITY", "DEAR", "DEYE", "DREM", "ST", "MAR", "DIVISION"]}