{"validation": 0.8134101517290498, "id_test": 0.8098132980617592, "ood_test": 0.7801055689676337, "ood_validation": 0.7862272141410421, "train": 0.8106874525053337, "id_test_conf": [0.8070524259655141, 0.8125512919581025], "id_test_balanced": 0.5032907128334045, "id_test_balanced_conf": [0.5029725888918619, 0.5036088367749472], "ood_test_conf": [0.7764069938992858, 0.7837708496880822], "ood_test_balanced": 0.5007887482643127, "ood_test_balanced_conf": [0.500550723047927, 0.5010267734806985], "features": ["AGEP", "RAC1P", "POBP", "DIS", "ANC", "NATIVITY", "DEAR", "DEYE", "DREM", "ST", "MAR", "DIVISION"]}