{"validation": 0.817403690844112, "id_test": 0.8138703769649489, "ood_test": 0.7820696427840746, "ood_validation": 0.7939605965752163, "train": 0.8142421997462712, "id_test_conf": [0.811131980553041, 0.8165855949916957], "id_test_balanced": 0.5281699299812317, "id_test_balanced_conf": [0.5272370235715061, 0.5291028363909572], "ood_test_conf": [0.7783827861808115, 0.7857229711843943], "ood_test_balanced": 0.5270063281059265, "ood_test_balanced_conf": [0.5257215437991545, 0.5282911124126985], "features": ["AGEP", "RAC1P", "POBP", "DIS", "ANC", "NATIVITY", "DEAR", "DEYE", "DREM", "ST", "MAR", "DIVISION"]}