{"validation": 0.8091113739555115, "id_test": 0.8060232995879331, "ood_test": 0.7796554687180327, "ood_validation": 0.7856748296814583, "0": 0.4780374773322587, "1": 0.8238609858497901, "2": 0.810883929684578, "3": 0.7927071985250984, "4": 0.8426247396091657, "5": 0.8002702889480999, "7": 0.7986213051800876, "8": 0.8290773235825997, "9": 0.831281063896476, "id_test_conf": [0.8032418615378638, 0.8087821398290033], "id_test_balanced": 0.5117401480674744, "id_test_balanced_conf": [0.5109863940952346, 0.5124939020397141], "ood_test_conf": [0.7759542251565912, 0.7833234715216513], "ood_test_balanced": 0.5001327395439148, "ood_test_balanced_conf": [0.49992713520477994, 0.5003383438830497], "features": ["AGEP", "RAC1P", "POBP", "DIS", "ANC", "NATIVITY", "DEAR", "DEYE", "DREM", "ST", "MAR", "DIVISION"]}