{"validation": 0.7770941788925698, "id_test": 0.7762299763170402, "ood_test": 0.3640596324386185, "ood_validation": 0.3605242308200185, "train": 0.776121254570048, "id_test_conf": [0.7750730785110257, 0.7773836774859125], "id_test_balanced": 0.5000401735305786, "id_test_balanced_conf": [0.5000277637876752, 0.500052583273482], "ood_test_conf": [0.3630167099475671, 0.36510351780884426], "ood_test_balanced": 0.5002586841583252, "ood_test_balanced_conf": [0.5002338827214408, 0.5002834855952096], "features": ["DIS", "ESP", "MIG", "ANC", "NATIVITY", "DEAR", "DEYE", "DREM", "PINCP", "ESR", "FER", "AGEP", "SEX", "ST", "MAR", "CIT", "RAC1P", "SCHL", "DIVISION", "ACS_YEAR"]}