{"validation": 0.8084691711546564, "id_test": 0.8075350152361707, "ood_test": 0.6382108801201158, "ood_validation": 0.6396518332673093, "train": 0.8080251626895882, "id_test_conf": [0.806440345505969, 0.8086261258225156], "id_test_balanced": 0.6176694631576538, "id_test_balanced_conf": [0.6169966288236901, 0.6183422974916175], "ood_test_conf": [0.6371683894722582, 0.6392523918055013], "ood_test_balanced": 0.6955610513687134, "ood_test_balanced_conf": [0.6949338985595387, 0.6961882041778881], "features": ["DIS", "ESP", "MIG", "ANC", "NATIVITY", "DEAR", "DEYE", "DREM", "PINCP", "ESR", "FER", "AGEP", "SEX", "ST", "MAR", "CIT", "RAC1P", "SCHL", "DIVISION", "ACS_YEAR"]}