{"validation": 0.8069974699519351, "id_test": 0.8055860633968474, "ood_test": 0.6812466911283726, "ood_validation": 0.6819182182314363, "train": 0.8065611997656661, "id_test_conf": [0.8044872155733331, 0.8066813746483542], "id_test_balanced": 0.6551519632339478, "id_test_balanced_conf": [0.6543889852124266, 0.6559149412554689], "ood_test_conf": [0.6802355269881563, 0.6822565714477311], "ood_test_balanced": 0.7184159755706787, "ood_test_balanced_conf": [0.7177591568289791, 0.7190727943123784], "features": ["DIS", "ESP", "MIG", "ANC", "NATIVITY", "DEAR", "DEYE", "DREM", "PINCP", "ESR", "FER", "AGEP", "SEX", "ST", "MAR", "CIT", "RAC1P", "SCHL", "DIVISION", "ACS_YEAR"]}