{"validation": 0.8083253957318668, "id_test": 0.8071356398592601, "ood_test": 0.6576086624272354, "ood_validation": 0.6575883621638277, "train": 0.8075027288618356, "id_test_conf": [0.8060401104818857, 0.8082276147182013], "id_test_balanced": 0.6272966861724854, "id_test_balanced_conf": [0.6265965069492814, 0.6279968653956893], "ood_test_conf": [0.6565791247124594, 0.6586370837719845], "ood_test_balanced": 0.7073155641555786, "ood_test_balanced_conf": [0.7066767600958701, 0.7079543682152871], "features": ["DIS", "ESP", "MIG", "ANC", "NATIVITY", "DEAR", "DEYE", "DREM", "PINCP", "ESR", "FER", "AGEP", "SEX", "ST", "MAR", "CIT", "RAC1P", "SCHL", "DIVISION", "ACS_YEAR"]}