{"validation": 0.7958628622092292, "id_test": 0.7954858601147805, "ood_test": 0.5493588889282863, "ood_validation": 0.5495840485936881, "train": 0.7950097460242735, "id_test_conf": [0.7943660291449139, 0.7966022714808054], "id_test_balanced": 0.5625491738319397, "id_test_balanced_conf": [0.5620373868395109, 0.5630609608243685], "ood_test_conf": [0.5482797845860816, 0.5504376436655103], "ood_test_balanced": 0.6368730664253235, "ood_test_balanced_conf": [0.6363244496344123, 0.6374216832162347], "features": ["DIS", "ESP", "MIG", "ANC", "NATIVITY", "DEAR", "DEYE", "DREM", "PINCP", "ESR", "FER", "AGEP", "SEX", "ST", "MAR", "CIT", "RAC1P", "SCHL", "DIVISION", "ACS_YEAR"]}