{"validation": 0.7826095039785825, "id_test": 0.7822142348092833, "ood_test": 0.7514837021960626, "ood_validation": 0.7512651265126513, "15": 0.7477819458855456, "16": 0.8072058649238948, "17": 0.7123811840431106, "18": 0.6755561830969757, "19": 0.8268463932195969, "20": 0.8294477561348065, "21": 0.9104085758142578, "22": 0.9184492457630156, "23": 0.93255620316403, "id_test_conf": [0.7801922537003858, 0.784226071540697], "id_test_balanced": 0.5900003910064697, "id_test_balanced_conf": [0.5884597666817717, 0.5915410153311678], "ood_test_conf": [0.7493821900397224, 0.7535762996321358], "ood_test_balanced": 0.5714174509048462, "ood_test_balanced_conf": [0.5698676093760878, 0.5729672924336046], "features": ["AGEP", "SEX", "RAC1P", "ACS_YEAR", "POBP", "DIS", "ANC", "DEAR", "DEYE", "DREM", "DPHY", "SCHL"]}