{"validation": 0.6804677623261695, "id_test": 0.6792179221020668, "ood_test": 0.6524744668756991, "ood_validation": 0.6513201320132013, "15": 0.6452166972623513, "16": 0.6874862435027005, "17": 0.6208928972382307, "18": 0.5673332333189195, "19": 0.7341397050774836, "20": 0.7197762126664452, "21": 0.8203809795418515, "22": 0.8242502418574653, "23": 0.8409103524840411, "id_test_conf": [0.6769341470818911, 0.6814952565328489], "id_test_balanced": 0.6060062646865845, "id_test_balanced_conf": [0.6043423226801679, 0.6076702066930011], "ood_test_conf": [0.6501613565085258, 0.6547821732163128], "ood_test_balanced": 0.5820046663284302, "ood_test_balanced_conf": [0.5803362541645766, 0.5836730784922838], "features": ["AGEP", "SEX", "RAC1P", "ACS_YEAR", "POBP", "DIS", "ANC", "DEAR", "DEYE", "DREM", "DPHY", "SCHL"]}