{"validation": 0.7225465407401899, "id_test": 0.7205217984073374, "ood_test": 0.6993600674771256, "ood_validation": 0.6953795379537954, "15": 0.6862638678266422, "16": 0.7509100452059665, "17": 0.6544139660205075, "18": 0.6038855599777615, "19": 0.7725218533518898, "20": 0.766136073381428, "21": 0.8681334351068202, "22": 0.872335089039378, "23": 0.8933111296142103, "id_test_conf": [0.7183252715929627, 0.7227103997136628], "id_test_balanced": 0.600683867931366, "id_test_balanced_conf": [0.5990533647150733, 0.6023143711476586], "ood_test_conf": [0.6971316387890694, 0.7015814299345187], "ood_test_balanced": 0.5816982984542847, "ood_test_balanced_conf": [0.5800689926953055, 0.5833276042132638], "features": ["AGEP", "SEX", "RAC1P", "ACS_YEAR", "POBP", "DIS", "ANC", "DEAR", "DEYE", "DREM", "DPHY", "SCHL"]}