{"validation": 0.9504908157953447, "id_test": 0.9506212623555294, "ood_test": 0.9137833030786439, "ood_validation": 0.9138613861386139, "15": 0.9315348391731184, "16": 0.9348322977159982, "17": 0.9304692762517776, "18": 0.9350406382096244, "19": 0.9642527639212497, "20": 0.9700681017451714, "21": 0.9797012221206352, "22": 0.9835895230929091, "23": 0.9829031362753261, "id_test_conf": [0.949552936862126, 0.9516733601667244], "id_test_balanced": 0.5228908658027649, "id_test_balanced_conf": [0.52220942360349, 0.5235723080020398], "ood_test_conf": [0.912412840445279, 0.9151390824428307], "ood_test_balanced": 0.5164899826049805, "ood_test_balanced_conf": [0.5156971272476949, 0.517282837962266], "features": ["AGEP", "SEX", "RAC1P", "ACS_YEAR", "POBP", "DIS", "ANC", "DEAR", "DEYE", "DREM", "DPHY", "SCHL"]}