{"validation": 0.6894412632309561, "id_test": 0.6890527685681529, "ood_test": 0.617446259725813, "ood_validation": 0.6151265126512652, "train": 0.6899266721098385, "id_test_conf": [0.6867878252727084, 0.6913109177344953], "id_test_balanced": 0.6137478351593018, "id_test_balanced_conf": [0.6120912737841718, 0.6154043965344317], "ood_test_conf": [0.6150861571117121, 0.6198021999366352], "ood_test_balanced": 0.5880569219589233, "ood_test_balanced_conf": [0.5863742531393654, 0.5897395907784813], "features": ["AGEP", "SEX", "RAC1P", "ACS_YEAR", "POBP", "DIS", "ANC", "DEAR", "DEYE", "DREM", "DPHY", "SCHL"]}