{"validation": 0.9665538781884435, "id_test": 0.9661450748303535, "ood_test": 0.9484386746612392, "ood_validation": 0.9494499449944994, "15": 0.9550610583446404, "16": 0.9476660515043259, "17": 0.9574320784372428, "18": 0.9620004059408562, "19": 0.9721731379693193, "20": 0.9753614802285808, "21": 0.9813871949940866, "22": 0.9855243828155792, "23": 0.9849569802941993, "id_test_conf": [0.9652511392218993, 0.9670222108843478], "id_test_balanced": 0.5000723600387573, "id_test_balanced_conf": [0.5000360362304491, 0.5001086838470655], "ood_test_conf": [0.9473561059771634, 0.9495053176117879], "ood_test_balanced": 0.5000864267349243, "ood_test_balanced_conf": [0.5000443453079061, 0.5001285081619425], "features": ["AGEP", "SEX", "RAC1P", "ACS_YEAR", "POBP", "DIS", "ANC", "DEAR", "DEYE", "DREM", "DPHY", "SCHL"]}