{"validation": 0.7024603357093585, "id_test": 0.7055172413793104, "ood_test": 0.5991239225660591, "ood_validation": 0.5900805426027977, "train": 0.6937291642717553, "id_test_conf": [0.6917222473375776, 0.719035776127446], "id_test_balanced": 0.50371253490448, "id_test_balanced_conf": [0.5023819905240089, 0.5050430792849511], "ood_test_conf": [0.5924950291725256, 0.6057256638527482], "ood_test_balanced": 0.5057860016822815, "ood_test_balanced_conf": [0.5050569040817209, 0.5065150992828421], "features": ["VCF0004", "VCF0901b", "VCF0701", "VCF0101", "VCF0104", "VCF0115", "VCF0140a", "VCF0112"]}