{"validation": 0.685214991952173, "id_test": 0.6914942528735633, "ood_test": 0.632471386180585, "ood_validation": 0.6485799067401441, "0": 0.6887351778656127, "1": 0.6869346733668342, "3": 0.6875122524995099, "id_test_conf": [0.677528536045372, 0.7052024112767301], "id_test_balanced": 0.5982216000556946, "id_test_balanced_conf": [0.5891150969080627, 0.6073281032033264], "ood_test_conf": [0.6259447666250495, 0.6389617162543115], "ood_test_balanced": 0.5849562883377075, "ood_test_balanced_conf": [0.5809261453524232, 0.5889864313229919], "features": ["VCF0004", "VCF0901b", "VCF0701", "VCF0101", "VCF0104", "VCF0115", "VCF0140a", "VCF0112"]}