{"validation": 0.697861577374109, "id_test": 0.6956321839080459, "ood_test": 0.6316235693090293, "ood_validation": 0.645612547689699, "0": 0.6957509881422925, "1": 0.6955491744436468, "3": 0.6972162321113508, "id_test_conf": [0.6817152777020672, 0.7092859553856873], "id_test_balanced": 0.5816575288772583, "id_test_balanced_conf": [0.5731251544877887, 0.5901899032667279], "ood_test_conf": [0.6250939436390285, 0.6381171378328039], "ood_test_balanced": 0.5725792646408081, "ood_test_balanced_conf": [0.5689317549020052, 0.576226774379611], "features": ["VCF0004", "VCF0901b", "VCF0701", "VCF0101", "VCF0104", "VCF0115", "VCF0140a", "VCF0112"]}