{"validation": 0.6681995861117498, "id_test": 0.6645977011494253, "ood_test": 0.6240403184023362, "ood_validation": 0.6341670199236965, "0": 0.658695652173913, "1": 0.6705671213208901, "3": 0.6708488531660459, "id_test_conf": [0.6503455529769104, 0.6786285189192209], "id_test_balanced": 0.5898654460906982, "id_test_balanced_conf": [0.5802774418890476, 0.5994534502923489], "ood_test_conf": [0.6174847587989343, 0.6305618988977335], "ood_test_balanced": 0.5792121887207031, "ood_test_balanced_conf": [0.5750943840108812, 0.583329993430525], "features": ["VCF0004", "VCF0901b", "VCF0701", "VCF0101", "VCF0104", "VCF0115", "VCF0140a", "VCF0112"]}