{"validation": 0.6854449298689353, "id_test": 0.6850574712643678, "ood_test": 0.6235693090292497, "ood_validation": 0.6328952946163628, "0": 0.6873517786561265, "1": 0.6848528356066045, "3": 0.6848657126053715, "id_test_conf": [0.6710183853288176, 0.6988476714639755], "id_test_balanced": 0.5792977809906006, "id_test_balanced_conf": [0.5704782924801112, 0.58811726950109], "ood_test_conf": [0.6170121949590694, 0.6300925730578395], "ood_test_balanced": 0.5696251392364502, "ood_test_balanced_conf": [0.5657776678167283, 0.573472610656172], "features": ["VCF0004", "VCF0901b", "VCF0701", "VCF0101", "VCF0104", "VCF0115", "VCF0140a", "VCF0112"]}