{"validation": 0.6762474131984364, "id_test": 0.679080459770115, "ood_test": 0.622438886533842, "ood_validation": 0.6337431114879186, "0": 0.6694664031620553, "1": 0.6773869346733669, "3": 0.6832973926681043, "id_test_conf": [0.6649759942976794, 0.6929440911052207], "id_test_balanced": 0.5633910894393921, "id_test_balanced_conf": [0.554851706456393, 0.5719304724223911], "ood_test_conf": [0.6158780684948457, 0.6289661642886636], "ood_test_balanced": 0.5582470297813416, "ood_test_balanced_conf": [0.554802331388928, 0.5616917281737551], "features": ["VCF0004", "VCF0901b", "VCF0701", "VCF0101", "VCF0104", "VCF0115", "VCF0140a", "VCF0112"]}