{"id_test": 0.7537931034482759, "id_test_conf": [0.7407082735143191, 0.7665363154869281], "id_test_balanced": 0.6346557140350342, "id_test_balanced_conf": [0.6266226875595748, 0.6426887405104935], "ood_test": 0.6917714662521784, "ood_test_conf": [0.6855106948036997, 0.6979796923638022], "ood_test_balanced": 0.6391889452934265, "ood_test_balanced_conf": [0.6354665086790919, 0.6429113819077611], "validation": 0.7454587261439412, "validation_conf": [0.7322353471776246, 0.7583516717714872], "validation_balanced": 0.6214771866798401, "validation_balanced_conf": [0.6136142329126596, 0.6293401404470206], "features": ["VCF0004", "VCF0901b", "VCF0701", "VCF0101", "VCF0104", "VCF0115", "VCF0140a", "VCF0112"]}