{"validation": 0.6994711427914463, "id_test": 0.7085057471264368, "ood_test": 0.6838585087843249, "ood_validation": 0.6913946587537092, "train": 0.7014024600528797, "id_test_conf": [0.6947491078271433, 0.7219818977790563], "id_test_balanced": 0.6609818935394287, "id_test_balanced_conf": [0.651342176888138, 0.6706216101907194], "ood_test_conf": [0.6775556847697817, 0.6901109573431293], "ood_test_balanced": 0.6602904200553894, "ood_test_balanced_conf": [0.6559446854609996, 0.6646361546497792], "features": ["VCF0004", "VCF0901b", "VCF0701", "VCF0101", "VCF0104", "VCF0115", "VCF0140a", "VCF0112"]}