{"validation": 0.737180961140492, "id_test": 0.7475862068965518, "ood_test": 0.6922895765625736, "ood_validation": 0.6905468418821534, "train": 0.7339061961144959, "id_test_conf": [0.7343987494013504, 0.7604404334409709], "id_test_balanced": 0.6432474851608276, "id_test_balanced_conf": [0.6347448162920774, 0.6517501540295779], "ood_test_conf": [0.6860316326522384, 0.6984948330512875], "ood_test_balanced": 0.6438879370689392, "ood_test_balanced_conf": [0.6400400284677744, 0.647735845670104], "features": ["VCF0004", "VCF0901b", "VCF0701", "VCF0101", "VCF0104", "VCF0115", "VCF0140a", "VCF0112"]}