{"validation": 0.6318693952632789, "id_test": 0.6471264367816092, "ood_test": 0.6645471244877773, "ood_validation": 0.6714709622721492, "0": 0.6263833992094862, "1": 0.6404163675520459, "3": 0.6732013330719466, "id_test_conf": [0.6327157850960504, 0.66133927652506], "id_test_balanced": 0.6422404646873474, "id_test_balanced_conf": [0.6321710415743291, 0.6523098878003657], "ood_test_conf": [0.6581503839519001, 0.6708987840956255], "ood_test_balanced": 0.6562836766242981, "ood_test_balanced_conf": [0.6517853374127298, 0.6607820158358664], "features": ["VCF0004", "VCF0901b", "VCF0701", "VCF0101", "VCF0104", "VCF0115", "VCF0140a", "VCF0112"]}