{"validation": 0.7176362382156818, "id_test": 0.7257471264367816, "ood_test": 0.6182940040506806, "ood_validation": 0.6142433234421365, "train": 0.7093056673180825, "id_test_conf": [0.712225762198706, 0.7389647457861435], "id_test_balanced": 0.5411840677261353, "id_test_balanced_conf": [0.536848856518045, 0.5455192789342255], "ood_test_conf": [0.6117199269462118, 0.624835676624764], "ood_test_balanced": 0.5302333831787109, "ood_test_balanced_conf": [0.528536777831614, 0.5319299885258079], "features": ["VCF0004", "VCF0901b", "VCF0701", "VCF0101", "VCF0104", "VCF0115", "VCF0140a", "VCF0112"]}