{"validation": 0.7194757415497816, "id_test": 0.725287356321839, "ood_test": 0.6170693796806557, "ood_validation": 0.6138194150063586, "train": 0.709047016898494, "id_test_conf": [0.7117594018625368, 0.7385121862944024], "id_test_balanced": 0.541305661201477, "id_test_balanced_conf": [0.5369055404141545, 0.5457057819887996], "ood_test_conf": [0.6104914816852669, 0.6236152087024025], "ood_test_balanced": 0.5288158059120178, "ood_test_balanced_conf": [0.5271425455063582, 0.5304890663176774], "features": ["VCF0004", "VCF0901b", "VCF0701", "VCF0101", "VCF0104", "VCF0115", "VCF0140a", "VCF0112"]}