{"validation": 0.6465854219360773, "id_test": 0.6450574712643679, "ood_test": 0.621496867787669, "ood_validation": 0.642221280203476, "0": 0.6525691699604743, "1": 0.639770279971285, "3": 0.6527151538913939, "id_test_conf": [0.630629438731359, 0.65929047629849], "id_test_balanced": 0.6044497489929199, "id_test_balanced_conf": [0.5943911404162645, 0.6145083575695753], "ood_test_conf": [0.6149329919192493, 0.62802746150098], "ood_test_balanced": 0.5968387126922607, "ood_test_balanced_conf": [0.592341133300215, 0.6013362920843065], "features": ["VCF0004", "VCF0901b", "VCF0701", "VCF0101", "VCF0104", "VCF0115", "VCF0140a", "VCF0112"]}