{"validation": 0.6967118877902966, "id_test": 0.6995402298850575, "ood_test": 0.5970043803871697, "ood_validation": 0.5883849088596863, "0": 0.6847826086956522, "1": 0.7033022254127782, "3": 0.6900607723975691, "id_test_conf": [0.6856706201274069, 0.7131414376502949], "id_test_balanced": 0.5028271675109863, "id_test_balanced_conf": [0.5001467679254711, 0.5055075670965016], "ood_test_conf": [0.590370075538616, 0.6036121138235723], "ood_test_balanced": 0.5034496188163757, "ood_test_balanced_conf": [0.5027932682307437, 0.5041059694020078], "features": ["VCF0004", "VCF0901b", "VCF0701", "VCF0101", "VCF0104", "VCF0115", "VCF0140a", "VCF0112"]}