{"validation": 0.5750747298229478, "id_test": 0.5804597701149425, "ood_test": 0.5913522679101314, "ood_validation": 0.6011021619330225, "0": 0.5873517786561265, "1": 0.5817659727207466, "3": 0.5889041364438345, "id_test_conf": [0.5656300480978425, 0.5951813497854048], "id_test_balanced": 0.5899224877357483, "id_test_balanced_conf": [0.5795986569672823, 0.6002463185042143], "ood_test_conf": [0.5847041574134397, 0.5979753554788545], "ood_test_balanced": 0.5914344787597656, "ood_test_balanced_conf": [0.5867588519770652, 0.596110105542466], "features": ["VCF0004", "VCF0901b", "VCF0701", "VCF0101", "VCF0104", "VCF0115", "VCF0140a", "VCF0112"]}