{"validation": 0.6649804552770752, "id_test": 0.6698850574712644, "ood_test": 0.6221091799726814, "ood_validation": 0.6434930055108097, "0": 0.6600790513833992, "1": 0.6674802584350323, "3": 0.6745736130170554, "id_test_conf": [0.6556850846510821, 0.6838565804003096], "id_test_balanced": 0.5826379060745239, "id_test_balanced_conf": [0.5733065666258335, 0.5919692455232144], "ood_test_conf": [0.6155472887163072, 0.6286376212902729], "ood_test_balanced": 0.5748933553695679, "ood_test_balanced_conf": [0.5708363302890211, 0.5789503804501146], "features": ["VCF0004", "VCF0901b", "VCF0701", "VCF0101", "VCF0104", "VCF0115", "VCF0140a", "VCF0112"]}