{"validation": 0.6360082777650035, "id_test": 0.6358620689655172, "ood_test": 0.6141020206302106, "ood_validation": 0.6218736752861382, "0": 0.6515810276679842, "1": 0.6355348169418521, "3": 0.6382081944716722, "id_test_conf": [0.6213602818691317, 0.6501812023826253], "id_test_balanced": 0.5900669097900391, "id_test_balanced_conf": [0.5800063142739237, 0.6001275053061544], "ood_test_conf": [0.6075150462259142, 0.6206577391280552], "ood_test_balanced": 0.5827568769454956, "ood_test_balanced_conf": [0.5783401190768928, 0.5871736348140985], "features": ["VCF0004", "VCF0901b", "VCF0701", "VCF0101", "VCF0104", "VCF0115", "VCF0140a", "VCF0112"]}