{"validation": 0.6829156127845482, "id_test": 0.6839080459770115, "ood_test": 0.6204606471668787, "ood_validation": 0.629080118694362, "0": 0.6815217391304348, "1": 0.6833452979181622, "3": 0.6829053126837875, "id_test_conf": [0.6698561828055156, 0.6977125719145774], "id_test_balanced": 0.5807227492332458, "id_test_balanced_conf": [0.5718279596418142, 0.5896175388246775], "ood_test_conf": [0.613893437889172, 0.6269948582292562], "ood_test_balanced": 0.5664752721786499, "ood_test_balanced_conf": [0.5626242284663021, 0.5703263158909977], "features": ["VCF0004", "VCF0901b", "VCF0701", "VCF0101", "VCF0104", "VCF0115", "VCF0140a", "VCF0112"]}