{"validation": 0.73327201655553, "id_test": 0.74, "ood_test": 0.6613442607507889, "ood_validation": 0.6676557863501483, "train": 0.7273249798827451, "id_test_conf": [0.7266918372644678, 0.7529851782721118], "id_test_balanced": 0.5862897038459778, "id_test_balanced_conf": [0.5796496825665236, 0.592929725125432], "ood_test_conf": [0.6549331099371059, 0.6677112086270497], "ood_test_balanced": 0.5884233713150024, "ood_test_balanced_conf": [0.5855196315655484, 0.5913271110644565], "features": ["VCF0004", "VCF0901b", "VCF0701", "VCF0101", "VCF0104", "VCF0115", "VCF0140a", "VCF0112"]}