{"validation": 0.7376408369740171, "id_test": 0.7471264367816092, "ood_test": 0.6787716075549903, "ood_validation": 0.678677405680373, "train": 0.7332164616622601, "id_test_conf": [0.7339315170447338, 0.7599887466960554], "id_test_balanced": 0.6135506629943848, "id_test_balanced_conf": [0.6059934606030584, 0.6211078653857112], "ood_test_conf": [0.672442858400433, 0.6850513760438037], "ood_test_balanced": 0.6159818768501282, "ood_test_balanced_conf": [0.6126044208882376, 0.6193593328120187], "features": ["VCF0004", "VCF0901b", "VCF0701", "VCF0101", "VCF0104", "VCF0115", "VCF0140a", "VCF0112"]}