{"validation": 0.7374108990572545, "id_test": 0.7510344827586207, "ood_test": 0.6934199990579812, "ood_validation": 0.6969054684188215, "train": 0.7404011955397172, "id_test_conf": [0.7379036044534899, 0.763827471098329], "id_test_balanced": 0.6452500224113464, "id_test_balanced_conf": [0.636810229178518, 0.6536898156441748], "ood_test_conf": [0.6871682562019991, 0.6996187444851648], "ood_test_balanced": 0.643768310546875, "ood_test_balanced_conf": [0.6399605788290501, 0.6475760422646999], "features": ["VCF0004", "VCF0901b", "VCF0701", "VCF0101", "VCF0104", "VCF0115", "VCF0140a", "VCF0112"]}