{"validation": 0.742929409059554, "id_test": 0.7517241379310344, "ood_test": 0.6941265131176111, "ood_validation": 0.6990250105977109, "train": 0.7422979652833659, "id_test_conf": [0.7386047059370812, 0.7645047480378255], "id_test_balanced": 0.634978711605072, "id_test_balanced_conf": [0.6268549293652177, 0.6431024938449263], "ood_test_conf": [0.6878786681703386, 0.7003211668787545], "ood_test_balanced": 0.6425170302391052, "ood_test_balanced_conf": [0.6387715400615707, 0.6462625204166398], "features": ["VCF0004", "VCF0901b", "VCF0701", "VCF0101", "VCF0104", "VCF0115", "VCF0140a", "VCF0112"]}