{"validation": 0.7417797194757415, "id_test": 0.7528735632183908, "ood_test": 0.6795252225519288, "ood_validation": 0.6892751165748199, "train": 0.740774801701345, "id_test_conf": [0.7397733057426573, 0.7656334455143865], "id_test_balanced": 0.6149452924728394, "id_test_balanced_conf": [0.6076091555785388, 0.6222814293671399], "ood_test_conf": [0.6732002599772726, 0.6858009978316236], "ood_test_balanced": 0.6145671606063843, "ood_test_balanced_conf": [0.6112907937262207, 0.6178435274865478], "features": ["VCF0004", "VCF0901b", "VCF0701", "VCF0101", "VCF0104", "VCF0115", "VCF0140a", "VCF0112"]}