{"validation": 0.7376408369740171, "id_test": 0.7531034482758621, "ood_test": 0.6927134849983515, "ood_validation": 0.698601102161933, "train": 0.7395677664099322, "id_test_conf": [0.7400070403445813, 0.765859170355339], "id_test_balanced": 0.6267669796943665, "id_test_balanced_conf": [0.6189742241241037, 0.6345597352646292], "ood_test_conf": [0.6864578613554291, 0.6989163049676155], "ood_test_balanced": 0.6399627923965454, "ood_test_balanced_conf": [0.6362490213755518, 0.643676563417539], "features": ["VCF0004", "VCF0901b", "VCF0701", "VCF0101", "VCF0104", "VCF0115", "VCF0140a", "VCF0112"]}