{"validation": 0.5856518739940216, "id_test": 0.587816091954023, "ood_test": 0.5758560595355847, "ood_validation": 0.5824501907587961, "0": 0.5624505928853755, "1": 0.5729361091170136, "3": 0.6166437953342482, "id_test_conf": [0.5730187226001278, 0.6024954285887113], "id_test_balanced": 0.47744718194007874, "id_test_balanced_conf": [0.4686336378194392, 0.4862607260607183], "ood_test_conf": [0.5691747201756734, 0.5825166211583883], "ood_test_balanced": 0.5138433575630188, "ood_test_balanced_conf": [0.5102582928957418, 0.5174284222302958], "features": ["VCF0004", "VCF0901b", "VCF0701", "VCF0101", "VCF0104", "VCF0115", "VCF0140a", "VCF0112"]}