{"validation": 0.5612784548171994, "id_test": 0.5655172413793104, "ood_test": 0.4970090904809006, "ood_validation": 0.49003815175922, "0": 0.5215415019762846, "1": 0.5974156496769563, "3": 0.5272495589100177, "id_test_conf": [0.5506320711761017, 0.5803143568114234], "id_test_balanced": 0.45666515827178955, "id_test_balanced_conf": [0.44783561915159226, 0.46549469739198684], "ood_test_conf": [0.49026082811605776, 0.5037581720417843], "ood_test_balanced": 0.44977688789367676, "ood_test_balanced_conf": [0.44568607069551947, 0.45386770509183405], "features": ["VCF0004", "VCF0901b", "VCF0701", "VCF0101", "VCF0104", "VCF0115", "VCF0140a", "VCF0112"]}