{"validation": 0.4499885031041619, "id_test": 0.4342528735632184, "ood_test": 0.433799632612689, "ood_validation": 0.42263671047053836, "0": 0.49594861660079054, "1": 0.4430007178750897, "3": 0.39629484414820626, "id_test_conf": [0.4194568166723929, 0.4491372942443713], "id_test_balanced": 0.502143144607544, "id_test_balanced_conf": [0.4922387880645692, 0.5120475011505187], "ood_test_conf": [0.4271191102952607, 0.440498287639754], "ood_test_balanced": 0.4711717367172241, "ood_test_balanced_conf": [0.46681256632320584, 0.4755309071112424], "features": ["VCF0004", "VCF0901b", "VCF0701", "VCF0101", "VCF0104", "VCF0115", "VCF0140a", "VCF0112"]}