{"validation": 0.3791676247413198, "id_test": 0.3850574712643678, "ood_test": 0.4701615562149687, "ood_validation": 0.48155998304366254, "0": 0.3876482213438735, "1": 0.3811198851399856, "3": 0.3914918643403254, "id_test_conf": [0.37056325689663605, 0.39970619696590426], "id_test_balanced": 0.4994603991508484, "id_test_balanced_conf": [0.4907722028903663, 0.5081485954113305], "ood_test_conf": [0.46342883563358334, 0.47690244947223726], "ood_test_balanced": 0.5166124105453491, "ood_test_balanced_conf": [0.5124743462633341, 0.5207504748273641], "features": ["VCF0004", "VCF0901b", "VCF0701", "VCF0101", "VCF0104", "VCF0115", "VCF0140a", "VCF0112"]}