{"validation": 0.9470575840955852, "id_test": 0.9460291884857311, "ood_test": 0.8999211544456057, "ood_validation": 0.8995049504950495, "15": 0.9246452230824487, "16": 0.9159710817262923, "17": 0.9257634159119826, "18": 0.9324770334548215, "19": 0.9606952415205867, "20": 0.9683321749074686, "21": 0.9781997835915416, "22": 0.9824787702891541, "23": 0.9817929503191785, "id_test_conf": [0.9449155598106953, 0.94712675740188], "id_test_balanced": 0.5207796692848206, "id_test_balanced_conf": [0.5200765064579901, 0.521482832111651], "ood_test_conf": [0.8984568345474573, 0.9013712857027872], "ood_test_balanced": 0.5178785920143127, "ood_test_balanced_conf": [0.5169833322660997, 0.5187738517625258], "features": ["SCHL", "AGEP", "SEX", "RAC1P", "ACS_YEAR", "POBP", "DIS", "ANC", "NATIVITY", "DEAR", "DEYE", "DREM", "DPHY"]}