{"validation": 0.8280657395701644, "id_test": 0.8268149846621015, "ood_test": 0.7618436413199602, "ood_validation": 0.7577557755775578, "15": 0.7779072551680102, "16": 0.8208861723921914, "17": 0.7583919616795151, "18": 0.7382608081752958, "19": 0.8728752599727908, "20": 0.8914378062267387, "21": 0.9451345842525101, "22": 0.9474721416030671, "23": 0.9544823757979461, "id_test_conf": [0.8249597175641696, 0.8286585020106375], "id_test_balanced": 0.5864725708961487, "id_test_balanced_conf": [0.5850248628016561, 0.5879202789906413], "ood_test_conf": [0.7597719746433316, 0.7639060257713459], "ood_test_balanced": 0.5683509707450867, "ood_test_balanced_conf": [0.5668232749891468, 0.5698786665010266], "features": ["SCHL", "AGEP", "SEX", "RAC1P", "ACS_YEAR", "POBP", "DIS", "ANC", "NATIVITY", "DEAR", "DEYE", "DREM", "DPHY"]}