{"validation": 0.12955801789742447, "id_test": 0.1309019923775292, "ood_test": 0.12057868969690302, "ood_validation": 0.11688668866886688, "15": 0.15556229547449915, "16": 0.1559182567766622, "17": 0.1419523239278497, "18": 0.11569314401193113, "19": 0.13952524668094887, "20": 0.11513954181118458, "21": 0.10744931596473717, "22": 0.10623813106883084, "23": 0.09630863169580905, "id_test_conf": [0.1292598340687889, 0.13255742419536265], "id_test_balanced": 0.5275190472602844, "id_test_balanced_conf": [0.5266174941300414, 0.5284206003905274], "ood_test_conf": [0.11900448013112465, 0.12216635766874054], "ood_test_balanced": 0.5161550641059875, "ood_test_balanced_conf": [0.515349699620856, 0.5169604285911191], "features": ["SCHL", "AGEP", "SEX", "RAC1P", "ACS_YEAR", "POBP", "DIS", "ANC", "NATIVITY", "DEAR", "DEYE", "DREM", "DPHY"]}