{"validation": 0.9637031803871992, "id_test": 0.9632262262572429, "ood_test": 0.941330350648795, "ood_validation": 0.9415841584158415, "15": 0.9508659909011095, "16": 0.9454988740836057, "17": 0.9536243544644862, "18": 0.957274724886822, "19": 0.9707266728174013, "20": 0.9745157722820077, "21": 0.9811355572517804, "22": 0.9853810598731592, "23": 0.9847349431029697, "id_test_conf": [0.9622964833230941, 0.9641392778431909], "id_test_balanced": 0.50519198179245, "id_test_balanced_conf": [0.5048714840708999, 0.505512479514], "ood_test_conf": [0.9401807252586991, 0.9424643062250707], "ood_test_balanced": 0.5035766959190369, "ood_test_balanced_conf": [0.5032043268531561, 0.5039490649849176], "features": ["SCHL", "AGEP", "SEX", "RAC1P", "ACS_YEAR", "POBP", "DIS", "ANC", "NATIVITY", "DEAR", "DEYE", "DREM", "DPHY"]}