{"validation": 0.538788522848034, "id_test": 0.5488322717622081, "ood_test": 0.5649813591470992, "ood_validation": 0.5768098881695115, "train": 0.5575620767494357, "id_test_conf": [0.5164137062615192, 0.5809446418052516], "id_test_balanced": 0.6059240698814392, "id_test_balanced_conf": [0.5891069154813886, 0.6227412242814898], "ood_test_conf": [0.5570785934166467, 0.5728593888353077], "ood_test_balanced": 0.5904627442359924, "ood_test_balanced_conf": [0.585639415383339, 0.5952860730886459], "features": ["SEX", "WHTLGSPK", "BORNUSA", "HWELLSPK", "OTHLGSPK", "HIDEG", "EDUCYR", "YRSINUS", "HISPNCAT", "RACETHX", "RACEWX", "RACEBX", "RACEAX", "RACEV2X", "RACEV1X", "HISPANX", "SICPAY31", "PAYDR31", "REGION31", "INSCOV19"]}