{"validation": 0.6068012752391073, "id_test": 0.6178343949044586, "ood_test": 0.598469487867094, "ood_validation": 0.6244849911712772, "train": 0.6238215376444032, "id_test_conf": [0.5859440074235633, 0.6489855418279316], "id_test_balanced": 0.6418020725250244, "id_test_balanced_conf": [0.6209982359036803, 0.6626059091463685], "ood_test_conf": [0.5906483308365353, 0.6062531588207724], "ood_test_balanced": 0.5923181772232056, "ood_test_balanced_conf": [0.5868480028305203, 0.5977883516158908], "features": ["SEX", "WHTLGSPK", "BORNUSA", "HWELLSPK", "OTHLGSPK", "HIDEG", "EDUCYR", "YRSINUS", "HISPNCAT", "RACETHX", "RACEWX", "RACEBX", "RACEAX", "RACEV2X", "RACEV1X", "HISPANX", "SICPAY31", "PAYDR31", "REGION31", "INSCOV19"]}