{"validation": 0.412327311370882, "id_test": 0.40976645435244163, "ood_test": 0.44666099810321147, "ood_validation": 0.45556209535020603, "train": 0.4257070774133581, "id_test_conf": [0.3781545700662298, 0.44194427679749043], "id_test_balanced": 0.5, "id_test_balanced_conf": [0.5, 0.5], "ood_test_conf": [0.4387587646796129, 0.4545835354368905], "ood_test_balanced": 0.5001630783081055, "ood_test_balanced_conf": [0.49996590418653797, 0.500360252429673], "features": ["SEX", "WHTLGSPK", "BORNUSA", "HWELLSPK", "OTHLGSPK", "HIDEG", "EDUCYR", "YRSINUS", "HISPNCAT", "RACETHX", "RACEWX", "RACEBX", "RACEAX", "RACEV2X", "RACEV1X", "HISPANX", "SICPAY31", "PAYDR31", "REGION31", "INSCOV19"]}