{"validation": 0.5441020191285866, "id_test": 0.5467091295116773, "ood_test": 0.5312970109228857, "ood_validation": 0.5509123013537375, "train": 0.5559686628601779, "id_test_conf": [0.5142842431375629, 0.5788411358210906], "id_test_balanced": 0.6041254997253418, "id_test_balanced_conf": [0.5873546902090311, 0.6208963092416525], "ood_test_conf": [0.5233489891166483, 0.5392331195198294], "ood_test_balanced": 0.5680273175239563, "ood_test_balanced_conf": [0.5640220587421209, 0.5720325763057917], "features": ["SEX", "WHTLGSPK", "BORNUSA", "HWELLSPK", "OTHLGSPK", "HIDEG", "EDUCYR", "YRSINUS", "HISPNCAT", "RACETHX", "RACEWX", "RACEBX", "RACEAX", "RACEV2X", "RACEV1X", "HISPANX", "SICPAY31", "PAYDR31", "REGION31", "INSCOV19"]}