{"validation": 0.6737513283740701, "id_test": 0.7186836518046709, "ood_test": 0.6157368042383413, "ood_validation": 0.61094761624485, "train": 0.6900809985393705, "id_test_conf": [0.6887858373971699, 0.7472071392765398], "id_test_balanced": 0.709807276725769, "id_test_balanced_conf": [0.6894338712468744, 0.7301806822046637], "ood_test_conf": [0.6079723820382237, 0.6234571650181049], "ood_test_balanced": 0.6029706001281738, "ood_test_balanced_conf": [0.5976517562288791, 0.6082894440274685], "features": ["SEX", "WHTLGSPK", "BORNUSA", "HWELLSPK", "OTHLGSPK", "HIDEG", "EDUCYR", "YRSINUS", "HISPNCAT", "RACETHX", "RACEWX", "RACEBX", "RACEAX", "RACEV2X", "RACEV1X", "HISPANX", "SICPAY31", "PAYDR31", "REGION31", "INSCOV19"]}