{"validation": 0.6726886291179596, "id_test": 0.7165605095541401, "ood_test": 0.612401072666623, "ood_validation": 0.6103590347263096, "train": 0.6879564466870269, "id_test_conf": [0.6866040421343866, 0.745156065550667], "id_test_balanced": 0.7000876069068909, "id_test_balanced_conf": [0.6798109435662627, 0.720364270247519], "ood_test_conf": [0.6046248981097244, 0.6201344561107301], "ood_test_balanced": 0.5917396545410156, "ood_test_balanced_conf": [0.5866728407237679, 0.5968064683582633], "features": ["SEX", "WHTLGSPK", "BORNUSA", "HWELLSPK", "OTHLGSPK", "HIDEG", "EDUCYR", "YRSINUS", "HISPNCAT", "RACETHX", "RACEWX", "RACEBX", "RACEAX", "RACEV2X", "RACEV1X", "HISPANX", "SICPAY31", "PAYDR31", "REGION31", "INSCOV19"]}