{"validation": 0.5834218916046758, "id_test": 0.5711252653927813, "ood_test": 0.5732879848256917, "ood_validation": 0.5679811653914068, "train": 0.5790731642544151, "id_test_conf": [0.5388083813864517, 0.6029961174832462], "id_test_balanced": 0.5317357778549194, "id_test_balanced_conf": [0.5114731718599796, 0.5519983838498592], "ood_test_conf": [0.5654020178695999, 0.5811460533513246], "ood_test_balanced": 0.5443660616874695, "ood_test_balanced_conf": [0.5396762744244188, 0.5490558489505202], "features": ["SEX", "WHTLGSPK", "BORNUSA", "HWELLSPK", "OTHLGSPK", "HIDEG", "EDUCYR", "YRSINUS", "HISPNCAT", "RACETHX", "RACEWX", "RACEBX", "RACEAX", "RACEV2X", "RACEV1X", "HISPANX", "SICPAY31", "PAYDR31", "REGION31", "INSCOV19"]}