{"validation": 0.6227417640807651, "id_test": 0.6390658174097664, "ood_test": 0.5649813591470992, "ood_validation": 0.5650382577987051, "train": 0.6230248306997742, "id_test_conf": [0.6074682436927717, 0.6697907312466418], "id_test_balanced": 0.573051393032074, "id_test_balanced_conf": [0.5580166985653341, 0.5880860874988139], "ood_test_conf": [0.5570785934166467, 0.5728593888353077], "ood_test_balanced": 0.5173951387405396, "ood_test_balanced_conf": [0.5148349702125415, 0.5199553072685376], "features": ["SEX", "WHTLGSPK", "BORNUSA", "HWELLSPK", "OTHLGSPK", "HIDEG", "EDUCYR", "YRSINUS", "HISPNCAT", "RACETHX", "RACEWX", "RACEBX", "RACEAX", "RACEV2X", "RACEV1X", "HISPANX", "SICPAY31", "PAYDR31", "REGION31", "INSCOV19"]}