{"validation": 0.6780021253985122, "id_test": 0.7154989384288747, "ood_test": 0.6210347308522467, "ood_validation": 0.6268393172454385, "train": 0.6947284557163723, "id_test_conf": [0.6855134382619896, 0.7441302339502609], "id_test_balanced": 0.7015646696090698, "id_test_balanced_conf": [0.6811988577619195, 0.7219304814562202], "ood_test_conf": [0.6132897622349809, 0.6287336204260929], "ood_test_balanced": 0.6040014028549194, "ood_test_balanced_conf": [0.5988177940528839, 0.6091850116569549], "features": ["SEX", "WHTLGSPK", "BORNUSA", "HWELLSPK", "OTHLGSPK", "HIDEG", "EDUCYR", "YRSINUS", "HISPNCAT", "RACETHX", "RACEWX", "RACEBX", "RACEAX", "RACEV2X", "RACEV1X", "HISPANX", "SICPAY31", "PAYDR31", "REGION31", "INSCOV19"]}