{"validation": 0.6811902231668437, "id_test": 0.6995753715498938, "ood_test": 0.6265288769703709, "ood_validation": 0.6238964096527368, "train": 0.6900809985393705, "id_test_conf": [0.6691774232073067, 0.7287196433450056], "id_test_balanced": 0.6789661645889282, "id_test_balanced_conf": [0.6585244182497263, 0.6994079109281301], "ood_test_conf": [0.6188051113211501, 0.6342044711229181], "ood_test_balanced": 0.604189395904541, "ood_test_balanced_conf": [0.5992320408206433, 0.6091467509884387], "features": ["SEX", "WHTLGSPK", "BORNUSA", "HWELLSPK", "OTHLGSPK", "HIDEG", "EDUCYR", "YRSINUS", "HISPNCAT", "RACETHX", "RACEWX", "RACEBX", "RACEAX", "RACEV2X", "RACEV1X", "HISPANX", "SICPAY31", "PAYDR31", "REGION31", "INSCOV19"]}