{"validation": 0.6790648246546227, "id_test": 0.7133757961783439, "ood_test": 0.6040290404866244, "ood_validation": 0.6003531489111242, "train": 0.6914088434470854, "id_test_conf": [0.6833328147482688, 0.7420779845953942], "id_test_balanced": 0.6926370859146118, "id_test_balanced_conf": [0.672458608597517, 0.7128155632317066], "ood_test_conf": [0.5962250449367674, 0.6117934329942081], "ood_test_balanced": 0.5785948634147644, "ood_test_balanced_conf": [0.5737427577096968, 0.583446969119832], "features": ["SEX", "WHTLGSPK", "BORNUSA", "HWELLSPK", "OTHLGSPK", "HIDEG", "EDUCYR", "YRSINUS", "HISPNCAT", "RACETHX", "RACEWX", "RACEBX", "RACEAX", "RACEV2X", "RACEV1X", "HISPANX", "SICPAY31", "PAYDR31", "REGION31", "INSCOV19"]}