{"validation": 0.6684378320935175, "id_test": 0.6836518046709129, "ood_test": 0.6209693243508405, "ood_validation": 0.6256621542083579, "train": 0.6833089895100253, "id_test_conf": [0.6528832560773341, 0.7132670807252055], "id_test_balanced": 0.6908245086669922, "id_test_balanced_conf": [0.6700328072533012, 0.7116162100806832], "ood_test_conf": [0.6132241096441506, 0.6286684849236231], "ood_test_balanced": 0.6149371862411499, "ood_test_balanced_conf": [0.6095196433831006, 0.6203547290991992], "features": ["SEX", "WHTLGSPK", "BORNUSA", "HWELLSPK", "OTHLGSPK", "HIDEG", "EDUCYR", "YRSINUS", "HISPNCAT", "RACETHX", "RACEWX", "RACEBX", "RACEAX", "RACEV2X", "RACEV1X", "HISPANX", "SICPAY31", "PAYDR31", "REGION31", "INSCOV19"]}