{"id_test": 0.9373376623376624, "id_test_conf": [0.9329132469979557, 0.9415540441867989], "id_test_balanced": 0.8046784400939941, "id_test_balanced_conf": [0.8002542592678219, 0.8091026209201664], "ood_test": 0.8365384615384616, "ood_test_conf": [0.8157307573907379, 0.8558713568369509], "ood_test_balanced": 0.782030463218689, "ood_test_balanced_conf": [0.7674448809586465, 0.7966160454787314], "features": ["AccredAgency", "HIGHDEG", "CONTROL", "region", "LOCALE", "locale2", "CCBASIC", "HBCU", "DISTANCEONLY", "median_hh_inc", "poverty_rate", "unemp_rate", "TUITIONFEE_IN", "TUITIONFEE_OUT", "TUITIONFEE_PROG", "ADM_RATE", "ADM_RATE_ALL", "SATVRMID", "SATMTMID", "SATWRMID", "ACTCMMID", "ACTENMID", "ACTMTMID", "ACTWRMID", "NPT4_PROG", "COSTT4_A", "COSTT4_P", "loan_ever", "pell_ever", "PCIP40"]}