{"validation": 0.46142454830237634, "id_test": 0.4592572904009721, "ood_test": 0.44163559958372306, "ood_validation": 0.44137522228808534, "0": 0.8492129246064622, "2": 0.4212456510580049, "3": 0.4354315872646049, "4": 0.41664783913759157, "5": 0.47203653140005647, "6": 0.4774398646528318, "7": 0.4645496543450452, "8": 0.4893526933245208, "9": 0.4884143338938801, "id_test_conf": [0.4567978032969655, 0.46171827257141584], "id_test_balanced": 0.5686396360397339, "id_test_balanced_conf": [0.5672798040392809, 0.5699994680401869], "ood_test_conf": [0.4380987635441213, 0.44517689713368197], "ood_test_balanced": 0.5284590721130371, "ood_test_balanced_conf": [0.5271456988551654, 0.5297724453709088], "features": ["SEX", "RAC1P", "POBP", "DIVISION"]}