{"validation": 0.45317849571243235, "id_test": 0.4520428311057108, "ood_test": 0.43059635625930365, "ood_validation": 0.4312981624184944, "0": 0.8366473349903342, "2": 0.40433468316888155, "3": 0.3557138081586758, "4": 0.38480241853059205, "5": 0.4842725104353011, "6": 0.5231468216610045, "7": 0.5481166278923333, "8": 0.46942126569729015, "9": 0.4613826614514136, "id_test_conf": [0.44958664407278154, 0.45450077794578225], "id_test_balanced": 0.5662426948547363, "id_test_balanced_conf": [0.5649193971673958, 0.5675659925420768], "ood_test_conf": [0.4270700589984471, 0.43412795893346295], "ood_test_balanced": 0.5212374925613403, "ood_test_balanced_conf": [0.5200875483825803, 0.5223874367401004], "features": ["SEX", "RAC1P", "POBP", "DIVISION"]}