{"validation": 0.5399044394519508, "id_test": 0.53802146618064, "ood_test": 0.4652948847993045, "ood_validation": 0.46390041493775935, "0": 0.8610880972107152, "2": 0.49907602806136997, "3": 0.5266671393984825, "4": 0.5431365587580286, "5": 0.5473393905156451, "6": 0.5590029061438336, "7": 0.585339987936874, "8": 0.5458526107072043, "9": 0.5135785493296665, "id_test_conf": [0.535559473856466, 0.5404820632962741], "id_test_balanced": 0.595655620098114, "id_test_balanced_conf": [0.5940390536375344, 0.5972721865586936], "ood_test_conf": [0.46174140813721143, 0.46885101437204535], "ood_test_balanced": 0.540568470954895, "ood_test_balanced_conf": [0.5388828341616317, 0.5422541077481583], "features": ["SEX", "RAC1P", "POBP", "DIVISION"]}