{"validation": 0.3403474353700598, "id_test": 0.3377252936411503, "ood_test": 0.401654569166524, "ood_validation": 0.4061647895672792, "0": 0.08809721071527202, "2": 0.37414589630981576, "3": 0.3106709077463861, "4": 0.2840697586848702, "5": 0.33259972381759406, "6": 0.26429536244934715, "7": 0.3323590039304581, "8": 0.3387516523463318, "9": 0.4101297929073797, "id_test_conf": [0.33539328549588204, 0.34006325705235496], "id_test_balanced": 0.5110232830047607, "id_test_balanced_conf": [0.5105820271151607, 0.5114645388943608], "ood_test_conf": [0.39816442573270405, 0.40515223059340966], "ood_test_balanced": 0.5028277635574341, "ood_test_balanced_conf": [0.5025020676321583, 0.5031534594827098], "features": ["SEX", "RAC1P", "POBP", "DIVISION"]}