{"validation": 0.36828782077650857, "id_test": 0.36523516605913325, "ood_test": 0.4054616590480958, "ood_validation": 0.41102548903378777, "0": 0.19870201601767468, "2": 0.37911367136257346, "3": 0.3168248629921898, "4": 0.2891800880052502, "5": 0.375027461318771, "6": 0.31184424160561036, "7": 0.3876041438826032, "8": 0.39729634831460675, "9": 0.42918528704022, "id_test_conf": [0.36286043977078436, 0.3676148378798128], "id_test_balanced": 0.5260820388793945, "id_test_balanced_conf": [0.5253193254827057, 0.5268447522760834], "ood_test_conf": [0.401966046473038, 0.40896449855664846], "ood_test_balanced": 0.5054454207420349, "ood_test_balanced_conf": [0.5049445145134814, 0.5059463269705884], "features": ["SEX", "RAC1P", "POBP", "DIVISION"]}