{"validation": 0.6091320444261621, "id_test": 0.6056285439449169, "ood_test": 0.48866435694431637, "ood_validation": 0.4921161825726141, "train": 0.6075112943914477, "id_test_conf": [0.6032138124469462, 0.6080393992404916], "id_test_balanced": 0.6095870137214661, "id_test_balanced_conf": [0.607886582124047, 0.6112874453188851], "ood_test_conf": [0.48510232313138446, 0.4922272572660923], "ood_test_balanced": 0.5504176020622253, "ood_test_balanced_conf": [0.5484315520245582, 0.5524036520998925], "features": ["SEX", "RAC1P", "POBP", "DIVISION"]}