{"validation": 0.5403727494225232, "id_test": 0.5382556196840826, "ood_test": 0.45284609608620624, "ood_validation": 0.45050385299347956, "0": 0.6183374758354045, "2": 0.5015570638225061, "3": 0.4513964160175046, "4": 0.4400370095428676, "5": 0.5535064181025013, "6": 0.5590574816148882, "7": 0.6009292583828784, "8": 0.5843212987442168, "9": 0.5991563925561862, "id_test_conf": [0.5357937113823734, 0.5407161241848404], "id_test_balanced": 0.5935850739479065, "id_test_balanced_conf": [0.5919594375696033, 0.5952107103262096], "ood_test_conf": [0.4493003691645207, 0.4563954275406301], "ood_test_balanced": 0.5325185060501099, "ood_test_balanced_conf": [0.5309557759971358, 0.5340812361030839], "features": ["SEX", "RAC1P", "POBP", "DIVISION"]}