{"validation": 0.4351612188716261, "id_test": 0.4314436512758202, "ood_test": 0.4293712373700781, "ood_validation": 0.4305868405453468, "0": 0.5430820215410108, "2": 0.4068271259909884, "3": 0.3365073898112787, "4": 0.3105143680943313, "5": 0.4819657596585381, "6": 0.35783771983681933, "7": 0.45167127319003403, "8": 0.4903544282881692, "9": 0.528597177445579, "id_test_conf": [0.42899975954968, 0.4338900587250402], "id_test_balanced": 0.5548768043518066, "id_test_balanced_conf": [0.5536277402332053, 0.556125868470408], "ood_test_conf": [0.4258462194426532, 0.4329016543670687], "ood_test_balanced": 0.5212185978889465, "ood_test_balanced_conf": [0.5201283498550765, 0.5223088459228166], "features": ["SEX", "RAC1P", "POBP", "DIVISION"]}