{"validation": 0.5623769895263108, "id_test": 0.5604432462535439, "ood_test": 0.4861482525589177, "ood_validation": 0.4880853586247777, "0": 0.6181993924330296, "2": 0.5004676894998004, "3": 0.5056879767415947, "4": 0.5490537821816265, "5": 0.5695045978093713, "6": 0.5677895569836137, "7": 0.6086509846029442, "8": 0.5937086913417052, "9": 0.6023617292094432, "id_test_conf": [0.5579917838177506, 0.5628924906903066], "id_test_balanced": 0.6007810831069946, "id_test_balanced_conf": [0.5991193221020512, 0.602442844111938], "ood_test_conf": [0.48258676586717614, 0.4897107980935783], "ood_test_balanced": 0.5537753701210022, "ood_test_balanced_conf": [0.5519115626090206, 0.5556391776329838], "features": ["SEX", "RAC1P", "POBP", "DIVISION"]}