{"validation": 0.5345758314084106, "id_test": 0.5327308626974484, "ood_test": 0.46426736573092175, "ood_validation": 0.46532305868405455, "0": 0.615713891190279, "2": 0.438168026008099, "3": 0.4753588540980783, "4": 0.40072512883409184, "5": 0.5597832909644415, "6": 0.5572974226733795, "7": 0.6132442517879276, "8": 0.5843109715796431, "9": 0.5993979541590404, "id_test_conf": [0.5302671171852831, 0.5351934071428225], "id_test_balanced": 0.592291533946991, "id_test_balanced_conf": [0.5906792061612941, 0.5939038617326878], "ood_test_conf": [0.46071444446937265, 0.4678230184491769], "ood_test_balanced": 0.5409773588180542, "ood_test_balanced_conf": [0.5393317955452949, 0.5426229220908135], "features": ["SEX", "RAC1P", "POBP", "DIVISION"]}