{"validation": 0.6792709552890548, "id_test": 0.6821967395706764, "ood_test": 0.6032063864262096, "ood_validation": 0.5990515708358032, "train": 0.6804219209681336, "id_test_conf": [0.6798944614580378, 0.6844923311167734], "id_test_balanced": 0.5154091715812683, "id_test_balanced_conf": [0.5147744446492288, 0.5160438985133078], "ood_test_conf": [0.5997156546020956, 0.6066892286224126], "ood_test_balanced": 0.5470048189163208, "ood_test_balanced_conf": [0.5449189847242087, 0.5490906531084329], "features": ["SEX", "RAC1P", "POBP", "DIVISION"]}