{"validation": 0.6798848210612917, "id_test": 0.682766302146618, "ood_test": 0.600360949006073, "ood_validation": 0.5954949614700652, "train": 0.6802526336440362, "id_test_conf": [0.6804651144112133, 0.6850607824068325], "id_test_balanced": 0.5307118892669678, "id_test_balanced_conf": [0.529795945713995, 0.5316278328199405], "ood_test_conf": [0.596866117422413, 0.6038481085048912], "ood_test_balanced": 0.5709812045097351, "ood_test_balanced_conf": [0.5685992159415036, 0.5733631930779666], "features": ["SEX", "RAC1P", "POBP", "DIVISION"]}