{"validation": 0.6795304243268044, "id_test": 0.6820511846901579, "ood_test": 0.609424194122064, "ood_validation": 0.603556609365738, "train": 0.6800208524012299, "id_test_conf": [0.6797486285612615, 0.6843470595958231], "id_test_balanced": 0.5270682573318481, "id_test_balanced_conf": [0.5261985449749045, 0.5279379696887918], "ood_test_conf": [0.6059428495897079, 0.612897173647253], "ood_test_balanced": 0.5682026147842407, "ood_test_balanced_conf": [0.5659276074357331, 0.5704776221327483], "features": ["SEX", "RAC1P", "POBP", "DIVISION"]}