{"validation": 0.679144385026738, "id_test": 0.6817790603483191, "ood_test": 0.5973706050506514, "ood_validation": 0.5962062833432128, "train": 0.6802771565741624, "id_test_conf": [0.6794759851434816, 0.6840754643195814], "id_test_balanced": 0.517625629901886, "id_test_balanced_conf": [0.5169295666529797, 0.5183216931507922], "ood_test_conf": [0.5938715969511741, 0.6008621696847618], "ood_test_balanced": 0.5445592403411865, "ood_test_balanced_conf": [0.5424189298273996, 0.5466995508549735], "features": ["SEX", "RAC1P", "POBP", "DIVISION"]}