{"validation": 0.32975983292725375, "id_test": 0.32668843661401376, "ood_test": 0.3996390509939271, "ood_validation": 0.403556609365738, "0": 0.08699254349627175, "2": 0.3714424228597502, "3": 0.30639099648490126, "4": 0.2807776307437412, "5": 0.32581285503562124, "6": 0.26134828701240226, "7": 0.3104001378642965, "8": 0.3136669695968275, "9": 0.3889699255804447, "id_test_conf": [0.32437601838156815, 0.3290072152460921], "id_test_balanced": 0.5039181113243103, "id_test_balanced_conf": [0.5036620939866406, 0.50417412866198], "ood_test_conf": [0.39615189149510877, 0.40313388257758703], "ood_test_balanced": 0.5012996792793274, "ood_test_balanced_conf": [0.5010848282446386, 0.5015145303140162], "features": ["SEX", "RAC1P", "POBP", "DIVISION"]}