{"validation": 0.6782457361642882, "id_test": 0.6809690157958688, "ood_test": 0.6053668111340912, "ood_validation": 0.6001185536455246, "train": 0.6794275557046269, "id_test_conf": [0.6786644007784949, 0.6832669893162332], "id_test_balanced": 0.5071573257446289, "id_test_balanced_conf": [0.5067346157546854, 0.5075800357345724], "ood_test_conf": [0.601879274188779, 0.6088462932785147], "ood_test_balanced": 0.507878839969635, "ood_test_balanced_conf": [0.5071375249617267, 0.5086201549775433], "features": ["SEX", "RAC1P", "POBP", "DIVISION"]}