{"validation": 0.6800113913236085, "id_test": 0.682728331308222, "ood_test": 0.6104517131904467, "ood_validation": 0.6045050385299348, "train": 0.6803285756212014, "id_test_conf": [0.6804270707576592, 0.6850228857775097], "id_test_balanced": 0.5303925275802612, "id_test_balanced_conf": [0.5294808905839454, 0.531304164576577], "ood_test_conf": [0.6069719768172401, 0.6139230059970331], "ood_test_balanced": 0.5756478905677795, "ood_test_balanced_conf": [0.573314433703199, 0.5779813474323601], "features": ["SEX", "RAC1P", "POBP", "DIVISION"]}