{"validation": 0.6787646742397874, "id_test": 0.6814499797488862, "ood_test": 0.605841050704114, "ood_validation": 0.6022525192649674, "train": 0.6798800433185694, "id_test_conf": [0.6791462780308466, 0.6837470223138457], "id_test_balanced": 0.509400486946106, "id_test_balanced_conf": [0.5089147689507808, 0.5098862049414311], "ood_test_conf": [0.6023542245812636, 0.6093197857684306], "ood_test_balanced": 0.5448787808418274, "ood_test_balanced_conf": [0.5428746028337628, 0.546882958849892], "features": ["SEX", "RAC1P", "POBP", "DIVISION"]}