{"validation": 0.6783153498085625, "id_test": 0.6811208991494532, "ood_test": 0.6045368918865514, "ood_validation": 0.596443390634262, "train": 0.6795121993666755, "id_test_conf": [0.6788165722380282, 0.6834185789882722], "id_test_balanced": 0.5084244012832642, "id_test_balanced_conf": [0.5079606965486891, 0.5088881060178392], "ood_test_conf": [0.6010481192426984, 0.6080176731802562], "ood_test_balanced": 0.5253720283508301, "ood_test_balanced_conf": [0.5237903923681005, 0.5269536643335596], "features": ["SEX", "RAC1P", "POBP", "DIVISION"]}