{"validation": 0.6219369630964862, "id_test": 0.6248284184327626, "ood_test": 0.6522605501605668, "ood_validation": 0.6514527612083895, "train": 0.6228467293666895, "id_test_conf": [0.6222158584568244, 0.6274355182525975], "id_test_balanced": 0.5863325595855713, "id_test_balanced_conf": [0.5844683671439997, 0.5881967520271428], "ood_test_conf": [0.6503263065308803, 0.6541910194356935], "ood_test_balanced": 0.603774905204773, "ood_test_balanced_conf": [0.6023894762992859, 0.60516033411026], "features": ["IYEAR", "PRACE1", "SEX", "SMOKE100", "EDUCA", "MARITAL"]}