{"validation": 0.8714448408238994, "id_test": 0.8715664831435251, "ood_test": 0.8233337181806131, "ood_validation": 0.8228593419280354, "train": 0.8710205974854626, "id_test_conf": [0.86975371528941, 0.8733629842975713], "id_test_balanced": 0.5002495646476746, "id_test_balanced_conf": [0.5000510405487149, 0.5004480887466343], "ood_test_conf": [0.8217818382800088, 0.8248775801074154], "ood_test_balanced": 0.49992793798446655, "ood_test_balanced_conf": [0.4997585290914867, 0.5000973468774464], "features": ["IYEAR", "PRACE1", "SEX", "SMOKE100", "EDUCA", "MARITAL"]}