{"validation": 0.9233060480331325, "id_test": 0.9246265465213118, "ood_test": 0.45120671563483733, "ood_validation": 0.5518867924528302, "train": 0.9234480611256323, "id_test_conf": [0.9236178847783513, 0.9256259644567928], "id_test_balanced": 0.8773922920227051, "id_test_balanced_conf": [0.8765738973172847, 0.8782106867281254], "ood_test_conf": [0.4286942998756706, 0.4738694997049344], "ood_test_balanced": 0.5130353569984436, "ood_test_balanced_conf": [0.5094584700884297, 0.5166122439084575], "features": ["hint_count", "attempt_count", "skill_id", "problem_type", "bottom_hint", "position", "type", "first_action", "school_id"]}