{"validation": 0.9234673589279954, "id_test": 0.9247803545838554, "ood_test": 0.45120671563483733, "ood_validation": 0.5518867924528302, "train": 0.923868689057015, "id_test_conf": [0.9237726309119344, 0.9257788310785449], "id_test_balanced": 0.8799545764923096, "id_test_balanced_conf": [0.8791383288474753, 0.8807708241371438], "ood_test_conf": [0.4286942998756706, 0.4738694997049344], "ood_test_balanced": 0.5130353569984436, "ood_test_balanced_conf": [0.5094584700884297, 0.5166122439084575], "features": ["hint_count", "attempt_count", "skill_id", "problem_type", "bottom_hint", "position", "type", "first_action", "school_id"]}