{"id_test": 0.9263897121163239, "id_test_conf": [0.9253918779187921, 0.927378263872399], "id_test_balanced": 0.8807730674743652, "id_test_balanced_conf": [0.8799616521561984, 0.8815844827925321], "ood_test": 0.45068205666316896, "ood_test_conf": [0.42817276850460056, 0.4733433302353122], "ood_test_balanced": 0.5125698447227478, "ood_test_balanced_conf": [0.5090557328239084, 0.5160839566215872], "validation": 0.9252867957654014, "validation_conf": [0.9242821695305854, 0.9262821637268653], "validation_balanced": 0.8796175122261047, "validation_balanced_conf": [0.8788036569289397, 0.8804313675232698], "features": ["hint_count", "attempt_count", "skill_id", "problem_type", "bottom_hint", "position", "type", "first_action", "school_id"]}