{"validation": 0.9209764185980207, "id_test": 0.9216291650097912, "ood_test": 0.45120671563483733, "ood_validation": 0.5518867924528302, "train": 0.9210021354956517, "id_test_conf": [0.9206024617972829, 0.9226466900677271], "id_test_balanced": 0.8791408538818359, "id_test_balanced_conf": [0.8783160195918753, 0.8799656881717965], "ood_test_conf": [0.4286942998756706, 0.4738694997049344], "ood_test_balanced": 0.5130353569984436, "ood_test_balanced_conf": [0.5094584700884297, 0.5166122439084575], "features": ["hint_count", "attempt_count", "skill_id", "problem_type", "bottom_hint", "position", "type", "first_action", "school_id"]}