{"validation": 0.8943376124486994, "id_test": 0.895260460823961, "ood_test": 0.4496327387198321, "ood_validation": 0.5518867924528302, "train": 0.8940936710736469, "id_test_conf": [0.8940918309848519, 0.8964204890681298], "id_test_balanced": 0.8290536403656006, "id_test_balanced_conf": [0.8281513255333993, 0.8299559551978019], "ood_test_conf": [0.4271297809244683, 0.47229091615738866], "ood_test_balanced": 0.5116387605667114, "ood_test_balanced_conf": [0.5082540769642219, 0.515023444169201], "features": ["hint_count", "attempt_count", "skill_id", "problem_type", "bottom_hint", "position", "type", "first_action", "school_id"]}