{"validation": 0.9138299708139823, "id_test": 0.915390559936376, "ood_test": 0.440713536201469, "ood_validation": 0.5330188679245284, "train": 0.9143339870182122, "id_test_conf": [0.9143276896713557, 0.916444388604163], "id_test_balanced": 0.8771753311157227, "id_test_balanced_conf": [0.8763342884834856, 0.8780163737479597], "ood_test_conf": [0.4182684416860449, 0.46334134265201565], "ood_test_balanced": 0.4974954426288605, "ood_test_balanced_conf": [0.4903975796606392, 0.5045933055970818], "features": ["hint_count", "attempt_count", "skill_id", "problem_type", "bottom_hint", "position", "type", "first_action", "school_id"]}