{"validation": 0.7549237337094753, "id_test": 0.7558953504948118, "ood_test": 0.44333683105981114, "ood_validation": 0.5424528301886793, "train": 0.7545811868178864, "id_test_conf": [0.7542600337828059, 0.7575251018649392], "id_test_balanced": 0.6001079082489014, "id_test_balanced_conf": [0.5993444789561909, 0.6008713375416118], "ood_test_conf": [0.42087396343299993, 0.4659743243902479], "ood_test_balanced": 0.5060521364212036, "ood_test_balanced_conf": [0.503597485604696, 0.5085067872377113], "features": ["hint_count", "attempt_count", "skill_id", "problem_type", "bottom_hint", "position", "type", "first_action", "school_id"]}