{"validation": 0.7080910543730258, "id_test": 0.7098729770488359, "ood_test": 0.43966421825813223, "ood_validation": 0.5424528301886793, "train": 0.7084481033291036, "id_test_conf": [0.708146045050459, 0.7115953449948416], "id_test_balanced": 0.5239401459693909, "id_test_balanced_conf": [0.5235347815125715, 0.5243455104262102], "ood_test_conf": [0.4172264094420966, 0.46228797356717505], "ood_test_balanced": 0.5027933120727539, "ood_test_balanced_conf": [0.501120213214308, 0.5044664109311998], "features": ["hint_count", "attempt_count", "skill_id", "problem_type", "bottom_hint", "position", "type", "first_action", "school_id"]}