{"validation": 0.7776952400350652, "id_test": 0.7768410206437132, "ood_test": 0.36518205060174086, "ood_validation": 0.36183370746951893, "train": 0.7766087429912619, "id_test_conf": [0.775685242766876, 0.7779935948086016], "id_test_balanced": 0.5078161954879761, "id_test_balanced_conf": [0.5075947940189508, 0.5080375969570013], "ood_test_conf": [0.3641384399522726, 0.36622661617969066], "ood_test_balanced": 0.4995943307876587, "ood_test_balanced_conf": [0.49946822356432674, 0.49972043801099064], "features": ["AGEP", "SEX", "RAC1P", "DEYE", "DREM", "ANC", "NATIVITY", "DIS"]}