{"validation": 0.7775255051609387, "id_test": 0.7765954047869132, "ood_test": 0.3659437788322694, "ood_validation": 0.3627250319116158, "train": 0.7764400065996896, "id_test_conf": [0.7754391763125602, 0.7777484323931181], "id_test_balanced": 0.5044287443161011, "id_test_balanced_conf": [0.5042619902850128, 0.5045954983471893], "ood_test_conf": [0.3648997046486555, 0.3669888025486518], "ood_test_balanced": 0.5008998513221741, "ood_test_balanced_conf": [0.5007936920280918, 0.5010060106162564], "features": ["AGEP", "SEX", "RAC1P", "DEYE", "DREM", "ANC", "NATIVITY", "DIS"]}