{"id_test": 0.7772244210055473, "id_test_conf": [0.7760693476574043, 0.7783762862026311], "id_test_balanced": 0.5113749504089355, "id_test_balanced_conf": [0.5111101800302277, 0.5116397207876434], "ood_test": 0.36688646336796366, "ood_test_conf": [0.365841819426937, 0.3679320501642389], "ood_test_balanced": 0.5016003251075745, "ood_test_balanced_conf": [0.5014848658107803, 0.5017157844043686], "validation": 0.7782164259426776, "validation_conf": [0.7770631808911596, 0.7793664513509287], "validation_balanced": 0.5114936828613281, "validation_balanced_conf": [0.5112293087923899, 0.5117580569302663], "features": ["AGEP", "SEX", "RAC1P", "DEYE", "DREM", "ANC", "NATIVITY", "DIS"]}