{"id_test": 0.7772064491135864, "id_test_conf": [0.7760513427091198, 0.7783583475750702], "id_test_balanced": 0.5113252997398376, "id_test_balanced_conf": [0.5110609217348974, 0.5115896777447779], "ood_test": 0.3669121396004534, "ood_test_conf": [0.3658674802009416, 0.367957741673336], "ood_test_balanced": 0.5016255974769592, "ood_test_balanced_conf": [0.5015101221224176, 0.5017410728315008], "validation": 0.7782144290618055, "validation_conf": [0.7770611803181198, 0.7793644581853487], "validation_balanced": 0.5114476680755615, "validation_balanced_conf": [0.5111838413676014, 0.5117114947835216], "features": ["AGEP", "SEX", "RAC1P", "DEYE", "DREM", "ANC", "NATIVITY", "DIS"]}