{"id_test": 0.7772284147593165, "id_test_conf": [0.77607334875744, 0.7783802725638853], "id_test_balanced": 0.511387050151825, "id_test_balanced_conf": [0.5111221795191523, 0.5116519207844976], "ood_test": 0.3669182529891414, "ood_test_conf": [0.36587358990950813, 0.36796385869883463], "ood_test_balanced": 0.5016217231750488, "ood_test_balanced_conf": [0.5015058812589268, 0.5017375650911708], "validation": 0.7782224165852938, "validation_conf": [0.7770691826105209, 0.779372430847434], "validation_balanced": 0.5115007758140564, "validation_balanced_conf": [0.5112363895378076, 0.5117651620903052], "features": ["AGEP", "SEX", "RAC1P", "DEYE", "DREM", "ANC", "NATIVITY", "DIS"]}