{"validation": 0.5973469440733574, "id_test": 0.5973617262601292, "ood_test": 0.5467142369818444, "ood_validation": 0.5483846119987675, "train": 0.5966593689009345, "id_test_conf": [0.5960018544624626, 0.5987204715451753], "id_test_balanced": 0.5933427214622498, "id_test_balanced_conf": [0.5923808076302521, 0.5943046352942474], "ood_test_conf": [0.5456345887977698, 0.5477935542929127], "ood_test_balanced": 0.5389275550842285, "ood_test_balanced_conf": [0.538164892627392, 0.539690217541065], "features": ["AGEP", "SEX", "RAC1P", "DEYE", "DREM", "ANC", "NATIVITY", "DIS"]}