{"validation": 0.7777311838907627, "id_test": 0.7768829550582889, "ood_test": 0.3704676864614117, "ood_validation": 0.36711563008935255, "train": 0.7765950144386932, "id_test_conf": [0.7757272541705513, 0.77803545174855], "id_test_balanced": 0.5102786421775818, "id_test_balanced_conf": [0.5100234114413615, 0.510533872913802], "ood_test_conf": [0.36942091717944125, 0.37151537323106626], "ood_test_balanced": 0.4999387264251709, "ood_test_balanced_conf": [0.4996997079672292, 0.5001777448831126], "features": ["AGEP", "SEX", "RAC1P", "DEYE", "DREM", "ANC", "NATIVITY", "DIS"]}