{"validation": 0.7774975488287296, "id_test": 0.7767731268296384, "ood_test": 0.3715314160931289, "ood_validation": 0.368414102733395, "train": 0.7765051548218795, "id_test_conf": [0.7756172243395456, 0.7779258263938778], "id_test_balanced": 0.5056609511375427, "id_test_balanced_conf": [0.5054739773078473, 0.5058479249672382], "ood_test_conf": [0.37048402742285064, 0.3725797147161956], "ood_test_balanced": 0.4997069835662842, "ood_test_balanced_conf": [0.49944682421395553, 0.49996714291861283], "features": ["AGEP", "SEX", "RAC1P", "DEYE", "DREM", "ANC", "NATIVITY", "DIS"]}