{"validation": 0.7775634458975081, "id_test": 0.7765295078497231, "ood_test": 0.36616875153598893, "ood_validation": 0.3628350719661957, "train": 0.7764285245375412, "id_test_conf": [0.7753731585817164, 0.7776826570125401], "id_test_balanced": 0.5081362724304199, "id_test_balanced_conf": [0.5079054800598533, 0.5083670648009866], "ood_test_conf": [0.3651245409880472, 0.36721391002310744], "ood_test_balanced": 0.501255214214325, "ood_test_balanced_conf": [0.5011544422873704, 0.5013559861412795], "features": ["AGEP", "SEX", "RAC1P", "DEYE", "DREM", "ANC", "NATIVITY", "DIS"]}