{"validation": 0.7780207316172139, "id_test": 0.7769428613648254, "ood_test": 0.3665930207109382, "ood_validation": 0.363385272239095, "train": 0.776820661920914, "id_test_conf": [0.7757872704907811, 0.7780952473477789], "id_test_balanced": 0.5113523006439209, "id_test_balanced_conf": [0.5110842800402315, 0.5116203212476103], "ood_test_conf": [0.3655485536649538, 0.36763843269077573], "ood_test_balanced": 0.5013553500175476, "ood_test_balanced_conf": [0.501241684860288, 0.5014690151748072], "features": ["AGEP", "SEX", "RAC1P", "DEYE", "DREM", "ANC", "NATIVITY", "DIS"]}