{"validation": 0.6468643086980299, "id_test": 0.6437655796917129, "ood_test": 0.6191333524284954, "ood_validation": 0.6157245442828209, "0": 0.47783598629860974, "1": 0.6946042606126575, "2": 0.6287744670240618, "3": 0.6557026732590295, "4": 0.7164467810733062, "5": 0.6224017323064401, "7": 0.6164668302937066, "8": 0.6597046958526261, "9": 0.6602426901894058, "id_test_conf": [0.640406690422632, 0.647113858438517], "id_test_balanced": 0.6524975299835205, "id_test_balanced_conf": [0.650145029486157, 0.654850030480884], "ood_test_conf": [0.6148111819496456, 0.6234413699431138], "ood_test_balanced": 0.6437303423881531, "ood_test_balanced_conf": [0.6407408806215972, 0.646719804154709], "features": ["DIVISION", "AGEP", "SEX", "RAC1P", "POBP", "DIS", "ANC", "NATIVITY", "DEAR", "DEYE", "DREM", "ST", "MAR"]}