{"validation": 0.8135882076131609, "id_test": 0.8099913516813348, "ood_test": 0.7808830148533082, "ood_validation": 0.7886208801325723, "0": 0.5296191819464033, "1": 0.8247939667236822, "2": 0.8126418152350081, "3": 0.8088703595072488, "4": 0.8441622854875508, "5": 0.8019672735370227, "7": 0.7996782262515707, "8": 0.829852347926313, "9": 0.8316840549858953, "id_test_conf": [0.8072314559096208, 0.8127283560796511], "id_test_balanced": 0.5073712468147278, "id_test_balanced_conf": [0.5068691614398267, 0.5078733321896288], "ood_test_conf": [0.7771890638918256, 0.7845435789007228], "ood_test_balanced": 0.5082033276557922, "ood_test_balanced_conf": [0.5074872808111831, 0.5089193745004014], "features": ["DIVISION", "AGEP", "SEX", "RAC1P", "POBP", "DIS", "ANC", "NATIVITY", "DEAR", "DEYE", "DREM", "ST", "MAR"]}