{"validation": 0.8184720261487785, "id_test": 0.8161087653253294, "ood_test": 0.782908465976513, "ood_validation": 0.7924875713496594, "train": 0.8163279906139411, "id_test_conf": [0.8133829773261683, 0.8188112093035471], "id_test_balanced": 0.5453332662582397, "id_test_balanced_conf": [0.5441626323992387, 0.5465039001172408], "ood_test_conf": [0.7792266510898392, 0.7865566527809185], "ood_test_balanced": 0.5500969886779785, "ood_test_balanced_conf": [0.5483823796012439, 0.5518115977547131], "features": ["DIVISION", "AGEP", "SEX", "RAC1P", "POBP", "DIS", "ANC", "NATIVITY", "DEAR", "DEYE", "DREM", "ST", "MAR"]}