{"id_test": 0.8162232283664852, "id_test_conf": [0.813498089144681, 0.8189250150970121], "id_test_balanced": 0.550977885723114, "id_test_balanced_conf": [0.5497342683468014, 0.5522215030994266], "ood_test": 0.7839723392937518, "ood_test_conf": [0.7802969508008732, 0.7876139730248873], "ood_test_balanced": 0.5515807271003723, "ood_test_balanced_conf": [0.549860723875463, 0.5533007303252816], "validation": 0.8186373637554529, "validation_conf": [0.8159259827583265, 0.8213252133066777], "validation_balanced": 0.5479459166526794, "validation_balanced_conf": [0.5467308649537154, 0.5491609683516435], "features": ["DIVISION", "AGEP", "SEX", "RAC1P", "POBP", "DIS", "ANC", "NATIVITY", "DEAR", "DEYE", "DREM", "ST", "MAR"]}