{"validation": 0.7490302313454665, "id_test": 0.7450017805361958, "ood_test": 0.7057162731699334, "ood_validation": 0.7147854907015283, "0": 0.5847269796494056, "1": 0.7898460581558078, "2": 0.7519635955616507, "3": 0.764707114723875, "4": 0.7774278345402242, "5": 0.7033118074805538, "7": 0.7131281340645661, "8": 0.7404463345323026, "9": 0.7905252317198764, "id_test_conf": [0.7419398785814484, 0.748045595819193], "id_test_balanced": 0.6230759620666504, "id_test_balanced_conf": [0.6208880517119542, 0.6252638724213466], "ood_test_conf": [0.7016538350448777, 0.709754267312501], "ood_test_balanced": 0.6289913654327393, "ood_test_balanced_conf": [0.6260873025888577, 0.6318954282766208], "features": ["DIVISION", "AGEP", "SEX", "RAC1P", "POBP", "DIS", "ANC", "NATIVITY", "DEAR", "DEYE", "DREM", "ST", "MAR"]}