{"validation": 0.33147646482760373, "id_test": 0.33345627511827847, "ood_test": 0.34698637423789847, "ood_validation": 0.3450561590867244, "0": 0.47602256699576867, "1": 0.36083035297776395, "2": 0.29685824710135894, "3": 0.3475027235397637, "4": 0.38230334292232915, "5": 0.3268806966083344, "7": 0.3123788944605592, "8": 0.39226168001430817, "9": 0.30893296914879326, "id_test_conf": [0.33016082268684516, 0.3367640196844245], "id_test_balanced": 0.5562815070152283, "id_test_balanced_conf": [0.5545915043400601, 0.5579715096903964], "ood_test_conf": [0.3427653698872948, 0.3512255576551434], "ood_test_balanced": 0.5458186268806458, "ood_test_balanced_conf": [0.5436294948821887, 0.5480077588791028], "features": ["DIVISION", "AGEP", "SEX", "RAC1P", "POBP", "DIS", "ANC", "NATIVITY", "DEAR", "DEYE", "DREM", "ST", "MAR"]}