{"validation": 0.8184847444262149, "id_test": 0.8149259805667193, "ood_test": 0.783256270714841, "ood_validation": 0.7919351868900755, "train": 0.8157461312712831, "id_test_conf": [0.8121935115398349, 0.8176351930975925], "id_test_balanced": 0.5432025194168091, "id_test_balanced_conf": [0.542044020993635, 0.5443610178399831], "ood_test_conf": [0.7795765528170225, 0.7869023191163531], "ood_test_balanced": 0.5381913185119629, "ood_test_balanced_conf": [0.5366919609438628, 0.5396906760800629], "features": ["DIVISION", "AGEP", "SEX", "RAC1P", "POBP", "DIS", "ANC", "NATIVITY", "DEAR", "DEYE", "DREM", "ST", "MAR"]}