{"validation": 0.33057346712961194, "id_test": 0.33185379254209696, "ood_test": 0.38362862637587464, "ood_validation": 0.3787516111213404, "0": 0.47410840217610317, "1": 0.3530943865650754, "2": 0.35633960852761504, "3": 0.3658028157211095, "4": 0.40310981053466916, "5": 0.32551389454123825, "7": 0.26163493946190974, "8": 0.35947218854951213, "9": 0.2961178525052613, "id_test_conf": [0.3285623774029723, 0.33515761812900796], "id_test_balanced": 0.5664136409759521, "id_test_balanced_conf": [0.5648379947897046, 0.5679892871621997], "ood_test_conf": [0.37931451168036145, 0.38795656585468474], "ood_test_balanced": 0.575952410697937, "ood_test_balanced_conf": [0.5737237710505724, 0.5781810503453017], "features": ["DIVISION", "AGEP", "SEX", "RAC1P", "POBP", "DIS", "ANC", "NATIVITY", "DEAR", "DEYE", "DREM", "ST", "MAR"]}