{"validation": 0.8185610540908339, "id_test": 0.8153838327313425, "ood_test": 0.7842996849298253, "ood_validation": 0.7921193150432702, "train": 0.8158621851838898, "id_test_conf": [0.8126539449410926, 0.8180904301453582], "id_test_balanced": 0.5398712754249573, "id_test_balanced_conf": [0.5387683980725706, 0.540974152777344], "ood_test_conf": [0.7806262810199239, 0.7879392950989427], "ood_test_balanced": 0.5388600826263428, "ood_test_balanced_conf": [0.537369096763432, 0.5403510684892535], "features": ["DIVISION", "AGEP", "SEX", "RAC1P", "POBP", "DIS", "ANC", "NATIVITY", "DEAR", "DEYE", "DREM", "ST", "MAR"]}