{"validation": 0.8177852391672072, "id_test": 0.8145317189805158, "ood_test": 0.7818445926592741, "ood_validation": 0.791198674277297, "train": 0.8155807941903094, "id_test_conf": [0.8117970322336833, 0.8172431784055767], "id_test_balanced": 0.5506197810173035, "id_test_balanced_conf": [0.5493578085233457, 0.5518817535112612], "ood_test_conf": [0.7781563871744608, 0.7854992967376537], "ood_test_balanced": 0.556932806968689, "ood_test_balanced_conf": [0.555098730190657, 0.5587668837467209], "features": ["DIVISION", "AGEP", "SEX", "RAC1P", "POBP", "DIS", "ANC", "NATIVITY", "DEAR", "DEYE", "DREM", "ST", "MAR"]}