{"validation": 0.8177216477800247, "id_test": 0.8143282291295721, "ood_test": 0.7837472891689513, "ood_validation": 0.7919351868900755, "train": 0.8151515536916273, "id_test_conf": [0.8115923995635982, 0.8170408464313026], "id_test_balanced": 0.5329833030700684, "id_test_balanced_conf": [0.5319728608429432, 0.5339937452971936], "ood_test_conf": [0.780070538251962, 0.7873903121220853], "ood_test_balanced": 0.5288834571838379, "ood_test_balanced_conf": [0.5275953252217732, 0.5301715891459026], "features": ["DIVISION", "AGEP", "SEX", "RAC1P", "POBP", "DIS", "ANC", "NATIVITY", "DEAR", "DEYE", "DREM", "ST", "MAR"]}