{"validation": 0.7941292431353097, "id_test": 0.7907615607671568, "ood_test": 0.7784483816850116, "ood_validation": 0.7847541889154852, "0": 0.4944589965746524, "1": 0.8042295132949775, "2": 0.8105223787557662, "3": 0.8072676611078522, "4": 0.8149241146711635, "5": 0.7987729496049327, "7": 0.7969184878982537, "8": 0.7769917132012479, "9": 0.7687905789638652, "id_test_conf": [0.7879013281692393, 0.7936003243551869], "id_test_balanced": 0.5068647265434265, "id_test_balanced_conf": [0.5058878865931183, 0.5078415664937347], "ood_test_conf": [0.7747400128001618, 0.7821236535277964], "ood_test_balanced": 0.49955958127975464, "ood_test_balanced_conf": [0.4992653292760951, 0.49985383328341415], "features": ["DIVISION", "AGEP", "SEX", "RAC1P", "POBP", "DIS", "ANC", "NATIVITY", "DEAR", "DEYE", "DREM", "ST", "MAR"]}