{"validation": 0.7935950754829766, "id_test": 0.7909014600396805, "ood_test": 0.7720037644748149, "ood_validation": 0.7779414472472841, "0": 0.5323393109006649, "1": 0.8237054890374748, "2": 0.7686572746540332, "3": 0.7918272856783709, "4": 0.8409383989683563, "5": 0.7987422349517396, "7": 0.7672424929245006, "8": 0.7629021680809205, "9": 0.831281063896476, "id_test_conf": [0.7880419214838604, 0.793739519240245], "id_test_balanced": 0.4976358413696289, "id_test_balanced_conf": [0.4968550787225831, 0.4984166040166747], "ood_test_conf": [0.7682581101485983, 0.775717088981095], "ood_test_balanced": 0.4970996677875519, "ood_test_balanced_conf": [0.4964975552528631, 0.49770178032224066], "features": ["DIVISION", "AGEP", "SEX", "RAC1P", "POBP", "DIS", "ANC", "NATIVITY", "DEAR", "DEYE", "DREM", "ST", "MAR"]}