{"validation": 0.7210853069671189, "id_test": 0.7216091954022988, "ood_test": 0.6146672318779144, "ood_validation": 0.6083086053412463, "train": 0.7100816185768479, "id_test_conf": [0.7080291518911264, 0.7348910771575858], "id_test_balanced": 0.531516969203949, "id_test_balanced_conf": [0.5278319225553423, 0.5352020158525557], "ood_test_conf": [0.6080819664940409, 0.6212210864867534], "ood_test_balanced": 0.5251343250274658, "ood_test_balanced_conf": [0.5236372448643669, 0.5266314051905647], "features": ["VCF0004", "VCF0901b", "VCF0218", "VCF0224", "VCF0302", "VCF9201", "VCF9202", "VCF9203", "VCF9206", "VCF0428", "VCF0429", "VCF0822", "VCF0870", "VCF0803", "VCF0601", "VCF0612", "VCF0615", "VCF0616", "VCF0617", "VCF0310", "VCF0743", "VCF0717", "VCF0718", "VCF0720", "VCF0721", "VCF0701", "VCF0675", "VCF0724", "VCF0725", "VCF0726", "VCF0745", "VCF0101", "VCF0104", "VCF0105a", "VCF0115", "VCF0140a", "VCF0112", "VCF0521"]}