{"validation": 0.7141871694642447, "id_test": 0.7160919540229885, "ood_test": 0.6097687343978145, "ood_validation": 0.6015260703688003, "0": 0.6990118577075098, "1": 0.7150753768844221, "3": 0.7008429719662811, "id_test_conf": [0.7024358636176028, 0.7294573252033699], "id_test_balanced": 0.5215420126914978, "id_test_balanced_conf": [0.5185022125393153, 0.5245818128436803], "ood_test_conf": [0.60316896627471, 0.6163384339196005], "ood_test_balanced": 0.5189287662506104, "ood_test_balanced_conf": [0.5176371129928157, 0.520220419508405], "features": ["VCF0004", "VCF0901b", "VCF0218", "VCF0224", "VCF0302", "VCF9201", "VCF9202", "VCF9203", "VCF9206", "VCF0428", "VCF0429", "VCF0822", "VCF0870", "VCF0803", "VCF0601", "VCF0612", "VCF0615", "VCF0616", "VCF0617", "VCF0310", "VCF0743", "VCF0717", "VCF0718", "VCF0720", "VCF0721", "VCF0701", "VCF0675", "VCF0724", "VCF0725", "VCF0726", "VCF0745", "VCF0101", "VCF0104", "VCF0105a", "VCF0115", "VCF0140a", "VCF0112", "VCF0521"]}