{"validation": 0.7374108990572545, "id_test": 0.7344827586206897, "ood_test": 0.6352032405444868, "ood_validation": 0.6303518440016956, "0": 0.7225296442687748, "1": 0.7337401292175162, "3": 0.7260341109586356, "id_test_conf": [0.7210899974135664, 0.7475599846282635], "id_test_balanced": 0.5554643273353577, "id_test_balanced_conf": [0.5506103446707129, 0.5603183100000024], "ood_test_conf": [0.6286864542076246, 0.6416829887508244], "ood_test_balanced": 0.5509335994720459, "ood_test_balanced_conf": [0.5488401673128829, 0.5530270316312089], "features": ["VCF0004", "VCF0901b", "VCF0218", "VCF0224", "VCF0302", "VCF9201", "VCF9202", "VCF9203", "VCF9206", "VCF0428", "VCF0429", "VCF0822", "VCF0870", "VCF0803", "VCF0601", "VCF0612", "VCF0615", "VCF0616", "VCF0617", "VCF0310", "VCF0743", "VCF0717", "VCF0718", "VCF0720", "VCF0721", "VCF0701", "VCF0675", "VCF0724", "VCF0725", "VCF0726", "VCF0745", "VCF0101", "VCF0104", "VCF0105a", "VCF0115", "VCF0140a", "VCF0112", "VCF0521"]}