{"validation": 0.7093584732122327, "id_test": 0.7064367816091954, "ood_test": 0.7191371108285055, "ood_validation": 0.7286986011021619, "0": 0.7254940711462451, "1": 0.707035175879397, "3": 0.7350519505979219, "id_test_conf": [0.6926535141861874, 0.7199423499886682], "id_test_balanced": 0.7142156958580017, "id_test_balanced_conf": [0.7047306118346751, 0.7237007798813283], "ood_test_conf": [0.7130385657013956, 0.7251756042185027], "ood_test_balanced": 0.7137154340744019, "ood_test_balanced_conf": [0.709424613667652, 0.7180062544811517], "features": ["VCF0004", "VCF0901b", "VCF0218", "VCF0224", "VCF0302", "VCF9201", "VCF9202", "VCF9203", "VCF9206", "VCF0428", "VCF0429", "VCF0822", "VCF0870", "VCF0803", "VCF0601", "VCF0612", "VCF0615", "VCF0616", "VCF0617", "VCF0310", "VCF0743", "VCF0717", "VCF0718", "VCF0720", "VCF0721", "VCF0701", "VCF0675", "VCF0724", "VCF0725", "VCF0726", "VCF0745", "VCF0101", "VCF0104", "VCF0105a", "VCF0115", "VCF0140a", "VCF0112", "VCF0521"]}