{"validation": 0.7863876753276615, "id_test": 0.7774712643678161, "ood_test": 0.705383637134379, "ood_validation": 0.7142857142857143, "0": 0.7753952569169961, "1": 0.7773869346733668, "3": 0.7772985689080573, "id_test_conf": [0.7648116187630914, 0.7897572646927286], "id_test_balanced": 0.6447598338127136, "id_test_balanced_conf": [0.6374001183267682, 0.652119549298659], "ood_test_conf": [0.6992002360436578, 0.7115107595306456], "ood_test_balanced": 0.6446585655212402, "ood_test_balanced_conf": [0.6412855244986713, 0.6480316065438092], "features": ["VCF0004", "VCF0901b", "VCF0218", "VCF0224", "VCF0302", "VCF9201", "VCF9202", "VCF9203", "VCF9206", "VCF0428", "VCF0429", "VCF0822", "VCF0870", "VCF0803", "VCF0601", "VCF0612", "VCF0615", "VCF0616", "VCF0617", "VCF0310", "VCF0743", "VCF0717", "VCF0718", "VCF0720", "VCF0721", "VCF0701", "VCF0675", "VCF0724", "VCF0725", "VCF0726", "VCF0745", "VCF0101", "VCF0104", "VCF0105a", "VCF0115", "VCF0140a", "VCF0112", "VCF0521"]}