{"validation": 0.47505173603127154, "id_test": 0.4664367816091954, "ood_test": 0.559276529602939, "ood_validation": 0.5625264942772361, "train": 0.4818944706288079, "id_test_conf": [0.4515236476156132, 0.48139502143868446], "id_test_balanced": 0.6151466965675354, "id_test_balanced_conf": [0.6083971599675715, 0.6218962331674993], "ood_test_conf": [0.552567044687669, 0.5659697784257365], "ood_test_balanced": 0.6250820159912109, "ood_test_balanced_conf": [0.6218842486757785, 0.6282797833066434], "features": ["VCF0004", "VCF0901b", "VCF0218", "VCF0224", "VCF0302", "VCF9201", "VCF9202", "VCF9203", "VCF9206", "VCF0428", "VCF0429", "VCF0822", "VCF0870", "VCF0803", "VCF0601", "VCF0612", "VCF0615", "VCF0616", "VCF0617", "VCF0310", "VCF0743", "VCF0717", "VCF0718", "VCF0720", "VCF0721", "VCF0701", "VCF0675", "VCF0724", "VCF0725", "VCF0726", "VCF0745", "VCF0101", "VCF0104", "VCF0105a", "VCF0115", "VCF0140a", "VCF0112", "VCF0521"]}