{"validation": 0.7836284203265118, "id_test": 0.7777011494252873, "ood_test": 0.7422165701097452, "ood_validation": 0.7562526494277236, "0": 0.774901185770751, "1": 0.7824120603015076, "3": 0.7895510684179573, "id_test_conf": [0.765045905191928, 0.7899824371492244], "id_test_balanced": 0.6906596422195435, "id_test_balanced_conf": [0.6820495535805822, 0.6992697308585047], "ood_test_conf": [0.7362763402691266, 0.7480904142505648], "ood_test_balanced": 0.6993539333343506, "ood_test_balanced_conf": [0.6955637655407191, 0.7031441011279821], "features": ["VCF0004", "VCF0901b", "VCF0218", "VCF0224", "VCF0302", "VCF9201", "VCF9202", "VCF9203", "VCF9206", "VCF0428", "VCF0429", "VCF0822", "VCF0870", "VCF0803", "VCF0601", "VCF0612", "VCF0615", "VCF0616", "VCF0617", "VCF0310", "VCF0743", "VCF0717", "VCF0718", "VCF0720", "VCF0721", "VCF0701", "VCF0675", "VCF0724", "VCF0725", "VCF0726", "VCF0745", "VCF0101", "VCF0104", "VCF0105a", "VCF0115", "VCF0140a", "VCF0112", "VCF0521"]}