{"validation": 0.759944814899977, "id_test": 0.7547126436781609, "ood_test": 0.6560218548349113, "ood_validation": 0.6532428995337007, "0": 0.7464426877470356, "1": 0.7528356066044508, "3": 0.7466183101352676, "id_test_conf": [0.7416433197620612, 0.7674391069101592], "id_test_balanced": 0.5889003276824951, "id_test_balanced_conf": [0.5831059421785176, 0.5946947131864726], "ood_test_conf": [0.6495874761264431, 0.6624134895473022], "ood_test_balanced": 0.5767859816551208, "ood_test_balanced_conf": [0.5743020298704505, 0.5792699334397912], "features": ["VCF0004", "VCF0901b", "VCF0218", "VCF0224", "VCF0302", "VCF9201", "VCF9202", "VCF9203", "VCF9206", "VCF0428", "VCF0429", "VCF0822", "VCF0870", "VCF0803", "VCF0601", "VCF0612", "VCF0615", "VCF0616", "VCF0617", "VCF0310", "VCF0743", "VCF0717", "VCF0718", "VCF0720", "VCF0721", "VCF0701", "VCF0675", "VCF0724", "VCF0725", "VCF0726", "VCF0745", "VCF0101", "VCF0104", "VCF0105a", "VCF0115", "VCF0140a", "VCF0112", "VCF0521"]}