{"validation": 0.8240974936767073, "id_test": 0.8282758620689655, "ood_test": 0.7791908058970374, "ood_validation": 0.79482831708351, "train": 0.82383032532475, "id_test_conf": [0.8167340984656616, 0.8393750182687738], "id_test_balanced": 0.7440948486328125, "id_test_balanced_conf": [0.7360213221795857, 0.7521683750860393], "ood_test_conf": [0.7735497535415562, 0.7847553168583158], "ood_test_balanced": 0.7382965087890625, "ood_test_balanced_conf": [0.7346576441079378, 0.7419353734701872], "features": ["VCF0004", "VCF0901b", "VCF0218", "VCF0224", "VCF0302", "VCF9201", "VCF9202", "VCF9203", "VCF9206", "VCF0428", "VCF0429", "VCF0822", "VCF0870", "VCF0803", "VCF0601", "VCF0612", "VCF0615", "VCF0616", "VCF0617", "VCF0310", "VCF0743", "VCF0717", "VCF0718", "VCF0720", "VCF0721", "VCF0701", "VCF0675", "VCF0724", "VCF0725", "VCF0726", "VCF0745", "VCF0101", "VCF0104", "VCF0105a", "VCF0115", "VCF0140a", "VCF0112", "VCF0521"]}