{"validation": 0.8286962520119567, "id_test": 0.8314942528735633, "ood_test": 0.7972304648862513, "ood_validation": 0.8096651123357355, "train": 0.82549718358432, "id_test_conf": [0.8200342106588836, 0.8425073036307102], "id_test_balanced": 0.773061990737915, "id_test_balanced_conf": [0.7647939477488399, 0.7813300337269902], "ood_test_conf": [0.7917581423535408, 0.8026212860685819], "ood_test_balanced": 0.768621563911438, "ood_test_balanced_conf": [0.7648779025487602, 0.7723652252741158], "features": ["VCF0004", "VCF0901b", "VCF0218", "VCF0224", "VCF0302", "VCF9201", "VCF9202", "VCF9203", "VCF9206", "VCF0428", "VCF0429", "VCF0822", "VCF0870", "VCF0803", "VCF0601", "VCF0612", "VCF0615", "VCF0616", "VCF0617", "VCF0310", "VCF0743", "VCF0717", "VCF0718", "VCF0720", "VCF0721", "VCF0701", "VCF0675", "VCF0724", "VCF0725", "VCF0726", "VCF0745", "VCF0101", "VCF0104", "VCF0105a", "VCF0115", "VCF0140a", "VCF0112", "VCF0521"]}