{"validation": 0.8038629570016096, "id_test": 0.7963218390804597, "ood_test": 0.7286986011021619, "ood_validation": 0.7354811360746079, "train": 0.7963559029773537, "id_test_conf": [0.7840417859124145, 0.8082027047758875], "id_test_balanced": 0.6751976013183594, "id_test_balanced_conf": [0.6676009289268404, 0.6827942737098783], "ood_test_conf": [0.722663159557242, 0.7346713672478985], "ood_test_balanced": 0.6715586185455322, "ood_test_balanced_conf": [0.6681411705212668, 0.6749760665697977], "features": ["VCF0004", "VCF0901b", "VCF0218", "VCF0224", "VCF0302", "VCF9201", "VCF9202", "VCF9203", "VCF9206", "VCF0428", "VCF0429", "VCF0822", "VCF0870", "VCF0803", "VCF0601", "VCF0612", "VCF0615", "VCF0616", "VCF0617", "VCF0310", "VCF0743", "VCF0717", "VCF0718", "VCF0720", "VCF0721", "VCF0701", "VCF0675", "VCF0724", "VCF0725", "VCF0726", "VCF0745", "VCF0101", "VCF0104", "VCF0105a", "VCF0115", "VCF0140a", "VCF0112", "VCF0521"]}