{"validation": 0.8123706599218211, "id_test": 0.8098850574712644, "ood_test": 0.754839621308464, "ood_validation": 0.7638830012717253, "train": 0.8071904816645591, "id_test_conf": [0.7979028889370285, 0.8214496300578795], "id_test_balanced": 0.7139838933944702, "id_test_balanced_conf": [0.7058818305842578, 0.7220859562046826], "ood_test_conf": [0.7489949241466137, 0.7606144669209205], "ood_test_balanced": 0.7104325890541077, "ood_test_balanced_conf": [0.7067430101847276, 0.7141221679234877], "features": ["VCF0004", "VCF0901b", "VCF0218", "VCF0224", "VCF0302", "VCF9201", "VCF9202", "VCF9203", "VCF9206", "VCF0428", "VCF0429", "VCF0822", "VCF0870", "VCF0803", "VCF0601", "VCF0612", "VCF0615", "VCF0616", "VCF0617", "VCF0310", "VCF0743", "VCF0717", "VCF0718", "VCF0720", "VCF0721", "VCF0701", "VCF0675", "VCF0724", "VCF0725", "VCF0726", "VCF0745", "VCF0101", "VCF0104", "VCF0105a", "VCF0115", "VCF0140a", "VCF0112", "VCF0521"]}