{"validation": 0.8114509082547712, "id_test": 0.8101149425287356, "ood_test": 0.7582779897319957, "ood_validation": 0.7676981771937261, "train": 0.8095470743763651, "id_test_conf": [0.7981380125453964, 0.8216739643042703], "id_test_balanced": 0.7161650657653809, "id_test_balanced_conf": [0.7080276734009385, 0.7243024581298232], "ood_test_conf": [0.7524604664449044, 0.7640247171949538], "ood_test_balanced": 0.7145057320594788, "ood_test_balanced_conf": [0.7108181462902575, 0.7181933178287], "features": ["VCF0004", "VCF0901b", "VCF0218", "VCF0224", "VCF0302", "VCF9201", "VCF9202", "VCF9203", "VCF9206", "VCF0428", "VCF0429", "VCF0822", "VCF0870", "VCF0803", "VCF0601", "VCF0612", "VCF0615", "VCF0616", "VCF0617", "VCF0310", "VCF0743", "VCF0717", "VCF0718", "VCF0720", "VCF0721", "VCF0701", "VCF0675", "VCF0724", "VCF0725", "VCF0726", "VCF0745", "VCF0101", "VCF0104", "VCF0105a", "VCF0115", "VCF0140a", "VCF0112", "VCF0521"]}