{"validation": 0.8234076799264198, "id_test": 0.8264367816091954, "ood_test": 0.7748104187273327, "ood_validation": 0.7859262399321747, "train": 0.8201804805150017, "id_test_conf": [0.8148489651390044, 0.8375844948320593], "id_test_balanced": 0.7367342710494995, "id_test_balanced_conf": [0.728722777813673, 0.744745764285326], "ood_test_conf": [0.7691307629555297, 0.7804147369226724], "ood_test_balanced": 0.7330249547958374, "ood_test_balanced_conf": [0.7293808692647145, 0.7366690403269603], "features": ["VCF0004", "VCF0901b", "VCF0218", "VCF0224", "VCF0302", "VCF9201", "VCF9202", "VCF9203", "VCF9206", "VCF0428", "VCF0429", "VCF0822", "VCF0870", "VCF0803", "VCF0601", "VCF0612", "VCF0615", "VCF0616", "VCF0617", "VCF0310", "VCF0743", "VCF0717", "VCF0718", "VCF0720", "VCF0721", "VCF0701", "VCF0675", "VCF0724", "VCF0725", "VCF0726", "VCF0745", "VCF0101", "VCF0104", "VCF0105a", "VCF0115", "VCF0140a", "VCF0112", "VCF0521"]}