{"validation": 0.9224025974025974, "id_test": 0.9221590909090909, "ood_test": 0.7958579881656804, "ood_validation": 0.7350993377483444, "train": 0.9222371037785625, "id_test_conf": [0.9172871097013585, 0.9268304945120371], "id_test_balanced": 0.7282810807228088, "id_test_balanced_conf": [0.7237732763960958, 0.7327888850495219], "ood_test_conf": [0.7733702245159728, 0.8170517607086575], "ood_test_balanced": 0.7047823071479797, "ood_test_balanced_conf": [0.6901731672883034, 0.7193914470076561], "features": ["AccredAgency", "HIGHDEG", "CONTROL", "region", "LOCALE", "locale2", "CCBASIC", "HBCU", "DISTANCEONLY", "median_hh_inc", "poverty_rate", "unemp_rate", "TUITIONFEE_IN", "TUITIONFEE_OUT", "TUITIONFEE_PROG", "ADM_RATE", "ADM_RATE_ALL", "SATVRMID", "SATMTMID", "SATWRMID", "ACTCMMID", "ACTENMID", "ACTMTMID", "ACTWRMID", "NPT4_PROG", "COSTT4_A", "COSTT4_P", "loan_ever", "pell_ever", "PCIP48"]}