{"validation": 0.6696642723792045, "id_test": 0.6683626974483596, "ood_test": 0.6438592562342743, "ood_validation": 0.6422050978067576, "0": 0.8681303507318421, "2": 0.6183938858153197, "3": 0.6698542297679224, "4": 0.6748431935792747, "5": 0.6669295107177604, "6": 0.689820310261553, "7": 0.6978253232851471, "8": 0.6852899867812293, "9": 0.6689769866119127, "id_test_conf": [0.6660351386748378, 0.6706840774845229], "id_test_balanced": 0.661198616027832, "id_test_balanced_conf": [0.6595499171875417, 0.6628473148681223], "ood_test_conf": [0.6404407723957057, 0.6472667421343659], "ood_test_balanced": 0.6613797545433044, "ood_test_balanced_conf": [0.659038744890131, 0.6637207641964779], "features": ["AGEP", "SEX", "POBP", "DIVISION"]}