{"validation": 0.6819795589026358, "id_test": 0.6852533920615634, "ood_test": 0.6238226344008114, "ood_validation": 0.6218138707765264, "0": 0.9109362054681027, "2": 0.6436548223350254, "3": 0.7012419340133919, "4": 0.7239238722310084, "5": 0.6841869880425572, "6": 0.7401525384415975, "7": 0.700171667561459, "8": 0.6972798248512888, "9": 0.6343686415876172, "id_test_conf": [0.6829570121947716, 0.6875429731513333], "id_test_balanced": 0.5177479386329651, "id_test_balanced_conf": [0.517132131777471, 0.5183637454884592], "ood_test_conf": [0.6203653097043343, 0.6272704932223101], "ood_test_balanced": 0.537663996219635, "ood_test_balanced_conf": [0.5363300442881882, 0.5389979481510818], "features": ["AGEP", "SEX", "POBP", "DIVISION"]}