{"validation": 0.6830554061323292, "id_test": 0.6838168286755771, "ood_test": 0.6358762234722241, "ood_validation": 0.6320094842916419, "train": 0.6834762123622464, "id_test_conf": [0.6815176624901984, 0.6861092488207683], "id_test_balanced": 0.5639529228210449, "id_test_balanced_conf": [0.5626765020051971, 0.5652293436368927], "ood_test_conf": [0.6324414983250211, 0.6393005611064303], "ood_test_balanced": 0.574670672416687, "ood_test_balanced_conf": [0.572693666741252, 0.576647678092122], "features": ["AGEP", "SEX", "POBP", "DIVISION"]}