{"validation": 0.6972882321298611, "id_test": 0.696663628999595, "ood_test": 0.667044301879833, "ood_validation": 0.6661529342027267, "train": 0.6964820670140485, "id_test_conf": [0.6943902899802993, 0.6989297503522258], "id_test_balanced": 0.6185915470123291, "id_test_balanced_conf": [0.6170779358688742, 0.620105158155784], "ood_test_conf": [0.6636788990454661, 0.6703969337702568], "ood_test_balanced": 0.6315298676490784, "ood_test_balanced_conf": [0.6292667479394004, 0.6337929873587563], "features": ["AGEP", "SEX", "POBP", "DIVISION"]}