{"validation": 0.6843211087554979, "id_test": 0.6849749392466585, "ood_test": 0.636152863221404, "ood_validation": 0.6312981624184943, "train": 0.684354291473219, "id_test_conf": [0.6826780173192315, 0.6872650726192127], "id_test_balanced": 0.5586075782775879, "id_test_balanced_conf": [0.5573887123074382, 0.5598264442477375], "ood_test_conf": [0.6327186837931609, 0.6395766339836971], "ood_test_balanced": 0.5748443603515625, "ood_test_balanced_conf": [0.5728694609506055, 0.5768192597525195], "features": ["AGEP", "SEX", "POBP", "DIVISION"]}