{"validation": 0.6984147074644812, "id_test": 0.7001632746051033, "ood_test": 0.6597199351872588, "ood_validation": 0.6571428571428571, "train": 0.6981978810606246, "id_test_conf": [0.6978973311403629, 0.7024218719194065], "id_test_balanced": 0.5830487012863159, "id_test_balanced_conf": [0.5817615339299664, 0.5843358686426654], "ood_test_conf": [0.6563367980258408, 0.6630908615398012], "ood_test_balanced": 0.6161733269691467, "ood_test_balanced_conf": [0.6139751220867038, 0.6183715318515897], "features": ["AGEP", "SEX", "POBP", "DIVISION"]}