{"id_test": 0.7024225394896719, "id_test_conf": [0.7001614536372143, 0.7046761962449717], "id_test_balanced": 0.6146036982536316, "id_test_balanced_conf": [0.6131376586575061, 0.616069737849757], "ood_test": 0.6697053128005164, "ood_test_conf": [0.6663465779649546, 0.6730510731832349], "ood_test_balanced": 0.6351199746131897, "ood_test_balanced_conf": [0.6328534660628066, 0.6373864831635728], "validation": 0.702142201689713, "validation_conf": [0.6998805023398329, 0.7043964821878377], "validation_balanced": 0.6156111359596252, "validation_balanced_conf": [0.6141462348378264, 0.6170760370814241], "features": ["AGEP", "SEX", "POBP", "DIVISION"]}