{"validation": 0.5117362275733316, "id_test": 0.5073093863912516, "ood_test": 0.5469563040929509, "ood_validation": 0.5471250740960285, "0": 0.3144159072079536, "2": 0.5186562482176468, "3": 0.4873578005814601, "4": 0.46351224865248686, "5": 0.5030756677023507, "6": 0.4722824826381783, "7": 0.5060547612892963, "8": 0.5192498347653668, "9": 0.567516467997733, "id_test_conf": [0.5048410829813703, 0.5097774215823863], "id_test_balanced": 0.6268342733383179, "id_test_balanced_conf": [0.625613167269621, 0.6280553794070147], "ood_test_conf": [0.5434068473182406, 0.5505021714401572], "ood_test_balanced": 0.6195876002311707, "ood_test_balanced_conf": [0.6179266932816244, 0.6212485071807169], "features": ["AGEP", "SEX", "POBP", "DIVISION"]}