{"validation": 0.6456475651045787, "id_test": 0.6446499088699879, "ood_test": 0.6093715008365059, "ood_validation": 0.6087729697688203, "train": 0.6445163959519762, "id_test_conf": [0.6422842395665851, 0.6470102698272828], "id_test_balanced": 0.6692619919776917, "id_test_balanced_conf": [0.667639235954266, 0.6708847480011173], "ood_test_conf": [0.6058900742704695, 0.6128445664240545], "ood_test_balanced": 0.652832567691803, "ood_test_balanced_conf": [0.6506908162590116, 0.6549743191245944], "features": ["AGEP", "SEX", "POBP", "DIVISION"]}