{"validation": 0.6581843495870645, "id_test": 0.6572055994329689, "ood_test": 0.6147198693206518, "ood_validation": 0.613633669235329, "train": 0.6566797692946019, "id_test_conf": [0.6548593024795728, 0.6595461271872102], "id_test_balanced": 0.6691277027130127, "id_test_balanced_conf": [0.6674913123785519, 0.6707640930474735], "ood_test_conf": [0.6112469865697943, 0.6181839821778017], "ood_test_balanced": 0.6540206074714661, "ood_test_balanced_conf": [0.6518326663132757, 0.6562085486296564], "features": ["AGEP", "SEX", "POBP", "DIVISION"]}