{"validation": 0.6557795146030441, "id_test": 0.6553197144592953, "ood_test": 0.6206873839101053, "ood_validation": 0.6200355660936574, "train": 0.6543453445590343, "id_test_conf": [0.652970392904735, 0.6576633360370346], "id_test_balanced": 0.6700395345687866, "id_test_balanced_conf": [0.668406451845076, 0.6716726172924973], "ood_test_conf": [0.6172245551558148, 0.6241409865080217], "ood_test_balanced": 0.6575236916542053, "ood_test_balanced_conf": [0.6553160958131775, 0.6597312874952331], "features": ["AGEP", "SEX", "POBP", "DIVISION"]}