{"validation": 0.6941239755719394, "id_test": 0.6950878392061564, "ood_test": 0.6690598200524298, "ood_validation": 0.6633076467101363, "0": 0.8837337752002209, "2": 0.6659042947584555, "3": 0.6905193634328434, "4": 0.6882268771046488, "5": 0.6966308884913536, "6": 0.7133696260215846, "7": 0.713288659998807, "8": 0.7140304857898215, "9": 0.6853938847751154, "id_test_conf": [0.6928112210126712, 0.6973572975846244], "id_test_balanced": 0.6428477764129639, "id_test_balanced_conf": [0.6412563718436286, 0.6444391809822991], "ood_test_conf": [0.6656994566405705, 0.6724072583777971], "ood_test_balanced": 0.6463483572006226, "ood_test_balanced_conf": [0.6440094531374052, 0.6486872612638399], "features": ["AGEP", "SEX", "POBP", "DIVISION"]}