{"validation": 0.6918203967977724, "id_test": 0.6924868367760226, "ood_test": 0.6595882019733635, "ood_validation": 0.6532305868405454, "0": 0.824081745374206, "2": 0.6637597672959562, "3": 0.6904687135954294, "4": 0.6861289524362822, "5": 0.6915780058374917, "6": 0.7109819491629488, "7": 0.7110549932724874, "8": 0.7105089226701917, "9": 0.6862625774623025, "id_test_conf": [0.6902048745268878, 0.6947617346990163], "id_test_balanced": 0.6462461948394775, "id_test_balanced_conf": [0.644641030577477, 0.6478513591014781], "ood_test_conf": [0.6562047541030258, 0.6629594491089588], "ood_test_balanced": 0.646790623664856, "ood_test_balanced_conf": [0.644407119336538, 0.6491741279931739], "features": ["AGEP", "SEX", "POBP", "DIVISION"]}