{"validation": 0.7008638420403126, "id_test": 0.7014163122721749, "ood_test": 0.6678478744845938, "ood_validation": 0.6627148784825133, "train": 0.7000980126142788, "id_test_conf": [0.6991530548396263, 0.7036721775503705], "id_test_balanced": 0.6021747589111328, "id_test_balanced_conf": [0.6007677167910151, 0.6035818010312505], "ood_test_conf": [0.6644844725407871, 0.6711984440291763], "ood_test_balanced": 0.6346993446350098, "ood_test_balanced_conf": [0.6324191983509809, 0.6369794909190386], "features": ["AGEP", "SEX", "POBP", "DIVISION"]}