{"validation": 0.7003575609910452, "id_test": 0.7012897428108545, "ood_test": 0.6689017401957555, "ood_validation": 0.6656787196206283, "train": 0.6994129526952678, "id_test_conf": [0.6990262131463229, 0.7035458849679099], "id_test_balanced": 0.6082639098167419, "id_test_balanced_conf": [0.6068226209422574, 0.6097051986912265], "ood_test_conf": [0.6655409790333738, 0.672249588361329], "ood_test_balanced": 0.6316531300544739, "ood_test_balanced_conf": [0.6294071959564462, 0.6338990641525015], "features": ["AGEP", "SEX", "POBP", "DIVISION"]}