{"validation": 0.6971869759200076, "id_test": 0.6987456966383151, "ood_test": 0.6626444125357326, "ood_validation": 0.6591582691167753, "train": 0.6962447483354073, "id_test_conf": [0.696476738682865, 0.7010073604877277], "id_test_balanced": 0.5739701986312866, "id_test_balanced_conf": [0.5727459771884605, 0.5751944200741127], "ood_test_conf": [0.6592682479791948, 0.6660081426354617], "ood_test_balanced": 0.6151518821716309, "ood_test_balanced_conf": [0.6130025074444712, 0.6173012568987906], "features": ["AGEP", "SEX", "POBP", "DIVISION"]}