{"validation": 0.6971173622757333, "id_test": 0.6986317841231268, "ood_test": 0.6621174796801518, "ood_validation": 0.6598695909899229, "train": 0.6963238545616209, "id_test_conf": [0.6963625850464672, 0.700893693275864], "id_test_balanced": 0.5675166845321655, "id_test_balanced_conf": [0.5663520985399373, 0.5686812705243938], "ood_test_conf": [0.6587400481968628, 0.665482517003858], "ood_test_balanced": 0.6149049997329712, "ood_test_balanced_conf": [0.6127515457104892, 0.6170584537554532], "features": ["AGEP", "SEX", "POBP", "DIVISION"]}