{"validation": 0.7001740341106857, "id_test": 0.7022643276630215, "ood_test": 0.665885049597555, "ood_validation": 0.6591582691167753, "train": 0.6997444077831034, "id_test_conf": [0.7000028995028784, 0.7045183325346395], "id_test_balanced": 0.6086743474006653, "id_test_balanced_conf": [0.6072368961852044, 0.6101117986161262], "ood_test_conf": [0.6625167795573893, 0.6692406373500002], "ood_test_balanced": 0.6339836716651917, "ood_test_balanced_conf": [0.6316916799545288, 0.6362756633758545], "features": ["AGEP", "SEX", "POBP", "DIVISION"]}