{"validation": 0.6974464449577572, "id_test": 0.697347104090725, "ood_test": 0.6709831249753, "ood_validation": 0.6692353289863663, "train": 0.6965034256951261, "id_test_conf": [0.6950751971521052, 0.6996117682702303], "id_test_balanced": 0.6380215883255005, "id_test_balanced_conf": [0.6364486226136796, 0.6395945540373214], "ood_test_conf": [0.667627635071216, 0.6743255427006705], "ood_test_balanced": 0.6418418884277344, "ood_test_balanced_conf": [0.63953955153469, 0.6441442253207788], "features": ["AGEP", "SEX", "POBP", "DIVISION"]}