{"validation": 0.6998133088630826, "id_test": 0.7002518732280275, "ood_test": 0.6677951811990357, "ood_validation": 0.6635447540011855, "train": 0.6988093721892569, "id_test_conf": [0.6979861190228926, 0.7025102780299386], "id_test_balanced": 0.6021085381507874, "id_test_balanced_conf": [0.6006941653694957, 0.603522910932079], "ood_test_conf": [0.664431647712777, 0.6711458863159372], "ood_test_balanced": 0.6286022663116455, "ood_test_balanced_conf": [0.62637201895006, 0.630832513673231], "features": ["AGEP", "SEX", "POBP", "DIVISION"]}