{"validation": 0.6975097300889156, "id_test": 0.698359659781288, "ood_test": 0.6636587582827258, "ood_validation": 0.6596324836988737, "train": 0.6966655934588644, "id_test_conf": [0.6960898853629061, 0.7006221542663569], "id_test_balanced": 0.5689867734909058, "id_test_balanced_conf": [0.5678049188316799, 0.5701686281501316], "ood_test_conf": [0.6602850457170615, 0.6670199588190413], "ood_test_balanced": 0.6138681173324585, "ood_test_balanced_conf": [0.6117488237004727, 0.6159874109644443], "features": ["AGEP", "SEX", "POBP", "DIVISION"]}