{"validation": 0.6997247096794608, "id_test": 0.6999164641555286, "ood_test": 0.6651736902425208, "ood_validation": 0.6598695909899229, "train": 0.698913792407859, "id_test_conf": [0.6976499939979327, 0.702175597224018], "id_test_balanced": 0.6146998405456543, "id_test_balanced_conf": [0.6132194264419377, 0.6161802546493709], "ood_test_conf": [0.6618036720593232, 0.6685310805403479], "ood_test_balanced": 0.6239678263664246, "ood_test_balanced_conf": [0.6217530384799466, 0.6261826142529026], "features": ["AGEP", "SEX", "POBP", "DIVISION"]}