{"validation": 0.6947315128310604, "id_test": 0.6968598116646415, "ood_test": 0.6374965420031352, "ood_validation": 0.6381742738589211, "train": 0.695610316401173, "id_test_conf": [0.6945868830985509, 0.6991255153616145], "id_test_balanced": 0.5279889106750488, "id_test_balanced_conf": [0.5274144128453918, 0.5285634085047058], "ood_test_conf": [0.6340650306052291, 0.6409175419917694], "ood_test_balanced": 0.5449643135070801, "ood_test_balanced_conf": [0.5439288670569659, 0.5459997599571943], "features": ["DIVISION", "AGEP", "SEX", "RAC1P", "POBP", "ST", "FER", "ENG", "CIT", "SCHL", "OCCP", "COW", "WKHP", "WKW", "WRK", "NWLA", "RELP"]}