{"validation": 0.6981299243742682, "id_test": 0.700062019036047, "ood_test": 0.6413299785274862, "ood_validation": 0.6417308832246592, "train": 0.6988338951193832, "id_test_conf": [0.6977958593977882, 0.702320836241341], "id_test_balanced": 0.533130407333374, "id_test_balanced_conf": [0.5325076137890573, 0.5337532008776907], "ood_test_conf": [0.6379062379473264, 0.6447429145739652], "ood_test_balanced": 0.5498422980308533, "ood_test_balanced_conf": [0.5487572898995131, 0.5509273061621934], "features": ["DIVISION", "AGEP", "SEX", "RAC1P", "POBP", "ST", "FER", "ENG", "CIT", "SCHL", "OCCP", "COW", "WKHP", "WKW", "WRK", "NWLA", "RELP"]}