{"validation": 0.6923836344650824, "id_test": 0.6946638315107331, "ood_test": 0.6284596435299232, "ood_validation": 0.6294013040901008, "train": 0.6931714714470032, "id_test_conf": [0.6923863363307945, 0.6969341824420721], "id_test_balanced": 0.5245248079299927, "id_test_balanced_conf": [0.523984838364413, 0.5250647774955723], "ood_test_conf": [0.6250107414159392, 0.631898725221223], "ood_test_balanced": 0.5334982872009277, "ood_test_balanced_conf": [0.5325937572552357, 0.5344028171466197], "features": ["DIVISION", "AGEP", "SEX", "RAC1P", "POBP", "ST", "FER", "ENG", "CIT", "SCHL", "OCCP", "COW", "WKHP", "WKW", "WRK", "NWLA", "RELP"]}