{"validation": 0.5274562541530867, "id_test": 0.5232508100445524, "ood_test": 0.6011513482894442, "ood_validation": 0.6007113218731476, "0": 0.5996962165147749, "2": 0.5427593680488222, "3": 0.5073644863599988, "4": 0.4868261089414625, "5": 0.5275162414085303, "6": 0.48538059569126657, "7": 0.5139488178799387, "8": 0.5253738433575678, "9": 0.5634749565653656, "id_test_conf": [0.5207846175812341, 0.5257161493154132], "id_test_balanced": 0.6472451090812683, "id_test_balanced_conf": [0.6460961640765891, 0.6483940540859475], "ood_test_conf": [0.5976576432195493, 0.6046373208460735], "ood_test_balanced": 0.6675260066986084, "ood_test_balanced_conf": [0.6658117174077779, 0.6692402959894389], "features": ["DIVISION", "AGEP", "SEX", "RAC1P", "POBP", "ST", "FER", "ENG", "CIT", "SCHL", "OCCP", "COW", "WKHP", "WKW", "WRK", "NWLA", "RELP"]}