{"validation": 0.7390880612600069, "id_test": 0.7398681146213042, "ood_test": 0.679940983520175, "ood_validation": 0.6762299940723178, "0": 0.9181165423916046, "2": 0.7122682940740318, "3": 0.742865970400235, "4": 0.7426868497778352, "5": 0.7456924959984935, "6": 0.7746988116191178, "7": 0.749113492805207, "8": 0.74371075677462, "9": 0.723411964732006, "id_test_conf": [0.7376974876614562, 0.7420299375075099], "id_test_balanced": 0.6002264022827148, "id_test_balanced_conf": [0.5991914935247041, 0.6012613110407256], "ood_test_conf": [0.6766090323458411, 0.6832591774026255], "ood_test_balanced": 0.6010568141937256, "ood_test_balanced_conf": [0.599544725655578, 0.6025689027318731], "features": ["DIVISION", "AGEP", "SEX", "RAC1P", "POBP", "ST", "FER", "ENG", "CIT", "SCHL", "OCCP", "COW", "WKHP", "WKW", "WRK", "NWLA", "RELP"]}