{"validation": 0.8033984115432079, "id_test": 0.8025263264479546, "ood_test": 0.7953524522137767, "ood_validation": 0.7919383521043272, "train": 0.8028641200262949, "id_test_conf": [0.8005547936014299, 0.8044867532342945], "id_test_balanced": 0.7682524919509888, "id_test_balanced_conf": [0.7668196553271264, 0.7696853285748512], "ood_test_conf": [0.792464623616783, 0.7982176905458408], "ood_test_balanced": 0.7825748324394226, "ood_test_balanced_conf": [0.7805239319195971, 0.7846257329592481], "features": ["DIVISION", "AGEP", "SEX", "RAC1P", "POBP", "ST", "FER", "ENG", "CIT", "SCHL", "OCCP", "COW", "WKHP", "WKW", "WRK", "NWLA", "RELP"]}