{"validation": 0.7967787868240357, "id_test": 0.7967357735925475, "ood_test": 0.7848401417449381, "ood_validation": 0.7823355068168346, "train": 0.7965079347500204, "id_test_conf": [0.794742974714941, 0.7987176792373496], "id_test_balanced": 0.7513595223426819, "id_test_balanced_conf": [0.7499186838837341, 0.7528003608016297], "ood_test_conf": [0.7818994406624691, 0.78775905780758], "ood_test_balanced": 0.7702368497848511, "ood_test_balanced_conf": [0.7681515675457194, 0.7723221320239827], "features": ["DIVISION", "AGEP", "SEX", "RAC1P", "POBP", "ST", "FER", "ENG", "CIT", "SCHL", "OCCP", "COW", "WKHP", "WKW", "WRK", "NWLA", "RELP"]}