{"validation": 0.8221244818529886, "id_test": 0.8211067233697853, "ood_test": 0.8096191592786289, "ood_validation": 0.8091286307053942, "train": 0.8236753860186073, "id_test_conf": [0.8192079670803141, 0.8229936905210294], "id_test_balanced": 0.7931248545646667, "id_test_balanced_conf": [0.7917390799755231, 0.7945106291538104], "ood_test_conf": [0.8068079099735841, 0.8124067251374668], "ood_test_balanced": 0.790945291519165, "ood_test_balanced_conf": [0.7889522933540866, 0.7929382896842435], "features": ["DIVISION", "AGEP", "SEX", "RAC1P", "POBP", "ST", "FER", "ENG", "CIT", "SCHL", "OCCP", "COW", "WKHP", "WKW", "WRK", "NWLA", "RELP"]}