{"validation": 0.823402841502389, "id_test": 0.8226825131632239, "ood_test": 0.799725994915098, "ood_validation": 0.8016597510373444, "train": 0.8248643525986, "id_test_conf": [0.8207902645687549, 0.824562914674774], "id_test_balanced": 0.7819046974182129, "id_test_balanced_conf": [0.7805206760042347, 0.7832887188321911], "ood_test_conf": [0.7968610354886951, 0.8025680290007992], "ood_test_balanced": 0.7719573974609375, "ood_test_balanced_conf": [0.7699609388085082, 0.7739538561133668], "features": ["DIVISION", "AGEP", "SEX", "RAC1P", "POBP", "ST", "FER", "ENG", "CIT", "SCHL", "OCCP", "COW", "WKHP", "WKW", "WRK", "NWLA", "RELP"]}