{"validation": 0.6134164478055881, "id_test": 0.6093496861077359, "ood_test": 0.659272042260015, "ood_validation": 0.6560758743331357, "0": 0.6894504280585474, "2": 0.609330975874066, "3": 0.6113637975222099, "4": 0.5758319078204176, "5": 0.6120696419044033, "6": 0.5888693326784277, "7": 0.6073187382765637, "8": 0.6184009418374091, "9": 0.6375507511636765, "id_test_conf": [0.6069389250081908, 0.6117564344401274], "id_test_balanced": 0.7065081596374512, "id_test_balanced_conf": [0.705232618204318, 0.7077837010705843], "ood_test_conf": [0.6558878498715615, 0.6626440580916186], "ood_test_balanced": 0.7138159275054932, "ood_test_balanced_conf": [0.7119825272634626, 0.7156493277475238], "features": ["DIVISION", "AGEP", "SEX", "RAC1P", "POBP", "ST", "FER", "ENG", "CIT", "SCHL", "OCCP", "COW", "WKHP", "WKW", "WRK", "NWLA", "RELP"]}