{"validation": 0.555295383349682, "id_test": 0.5515264277035237, "ood_test": 0.6199760245550711, "ood_validation": 0.6211025489033788, "0": 0.711958022645678, "2": 0.5719728511948896, "3": 0.5445110771194425, "4": 0.49853145273214344, "5": 0.5544754103505634, "6": 0.5246749348505314, "7": 0.5390030025253028, "8": 0.5487442167878387, "9": 0.5898562708463018, "id_test_conf": [0.5490701748483826, 0.5539807897738583], "id_test_balanced": 0.6664843559265137, "id_test_balanced_conf": [0.6652797430753707, 0.6676889687776566], "ood_test_conf": [0.6165119683061036, 0.6234309090371664], "ood_test_balanced": 0.6822794675827026, "ood_test_balanced_conf": [0.6805112716066651, 0.6840476635587401], "features": ["DIVISION", "AGEP", "SEX", "RAC1P", "POBP", "ST", "FER", "ENG", "CIT", "SCHL", "OCCP", "COW", "WKHP", "WKW", "WRK", "NWLA", "RELP"]}