{"validation": 0.4607727114514445, "id_test": 0.45682082827055487, "ood_test": 0.5450198258486912, "ood_validation": 0.5493775933609959, "0": 0.428058547362607, "2": 0.48330006273883536, "3": 0.44779014759362623, "4": 0.4140872951833801, "5": 0.46480635847220914, "6": 0.41291801399860834, "7": 0.4415037813260159, "8": 0.45316630865829477, "9": 0.4943140115020486, "id_test_conf": [0.45436239759339514, 0.45928084342200576], "id_test_balanced": 0.5994228720664978, "id_test_balanced_conf": [0.5984259277023375, 0.6004198164306581], "ood_test_conf": [0.5414691707156719, 0.5485670395852549], "ood_test_balanced": 0.6216539144515991, "ood_test_balanced_conf": [0.6201102311117574, 0.6231975977914408], "features": ["DIVISION", "AGEP", "SEX", "RAC1P", "POBP", "ST", "FER", "ENG", "CIT", "SCHL", "OCCP", "COW", "WKHP", "WKW", "WRK", "NWLA", "RELP"]}