{"validation": 0.5509413663259817, "id_test": 0.5479951397326853, "ood_test": 0.6167353874932486, "ood_validation": 0.6158861885002964, "0": 0.6444352388842861, "2": 0.5604232019620145, "3": 0.5425357334602956, "4": 0.5167995352289966, "5": 0.5512388977811254, "6": 0.5173345339936966, "7": 0.5317386145963824, "8": 0.5534224223397224, "9": 0.5804911133202643, "id_test_conf": [0.5455372102429148, 0.5504513080219366], "id_test_balanced": 0.6646549105644226, "id_test_balanced_conf": [0.6634627924091183, 0.6658470287197269], "ood_test_conf": [0.6132658387729895, 0.6201960122190506], "ood_test_balanced": 0.6800761222839355, "ood_test_balanced_conf": [0.678324686374981, 0.6818275581928901], "features": ["DIVISION", "AGEP", "SEX", "RAC1P", "POBP", "ST", "FER", "ENG", "CIT", "SCHL", "OCCP", "COW", "WKHP", "WKW", "WRK", "NWLA", "RELP"]}