{"validation": 0.7387273360124039, "id_test": 0.7373936816524909, "ood_test": 0.7715746071056896, "ood_validation": 0.7684647302904565, "0": 0.8291908312620823, "2": 0.7249871670564079, "3": 0.741883363554403, "4": 0.7143487288728227, "5": 0.7416125286382325, "6": 0.7319525739156536, "7": 0.7409476844763476, "8": 0.7357175313945803, "9": 0.7536396829968504, "id_test_conf": [0.7352164740915981, 0.739562176012338], "id_test_balanced": 0.7849571704864502, "id_test_balanced_conf": [0.7836015381431207, 0.7863128028297797], "ood_test_conf": [0.7685712117780582, 0.7745572332897703], "ood_test_balanced": 0.7945914268493652, "ood_test_balanced_conf": [0.792640016139485, 0.7965428375592455], "features": ["DIVISION", "AGEP", "SEX", "RAC1P", "POBP", "ST", "FER", "ENG", "CIT", "SCHL", "OCCP", "COW", "WKHP", "WKW", "WRK", "NWLA", "RELP"]}