{"validation": 0.7725722241559345, "id_test": 0.771396567436209, "ood_test": 0.7889633913398585, "ood_validation": 0.7914641375222288, "0": 0.9008561170947252, "2": 0.7635430331375122, "3": 0.7615101755523365, "4": 0.741686301089845, "5": 0.7840677274581803, "6": 0.7727886701322091, "7": 0.7751022383063901, "8": 0.7769848810310641, "9": 0.7885639162710322, "id_test_conf": [0.769317922338669, 0.7734652503842548], "id_test_balanced": 0.7981817722320557, "id_test_balanced_conf": [0.796806916911155, 0.7995566275529563], "ood_test_conf": [0.7860430822823055, 0.7918615995596431], "ood_test_balanced": 0.8041355609893799, "ood_test_balanced_conf": [0.8021745808888227, 0.8060965410899371], "features": ["DIVISION", "AGEP", "SEX", "RAC1P", "POBP", "ST", "FER", "ENG", "CIT", "SCHL", "OCCP", "COW", "WKHP", "WKW", "WRK", "NWLA", "RELP"]}