{"validation": 0.8236306679745594, "id_test": 0.8229483090319968, "ood_test": 0.8056539895403828, "ood_validation": 0.8072317723770006, "train": 0.8252258680523968, "id_test_conf": [0.8210571635198436, 0.8248275976871998], "id_test_balanced": 0.7773543000221252, "id_test_balanced_conf": [0.7759733313485049, 0.7787352686957456], "ood_test_conf": [0.8028208771831962, 0.808463722324981], "ood_test_balanced": 0.7820756435394287, "ood_test_balanced_conf": [0.7800819702073931, 0.7840693168714643], "features": ["DIVISION", "AGEP", "SEX", "RAC1P", "POBP", "ST", "FER", "ENG", "CIT", "SCHL", "OCCP", "COW", "WKHP", "WKW", "WRK", "NWLA", "RELP"]}