{"validation": 0.8238205233680347, "id_test": 0.8231255062778453, "ood_test": 0.8131364360896313, "ood_validation": 0.8110254890337878, "train": 0.8253571843879116, "id_test_conf": [0.82123509702356, 0.8250040521591242], "id_test_balanced": 0.7893654108047485, "id_test_balanced_conf": [0.7879822186892852, 0.7907486029202119], "ood_test_conf": [0.8103449666332135, 0.8159039525202595], "ood_test_balanced": 0.7973728179931641, "ood_test_balanced_conf": [0.7953885664232075, 0.7993570695631206], "features": ["DIVISION", "AGEP", "SEX", "RAC1P", "POBP", "ST", "FER", "ENG", "CIT", "SCHL", "OCCP", "COW", "WKHP", "WKW", "WRK", "NWLA", "RELP"]}