{"validation": 0.8238331803942663, "id_test": 0.823359659781288, "ood_test": 0.811740064022342, "ood_validation": 0.8109069353882632, "train": 0.825474261602708, "id_test_conf": [0.8214702245078942, 0.8252372230711293], "id_test_balanced": 0.7799988985061646, "id_test_balanced_conf": [0.7786176085635088, 0.7813801884488203], "ood_test_conf": [0.8089406978775309, 0.8145155841689984], "ood_test_balanced": 0.7933687567710876, "ood_test_balanced_conf": [0.7913830528734251, 0.7953544606687502], "features": ["DIVISION", "AGEP", "SEX", "RAC1P", "POBP", "ST", "FER", "ENG", "CIT", "SCHL", "OCCP", "COW", "WKHP", "WKW", "WRK", "NWLA", "RELP"]}