{"validation": 0.816049109261779, "id_test": 0.815221243418388, "ood_test": 0.8022552726218861, "ood_validation": 0.7981031416716065, "0": 0.907898370615852, "2": 0.8034392288826784, "3": 0.8158169312276508, "4": 0.8119829153621879, "5": 0.8203362834635785, "6": 0.8254812874353622, "7": 0.818900664797545, "8": 0.8157633840052875, "9": 0.8165804167866733, "id_test_conf": [0.8132986575718312, 0.8171322565271454], "id_test_balanced": 0.7773432731628418, "id_test_balanced_conf": [0.7759403779916465, 0.7787461683340371], "ood_test_conf": [0.7994037801076395, 0.8050836459989436], "ood_test_balanced": 0.779701828956604, "ood_test_balanced_conf": [0.7776925494335591, 0.7817111084796489], "features": ["DIVISION", "AGEP", "SEX", "RAC1P", "POBP", "ST", "FER", "ENG", "CIT", "SCHL", "OCCP", "COW", "WKHP", "WKW", "WRK", "NWLA", "RELP"]}