{"validation": 0.8224155934563174, "id_test": 0.8217712130417173, "ood_test": 0.7990409822028428, "ood_validation": 0.7981031416716065, "train": 0.8232110324707327, "id_test_conf": [0.819875194299329, 0.823655418211646], "id_test_balanced": 0.7782883048057556, "id_test_balanced_conf": [0.7769031816534698, 0.7796734279580414], "ood_test_conf": [0.7961724061365438, 0.801886685412717], "ood_test_balanced": 0.7692285776138306, "ood_test_balanced_conf": [0.7672406873526052, 0.7712164678750559], "features": ["DIVISION", "AGEP", "SEX", "RAC1P", "POBP", "ST", "FER", "ENG", "CIT", "SCHL", "OCCP", "COW", "WKHP", "WKW", "WRK", "NWLA", "RELP"]}