{"validation": 0.8216625003955321, "id_test": 0.8208978837586067, "ood_test": 0.803967804402524, "ood_validation": 0.8020154119739182, "train": 0.8223756707219155, "id_test_conf": [0.8189982690957788, 0.8227857169624564], "id_test_balanced": 0.7774476408958435, "id_test_balanced_conf": [0.7760603723372332, 0.7788349094544538], "ood_test_conf": [0.8011255321732476, 0.8067868262705914], "ood_test_balanced": 0.7789473533630371, "ood_test_balanced_conf": [0.7769532227702439, 0.7809414839558303], "features": ["DIVISION", "AGEP", "SEX", "RAC1P", "POBP", "ST", "FER", "ENG", "CIT", "SCHL", "OCCP", "COW", "WKHP", "WKW", "WRK", "NWLA", "RELP"]}