{"validation": 0.8215169445938677, "id_test": 0.8211320372620494, "ood_test": 0.7981451963483553, "ood_validation": 0.798221695317131, "train": 0.8217293728537493, "id_test_conf": [0.819233385082696, 0.8230188993723566], "id_test_balanced": 0.7741957902908325, "id_test_balanced_conf": [0.7728114150930196, 0.7755801654886454], "ood_test_conf": [0.7952719103897734, 0.8009956780823645], "ood_test_balanced": 0.7683219313621521, "ood_test_balanced_conf": [0.766331040612422, 0.7703128221118822], "features": ["DIVISION", "AGEP", "SEX", "RAC1P", "POBP", "ST", "FER", "ENG", "CIT", "SCHL", "OCCP", "COW", "WKHP", "WKW", "WRK", "NWLA", "RELP"]}