{"validation": 0.8150238901370123, "id_test": 0.8143226002430134, "ood_test": 0.7948123460368063, "ood_validation": 0.790515708358032, "train": 0.8155282357808536, "id_test_conf": [0.8123964408552473, 0.8162372199321547], "id_test_balanced": 0.7687509059906006, "id_test_balanced_conf": [0.767349343013484, 0.7701524689677172], "ood_test_conf": [0.7919217294223284, 0.7976804137635827], "ood_test_balanced": 0.7663224935531616, "ood_test_balanced_conf": [0.76431303080637, 0.7683319562999532], "features": ["DIVISION", "AGEP", "SEX", "RAC1P", "POBP", "ST", "FER", "ENG", "CIT", "SCHL", "OCCP", "COW", "WKHP", "WKW", "WRK", "NWLA", "RELP"]}