{"validation": 0.8232699427269563, "id_test": 0.8232077764277035, "ood_test": 0.8042312708303144, "ood_validation": 0.8037937166567872, "train": 0.824052722717647, "id_test_conf": [0.8213177092441957, 0.8250859772128805], "id_test_balanced": 0.7834310531616211, "id_test_balanced_conf": [0.7820480636646971, 0.784814042658545], "ood_test_conf": [0.8013904244841455, 0.8070488466264046], "ood_test_balanced": 0.7774943113327026, "ood_test_balanced_conf": [0.7755086040124297, 0.7794800186529756], "features": ["DIVISION", "AGEP", "SEX", "RAC1P", "POBP", "ST", "FER", "ENG", "CIT", "SCHL", "OCCP", "COW", "WKHP", "WKW", "WRK", "NWLA", "RELP"]}