{"validation": 0.39910135113755024, "id_test": 0.39452333940866746, "ood_test": 0.4575884917864341, "ood_validation": 0.4579727326615293, "0": 0.7566970450151892, "2": 0.46233958820509896, "3": 0.3355450429004123, "4": 0.38925647398035484, "5": 0.3749921539089226, "6": 0.3585472009605283, "7": 0.3793919389155117, "8": 0.34807708195637804, "9": 0.46579116070350174, "id_test_conf": [0.3921123195928533, 0.3969382298528324], "id_test_balanced": 0.4970191717147827, "id_test_balanced_conf": [0.4955893400288187, 0.4984490034007467], "ood_test_conf": [0.45403954989713, 0.4611406756840429], "ood_test_balanced": 0.5179605484008789, "ood_test_balanced_conf": [0.5159349510120228, 0.519986145789735], "features": ["DIVISION", "AGEP", "SEX", "RAC1P", "POBP", "ST", "FER", "ENG", "CIT", "SCHL", "OCCP", "COW", "WKHP", "WKW", "WRK", "NWLA", "RELP"]}