{"validation": 0.6703804036781258, "id_test": 0.6678155364501196, "ood_test": 0.6685420843733377, "ood_validation": 0.6687534524028724, "0": 0.4788434414668547, "1": 0.7510107292800497, "2": 0.6940655778581224, "3": 0.6990698064191737, "4": 0.7688473365737526, "5": 0.624206218181539, "7": 0.6412340140687938, "8": 0.7073190119433238, "9": 0.6460484484843058, "id_test_conf": [0.6645108986709314, 0.6711077881954344], "id_test_balanced": 0.6433078050613403, "id_test_balanced_conf": [0.6409483251767233, 0.6456672849459574], "ood_test_conf": [0.6643487321039054, 0.6727154119713549], "ood_test_balanced": 0.6376420259475708, "ood_test_balanced_conf": [0.6346486318297684, 0.6406354200653732], "features": ["AGEP", "SEX", "RAC1P", "POBP", "DIS", "NATIVITY", "DEAR", "DEYE", "DREM", "ST", "MAR", "DIVISION"]}