{"validation": 0.814046065600875, "id_test": 0.8103856132675383, "ood_test": 0.7760342076189697, "ood_validation": 0.7858589578346529, "0": 0.5536973604674592, "1": 0.8307028455916654, "2": 0.8177035282383742, "3": 0.8134270510349451, "4": 0.8445838706477532, "5": 0.8011072632476138, "7": 0.7979401782673541, "8": 0.8266926332942509, "9": 0.8308243406618009, "id_test_conf": [0.8076278826236224, 0.8131204233679249], "id_test_balanced": 0.5424836874008179, "id_test_balanced_conf": [0.5412690089945681, 0.5436983658070677], "ood_test_conf": [0.7723117230715065, 0.7797238825425803], "ood_test_balanced": 0.5550464391708374, "ood_test_balanced_conf": [0.5531513920100406, 0.5569414863316342], "features": ["AGEP", "SEX", "RAC1P", "POBP", "DIS", "NATIVITY", "DEAR", "DEYE", "DREM", "ST", "MAR", "DIVISION"]}