{"id_test": 0.8160960472096455, "id_test_conf": [0.8133701871484224, 0.8187985641910712], "id_test_balanced": 0.5527827739715576, "id_test_balanced_conf": [0.5515149868046865, 0.5540505611384288], "ood_test": 0.7849952944064814, "ood_test_conf": [0.7813261190735199, 0.7886305931670303], "ood_test_balanced": 0.5635629892349243, "ood_test_balanced_conf": [0.5616849891841411, 0.5654409892857075], "validation": 0.8191588131303497, "validation_conf": [0.8164504309380625, 0.8218436252851836], "validation_balanced": 0.5509328246116638, "validation_balanced_conf": [0.5496869950881228, 0.5521786541352048], "features": ["AGEP", "SEX", "RAC1P", "POBP", "DIS", "NATIVITY", "DEAR", "DEYE", "DREM", "ST", "MAR", "DIVISION"]}