{"validation": 0.6505907639869256, "id_test": 0.6480388665615302, "ood_test": 0.6543434674086501, "ood_validation": 0.6586264039771681, "0": 0.5262945798911949, "1": 0.6805706733011974, "2": 0.6406433113078169, "3": 0.6789260873208749, "4": 0.6983930165658169, "5": 0.6060845727975674, "7": 0.602785574201731, "8": 0.6519147075773534, "9": 0.6960193435722921, "id_test_conf": [0.644688931882133, 0.6513778752567212], "id_test_balanced": 0.6439650058746338, "id_test_balanced_conf": [0.6415986022772268, 0.6463314094720408], "ood_test_conf": [0.6501080126466645, 0.6585605850567293], "ood_test_balanced": 0.641672670841217, "ood_test_balanced_conf": [0.6386700708139688, 0.6446752708684653], "features": ["AGEP", "SEX", "RAC1P", "POBP", "DIS", "NATIVITY", "DEAR", "DEYE", "DREM", "ST", "MAR", "DIVISION"]}