{"validation": 0.6664758925051191, "id_test": 0.6641527191331332, "ood_test": 0.6310814681451777, "ood_validation": 0.6341373596022832, "train": 0.6656343697636634, "id_test_conf": [0.6608392067669986, 0.6674541158929139], "id_test_balanced": 0.6702374219894409, "id_test_balanced_conf": [0.6679142984421924, 0.6725605455366894], "ood_test_conf": [0.6267859628942272, 0.6353614006910704], "ood_test_balanced": 0.6572352647781372, "ood_test_balanced_conf": [0.6542743081087247, 0.6601962214475497], "features": ["AGEP", "SEX", "RAC1P", "POBP", "DIS", "NATIVITY", "DEAR", "DEYE", "DREM", "ST", "MAR", "DIVISION"]}