{"validation": 0.6800462945298689, "id_test": 0.6761586203388106, "ood_test": 0.6295265763738287, "ood_validation": 0.6302706683851961, "train": 0.6776912584377554, "id_test_conf": [0.6728750375032371, 0.6794292011422076], "id_test_balanced": 0.6702247858047485, "id_test_balanced_conf": [0.6679016147973016, 0.6725479568121955], "ood_test_conf": [0.6252274427613098, 0.633810322047323], "ood_test_balanced": 0.6558711528778076, "ood_test_balanced_conf": [0.6529075747169554, 0.6588347310386599], "features": ["AGEP", "SEX", "RAC1P", "POBP", "DIS", "NATIVITY", "DEAR", "DEYE", "DREM", "ST", "MAR", "DIVISION"]}