{"validation": 0.6645681508896435, "id_test": 0.6605026199318309, "ood_test": 0.6309791726339048, "ood_validation": 0.6345056159086724, "train": 0.6625247608176554, "id_test_conf": [0.657180485175823, 0.6638129085638196], "id_test_balanced": 0.6701197028160095, "id_test_balanced_conf": [0.6677971319062636, 0.6724422737257555], "ood_test_conf": [0.6266834272106085, 0.6352593575078553], "ood_test_balanced": 0.6560336351394653, "ood_test_balanced_conf": [0.6530689925467595, 0.6589982777321711], "features": ["AGEP", "SEX", "RAC1P", "POBP", "DIS", "NATIVITY", "DEAR", "DEYE", "DREM", "ST", "MAR", "DIVISION"]}