{"validation": 0.7667722283693896, "id_test": 0.7639517729053263, "ood_test": 0.7306559188182823, "ood_validation": 0.7361443564721046, "0": 0.5133991537376587, "1": 0.7970766599284714, "2": 0.7933300087270914, "3": 0.7775391770719853, "4": 0.8113034421188374, "5": 0.7305019542198095, "7": 0.7250595986048641, "8": 0.7651080065976431, "9": 0.800564187525187, "id_test_conf": [0.7609675091248429, 0.7669165496585758], "id_test_balanced": 0.636339008808136, "id_test_balanced_conf": [0.6341914076777175, 0.6384866099385544], "ood_test_conf": [0.726699271017447, 0.7345851567170736], "ood_test_balanced": 0.6240932941436768, "ood_test_balanced_conf": [0.6213008766248822, 0.6268857116624713], "features": ["AGEP", "SEX", "RAC1P", "POBP", "DIS", "NATIVITY", "DEAR", "DEYE", "DREM", "ST", "MAR", "DIVISION"]}