{"validation": 0.8178488305543897, "id_test": 0.8147352088314596, "ood_test": 0.7839109619869881, "ood_validation": 0.7932240839624378, "train": 0.8154663300573275, "id_test_conf": [0.8120016661359667, 0.8174455091475553], "id_test_balanced": 0.5338456034660339, "id_test_balanced_conf": [0.532827786540147, 0.5348634203919209], "ood_test_conf": [0.7802352017642709, 0.7875529747564949], "ood_test_balanced": 0.5367064476013184, "ood_test_balanced_conf": [0.5352502270182594, 0.5381626681843773], "features": ["AGEP", "SEX", "RAC1P", "POBP", "DIS", "NATIVITY", "DEAR", "DEYE", "DREM", "ST", "MAR", "DIVISION"]}