{"validation": 0.8181286326579928, "id_test": 0.8154855776568144, "ood_test": 0.7839314210892426, "ood_validation": 0.7924875713496594, "train": 0.8159464435040015, "id_test_conf": [0.8127562643257429, 0.8181915930826464], "id_test_balanced": 0.5467806458473206, "id_test_balanced_conf": [0.5455812586378306, 0.5479800330568105], "ood_test_conf": [0.7802557847631643, 0.7875733075259327], "ood_test_balanced": 0.5459412932395935, "ood_test_balanced_conf": [0.5443133130576462, 0.5475692734215408], "features": ["AGEP", "SEX", "RAC1P", "POBP", "DIS", "NATIVITY", "DEAR", "DEYE", "DREM", "ST", "MAR", "DIVISION"]}