{"validation": 0.8167932135271598, "id_test": 0.8132344711807499, "ood_test": 0.7839518801914972, "ood_validation": 0.791198674277297, "train": 0.8144695382326101, "id_test_conf": [0.8104925200072479, 0.8159532910225603], "id_test_balanced": 0.5281332731246948, "id_test_balanced_conf": [0.5271886940731201, 0.5290778521762696], "ood_test_conf": [0.7802763677753651, 0.7875936402820647], "ood_test_balanced": 0.5395727157592773, "ood_test_balanced_conf": [0.5380608054250479, 0.5410846260935068], "features": ["AGEP", "SEX", "RAC1P", "POBP", "DIS", "NATIVITY", "DEAR", "DEYE", "DREM", "ST", "MAR", "DIVISION"]}