{"validation": 0.8161318631004617, "id_test": 0.8129801088670703, "ood_test": 0.777977822333156, "ood_validation": 0.7877002393665992, "train": 0.8135601842872541, "id_test_conf": [0.8102367391337997, 0.8157003660897766], "id_test_balanced": 0.5502972602844238, "id_test_balanced_conf": [0.5490186908678152, 0.5515758297010325], "ood_test_conf": [0.7742666880070264, 0.7816559156407938], "ood_test_balanced": 0.5689218640327454, "ood_test_balanced_conf": [0.566880779103376, 0.5709629489621147], "features": ["AGEP", "SEX", "RAC1P", "POBP", "DIS", "NATIVITY", "DEAR", "DEYE", "DREM", "ST", "MAR", "DIVISION"]}