{"validation": 0.8168440866369059, "id_test": 0.8141501755099965, "ood_test": 0.7838495846802243, "ood_validation": 0.791198674277297, "train": 0.81466031178758, "id_test_conf": [0.8114133469868337, 0.8168638049441739], "id_test_balanced": 0.5293608903884888, "id_test_balanced_conf": [0.5284112232271582, 0.5303105575498194], "ood_test_conf": [0.7801734528474071, 0.7874919763683479], "ood_test_balanced": 0.5289490222930908, "ood_test_balanced_conf": [0.5276618584734387, 0.5302361861127429], "features": ["AGEP", "SEX", "RAC1P", "POBP", "DIS", "NATIVITY", "DEAR", "DEYE", "DREM", "ST", "MAR", "DIVISION"]}