{"validation": 0.8179251402190088, "id_test": 0.813819504502213, "ood_test": 0.7836654527599329, "ood_validation": 0.7954336218007734, "train": 0.8152183244358667, "id_test_conf": [0.8110808232690024, 0.8165350111145746], "id_test_balanced": 0.5404062271118164, "id_test_balanced_conf": [0.5392709086602554, 0.5415415455633774], "ood_test_conf": [0.7799882068149006, 0.7873089804857557], "ood_test_balanced": 0.5489783883094788, "ood_test_balanced_conf": [0.5472948028007523, 0.5506619738182053], "features": ["AGEP", "SEX", "RAC1P", "POBP", "DIS", "NATIVITY", "DEAR", "DEYE", "DREM", "ST", "MAR", "DIVISION"]}