{"validation": 0.30062192376664504, "id_test": 0.30080887215750113, "ood_test": 0.2568026514996522, "ood_validation": 0.2581476707788621, "0": 0.4744106387265767, "1": 0.3021691805317991, "2": 0.30526118937788305, "3": 0.2491096120003352, "4": 0.2203650431504811, "5": 0.2777679661524522, "7": 0.3279626084812044, "8": 0.2631903181574293, "9": 0.3791250615680831, "id_test_conf": [0.2976043576375459, 0.3040280894764047], "id_test_balanced": 0.47797465324401855, "id_test_balanced_conf": [0.4759525126917288, 0.47999679379630833], "ood_test_conf": [0.25293399169174824, 0.26070021309693486], "ood_test_balanced": 0.4771255850791931, "ood_test_balanced_conf": [0.47519518349319695, 0.4790559866651893], "features": ["AGEP", "SEX", "RAC1P", "POBP", "DIS", "NATIVITY", "DEAR", "DEYE", "DREM", "ST", "MAR", "DIVISION"]}