{"validation": 0.5877116003408498, "id_test": 0.588937782978074, "ood_test": 0.5622365890584721, "ood_validation": 0.5752163505800036, "0": 0.47975015111827524, "1": 0.6012284248172912, "2": 0.5671736691185638, "3": 0.5474000670409788, "4": 0.6701220117051879, "5": 0.5743256213958274, "7": 0.5742134745693047, "8": 0.6537230977126846, "9": 0.6190122240630457, "id_test_conf": [0.5854890693579285, 0.5923799330447477], "id_test_balanced": 0.48476505279541016, "id_test_balanced_conf": [0.4824395635398105, 0.4870905420510098], "ood_test_conf": [0.5578246152086487, 0.5666411697335135], "ood_test_balanced": 0.4706760048866272, "ood_test_balanced_conf": [0.46771947319619356, 0.47363253657706084], "features": ["AGEP", "SEX", "RAC1P", "POBP", "DIS", "NATIVITY", "DEAR", "DEYE", "DREM", "ST", "MAR", "DIVISION"]}