{"validation": 0.7644702201533824, "id_test": 0.7611792236862186, "ood_test": 0.7739473791890011, "ood_validation": 0.7792303443196464, "0": 0.5260930888575458, "1": 0.7936557300575339, "2": 0.76677471636953, "3": 0.7698923154278052, "4": 0.7906457692689217, "5": 0.7430642473758168, "7": 0.7045083555482484, "8": 0.7563442697879613, "9": 0.8244749921640622, "id_test_conf": [0.758183104489806, 0.764156060765983], "id_test_balanced": 0.47883570194244385, "id_test_balanced_conf": [0.47783537820680066, 0.47983602567808703], "ood_test_conf": [0.7702128366775989, 0.7776493605088305], "ood_test_balanced": 0.49704232811927795, "ood_test_balanced_conf": [0.4965687394561246, 0.4975159167824313], "features": ["AGEP", "SEX", "RAC1P", "POBP", "DIS", "NATIVITY", "DEAR", "DEYE", "DREM", "ST", "MAR", "DIVISION"]}