{"validation": 0.5945772386728505, "id_test": 0.5920085622547271, "ood_test": 0.4344864482002517, "ood_validation": 0.4350332293503323, "train": 0.5942097494191465, "id_test_conf": [0.5862280109588895, 0.5977700353312654], "id_test_balanced": 0.507907509803772, "id_test_balanced_conf": [0.5058413928141817, 0.5099736267933622], "ood_test_conf": [0.4331524345087373, 0.43582117694397143], "ood_test_balanced": 0.5064539909362793, "ood_test_balanced_conf": [0.5059852386784042, 0.5069227431941544], "features": ["IYEAR", "BMI5CAT", "CHCSCNCR", "CHCOCNCR"]}