{"validation": 0.6238044633368757, "id_test": 0.6454352441613588, "ood_test": 0.6326770881025574, "ood_validation": 0.6421424367274867, "train": 0.6517062807064135, "id_test_conf": [0.6139380287198606, 0.6760197513244872], "id_test_balanced": 0.6770650744438171, "id_test_balanced_conf": [0.6574895570427179, 0.6966405918449163], "ood_test_conf": [0.6249783028349486, 0.640325360186042], "ood_test_balanced": 0.6412115097045898, "ood_test_balanced_conf": [0.6359101138170808, 0.6465129055920988], "features": ["SEX", "WHTLGSPK", "BORNUSA", "HWELLSPK", "OTHLGSPK", "HIDEG", "EDUCYR", "YRSINUS", "HISPNCAT", "RACETHX", "RACEWX", "RACEBX", "RACEV2X", "RACEV1X", "HISPANX", "SICPAY31", "PAYDR31", "REGION31", "AGE31X", "INSCOV19"]}