{"validation": 0.6312433581296493, "id_test": 0.6518046709129511, "ood_test": 0.6307802995617764, "ood_validation": 0.6480282519128899, "train": 0.6497145133448413, "id_test_conf": [0.6204137076058098, 0.6822428658512997], "id_test_balanced": 0.684441089630127, "id_test_balanced_conf": [0.6651094117760659, 0.703772767484188], "ood_test_conf": [0.6230736656382103, 0.6384371427521667], "ood_test_balanced": 0.6441313028335571, "ood_test_balanced_conf": [0.6389500944223255, 0.6493125112447887], "features": ["SEX", "WHTLGSPK", "BORNUSA", "HWELLSPK", "OTHLGSPK", "HIDEG", "EDUCYR", "YRSINUS", "HISPNCAT", "RACETHX", "RACEWX", "RACEBX", "RACEV2X", "RACEV1X", "HISPANX", "SICPAY31", "PAYDR31", "REGION31", "AGE31X", "INSCOV19"]}