{"validation": 0.5929861849096706, "id_test": 0.613588110403397, "ood_test": 0.5808097324874093, "ood_validation": 0.5985874043555033, "train": 0.6056300624087106, "id_test_conf": [0.5816467274708792, 0.644816924204219], "id_test_balanced": 0.6607801914215088, "id_test_balanced_conf": [0.6429582790657878, 0.6786021037772297], "ood_test_conf": [0.5729409259929643, 0.5886477768578704], "ood_test_balanced": 0.6131764650344849, "ood_test_balanced_conf": [0.6088964577950537, 0.617456472273916], "features": ["SEX", "WHTLGSPK", "BORNUSA", "HWELLSPK", "OTHLGSPK", "HIDEG", "EDUCYR", "YRSINUS", "HISPNCAT", "RACETHX", "RACEWX", "RACEBX", "RACEV2X", "RACEV1X", "HISPANX", "SICPAY31", "PAYDR31", "REGION31", "AGE31X", "INSCOV19"]}