{"validation": 0.6163655685441021, "id_test": 0.6316348195329087, "ood_test": 0.6218850153705279, "ood_validation": 0.6456739258387286, "train": 0.6280706413490904, "id_test_conf": [0.5999275186230579, 0.6625161698865907], "id_test_balanced": 0.6713153123855591, "id_test_balanced_conf": [0.6525711917877197, 0.6900594329833984], "ood_test_conf": [0.6141432594299083, 0.6295803684427151], "ood_test_balanced": 0.6396951675415039, "ood_test_balanced_conf": [0.6346473606210202, 0.6447429744619876], "features": ["SEX", "WHTLGSPK", "BORNUSA", "HWELLSPK", "OTHLGSPK", "HIDEG", "EDUCYR", "YRSINUS", "HISPNCAT", "RACETHX", "RACEWX", "RACEBX", "RACEV2X", "RACEV1X", "HISPANX", "SICPAY31", "PAYDR31", "REGION31", "AGE31X", "INSCOV19"]}