{"validation": 0.6184909670563231, "id_test": 0.6305732484076433, "ood_test": 0.6147557067172477, "ood_validation": 0.6321365509123014, "train": 0.6252821670428894, "id_test_conf": [0.5988509133672058, 0.661476304499004], "id_test_balanced": 0.670415997505188, "id_test_balanced_conf": [0.6516767160221935, 0.6891552789881825], "ood_test_conf": [0.6069877882622566, 0.6224799373754948], "ood_test_balanced": 0.6358907222747803, "ood_test_balanced_conf": [0.630972080565989, 0.6408093639835716], "features": ["SEX", "WHTLGSPK", "BORNUSA", "HWELLSPK", "OTHLGSPK", "HIDEG", "EDUCYR", "YRSINUS", "HISPNCAT", "RACETHX", "RACEWX", "RACEBX", "RACEV2X", "RACEV1X", "HISPANX", "SICPAY31", "PAYDR31", "REGION31", "AGE31X", "INSCOV19"]}