{"validation": 0.5642933049946866, "id_test": 0.5881104033970276, "ood_test": 0.5527503433841324, "ood_validation": 0.5644496762801648, "train": 0.5797370867082725, "id_test_conf": [0.5559147353278743, 0.619753458782182], "id_test_balanced": 0.6415737867355347, "id_test_balanced_conf": [0.6245461500063538, 0.6586014234647155], "ood_test_conf": [0.5448269227360708, 0.5606536842134298], "ood_test_balanced": 0.5916138887405396, "ood_test_balanced_conf": [0.5878988061752171, 0.595328971305862], "features": ["SEX", "WHTLGSPK", "BORNUSA", "HWELLSPK", "OTHLGSPK", "HIDEG", "EDUCYR", "YRSINUS", "HISPNCAT", "RACETHX", "RACEWX", "RACEBX", "RACEV2X", "RACEV1X", "HISPANX", "SICPAY31", "PAYDR31", "REGION31", "AGE31X", "INSCOV19"]}