{"validation": 0.6227417640807651, "id_test": 0.6464968152866242, "ood_test": 0.6251553404408399, "ood_validation": 0.6327251324308417, "train": 0.645465409640154, "id_test_conf": [0.6150168973112932, 0.6770573491340156], "id_test_balanced": 0.679944634437561, "id_test_balanced_conf": [0.6606133837252856, 0.6992758851498365], "ood_test_conf": [0.6174261753570367, 0.6328368571514915], "ood_test_balanced": 0.6368117332458496, "ood_test_balanced_conf": [0.6315612393338234, 0.6420622271578759], "features": ["SEX", "WHTLGSPK", "BORNUSA", "HWELLSPK", "OTHLGSPK", "HIDEG", "EDUCYR", "YRSINUS", "HISPNCAT", "RACETHX", "RACEWX", "RACEBX", "RACEV2X", "RACEV1X", "HISPANX", "SICPAY31", "PAYDR31", "REGION31", "AGE31X", "INSCOV19"]}