{"validation": 0.5982996811902231, "id_test": 0.6231422505307855, "ood_test": 0.587023350121002, "ood_validation": 0.5991759858740435, "train": 0.6121365024565131, "id_test_conf": [0.5913191250221647, 0.6541927907002267], "id_test_balanced": 0.6684776544570923, "id_test_balanced_conf": [0.6504996564611792, 0.6864556524530053], "ood_test_conf": [0.5791701264680675, 0.5948434458993904], "ood_test_balanced": 0.6184065937995911, "ood_test_balanced_conf": [0.6140645442157984, 0.6227486433833838], "features": ["SEX", "WHTLGSPK", "BORNUSA", "HWELLSPK", "OTHLGSPK", "HIDEG", "EDUCYR", "YRSINUS", "HISPNCAT", "RACETHX", "RACEWX", "RACEBX", "RACEV2X", "RACEV1X", "HISPANX", "SICPAY31", "PAYDR31", "REGION31", "AGE31X", "INSCOV19"]}