{"validation": 0.7003188097768331, "id_test": 0.7430997876857749, "ood_test": 0.6404604617698999, "ood_validation": 0.644496762801648, "train": 0.7202230779444961, "id_test_conf": [0.7139345535164677, 0.7707362104982496], "id_test_balanced": 0.7336591482162476, "id_test_balanced_conf": [0.7138384423032403, 0.7534798541292548], "ood_test_conf": [0.6327952198450247, 0.6480722258189543], "ood_test_balanced": 0.6254872679710388, "ood_test_balanced_conf": [0.6202937208209187, 0.6306808151211589], "features": ["SEX", "WHTLGSPK", "BORNUSA", "HWELLSPK", "OTHLGSPK", "HIDEG", "EDUCYR", "YRSINUS", "HISPNCAT", "RACETHX", "RACEWX", "RACEBX", "RACEV2X", "RACEV1X", "HISPANX", "SICPAY31", "PAYDR31", "REGION31", "AGE31X", "INSCOV19"]}