{"validation": 0.69394261424017, "id_test": 0.7388535031847133, "ood_test": 0.6494211524625548, "ood_validation": 0.6580341377280753, "train": 0.7216837073429824, "id_test_conf": [0.7095529882458829, 0.7666521029700296], "id_test_balanced": 0.7459043264389038, "id_test_balanced_conf": [0.7263249045237898, 0.7654837483540178], "ood_test_conf": [0.6417972196339072, 0.6569881939611191], "ood_test_balanced": 0.6590140461921692, "ood_test_balanced_conf": [0.6537964755110443, 0.6642316168732941], "features": ["SEX", "WHTLGSPK", "BORNUSA", "HWELLSPK", "OTHLGSPK", "HIDEG", "EDUCYR", "YRSINUS", "HISPNCAT", "RACETHX", "RACEWX", "RACEBX", "RACEV2X", "RACEV1X", "HISPANX", "SICPAY31", "PAYDR31", "REGION31", "AGE31X", "INSCOV19"]}