{"validation": 0.6280552603613178, "id_test": 0.6475583864118896, "ood_test": 0.5907515207011577, "ood_validation": 0.581518540317834, "train": 0.6271411499136901, "id_test_conf": [0.6160959299419628, 0.6780947825761368], "id_test_balanced": 0.590147078037262, "id_test_balanced_conf": [0.5732109135389328, 0.6070832425355911], "ood_test_conf": [0.5829082613594321, 0.5985602326753423], "ood_test_balanced": 0.5520361661911011, "ood_test_balanced_conf": [0.5482096717227251, 0.5558626606594771], "features": ["SEX", "WHTLGSPK", "BORNUSA", "HWELLSPK", "OTHLGSPK", "HIDEG", "EDUCYR", "YRSINUS", "HISPNCAT", "RACETHX", "RACEWX", "RACEBX", "RACEV2X", "RACEV1X", "HISPANX", "SICPAY31", "PAYDR31", "REGION31", "AGE31X", "INSCOV19"]}