{"validation": 0.5037194473963869, "id_test": 0.5116772823779193, "ood_test": 0.4819805088625809, "ood_validation": 0.4743967039434962, "train": 0.5093613065993892, "id_test_conf": [0.4792316572137482, 0.5440496939033139], "id_test_balanced": 0.5229619741439819, "id_test_balanced_conf": [0.5005852335318923, 0.5453387147560715], "ood_test_conf": [0.474031482044387, 0.4899363947523879], "ood_test_balanced": 0.5069881677627563, "ood_test_balanced_conf": [0.5020335128903389, 0.5119428226351738], "features": ["SEX", "WHTLGSPK", "BORNUSA", "HWELLSPK", "OTHLGSPK", "HIDEG", "EDUCYR", "YRSINUS", "HISPNCAT", "RACETHX", "RACEWX", "RACEBX", "RACEV2X", "RACEV1X", "HISPANX", "SICPAY31", "PAYDR31", "REGION31", "AGE31X", "INSCOV19"]}