{"validation": 0.6493092454835282, "id_test": 0.6953290870488322, "ood_test": 0.6071685525541238, "ood_validation": 0.6085932901706886, "train": 0.6558225999203293, "id_test_conf": [0.6648282973937554, 0.7246029859077692], "id_test_balanced": 0.6658636331558228, "id_test_balanced_conf": [0.6458808251097798, 0.6858464412018657], "ood_test_conf": [0.5993747102392428, 0.6149215963250023], "ood_test_balanced": 0.6027828454971313, "ood_test_balanced_conf": [0.5973174823820591, 0.6082482086122036], "features": ["SEX", "WHTLGSPK", "BORNUSA", "HWELLSPK", "OTHLGSPK", "HIDEG", "EDUCYR", "YRSINUS", "HISPNCAT", "RACETHX", "RACEWX", "RACEBX", "RACEV2X", "RACEV1X", "HISPANX", "SICPAY31", "PAYDR31", "REGION31", "AGE31X", "INSCOV19"]}