{"validation": 0.6992561105207227, "id_test": 0.7388535031847133, "ood_test": 0.6381712342206816, "ood_validation": 0.6397881106533255, "train": 0.7171690346567521, "id_test_conf": [0.7095529882458829, 0.7666521029700296], "id_test_balanced": 0.7340226173400879, "id_test_balanced_conf": [0.7141069782525301, 0.7539382564276457], "ood_test_conf": [0.6304959024882231, 0.6457939600714193], "ood_test_balanced": 0.6320056915283203, "ood_test_balanced_conf": [0.6266389050707221, 0.6373724779859186], "features": ["SEX", "WHTLGSPK", "BORNUSA", "HWELLSPK", "OTHLGSPK", "HIDEG", "EDUCYR", "YRSINUS", "HISPNCAT", "RACETHX", "RACEWX", "RACEBX", "RACEV2X", "RACEV1X", "HISPANX", "SICPAY31", "PAYDR31", "REGION31", "AGE31X", "INSCOV19"]}