{"validation": 0.6854410201912858, "id_test": 0.7356687898089171, "ood_test": 0.6341160311334947, "ood_validation": 0.6421424367274867, "train": 0.7099986721550923, "id_test_conf": [0.706269034620182, 0.763586793415838], "id_test_balanced": 0.7424143552780151, "id_test_balanced_conf": [0.7227396898716688, 0.7620890206843615], "ood_test_conf": [0.626423284867699, 0.6417577161394812], "ood_test_balanced": 0.6435598134994507, "ood_test_balanced_conf": [0.6382832963392139, 0.6488363306596875], "features": ["SEX", "WHTLGSPK", "BORNUSA", "HWELLSPK", "OTHLGSPK", "HIDEG", "EDUCYR", "YRSINUS", "HISPNCAT", "RACETHX", "RACEWX", "RACEBX", "RACEV2X", "RACEV1X", "HISPANX", "SICPAY31", "PAYDR31", "REGION31", "AGE31X", "INSCOV19"]}