{"validation": 0.6950053134962806, "id_test": 0.7367303609341825, "ood_test": 0.6300608280463078, "ood_validation": 0.6356680400235433, "train": 0.7109281635904926, "id_test_conf": [0.7073634760210197, 0.7646087738743949], "id_test_balanced": 0.7353925704956055, "id_test_balanced_conf": [0.7154759822040796, 0.7553091587871313], "ood_test_conf": [0.6223512502440546, 0.63772088914485], "ood_test_balanced": 0.6270316243171692, "ood_test_balanced_conf": [0.6216204963438213, 0.632442752290517], "features": ["SEX", "WHTLGSPK", "BORNUSA", "HWELLSPK", "OTHLGSPK", "HIDEG", "EDUCYR", "YRSINUS", "HISPNCAT", "RACETHX", "RACEWX", "RACEBX", "RACEV2X", "RACEV1X", "HISPANX", "SICPAY31", "PAYDR31", "REGION31", "AGE31X", "INSCOV19"]}