{"validation": 0.6928799149840595, "id_test": 0.7314225053078556, "ood_test": 0.6222774543789653, "ood_validation": 0.6321365509123014, "train": 0.7065462753950339, "id_test_conf": [0.7018933483925911, 0.7594967844116376], "id_test_balanced": 0.7202025651931763, "id_test_balanced_conf": [0.7001274014264345, 0.7402777289599181], "ood_test_conf": [0.6145371896827968, 0.6299711667481476], "ood_test_balanced": 0.6063424944877625, "ood_test_balanced_conf": [0.6011266770958901, 0.6115583118796348], "features": ["SEX", "WHTLGSPK", "BORNUSA", "HWELLSPK", "OTHLGSPK", "HIDEG", "EDUCYR", "YRSINUS", "HISPNCAT", "RACETHX", "RACEWX", "RACEBX", "RACEV2X", "RACEV1X", "HISPANX", "SICPAY31", "PAYDR31", "REGION31", "AGE31X", "INSCOV19"]}