{"validation": 0.6971307120085016, "id_test": 0.7303609341825902, "ood_test": 0.6335273726208385, "ood_validation": 0.6368452030606239, "train": 0.7123887929889788, "id_test_conf": [0.7007999427584994, 0.7584737643309961], "id_test_balanced": 0.7204915285110474, "id_test_balanced_conf": [0.7003784549981356, 0.7406046020239592], "ood_test_conf": [0.6258321469925199, 0.6411717612031225], "ood_test_balanced": 0.6189413666725159, "ood_test_balanced_conf": [0.613716487577185, 0.6241662457678467], "features": ["SEX", "WHTLGSPK", "BORNUSA", "HWELLSPK", "OTHLGSPK", "HIDEG", "EDUCYR", "YRSINUS", "HISPNCAT", "RACETHX", "RACEWX", "RACEBX", "RACEV2X", "RACEV1X", "HISPANX", "SICPAY31", "PAYDR31", "REGION31", "AGE31X", "INSCOV19"]}