{"validation": 0.6907545164718385, "id_test": 0.732484076433121, "ood_test": 0.6558963961017725, "ood_validation": 0.6709829311359623, "train": 0.7199575089629531, "id_test_conf": [0.7029869596200771, 0.7605195981444159], "id_test_balanced": 0.7337756752967834, "id_test_balanced_conf": [0.7138201021030546, 0.7537312484905123], "ood_test_conf": [0.6483041341627682, 0.6634292998222331], "ood_test_balanced": 0.6534714698791504, "ood_test_balanced_conf": [0.6481437436211854, 0.6587991961371154], "features": ["SEX", "WHTLGSPK", "BORNUSA", "HWELLSPK", "OTHLGSPK", "HIDEG", "EDUCYR", "YRSINUS", "HISPNCAT", "RACETHX", "RACEWX", "RACEBX", "RACEV2X", "RACEV1X", "HISPANX", "SICPAY31", "PAYDR31", "REGION31", "AGE31X", "INSCOV19"]}