{"id_test": 0.8108053110851097, "id_test_conf": [0.8080498902097257, 0.8135377803645021], "id_test_balanced": 0.5120992064476013, "id_test_balanced_conf": [0.5114665250387043, 0.5127318878564984], "ood_test": 0.7798805188428332, "ood_test_conf": [0.776180608738936, 0.7835471613939501], "ood_test_balanced": 0.5049212574958801, "ood_test_balanced_conf": [0.5043228268343956, 0.5055196881573647], "features": ["AGEP", "SEX", "POBP", "DIS", "ANC", "NATIVITY", "DEAR", "DEYE", "DREM", "DIVISION"]}