{"validation": 0.6492044717463467, "id_test": 0.648178765834054, "ood_test": 0.6331478374728917, "ood_validation": 0.6313754373043639, "0": 0.4843844448922023, "1": 0.7458793344736433, "2": 0.7135519261937414, "3": 0.7053653733344507, "4": 0.7431554409284793, "5": 0.6215570793436279, "7": 0.5482132162108205, "8": 0.6165616740525824, "9": 0.6290870012985268, "id_test_conf": [0.64482912924964, 0.6515174661065157], "id_test_balanced": 0.6121095418930054, "id_test_balanced_conf": [0.6097185082780198, 0.614500575507991], "ood_test_conf": [0.6288572279549738, 0.6374226287388716], "ood_test_balanced": 0.5846524238586426, "ood_test_balanced_conf": [0.5816113046323881, 0.5876935430848971], "features": ["AGEP", "SEX", "POBP", "DIS", "ANC", "NATIVITY", "DEAR", "DEYE", "DREM", "DIVISION"]}