{"validation": 0.8136772355552164, "id_test": 0.8101439690695427, "ood_test": 0.7800646507631245, "ood_validation": 0.7858589578346529, "train": 0.8109100216527985, "id_test_conf": [0.8073849108776059, 0.8128801245964584], "id_test_balanced": 0.5077455043792725, "id_test_balanced_conf": [0.5072350889979862, 0.5082559197605587], "ood_test_conf": [0.7763658328435898, 0.7837301792066111], "ood_test_balanced": 0.5014976263046265, "ood_test_balanced_conf": [0.5011675364035182, 0.5018277162057347], "features": ["AGEP", "SEX", "POBP", "DIS", "ANC", "NATIVITY", "DEAR", "DEYE", "DREM", "DIVISION"]}