{"validation": 0.29914922970797886, "id_test": 0.296551724137931, "ood_test": 0.4055390702274975, "ood_validation": 0.4141585417549809, "train": 0.308052649729854, "id_test_conf": [0.2830042572386862, 0.31037286105647266], "id_test_balanced": 0.5, "id_test_balanced_conf": [0.5, 0.5], "ood_test_conf": [0.39892431515139243, 0.41217969989169045], "ood_test_balanced": 0.5, "ood_test_balanced_conf": [0.5, 0.5], "features": ["VCF0004", "VCF0901b", "VCF0701", "VCF0101", "VCF0104", "VCF0105a", "VCF0140a", "VCF0112"]}