{"validation": 0.8832252085264134, "id_test": 0.8925925925925926, "ood_test": 0.8458808618504436, "ood_validation": 0.8601823708206687, "3": 0.8975338106603024, "id_test_conf": [0.8725823170604932, 0.9104325860182069], "id_test_balanced": 0.5109487175941467, "id_test_balanced_conf": [0.5017666988819838, 0.5201307363063097], "ood_test_conf": [0.8392486663821375, 0.8523424513541065], "ood_test_balanced": 0.4925364553928375, "ood_test_balanced_conf": [0.490682959863916, 0.494389950921759], "features": ["gender", "ethnicity", "height_mean_0", "weight_mean_0", "insurance"]}