{"validation": 0.7794253938832252, "id_test": 0.7703703703703704, "ood_test": 0.7214195183776932, "ood_validation": 0.7332826747720365, "train": 0.7644197359277276, "id_test_conf": [0.7441052037848481, 0.7951532623105896], "id_test_balanced": 0.46160614490509033, "id_test_balanced_conf": [0.4472428981587291, 0.4759693916514516], "ood_test_conf": [0.713246794725213, 0.7294832071318472], "ood_test_balanced": 0.4649263024330139, "ood_test_balanced_conf": [0.46036452080123125, 0.4694880840647966], "features": ["gender", "ethnicity", "height_mean_0", "weight_mean_0", "insurance"]}