{"validation": 0.20945319740500462, "id_test": 0.21296296296296297, "ood_test": 0.27046894803548793, "ood_validation": 0.2560790273556231, "train": 0.22307157748436415, "id_test_conf": [0.18889207801521482, 0.23860850056600155], "id_test_balanced": 0.5461655259132385, "id_test_balanced_conf": [0.5332680079899729, 0.5590630438365042], "ood_test_conf": [0.26248108247099183, 0.278569850055421], "ood_test_balanced": 0.5320574045181274, "ood_test_balanced_conf": [0.5275788256339728, 0.536535983402282], "features": ["gender", "ethnicity", "height_mean_0", "weight_mean_0", "insurance"]}