{"validation": 0.6533827618164968, "id_test": 0.6444444444444445, "ood_test": 0.6583861427967892, "ood_validation": 0.6648936170212766, "3": 0.6515513126491647, "id_test_conf": [0.6150698472840346, 0.6730293902563895], "id_test_balanced": 0.4886113703250885, "id_test_balanced_conf": [0.4690062742680311, 0.5082164663821459], "ood_test_conf": [0.6497615317020818, 0.6669327881397469], "ood_test_balanced": 0.5122191905975342, "ood_test_balanced_conf": [0.5063714032433927, 0.5180669779516757], "features": ["gender", "ethnicity", "height_mean_0", "weight_mean_0", "insurance"]}