{"validation": 0.6515291936978684, "id_test": 0.6324074074074074, "ood_test": 0.645965356991973, "ood_validation": 0.6603343465045592, "3": 0.6421638822593476, "id_test_conf": [0.602859405817139, 0.661231669472851], "id_test_balanced": 0.4765017628669739, "id_test_balanced_conf": [0.45691726453602316, 0.4960862611979246], "ood_test_conf": [0.6372723153731005, 0.6545865508708038], "ood_test_balanced": 0.5210151672363281, "ood_test_balanced_conf": [0.5150268589053303, 0.527003475567326], "features": ["gender", "ethnicity", "height_mean_0", "weight_mean_0", "insurance"]}