{"validation": 0.6900436882041848, "id_test": 0.6894252873563218, "ood_test": 0.6284207055720409, "ood_validation": 0.6367104705383637, "0": 0.6926877470355731, "1": 0.6899497487437186, "3": 0.688982552440698, "id_test_conf": [0.6754356497949804, 0.7031601543457404], "id_test_balanced": 0.587558925151825, "id_test_balanced_conf": [0.5786521527729929, 0.596465697530657], "ood_test_conf": [0.6218799175443464, 0.634926314150359], "ood_test_balanced": 0.5764740109443665, "ood_test_balanced_conf": [0.5725690588355065, 0.5803789630532264], "features": ["VCF0004", "VCF0901b", "VCF0701", "VCF0101", "VCF0104", "VCF0105a", "VCF0115", "VCF0140a", "VCF0112"]}