{"id_test": 0.7233304423243712, "id_test_conf": [0.69652751813964, 0.748988822211077], "id_test_balanced": 0.7248337864875793, "id_test_balanced_conf": [0.7067490432038903, 0.7429185297712684], "ood_test": 0.6568774936228661, "ood_test_conf": [0.6492901649482639, 0.6644050902900429], "ood_test_balanced": 0.6628730297088623, "ood_test_balanced_conf": [0.6576117052882909, 0.6681343541294337], "features": ["SEX", "WHTLGSPK", "BORNUSA", "HWELLSPK", "OTHLGSPK", "HIDEG", "EDUCYR", "YRSINUS", "HISPNCAT", "RACEWX", "RACEBX", "RACEAX", "RACEV2X", "RACEV1X", "HISPANX", "SICPAY31", "PAYDR31", "REGION31", "AGE31X", "INSCOV19"]}