{"validation": 0.9343967675565802, "id_test": 0.9328354971648127, "ood_test": 0.8922138487021044, "ood_validation": 0.8943344334433443, "15": 0.904966078697422, "16": 0.890083470192845, "17": 0.908034578250131, "18": 0.913728743260058, "19": 0.9480758104114216, "20": 0.9632853185785258, "21": 0.9763292763737323, "22": 0.982801246909599, "23": 0.9819594782126007, "id_test_conf": [0.9316033218701446, 0.9340520933704713], "id_test_balanced": 0.6153485178947449, "id_test_balanced_conf": [0.6141496803564951, 0.6165473554329947], "ood_test_conf": [0.8907011874426347, 0.8937125960108928], "ood_test_balanced": 0.6558150053024292, "ood_test_balanced_conf": [0.6544605577527546, 0.6571694528521038], "features": ["ENG", "POBP", "OCCP", "DIS", "ESP", "MIG", "MIL", "ANC", "NATIVITY", "DEAR", "DEYE", "DREM", "DPHY", "FER", "AGEP", "SEX", "ST", "MAR", "CIT", "RAC1P", "SCHL", "DIVISION"]}