{"validation": 0.7335651074589128, "id_test": 0.7325442320205745, "ood_test": 0.6935902842718399, "ood_validation": 0.6908140814081408, "15": 0.6518540984914997, "16": 0.6594145234749336, "17": 0.6620761919018038, "18": 0.6460989966201012, "19": 0.7587452501211903, "20": 0.8169778438213673, "21": 0.8997894630889371, "22": 0.9372962126912465, "23": 0.9375520399666945, "id_test_conf": [0.7303773037041044, 0.7347028025292273], "id_test_balanced": 0.694069504737854, "id_test_balanced_conf": [0.6924860678915866, 0.6956529415841214], "ood_test_conf": [0.6913500107782611, 0.6958236961089789], "ood_test_balanced": 0.7250882387161255, "ood_test_balanced_conf": [0.7235632050666027, 0.7266132723656483], "features": ["ENG", "POBP", "OCCP", "DIS", "ESP", "MIG", "MIL", "ANC", "NATIVITY", "DEAR", "DEYE", "DREM", "DPHY", "FER", "AGEP", "SEX", "ST", "MAR", "CIT", "RAC1P", "SCHL", "DIVISION"]}