{"validation": 0.6794638209266007, "id_test": 0.6789700368729278, "ood_test": 0.6444187737988277, "ood_validation": 0.6420792079207921, "train": 0.6810345228264625, "id_test_conf": [0.676685802312132, 0.6812478397549913], "id_test_balanced": 0.700290858745575, "id_test_balanced_conf": [0.6987122157216072, 0.7018695017695427], "ood_test_conf": [0.6420936697393753, 0.6467387593899243], "ood_test_balanced": 0.7301927804946899, "ood_test_balanced_conf": [0.7287076656636782, 0.7316778953257017], "features": ["ENG", "POBP", "OCCP", "DIS", "ESP", "MIG", "MIL", "ANC", "NATIVITY", "DEAR", "DEYE", "DREM", "DPHY", "FER", "AGEP", "SEX", "ST", "MAR", "CIT", "RAC1P", "SCHL", "DIVISION"]}