{"validation": 0.7041285540764979, "id_test": 0.7036717999566201, "ood_test": 0.6525111392265801, "ood_validation": 0.6512101210121012, "train": 0.7048928123794459, "id_test_conf": [0.7014370575677822, 0.7058992226597699], "id_test_balanced": 0.7028195858001709, "id_test_balanced_conf": [0.7012428187089972, 0.7043963528913446], "ood_test_conf": [0.6501980851148015, 0.6548187880118252], "ood_test_balanced": 0.727557897567749, "ood_test_balanced_conf": [0.7260595988412387, 0.7290561962942593], "features": ["ENG", "POBP", "OCCP", "DIS", "ESP", "MIG", "MIL", "ANC", "NATIVITY", "DEAR", "DEYE", "DREM", "DPHY", "FER", "AGEP", "SEX", "ST", "MAR", "CIT", "RAC1P", "SCHL", "DIVISION"]}