{"validation": 0.9265697429414244, "id_test": 0.9243888079819044, "ood_test": 0.8995177585859141, "ood_validation": 0.898899889988999, "15": 0.8980924255726714, "16": 0.8883057074649103, "17": 0.8955729361574732, "18": 0.8990266244252848, "19": 0.9402727173216157, "20": 0.9566737313524821, "21": 0.9749033291673307, "22": 0.981833817048264, "23": 0.9822370247016375, "id_test_conf": [0.9230881465604377, 0.9256741970573681], "id_test_balanced": 0.6241492033004761, "id_test_balanced_conf": [0.6229009989416227, 0.6253974076593295], "ood_test_conf": [0.8980508447777444, 0.9009704981352705], "ood_test_balanced": 0.6634804010391235, "ood_test_balanced_conf": [0.6621356758708135, 0.6648251262074336], "features": ["ENG", "POBP", "OCCP", "DIS", "ESP", "MIG", "MIL", "ANC", "NATIVITY", "DEAR", "DEYE", "DREM", "DPHY", "FER", "AGEP", "SEX", "ST", "MAR", "CIT", "RAC1P", "SCHL", "DIVISION"]}