{"validation": 0.15492922832849954, "id_test": 0.1541350354785734, "ood_test": 0.36479209833079684, "ood_validation": 0.3640814081408141, "15": 0.21844041822970708, "16": 0.27386011546992195, "17": 0.18543709303195868, "18": 0.17654014843315655, "19": 0.1299551204866378, "20": 0.09795489329357022, "21": 0.07455187512057641, "22": 0.08069081658246444, "23": 0.056230918678878715, "id_test_conf": [0.1523764102780517, 0.1559060966428341], "id_test_balanced": 0.5619962811470032, "id_test_balanced_conf": [0.5611886953876819, 0.5628038669063244], "ood_test_conf": [0.36245895032142617, 0.3671300383116292], "ood_test_balanced": 0.6651469469070435, "ood_test_balanced_conf": [0.664007452300284, 0.6662864415138029], "features": ["ENG", "POBP", "OCCP", "DIS", "ESP", "MIG", "MIL", "ANC", "NATIVITY", "DEAR", "DEYE", "DREM", "DPHY", "FER", "AGEP", "SEX", "ST", "MAR", "CIT", "RAC1P", "SCHL", "DIVISION"]}