{"validation": 0.9720879502243375, "id_test": 0.9715675642177671, "ood_test": 0.9599354566624494, "ood_validation": 0.9605610561056106, "train": 0.9712242643584313, "id_test_conf": [0.9707450078817548, 0.9723731186553002], "id_test_balanced": 0.5796995162963867, "id_test_balanced_conf": [0.578806500354549, 0.5805925322382245], "ood_test_conf": [0.9589739549403367, 0.9608806165224981], "ood_test_balanced": 0.6111177206039429, "ood_test_balanced_conf": [0.6101104398421012, 0.6121250013657845], "features": ["ENG", "POBP", "OCCP", "DIS", "ESP", "MIG", "MIL", "ANC", "NATIVITY", "DEAR", "DEYE", "DREM", "DPHY", "FER", "AGEP", "SEX", "ST", "MAR", "CIT", "RAC1P", "SCHL", "DIVISION"]}