{"validation": 0.6651421630599142, "id_test": 0.6640039661636662, "ood_test": 0.630293806651142, "ood_validation": 0.6299229922992299, "15": 0.633784021071115, "16": 0.6761762863383167, "17": 0.6094884364942744, "18": 0.5550093984133008, "19": 0.7170245039015466, "20": 0.7060326025549282, "21": 0.7953010845586693, "22": 0.799419542083199, "23": 0.815376075492645, "id_test_conf": [0.6616933355070888, 0.6663087031026206], "id_test_balanced": 0.6058238744735718, "id_test_balanced_conf": [0.604151687968988, 0.6074960609781556], "ood_test_conf": [0.6279493964603582, 0.6326335990558329], "ood_test_balanced": 0.5839453339576721, "ood_test_balanced_conf": [0.5822657701303251, 0.5856248977850191], "features": ["AGEP", "SEX", "RAC1P", "ACS_YEAR", "POBP", "DIS", "ANC", "NATIVITY", "DEAR", "DEYE", "DPHY", "SCHL"]}