{"validation": 0.9331883195756179, "id_test": 0.9317943792024292, "ood_test": 0.8892922847485805, "ood_validation": 0.8875137513751375, "15": 0.9064250937824248, "16": 0.9228450976076393, "17": 0.8998858618366888, "18": 0.9038096666872578, "19": 0.9531579852695117, "20": 0.9618438487586582, "21": 0.9752220703075852, "22": 0.9785732201082088, "23": 0.9800166527893422, "id_test_conf": [0.9305534808928853, 0.9330197362656963], "id_test_balanced": 0.5349830985069275, "id_test_balanced_conf": [0.5340858053858392, 0.5358803916280158], "ood_test_conf": [0.887761942649735, 0.8908088169731119], "ood_test_balanced": 0.5291067361831665, "ood_test_balanced_conf": [0.5280908534885385, 0.5301226188777945], "features": ["AGEP", "SEX", "RAC1P", "ACS_YEAR", "POBP", "DIS", "ANC", "NATIVITY", "DEAR", "DEYE", "DPHY", "SCHL"]}