{"validation": 0.6338216702610248, "id_test": 0.632237474049515, "ood_test": 0.5848812121434378, "ood_validation": 0.5808030803080309, "train": 0.6347192764196531, "id_test_conf": [0.6298793125833465, 0.6345908835453113], "id_test_balanced": 0.6106894016265869, "id_test_balanced_conf": [0.6090090264123864, 0.6123697768407874], "ood_test_conf": [0.58248906779378, 0.5872703482955677], "ood_test_balanced": 0.5882823467254639, "ood_test_balanced_conf": [0.5865961253503338, 0.589968568100594], "features": ["AGEP", "SEX", "RAC1P", "ACS_YEAR", "POBP", "DIS", "ANC", "NATIVITY", "DEAR", "DEYE", "DPHY", "SCHL"]}