{"validation": 0.6516633201953348, "id_test": 0.6499674650636755, "ood_test": 0.589868651863261, "ood_validation": 0.5855885588558856, "train": 0.6512354812171841, "id_test_conf": [0.6476344363587576, 0.6522951045660524], "id_test_balanced": 0.6068696975708008, "id_test_balanced_conf": [0.6051920572505333, 0.6085473378910683], "ood_test_conf": [0.587480708267702, 0.5922534104962883], "ood_test_balanced": 0.5856937766075134, "ood_test_balanced_conf": [0.5840060135745443, 0.5873815396404826], "features": ["AGEP", "SEX", "RAC1P", "ACS_YEAR", "POBP", "DIS", "ANC", "NATIVITY", "DEAR", "DEYE", "DPHY", "SCHL"]}