{"validation": 0.6283743585929947, "id_test": 0.6259225978372014, "ood_test": 0.6172078894450862, "ood_validation": 0.6181518151815182, "15": 0.6077101125389097, "16": 0.6446336962226775, "17": 0.5813748970885413, "18": 0.5231606908054396, "19": 0.6770082409420006, "20": 0.6558619202021482, "21": 0.7449819240221777, "22": 0.7487907126733312, "23": 0.7622536774909797, "id_test_conf": [0.6235563164831308, 0.62828435417428], "id_test_balanced": 0.605034589767456, "id_test_balanced_conf": [0.6033497854671441, 0.606719394067768], "ood_test_conf": [0.6148475122418626, 0.6195641126939369], "ood_test_balanced": 0.590624213218689, "ood_test_balanced_conf": [0.5889424639404751, 0.5923059624969028], "features": ["AGEP", "SEX", "RAC1P", "ACS_YEAR", "POBP", "DIS", "ANC", "NATIVITY", "DEAR", "DEYE", "DPHY", "SCHL"]}