{"validation": 0.5783446121811556, "id_test": 0.5778080748613392, "ood_test": 0.5740200842241658, "ood_validation": 0.5713421342134214, "15": 0.5701907574427328, "16": 0.5945007872949224, "17": 0.5480035177007709, "18": 0.48907048368735495, "19": 0.6294547217313797, "20": 0.5976484525598929, "21": 0.6588882644544913, "22": 0.6625819628076964, "23": 0.653955037468776, "id_test_conf": [0.5753937452592681, 0.5802196085359259], "id_test_balanced": 0.6049759387969971, "id_test_balanced_conf": [0.6032923176931217, 0.6066595599008724], "ood_test_conf": [0.5716196616720239, 0.5764178835138063], "ood_test_balanced": 0.5840716361999512, "ood_test_balanced_conf": [0.5823832768341526, 0.5857599955657498], "features": ["AGEP", "SEX", "RAC1P", "ACS_YEAR", "POBP", "DIS", "ANC", "NATIVITY", "DEAR", "DEYE", "DPHY", "SCHL"]}