{"validation": 0.838631912942168, "id_test": 0.8365010999907043, "ood_test": 0.7906497729370274, "ood_validation": 0.7897139713971397, "15": 0.7925708356612658, "16": 0.8436076731625552, "17": 0.7716862510291146, "18": 0.7508626243193872, "19": 0.8790676945691097, "20": 0.8935127010268332, "21": 0.947776780546725, "22": 0.9542441506324125, "23": 0.9597557590896475, "id_test_conf": [0.8346875543946596, 0.8383025469761125], "id_test_balanced": 0.5815841555595398, "id_test_balanced_conf": [0.5801675409683957, 0.5830007701506839], "ood_test_conf": [0.7886701940763353, 0.7926190474619677], "ood_test_balanced": 0.5668733716011047, "ood_test_balanced_conf": [0.5654064663127065, 0.568340276889503], "features": ["AGEP", "SEX", "RAC1P", "ACS_YEAR", "POBP", "DIS", "ANC", "NATIVITY", "DEAR", "DEYE", "DPHY", "SCHL"]}