{"validation": 0.7067127736050173, "id_test": 0.7060081182412543, "ood_test": 0.7051420747993716, "ood_validation": 0.7029152915291529, "15": 0.6869949716657355, "16": 0.7478116587372805, "17": 0.6541707207544345, "18": 0.601383728831508, "19": 0.7534754257298785, "20": 0.7349544447602059, "21": 0.8193995923468574, "22": 0.8289440682217206, "23": 0.8499583680266445, "id_test_conf": [0.7037784531558304, 0.7082303796455559], "id_test_balanced": 0.6010407209396362, "id_test_balanced_conf": [0.5993965004710481, 0.6026849414082244], "ood_test_conf": [0.7029259356602847, 0.7073509426928624], "ood_test_balanced": 0.5857000350952148, "ood_test_balanced_conf": [0.584075038745068, 0.5873250314453616], "features": ["AGEP", "SEX", "RAC1P", "ACS_YEAR", "POBP", "DIS", "ANC", "NATIVITY", "DEAR", "DEYE", "DPHY", "SCHL"]}