{"validation": 0.9622158597952455, "id_test": 0.9618566603662504, "ood_test": 0.9372963920518792, "ood_validation": 0.9384488448844884, "15": 0.9483406496927129, "16": 0.9434163520308823, "17": 0.95149128059277, "18": 0.954997926171713, "19": 0.9695616819653161, "20": 0.9735981620403817, "21": 0.9808252040362694, "22": 0.9849152603102942, "23": 0.984179850124896, "id_test_conf": [0.9609106650059563, 0.9627860150152778], "id_test_balanced": 0.5072236657142639, "id_test_balanced_conf": [0.5068429741432192, 0.5076043572853086], "ood_test_conf": [0.936110868206491, 0.9384663909952332], "ood_test_balanced": 0.503525972366333, "ood_test_balanced_conf": [0.5030908642552094, 0.5039610804774566], "features": ["AGEP", "SEX", "RAC1P", "ACS_YEAR", "POBP", "DIS", "ANC", "NATIVITY", "DEAR", "DEYE", "DPHY", "SCHL"]}