{"validation": 0.09729555539029772, "id_test": 0.0983546617915905, "ood_test": 0.10941195885362232, "ood_validation": 0.10528052805280529, "15": 0.08546252693750499, "16": 0.07610517582919933, "17": 0.0759860788863109, "18": 0.07747734232286417, "19": 0.0817682841013933, "20": 0.1152901942389142, "21": 0.15700517534956676, "22": 0.14110143681249776, "23": 0.24429641965029142, "id_test_conf": [0.09690581083432669, 0.09981796149077943], "id_test_balanced": 0.5077584385871887, "id_test_balanced_conf": [0.5069338377763052, 0.5085830393980723], "ood_test_conf": [0.10790327249195293, 0.11093450124591482], "ood_test_balanced": 0.514588475227356, "ood_test_balanced_conf": [0.5138556687720119, 0.5153212816827], "features": ["AGEP", "SEX", "RAC1P", "ACS_YEAR", "POBP", "DIS", "ANC", "NATIVITY", "DEAR", "DEYE", "DPHY", "SCHL"]}