{"id_test": 0.8116065523732003, "id_test_conf": [0.808855555291931, 0.8143345385754114], "id_test_balanced": 0.5231568217277527, "id_test_balanced_conf": [0.5222760833171196, 0.5240375601383858], "ood_test": 0.7797782233315602, "ood_test_conf": [0.7760777069150799, 0.7834454843748028], "ood_test_balanced": 0.5084641575813293, "ood_test_balanced_conf": [0.507685977978399, 0.5092423371842597], "features": ["AGEP", "SEX", "POBP", "DIS", "ANC", "NATIVITY", "DEAR", "DEYE", "DREM", "ST", "DIVISION"]}