{"validation": 0.6546153561790692, "id_test": 0.6609862487061955, "ood_test": 0.6069218043199093, "ood_validation": 0.6074446854663774, "train": 0.6545184856592318, "id_test_conf": [0.6553097433847139, 0.6666281583351432], "id_test_balanced": 0.6419981718063354, "id_test_balanced_conf": [0.6380417377036065, 0.6459546059090644], "ood_test_conf": [0.6055909292478795, 0.6082514848366603], "ood_test_balanced": 0.6249436736106873, "ood_test_balanced_conf": [0.6240349529637024, 0.6258523942576721], "features": ["AGEG5YR", "SMOKE100", "DIABETES", "PRACE1", "SEX", "EMPLOY1", "BMI5CAT", "IYEAR"]}