{"validation": 0.3801136363636364, "id_test": 0.3663961038961039, "ood_test": 0.32988165680473375, "ood_validation": 0.36423841059602646, "33": 0.3720814291649356, "id_test_conf": [0.35787991996245866, 0.3749754513141086], "id_test_balanced": 0.6316390633583069, "id_test_balanced_conf": [0.6275693344604224, 0.6357087922561914], "ood_test_conf": [0.30484240218088304, 0.3556626307869232], "ood_test_balanced": 0.513294517993927, "ood_test_balanced_conf": [0.5086394036002457, 0.5179496323876083], "features": ["AccredAgency", "HIGHDEG", "CONTROL", "region", "LOCALE", "locale2", "CCBASIC", "HBCU", "DISTANCEONLY", "median_hh_inc", "poverty_rate", "unemp_rate", "TUITIONFEE_IN", "TUITIONFEE_OUT", "TUITIONFEE_PROG", "ADM_RATE", "ADM_RATE_ALL", "SATVRMID", "SATMTMID", "SATWRMID", "ACTCMMID", "ACTENMID", "ACTMTMID", "ACTWRMID", "NPT4_PROG", "COSTT4_A", "COSTT4_P", "loan_ever", "pell_ever", "PCIP05"]}