{"validation": 0.9229707792207792, "id_test": 0.9243506493506494, "ood_test": 0.7655325443786982, "ood_validation": 0.7086092715231788, "train": 0.9220747595275782, "id_test_conf": [0.9195396473153827, 0.9289600029067976], "id_test_balanced": 0.7620231509208679, "id_test_balanced_conf": [0.7574526001047343, 0.7665937017370016], "ood_test_conf": [0.7420163433226894, 0.787888623357851], "ood_test_balanced": 0.7148324251174927, "ood_test_balanced_conf": [0.6985799503326416, 0.7310848999023437], "features": ["AccredAgency", "HIGHDEG", "CONTROL", "region", "LOCALE", "locale2", "CCBASIC", "HBCU", "DISTANCEONLY", "median_hh_inc", "poverty_rate", "unemp_rate", "TUITIONFEE_IN", "TUITIONFEE_OUT", "TUITIONFEE_PROG", "ADM_RATE", "ADM_RATE_ALL", "SATVRMID", "SATMTMID", "SATWRMID", "ACTCMMID", "ACTENMID", "ACTMTMID", "ACTWRMID", "NPT4_PROG", "COSTT4_A", "COSTT4_P", "loan_ever", "pell_ever", "PCIP05"]}