{"validation": 0.6136125654450262, "id_test": 0.6335078534031413, "ood_test": 0.6530925401322002, "ood_validation": 0.6740976645435244, "train": 0.6292708469694986, "id_test_conf": [0.6114449561380937, 0.6551599783803487], "ood_test_conf": [0.6428466184986392, 0.6632330711916693], "features": ["SEX", "WHTLGSPK", "BORNUSA", "HWELLSPK", "OTHLGSPK", "HIDEG", "EDUCYR", "YRSINUS", "HISPNCAT", "RACETHX", "RACEWX", "RACEBX", "RACEAX", "RACEV2X", "RACEV1X", "HISPANX", "INSCOV19"]}