{"validation": 0.3092532467532468, "id_test": 0.30251623376623377, "ood_test": 0.35281065088757396, "ood_validation": 0.39072847682119205, "33": 0.3072496884088076, "id_test_conf": [0.29441189118765604, 0.3107139686869099], "id_test_balanced": 0.5986003875732422, "id_test_balanced_conf": [0.5950090216519311, 0.6021917534945532], "ood_test_conf": [0.32731301165839005, 0.37894984412275096], "ood_test_balanced": 0.5286174416542053, "ood_test_balanced_conf": [0.5217019038833678, 0.5355329794250429], "features": ["AccredAgency", "HIGHDEG", "CONTROL", "region", "LOCALE", "locale2", "CCBASIC", "HBCU", "DISTANCEONLY", "median_hh_inc", "poverty_rate", "unemp_rate", "TUITIONFEE_IN", "TUITIONFEE_OUT", "TUITIONFEE_PROG", "ADM_RATE", "ADM_RATE_ALL", "SATVRMID", "SATMTMID", "SATWRMID", "ACTCMMID", "ACTENMID", "ACTMTMID", "ACTWRMID", "NPT4_PROG", "COSTT4_A", "COSTT4_P", "loan_ever", "pell_ever", "AVGFACSAL"]}