{"validation": 0.5706695005313497, "id_test": 0.5923566878980892, "ood_test": 0.5576558309896004, "ood_validation": 0.5638610947616245, "train": 0.5877041561545612, "id_test_conf": [0.5601973141137749, 0.62393679734617], "id_test_balanced": 0.6439827680587769, "id_test_balanced_conf": [0.626644183062017, 0.6613213530555367], "ood_test_conf": [0.549740112988667, 0.565549601729388], "ood_test_balanced": 0.5955065488815308, "ood_test_balanced_conf": [0.591690553384833, 0.5993225443782285], "features": ["SEX", "WHTLGSPK", "BORNUSA", "HWELLSPK", "OTHLGSPK", "HIDEG", "EDUCYR", "YRSINUS", "HISPNCAT", "RACETHX", "RACEWX", "RACEBX", "RACEAX", "RACEV2X", "RACEV1X", "HISPANX", "INSCOV19", "SICPAY31", "PAYDR31", "REGION31", "AGE31X"]}