{"validation": 0.538788522848034, "id_test": 0.5477707006369427, "ood_test": 0.5191314016613251, "ood_validation": 0.5338434373160683, "train": 0.5456114725800026, "id_test_conf": [0.5153489019550501, 0.579892961601473], "id_test_balanced": 0.609381377696991, "id_test_balanced_conf": [0.5936424094811081, 0.6251203459128738], "ood_test_conf": [0.5111759592755695, 0.5270795617264026], "ood_test_balanced": 0.5633717179298401, "ood_test_balanced_conf": [0.560296814343892, 0.5664466215157882], "features": ["SEX", "WHTLGSPK", "BORNUSA", "HWELLSPK", "OTHLGSPK", "HIDEG", "EDUCYR", "YRSINUS", "HISPNCAT", "RACETHX", "RACEWX", "RACEBX", "RACEAX", "RACEV2X", "RACEV1X", "HISPANX", "INSCOV19", "SICPAY31", "PAYDR31", "REGION31", "AGE31X"]}