{"validation": 0.6971307120085016, "id_test": 0.7462845010615711, "ood_test": 0.6479168029302113, "ood_validation": 0.644496762801648, "train": 0.7215509228522109, "id_test_conf": [0.7172229774354522, 0.7737970322767056], "id_test_balanced": 0.7371491193771362, "id_test_balanced_conf": [0.7174041216075421, 0.7568941171467304], "ood_test_conf": [0.6402857318341425, 0.6554915557831766], "ood_test_balanced": 0.635920524597168, "ood_test_balanced_conf": [0.6306755159888416, 0.6411655332054943], "features": ["SEX", "WHTLGSPK", "BORNUSA", "HWELLSPK", "OTHLGSPK", "HIDEG", "EDUCYR", "YRSINUS", "HISPNCAT", "RACETHX", "RACEWX", "RACEBX", "RACEAX", "RACEV2X", "RACEV1X", "HISPANX", "INSCOV19", "SICPAY31", "PAYDR31", "REGION31", "AGE31X"]}