{"validation": 0.69394261424017, "id_test": 0.7367303609341825, "ood_test": 0.6299300150434953, "ood_validation": 0.6368452030606239, "train": 0.7096003186827778, "id_test_conf": [0.7073634760210197, 0.7646087738743949], "id_test_balanced": 0.7361845970153809, "id_test_balanced_conf": [0.716284791380167, 0.7560844026505947], "ood_test_conf": [0.62221990394923, 0.6375906592573757], "ood_test_balanced": 0.628046989440918, "ood_test_balanced_conf": [0.6226331676449627, 0.6334608112368733], "features": ["SEX", "WHTLGSPK", "BORNUSA", "HWELLSPK", "OTHLGSPK", "HIDEG", "EDUCYR", "YRSINUS", "HISPNCAT", "RACETHX", "RACEWX", "RACEBX", "RACEAX", "RACEV2X", "RACEV1X", "HISPANX", "INSCOV19", "SICPAY31", "PAYDR31", "REGION31", "AGE31X"]}