{"validation": 0.6854410201912858, "id_test": 0.7441613588110403, "ood_test": 0.6343122506377133, "ood_validation": 0.6456739258387286, "train": 0.717434603638295, "id_test_conf": [0.7150304790975119, 0.7717567010131597], "id_test_balanced": 0.7412914037704468, "id_test_balanced_conf": [0.7215294900909066, 0.7610533174499869], "ood_test_conf": [0.6266203335553621, 0.6419530317220239], "ood_test_balanced": 0.6241134405136108, "ood_test_balanced_conf": [0.6187905611284077, 0.629436319898814], "features": ["SEX", "WHTLGSPK", "BORNUSA", "HWELLSPK", "OTHLGSPK", "HIDEG", "EDUCYR", "YRSINUS", "HISPNCAT", "RACETHX", "RACEWX", "RACEBX", "RACEAX", "RACEV2X", "RACEV1X", "HISPANX", "INSCOV19", "SICPAY31", "PAYDR31", "REGION31", "AGE31X"]}