{"validation": 0.6928799149840595, "id_test": 0.7346072186836518, "ood_test": 0.6562234286088037, "ood_validation": 0.6639199529134785, "train": 0.7222148453060683, "id_test_conf": [0.7051748019496904, 0.7625646034390512], "id_test_balanced": 0.7391387224197388, "id_test_balanced_conf": [0.7193429641425609, 0.7589344806969166], "ood_test_conf": [0.648632807135958, 0.6637545672673457], "ood_test_balanced": 0.6583999991416931, "ood_test_balanced_conf": [0.653089247206226, 0.6637107510771603], "features": ["SEX", "WHTLGSPK", "BORNUSA", "HWELLSPK", "OTHLGSPK", "HIDEG", "EDUCYR", "YRSINUS", "HISPNCAT", "RACETHX", "RACEWX", "RACEBX", "RACEAX", "RACEV2X", "RACEV1X", "HISPANX", "INSCOV19", "SICPAY31", "PAYDR31", "REGION31", "AGE31X"]}