{"validation": 0.21834738702990067, "id_test": 0.22139695782672839, "ood_test": 0.24878268341585172, "ood_validation": 0.24304916221690295, "0": 0.4766270400967157, "1": 0.22243819001710466, "2": 0.22370028674728837, "3": 0.22879829045504063, "4": 0.20679992064279337, "5": 0.2295843539556634, "7": 0.21225323828872736, "8": 0.2151189364281314, "9": 0.19450141046881297, "id_test_conf": [0.21849887820343014, 0.22431560747729204], "id_test_balanced": 0.5180069804191589, "id_test_balanced_conf": [0.5173172671394423, 0.5186966936988756], "ood_test_conf": [0.24495494179928867, 0.25264028101927677], "ood_test_balanced": 0.5180270671844482, "ood_test_balanced_conf": [0.5171693501074333, 0.5188847842614632], "features": ["ENG", "FER", "HUPAC", "WIF", "NWLA", "NWLK", "OCCP", "POBP", "RELP", "WKHP", "WKW", "WRK", "DIS", "MIL", "ANC", "NATIVITY", "DEAR", "DEYE", "DREM", "PUBCOV", "AGEP", "SEX", "ST", "MAR", "CIT", "RAC1P", "SCHL", "DIVISION", "ACS_YEAR"]}