{"validation": 0.707454182405535, "id_test": 0.7052958233708094, "ood_test": 0.686975735504726, "ood_validation": 0.6834837046584423, "0": 0.5824098327624421, "1": 0.7238765355310216, "2": 0.7215933175414537, "3": 0.7653460990530462, "4": 0.7551830175577819, "5": 0.695587072202471, "7": 0.6533768628233885, "8": 0.7191033564515809, "9": 0.6849952984372901, "id_test_conf": [0.7020952527453722, 0.7084812403591907], "id_test_balanced": 0.747075080871582, "id_test_balanced_conf": [0.7449527301639318, 0.7491974315792322], "ood_test_conf": [0.682843457453097, 0.6910857976759659], "ood_test_balanced": 0.7340888977050781, "ood_test_balanced_conf": [0.7313698662025854, 0.7368079292075709], "features": ["ENG", "FER", "HUPAC", "WIF", "NWLA", "NWLK", "OCCP", "POBP", "RELP", "WKHP", "WKW", "WRK", "DIS", "MIL", "ANC", "NATIVITY", "DEAR", "DEYE", "DREM", "PUBCOV", "AGEP", "SEX", "ST", "MAR", "CIT", "RAC1P", "SCHL", "DIVISION", "ACS_YEAR"]}