{"validation": 0.8447352690551592, "id_test": 0.8427277814519001, "ood_test": 0.8125946233479275, "ood_validation": 0.8107162585159271, "train": 0.8438899999682045, "id_test_conf": [0.8401641294363303, 0.8452661186556409], "id_test_balanced": 0.6895251274108887, "id_test_balanced_conf": [0.6875939459260553, 0.6914563088957221], "ood_test_conf": [0.8091063202540276, 0.8160457619587127], "ood_test_balanced": 0.7057448625564575, "ood_test_balanced_conf": [0.7031503371801228, 0.7083393879327923], "features": ["ENG", "FER", "HUPAC", "WIF", "NWLA", "NWLK", "OCCP", "POBP", "RELP", "WKHP", "WKW", "WRK", "DIS", "MIL", "ANC", "NATIVITY", "DEAR", "DEYE", "DREM", "PUBCOV", "AGEP", "SEX", "ST", "MAR", "CIT", "RAC1P", "SCHL", "DIVISION", "ACS_YEAR"]}