{"validation": 0.8477240642527376, "id_test": 0.8443811364908175, "ood_test": 0.8192438315806703, "ood_validation": 0.8188178972564906, "train": 0.8458311208900222, "id_test_conf": [0.8418283519235694, 0.8469084837632006], "id_test_balanced": 0.6633135080337524, "id_test_balanced_conf": [0.6614804762927815, 0.6651465397747234], "ood_test_conf": [0.8158031840251976, 0.8226465220432693], "ood_test_balanced": 0.6693775653839111, "ood_test_balanced_conf": [0.6669516448723152, 0.6718034858955071], "features": ["ENG", "FER", "HUPAC", "WIF", "NWLA", "NWLK", "OCCP", "POBP", "RELP", "WKHP", "WKW", "WRK", "DIS", "MIL", "ANC", "NATIVITY", "DEAR", "DEYE", "DREM", "PUBCOV", "AGEP", "SEX", "ST", "MAR", "CIT", "RAC1P", "SCHL", "DIVISION", "ACS_YEAR"]}