{"validation": 0.42625306828443155, "id_test": 0.42849875362466294, "ood_test": 0.4554605343917509, "ood_validation": 0.4568219480758608, "0": 0.4994962724158775, "1": 0.4969678121598507, "2": 0.429472634334871, "3": 0.4761690270677952, "4": 0.49017954567999206, "5": 0.42671867681274045, "7": 0.34755087900602444, "8": 0.42493193696468673, "9": 0.39901491067030853, "id_test_conf": [0.4250361472177137, 0.43196663670559926], "id_test_balanced": 0.631965696811676, "id_test_balanced_conf": [0.6302234122785739, 0.6337079813447781], "ood_test_conf": [0.4510380523501893, 0.4598883072791157], "ood_test_balanced": 0.6367925405502319, "ood_test_balanced_conf": [0.6345626537036151, 0.6390224273968488], "features": ["ENG", "FER", "HUPAC", "WIF", "NWLA", "NWLK", "OCCP", "POBP", "RELP", "WKHP", "WKW", "WRK", "DIS", "MIL", "ANC", "NATIVITY", "DEAR", "DEYE", "DREM", "PUBCOV", "AGEP", "SEX", "ST", "MAR", "CIT", "RAC1P", "SCHL", "DIVISION", "ACS_YEAR"]}