{"validation": 0.7088913477558599, "id_test": 0.7070509233351987, "ood_test": 0.6987806375056262, "ood_validation": 0.6853249861903885, "0": 0.6061857747330244, "1": 0.7447131083812781, "2": 0.708440344096746, "3": 0.7658489063940334, "4": 0.7751959131038587, "5": 0.7019142907602645, "7": 0.6629948445738847, "8": 0.7199578704715726, "9": 0.6707204585143062, "id_test_conf": [0.7038558402777251, 0.7102307231349403], "id_test_balanced": 0.7398369312286377, "id_test_balanced_conf": [0.737684413632378, 0.7419894488248974], "ood_test_conf": [0.6946914171476659, 0.7028462385269577], "ood_test_balanced": 0.7309297323226929, "ood_test_balanced_conf": [0.7281730381865055, 0.7336864264588803], "features": ["ENG", "FER", "HUPAC", "WIF", "NWLA", "NWLK", "OCCP", "POBP", "RELP", "WKHP", "WKW", "WRK", "DIS", "MIL", "ANC", "NATIVITY", "DEAR", "DEYE", "DREM", "PUBCOV", "AGEP", "SEX", "ST", "MAR", "CIT", "RAC1P", "SCHL", "DIVISION", "ACS_YEAR"]}