{"validation": 0.844455466951556, "id_test": 0.8437452307066186, "ood_test": 0.816993330332665, "ood_validation": 0.8201067943288529, "train": 0.8437818949537215, "id_test_conf": [0.8411882545555635, 0.8462768166728385], "id_test_balanced": 0.6874305605888367, "id_test_balanced_conf": [0.6855103574693203, 0.689350763708353], "ood_test_conf": [0.8135363643334869, 0.8204126075312507], "ood_test_balanced": 0.6882830262184143, "ood_test_balanced_conf": [0.685761669636704, 0.6908043828001246], "features": ["ENG", "FER", "HUPAC", "WIF", "NWLA", "NWLK", "OCCP", "POBP", "RELP", "WKHP", "WKW", "WRK", "DIS", "MIL", "ANC", "NATIVITY", "DEAR", "DEYE", "DREM", "PUBCOV", "AGEP", "SEX", "ST", "MAR", "CIT", "RAC1P", "SCHL", "DIVISION", "ACS_YEAR"]}