{"validation": 0.845994378521373, "id_test": 0.8451187872004884, "ood_test": 0.8175252669912845, "ood_validation": 0.8208433069416313, "train": 0.8443796520926269, "id_test_conf": [0.8425708834587018, 0.8476411989979218], "id_test_balanced": 0.6579663753509521, "id_test_balanced_conf": [0.6561611733119935, 0.6597715773899108], "ood_test_conf": [0.8140721404545013, 0.8209406413152388], "ood_test_balanced": 0.6581856608390808, "ood_test_balanced_conf": [0.6558060756279156, 0.660565246050246], "features": ["ENG", "FER", "HUPAC", "WIF", "NWLA", "NWLK", "OCCP", "POBP", "RELP", "WKHP", "WKW", "WRK", "DIS", "MIL", "ANC", "NATIVITY", "DEAR", "DEYE", "DREM", "PUBCOV", "AGEP", "SEX", "ST", "MAR", "CIT", "RAC1P", "SCHL", "DIVISION", "ACS_YEAR"]}