{"validation": 0.8434761595889453, "id_test": 0.8404766749758356, "ood_test": 0.813024264495274, "ood_validation": 0.812741668201068, "train": 0.841250965791122, "id_test_conf": [0.8378983854097032, 0.8430298164799017], "id_test_balanced": 0.6451461315155029, "id_test_balanced_conf": [0.6433702547452412, 0.6469220082857646], "ood_test_conf": [0.8095389901195963, 0.8164723231795116], "ood_test_balanced": 0.6633531451225281, "ood_test_balanced_conf": [0.6609095445461571, 0.665796745698899], "features": ["ENG", "FER", "HUPAC", "WIF", "NWLA", "NWLK", "OCCP", "POBP", "RELP", "WKHP", "WKW", "WRK", "DIS", "MIL", "ANC", "NATIVITY", "DEAR", "DEYE", "DREM", "PUBCOV", "AGEP", "SEX", "ST", "MAR", "CIT", "RAC1P", "SCHL", "DIVISION", "ACS_YEAR"]}