{"validation": 0.7998506333107686, "id_test": 0.7985310973637232, "ood_test": 0.6294149364757782, "ood_validation": 0.6297482283551212, "train": 0.7987713694281109, "id_test_conf": [0.7974174767186524, 0.7996412631400486], "id_test_balanced": 0.5997306108474731, "id_test_balanced_conf": [0.599079444775125, 0.6003817769198213], "ood_test_conf": [0.6283671819242707, 0.6304617743710388], "ood_test_balanced": 0.687052845954895, "ood_test_balanced_conf": [0.6864204538136255, 0.6876852380961646], "features": ["DIS", "ESP", "MIG", "ANC", "NATIVITY", "DEAR", "DEYE", "DREM", "PINCP", "ESR", "FER", "AGEP", "SEX", "MAR", "CIT", "RAC1P", "SCHL"]}