{"validation": 0.7859643237263395, "id_test": 0.785152022237221, "ood_test": 0.46513106494008266, "ood_validation": 0.4633126458030723, "train": 0.7848346420804099, "id_test_conf": [0.7840118369962497, 0.7862889075360744], "id_test_balanced": 0.5460271835327148, "id_test_balanced_conf": [0.5455454254976939, 0.5465089415677358], "ood_test_conf": [0.4640496041739246, 0.46621277267960537], "ood_test_balanced": 0.5627802014350891, "ood_test_balanced_conf": [0.5622544760326855, 0.5633059268374927], "features": ["DIS", "ESP", "MIG", "ANC", "NATIVITY", "DEAR", "DEYE", "DREM", "PINCP", "ESR", "FER", "AGEP", "SEX", "MAR", "CIT", "RAC1P", "SCHL"]}