{"validation": 0.787775494677314, "id_test": 0.7869432208026647, "ood_test": 0.5264128958266341, "ood_validation": 0.5271248734539372, "train": 0.786786093425546, "id_test_conf": [0.7858064855564201, 0.7880766353662287], "id_test_balanced": 0.5682613849639893, "id_test_balanced_conf": [0.567678312525386, 0.5688444574025925], "ood_test_conf": [0.525330092822379, 0.5274955117510023], "ood_test_balanced": 0.6014492511749268, "ood_test_balanced_conf": [0.6008288183761761, 0.6020696839736774], "features": ["DIS", "ESP", "MIG", "ANC", "NATIVITY", "DEAR", "DEYE", "DREM", "PINCP", "ESR", "FER", "AGEP", "SEX", "MAR", "CIT", "RAC1P", "SCHL"]}