{"id_test": 0.8007995495045749, "id_test_conf": [0.7996906196222632, 0.8019049982479758], "id_test_balanced": 0.5982356667518616, "id_test_balanced_conf": [0.5975983538094443, 0.5988729796942789], "ood_test": 0.641540231599617, "ood_test_conf": [0.6404998316452402, 0.6425796290077972], "ood_test_balanced": 0.6971320509910583, "ood_test_balanced_conf": [0.6965010588685981, 0.6977630431135186], "validation": 0.8017576545436029, "validation_conf": [0.800650721504151, 0.802861095341481], "validation_balanced": 0.5983545184135437, "validation_balanced_conf": [0.5977180594694801, 0.5989909773576073], "features": ["DIS", "ESP", "MIG", "ANC", "NATIVITY", "DEAR", "DEYE", "DREM", "PINCP", "ESR", "FER", "AGEP", "SEX", "MAR", "CIT", "RAC1P", "SCHL"]}