{"id_test": 0.8009053839794561, "id_test_conf": [0.7997966743042455, 0.8020106112901041], "id_test_balanced": 0.5983483195304871, "id_test_balanced_conf": [0.5977110462333076, 0.5989855928276665], "ood_test": 0.6418886947548348, "ood_test_conf": [0.640848516763225, 0.6429278677318804], "ood_test_balanced": 0.6974656581878662, "ood_test_balanced_conf": [0.696834869653685, 0.6980964467220474], "validation": 0.8019293862986016, "validation_conf": [0.8008228124328054, 0.8030324659340033], "validation_balanced": 0.5987588763237, "validation_balanced_conf": [0.5981217298342381, 0.5993960228131618], "features": ["DIS", "ESP", "MIG", "ANC", "NATIVITY", "DEAR", "DEYE", "DREM", "PINCP", "ESR", "FER", "AGEP", "SEX", "MAR", "CIT", "RAC1P", "SCHL"]}