{"validation": 0.7005896789215246, "id_test": 0.6989248814853569, "ood_test": 0.7238374474401408, "ood_validation": 0.7262753642325807, "train": 0.699903575638958, "id_test_conf": [0.6976522297974653, 0.7001952313809471], "id_test_balanced": 0.6937816143035889, "id_test_balanced_conf": [0.6928790978796314, 0.6946841307275463], "ood_test_conf": [0.7228670819736198, 0.7248062273498386], "ood_test_balanced": 0.6821557283401489, "ood_test_balanced_conf": [0.6814817307749763, 0.6828297259053215], "features": ["DIS", "ESP", "MIG", "ANC", "NATIVITY", "DEAR", "DEYE", "DREM", "PINCP", "ESR", "FER", "AGEP", "SEX", "MAR", "CIT", "RAC1P", "SCHL"]}