{"validation": 0.6652948095075492, "id_test": 0.6638517358850757, "ood_test": 0.7312150849088555, "ood_validation": 0.7342092521677891, "train": 0.6647916791991711, "id_test_conf": [0.6625414401081813, 0.6651601357638632], "id_test_balanced": 0.6905897855758667, "id_test_balanced_conf": [0.6896894587099086, 0.6914901124418248], "ood_test_conf": [0.7302528644656998, 0.7321756675239188], "ood_test_balanced": 0.678912341594696, "ood_test_balanced_conf": [0.6782600672240369, 0.6795646159653552], "features": ["DIS", "ESP", "MIG", "ANC", "NATIVITY", "DEAR", "DEYE", "DREM", "PINCP", "ESR", "FER", "AGEP", "SEX", "MAR", "CIT", "RAC1P", "SCHL"]}