{"validation": 0.8005994636377978, "id_test": 0.7995155576678076, "ood_test": 0.6071279666746956, "ood_validation": 0.6074981293190721, "train": 0.799785035827778, "id_test_conf": [0.7984039658917028, 0.8006236831745491], "id_test_balanced": 0.5929378271102905, "id_test_balanced_conf": [0.5923137984029018, 0.5935618558176793], "ood_test_conf": [0.6060685288762351, 0.6081866456838092], "ood_test_balanced": 0.6743324398994446, "ood_test_balanced_conf": [0.6737217398639769, 0.6749431399349123], "features": ["DIS", "ESP", "MIG", "ANC", "NATIVITY", "DEAR", "DEYE", "DREM", "PINCP", "ESR", "FER", "AGEP", "SEX", "MAR", "CIT", "RAC1P", "SCHL"]}