{"validation": 0.7997547830289088, "id_test": 0.797938024929011, "ood_test": 0.6596639837041511, "ood_validation": 0.6602733394955764, "train": 0.7985262523622471, "id_test_conf": [0.7968231870473597, 0.7990494148099898], "id_test_balanced": 0.6006091237068176, "id_test_balanced_conf": [0.5999528698669746, 0.6012653775466607], "ood_test_conf": [0.6586359289444763, 0.6606909075342953], "ood_test_balanced": 0.7018199563026428, "ood_test_balanced_conf": [0.7011601965117734, 0.7024797160935122], "features": ["DIS", "ESP", "MIG", "ANC", "NATIVITY", "DEAR", "DEYE", "DREM", "PINCP", "ESR", "FER", "AGEP", "SEX", "MAR", "CIT", "RAC1P", "SCHL"]}