{"validation": 0.8000483245171043, "id_test": 0.7989264789868645, "ood_test": 0.6348925327402531, "ood_validation": 0.6345129627184295, "train": 0.7990871261371921, "id_test_conf": [0.7978136719288605, 0.8000358265973907], "id_test_balanced": 0.603236734867096, "id_test_balanced_conf": [0.6025758934172336, 0.6038975763169583], "ood_test_conf": [0.6338480121714847, 0.6359360978522204], "ood_test_balanced": 0.6903558969497681, "ood_test_balanced_conf": [0.689719682779396, 0.6909921111201401], "features": ["DIS", "ESP", "MIG", "ANC", "NATIVITY", "DEAR", "DEYE", "DREM", "PINCP", "ESR", "FER", "AGEP", "SEX", "MAR", "CIT", "RAC1P", "SCHL"]}