{"validation": 0.7981373095225258, "id_test": 0.796662020599782, "ood_test": 0.6577737239218122, "ood_validation": 0.6574783221092477, "train": 0.796945721546514, "id_test_conf": [0.7955445765525999, 0.7977760314229021], "id_test_balanced": 0.6050294637680054, "id_test_balanced_conf": [0.604354904210195, 0.6057040233258157], "ood_test_conf": [0.6567443045098229, 0.658802025794513], "ood_test_balanced": 0.7027837038040161, "ood_test_balanced_conf": [0.7021306329919025, 0.7034367746161297], "features": ["DIS", "ESP", "MIG", "ANC", "NATIVITY", "DEAR", "DEYE", "DREM", "PINCP", "ESR", "FER", "AGEP", "SEX", "MAR", "CIT", "RAC1P", "SCHL"]}