{"validation": 0.7944071360534845, "id_test": 0.7929618077327061, "ood_test": 0.6662273177996202, "ood_validation": 0.6661274703992253, "train": 0.7934644102251258, "id_test_conf": [0.79183690355735, 0.7940833215328119], "id_test_balanced": 0.6211894154548645, "id_test_balanced_conf": [0.6204602240177337, 0.6219186068919953], "ood_test_conf": [0.6652041431418204, 0.6672493150341227], "ood_test_balanced": 0.7063131332397461, "ood_test_balanced_conf": [0.7056525582401082, 0.706973708239384], "features": ["DIS", "ESP", "MIG", "ANC", "NATIVITY", "DEAR", "DEYE", "DREM", "PINCP", "ESR", "FER", "AGEP", "SEX", "MAR", "CIT", "RAC1P", "SCHL"]}