{"validation": 0.8000682933258251, "id_test": 0.7984572129189947, "ood_test": 0.6490242420315036, "ood_validation": 0.6486531097319425, "train": 0.798813553526004, "id_test_conf": [0.7973434404261086, 0.7995675313987594], "id_test_balanced": 0.5960695743560791, "id_test_balanced_conf": [0.5954302942682989, 0.5967088544438593], "ood_test_conf": [0.6479887410416876, 0.6500586874610796], "ood_test_balanced": 0.7009016275405884, "ood_test_balanced_conf": [0.7002634671598207, 0.7015397879213561], "features": ["DIS", "ESP", "MIG", "ANC", "NATIVITY", "DEAR", "DEYE", "DREM", "PINCP", "ESR", "FER", "AGEP", "SEX", "MAR", "CIT", "RAC1P", "SCHL"]}