{"validation": 0.8739703187678491, "id_test": 0.8718903214091157, "ood_test": 0.8252274626865672, "ood_validation": 0.827673658872077, "train": 0.8746642950221258, "id_test_conf": [0.8699953710587538, 0.8737674517832631], "id_test_balanced": 0.5111874341964722, "id_test_balanced_conf": [0.5106868905364536, 0.5116879778564908], "ood_test_conf": [0.8235938696873581, 0.8268520466452456], "ood_test_balanced": 0.5115166902542114, "ood_test_balanced_conf": [0.5111093794729095, 0.5119240010355134], "features": ["IYEAR", "MEDCOST", "PRACE1", "SEX", "PHYSHLTH", "BMI5", "BMI5CAT", "SMOKE100", "SMOKDAY2", "FRUIT_ONCE_PER_DAY", "VEG_ONCE_PER_DAY", "DRNK_PER_WEEK", "RFBING5", "TOTINDA", "INCOME", "MARITAL", "CHECKUP1", "EDUCA", "MENTHLTH", "STATE"]}