{"validation": 0.8745233339386236, "id_test": 0.8727239711441637, "ood_test": 0.8257002985074627, "ood_validation": 0.828748280605227, "train": 0.8752235023921076, "id_test_conf": [0.8708342371756547, 0.8745958450459429], "id_test_balanced": 0.500636637210846, "id_test_balanced_conf": [0.5005159230518621, 0.5007573513698298], "ood_test_conf": [0.8240684355551773, 0.8273231393025977], "ood_test_balanced": 0.5005638003349304, "ood_test_balanced_conf": [0.5004668242113257, 0.5006607764585351], "features": ["IYEAR", "MEDCOST", "PRACE1", "SEX", "PHYSHLTH", "BMI5", "BMI5CAT", "SMOKE100", "SMOKDAY2", "FRUIT_ONCE_PER_DAY", "VEG_ONCE_PER_DAY", "DRNK_PER_WEEK", "RFBING5", "TOTINDA", "INCOME", "MARITAL", "CHECKUP1", "EDUCA", "MENTHLTH", "STATE"]}