{"id_test": 0.8738134935701669, "id_test_conf": [0.8719306169217553, 0.8756784577530197], "id_test_balanced": 0.5229573249816895, "id_test_balanced_conf": [0.5222909772931598, 0.5236236726702191], "ood_test": 0.8273289552238806, "ood_test_conf": [0.8257030849733543, 0.8289457581366887], "ood_test_balanced": 0.520350456237793, "ood_test_balanced_conf": [0.5198468650854192, 0.5208540473901667], "validation": 0.875976030506628, "validation_conf": [0.8741069002840735, 0.8778271442484897], "validation_balanced": 0.5247198343276978, "validation_balanced_conf": [0.5240361071936787, 0.5254035614617169], "features": ["IYEAR", "MEDCOST", "PRACE1", "SEX", "PHYSHLTH", "BMI5", "BMI5CAT", "SMOKE100", "SMOKDAY2", "FRUIT_ONCE_PER_DAY", "VEG_ONCE_PER_DAY", "DRNK_PER_WEEK", "RFBING5", "TOTINDA", "INCOME", "MARITAL", "CHECKUP1", "EDUCA", "MENTHLTH", "STATE"]}