{"id_test": 0.8737227000346667, "id_test_conf": [0.8718392502068071, 0.8755882417636813], "id_test_balanced": 0.5226559638977051, "id_test_balanced_conf": [0.5219926234858576, 0.5233193043095525], "ood_test": 0.8275582089552239, "ood_test_conf": [0.8259331864622221, 0.8291741577506448], "ood_test_balanced": 0.5207164287567139, "ood_test_balanced_conf": [0.5202111770107877, 0.5212216805026401], "validation": 0.8759099988444459, "validation_conf": [0.8740404461836099, 0.877761538200853], "validation_balanced": 0.5244848728179932, "validation_balanced_conf": [0.5238034681533463, 0.52516627748264], "features": ["IYEAR", "MEDCOST", "PRACE1", "SEX", "PHYSHLTH", "BMI5", "BMI5CAT", "SMOKE100", "SMOKDAY2", "FRUIT_ONCE_PER_DAY", "VEG_ONCE_PER_DAY", "DRNK_PER_WEEK", "RFBING5", "TOTINDA", "INCOME", "MARITAL", "CHECKUP1", "EDUCA", "MENTHLTH", "STATE"]}