{"validation": 0.876207141324265, "id_test": 0.8732934942304835, "ood_test": 0.8270901492537314, "ood_validation": 0.8290061898211829, "train": 0.8762088216510237, "id_test_conf": [0.8714073391083574, 0.8751617618960544], "id_test_balanced": 0.5173392295837402, "id_test_balanced_conf": [0.5167520083708222, 0.5179264507966582], "ood_test_conf": [0.8254633970307849, 0.828707840763784], "ood_test_balanced": 0.5151757597923279, "ood_test_balanced_conf": [0.5147406868485268, 0.515610832736129], "features": ["IYEAR", "MEDCOST", "PRACE1", "SEX", "PHYSHLTH", "BMI5", "BMI5CAT", "SMOKE100", "SMOKDAY2", "FRUIT_ONCE_PER_DAY", "VEG_ONCE_PER_DAY", "DRNK_PER_WEEK", "RFBING5", "TOTINDA", "INCOME", "MARITAL", "CHECKUP1", "EDUCA", "MENTHLTH", "STATE"]}