{"validation": 0.46308724832214765, "id_test": 0.37919463087248323, "ood_test": 0.6005564628319119, "ood_validation": 0.5944474686989657, "train": 0.4538590604026846, "id_test_conf": [0.3238757677148315, 0.4369414048688066], "id_test_balanced": 0.5227596163749695, "id_test_balanced_conf": [0.49028491355478765, 0.5552343191951513], "ood_test_conf": [0.5952535726662334, 0.6058416832924376], "ood_test_balanced": 0.5839744806289673, "ood_test_balanced_conf": [0.5809125398378819, 0.5870364214200526], "features": ["MARITAL_STATUS", "EDUCATION", "RACE", "GENDER", "AGE", "ORIGIN", "HEALTHDISAB", "HEALTH_HEARING", "HEALTH_SEEING", "HEALTH_COGNITIVE", "HEALTH_AMBULATORY", "HEALTH_SELF_CARE", "HEALTH_ERRANDS_DIFFICULTY", "HEALTH_SUPPLEMENTAL_DISABILITY", "CITIZENSHIP_STATUS"]}