{"validation": 0.5570469798657718, "id_test": 0.5134228187919463, "ood_test": 0.5822899655234984, "ood_validation": 0.5778443113772455, "train": 0.5243288590604027, "id_test_conf": [0.45510786682320276, 0.5714682974567692], "id_test_balanced": 0.625829815864563, "id_test_balanced_conf": [0.5916236992925406, 0.6600359324365854], "ood_test_conf": [0.576952059676189, 0.5876134118167731], "ood_test_balanced": 0.5604024529457092, "ood_test_balanced_conf": [0.5579414100619033, 0.5628634958295151], "features": ["MARITAL_STATUS", "EDUCATION", "RACE", "GENDER", "AGE", "ORIGIN", "HEALTHDISAB", "HEALTH_HEARING", "HEALTH_SEEING", "HEALTH_COGNITIVE", "HEALTH_AMBULATORY", "HEALTH_SELF_CARE", "HEALTH_ERRANDS_DIFFICULTY", "HEALTH_SUPPLEMENTAL_DISABILITY", "CITIZENSHIP_STATUS"]}