{"validation": 0.761744966442953, "id_test": 0.7751677852348994, "ood_test": 0.5869473174862396, "ood_validation": 0.5753946652150245, "train": 0.7487416107382551, "id_test_conf": [0.7234731579947753, 0.8212988735489352], "id_test_balanced": 0.6457444429397583, "id_test_balanced_conf": [0.6137335613369942, 0.6777553245425224], "ood_test_conf": [0.5816176217562228, 0.5922617352041216], "ood_test_balanced": 0.6016087532043457, "ood_test_balanced_conf": [0.5984120042296126, 0.6048055021790788], "features": ["MARITAL_STATUS", "EDUCATION", "RACE", "GENDER", "AGE", "ORIGIN", "HEALTHDISAB", "HEALTH_HEARING", "HEALTH_SEEING", "HEALTH_COGNITIVE", "HEALTH_AMBULATORY", "HEALTH_SELF_CARE", "HEALTH_ERRANDS_DIFFICULTY", "HEALTH_SUPPLEMENTAL_DISABILITY", "CITIZENSHIP_STATUS"]}