{"validation": 0.785234899328859, "id_test": 0.761744966442953, "ood_test": 0.48926389644952517, "ood_validation": 0.4863908546543277, "train": 0.7491610738255033, "id_test_conf": [0.7092271851975407, 0.8089751365552451], "id_test_balanced": 0.580488383769989, "id_test_balanced_conf": [0.5542695922404528, 0.6067071752995252], "ood_test_conf": [0.48386192260728733, 0.4946677566877973], "ood_test_balanced": 0.5160627365112305, "ood_test_balanced_conf": [0.5146019356767647, 0.5175235373456962], "features": ["MARITAL_STATUS", "EDUCATION", "RACE", "GENDER", "AGE", "ORIGIN", "HEALTHDISAB", "HEALTH_HEARING", "HEALTH_SEEING", "HEALTH_COGNITIVE", "HEALTH_AMBULATORY", "HEALTH_SELF_CARE", "HEALTH_ERRANDS_DIFFICULTY", "HEALTH_SUPPLEMENTAL_DISABILITY", "CITIZENSHIP_STATUS"]}