{"validation": 0.21112012987012987, "id_test": 0.2069805194805195, "ood_test": 0.34763313609467456, "ood_validation": 0.37748344370860926, "33": 0.20630452845866223, "id_test_conf": [0.1998557895429822, 0.21424394326992702], "id_test_balanced": 0.5441546440124512, "id_test_balanced_conf": [0.5415433528646827, 0.5467659351602197], "ood_test_conf": [0.3222332896026602, 0.37369714592740055], "ood_test_balanced": 0.5255160331726074, "ood_test_balanced_conf": [0.5191294233407825, 0.5319026430044324], "features": ["AccredAgency", "HIGHDEG", "CONTROL", "region", "LOCALE", "locale2", "CCBASIC", "HBCU", "DISTANCEONLY", "median_hh_inc", "poverty_rate", "unemp_rate", "TUITIONFEE_IN", "TUITIONFEE_OUT", "TUITIONFEE_PROG", "ADM_RATE", "ADM_RATE_ALL", "SATVRMID", "SATMTMID", "SATWRMID", "ACTCMMID", "ACTENMID", "ACTMTMID", "ACTWRMID", "NPT4_PROG", "COSTT4_A", "COSTT4_P", "loan_ever", "pell_ever", "PCIP15"]}