{"validation": 0.6524973432518597, "id_test": 0.6963906581740976, "ood_test": 0.6420302178036497, "ood_validation": 0.6545026486168334, "train": 0.6859646793254548, "id_test_conf": [0.6659153019547039, 0.7256324279654159], "id_test_balanced": 0.7134976387023926, "id_test_balanced_conf": [0.6935351472720503, 0.7334601301327348], "ood_test_conf": [0.6343720031528992, 0.6496343566268641], "ood_test_balanced": 0.6407338380813599, "ood_test_balanced_conf": [0.6353578265476972, 0.6461098496150225], "features": ["SEX", "WHTLGSPK", "BORNUSA", "HWELLSPK", "OTHLGSPK", "HIDEG", "EDUCYR", "YRSINUS", "HISPNCAT", "RACETHX", "RACEWX", "RACEBX", "RACEAX", "RACEV2X", "RACEV1X", "HISPANX", "PAYDR31", "REGION31", "AGE31X", "INSCOV19"]}