{"validation": 0.6259298618490967, "id_test": 0.6581740976645435, "ood_test": 0.6266596899731833, "ood_validation": 0.6386109476162448, "train": 0.6544947550126146, "id_test_conf": [0.626895353846826, 0.6884600005646473], "id_test_balanced": 0.6898367404937744, "id_test_balanced_conf": [0.6705101810395717, 0.7091632999479771], "ood_test_conf": [0.6189364419976016, 0.6343347166304418], "ood_test_balanced": 0.6419819593429565, "ood_test_balanced_conf": [0.6368533372879028, 0.6471105813980103], "features": ["SEX", "WHTLGSPK", "BORNUSA", "HWELLSPK", "OTHLGSPK", "HIDEG", "EDUCYR", "YRSINUS", "HISPNCAT", "RACETHX", "RACEWX", "RACEBX", "RACEAX", "RACEV2X", "RACEV1X", "HISPANX", "PAYDR31", "REGION31", "AGE31X", "INSCOV19"]}