{"validation": 0.6291179596174282, "id_test": 0.6560509554140127, "ood_test": 0.6342468441363072, "ood_validation": 0.6439081812831077, "train": 0.6509095737617846, "id_test_conf": [0.6247341373286922, 0.6863882915312035], "id_test_balanced": 0.688038170337677, "id_test_balanced_conf": [0.668709221445024, 0.70736711923033], "ood_test_conf": [0.6265546505077848, 0.6418879266795485], "ood_test_balanced": 0.6474043130874634, "ood_test_balanced_conf": [0.6422292498592287, 0.6525793763156981], "features": ["SEX", "WHTLGSPK", "BORNUSA", "HWELLSPK", "OTHLGSPK", "HIDEG", "EDUCYR", "YRSINUS", "HISPNCAT", "RACETHX", "RACEWX", "RACEBX", "RACEAX", "RACEV2X", "RACEV1X", "HISPANX", "PAYDR31", "REGION31", "AGE31X", "INSCOV19"]}