{"validation": 0.5866099893730075, "id_test": 0.5912951167728238, "ood_test": 0.5539276604094447, "ood_validation": 0.5438493231312537, "train": 0.576550258929757, "id_test_conf": [0.5591264431893699, 0.6228911891977692], "id_test_balanced": 0.502087414264679, "id_test_balanced_conf": [0.49869382366072385, 0.505481004868634], "ood_test_conf": [0.5460060175636832, 0.5618287752533394], "ood_test_balanced": 0.5005103349685669, "ood_test_balanced_conf": [0.5001386433228617, 0.5008820266142721], "features": ["SEX", "WHTLGSPK", "BORNUSA", "HWELLSPK", "OTHLGSPK", "HIDEG", "EDUCYR", "YRSINUS", "HISPNCAT", "RACETHX", "RACEWX", "RACEBX", "RACEAX", "RACEV2X", "RACEV1X", "HISPANX", "PAYDR31", "REGION31", "AGE31X", "INSCOV19"]}