{"validation": 0.696068012752391, "id_test": 0.7462845010615711, "ood_test": 0.6517103800117732, "ood_validation": 0.6539140670982931, "train": 0.7236754747045545, "id_test_conf": [0.7172229774354522, 0.7737970322767056], "id_test_balanced": 0.7438820600509644, "id_test_balanced_conf": [0.7241811820119619, 0.7635829380899668], "ood_test_conf": [0.6440974682022915, 0.6592655283819422], "ood_test_balanced": 0.6467857360839844, "ood_test_balanced_conf": [0.6414532382506877, 0.6521182339172811], "features": ["SEX", "WHTLGSPK", "BORNUSA", "HWELLSPK", "OTHLGSPK", "HIDEG", "EDUCYR", "YRSINUS", "HISPNCAT", "RACETHX", "RACEWX", "RACEBX", "RACEAX", "RACEV2X", "RACEV1X", "HISPANX", "PAYDR31", "REGION31", "AGE31X", "INSCOV19"]}