{"validation": 0.6971307120085016, "id_test": 0.7452229299363057, "ood_test": 0.645365949375368, "ood_validation": 0.6468510888758093, "train": 0.7224804142876112, "id_test_conf": [0.7161266201104481, 0.7727769752359075], "id_test_balanced": 0.7382301092147827, "id_test_balanced_conf": [0.7184568781033158, 0.7580033403262496], "ood_test_conf": [0.6377229622029585, 0.6529535900371296], "ood_test_balanced": 0.6337721943855286, "ood_test_balanced_conf": [0.6285103529226035, 0.6390340358484536], "features": ["SEX", "WHTLGSPK", "BORNUSA", "HWELLSPK", "OTHLGSPK", "HIDEG", "EDUCYR", "YRSINUS", "HISPNCAT", "RACETHX", "RACEWX", "RACEBX", "RACEAX", "RACEV2X", "RACEV1X", "HISPANX", "PAYDR31", "REGION31", "AGE31X", "INSCOV19"]}