{"validation": 0.61211477151966, "id_test": 0.6252653927813163, "ood_test": 0.5793053829550657, "ood_validation": 0.5679811653914068, "train": 0.612667640419599, "id_test_conf": [0.5934702729273841, 0.6562745875986251], "id_test_balanced": 0.5502711534500122, "id_test_balanced_conf": [0.5379223338328302, 0.5626199730671942], "ood_test_conf": [0.5714329955334513, 0.5871475810006741], "ood_test_balanced": 0.5317081212997437, "ood_test_balanced_conf": [0.529167510936968, 0.5342487316625193], "features": ["SEX", "WHTLGSPK", "BORNUSA", "HWELLSPK", "OTHLGSPK", "HIDEG", "EDUCYR", "YRSINUS", "HISPNCAT", "RACETHX", "RACEWX", "RACEBX", "RACEAX", "RACEV2X", "RACEV1X", "HISPANX", "PAYDR31", "REGION31", "AGE31X", "INSCOV19"]}