{"validation": 0.6620616365568545, "id_test": 0.673036093418259, "ood_test": 0.6309765190659952, "ood_validation": 0.6474396703943496, "train": 0.6643208073297039, "id_test_conf": [0.6420428508055861, 0.7029429394312874], "id_test_balanced": 0.6770790815353394, "id_test_balanced_conf": [0.6559887021407484, 0.6981694609299303], "ood_test_conf": [0.6232706911842723, 0.6386324814788857], "ood_test_balanced": 0.6361332535743713, "ood_test_balanced_conf": [0.6307677594944835, 0.6414987476542592], "features": ["SEX", "WHTLGSPK", "BORNUSA", "HWELLSPK", "OTHLGSPK", "HIDEG", "EDUCYR", "YRSINUS", "HISPNCAT", "RACETHX", "RACEWX", "RACEBX", "RACEAX", "RACEV2X", "RACEV1X", "HISPANX", "PAYDR31", "REGION31", "AGE31X", "INSCOV19"]}