{"validation": 0.6748140276301806, "id_test": 0.6825902335456475, "ood_test": 0.6089999345934985, "ood_validation": 0.6156562683931724, "train": 0.6847696189085115, "id_test_conf": [0.6517984217568347, 0.7122354624340925], "id_test_balanced": 0.642398476600647, "id_test_balanced_conf": [0.6232338458672166, 0.6615631073340773], "ood_test_conf": [0.601212169725539, 0.6167462035279299], "ood_test_balanced": 0.5740029215812683, "ood_test_balanced_conf": [0.5698438447527587, 0.5781619984097779], "features": ["SEX", "WHTLGSPK", "BORNUSA", "HWELLSPK", "OTHLGSPK", "HIDEG", "EDUCYR", "YRSINUS", "HISPNCAT", "RACETHX", "RACEWX", "RACEBX", "RACEAX", "RACEV2X", "RACEV1X", "HISPANX", "PAYDR31", "REGION31", "AGE31X", "INSCOV19"]}