{"validation": 0.6875664187035069, "id_test": 0.7430997876857749, "ood_test": 0.6323500555955262, "ood_validation": 0.6380223660977046, "train": 0.7179657416013809, "id_test_conf": [0.7139345535164677, 0.7707362104982496], "id_test_balanced": 0.7380158305168152, "id_test_balanced_conf": [0.7182008873671293, 0.7578307736665011], "ood_test_conf": [0.6246499080457414, 0.6399998145226986], "ood_test_balanced": 0.6186713576316833, "ood_test_balanced_conf": [0.6134188863635063, 0.6239238288998604], "features": ["SEX", "WHTLGSPK", "BORNUSA", "HWELLSPK", "OTHLGSPK", "HIDEG", "EDUCYR", "YRSINUS", "HISPNCAT", "RACETHX", "RACEWX", "RACEBX", "RACEAX", "RACEV2X", "RACEV1X", "HISPANX", "PAYDR31", "REGION31", "AGE31X", "INSCOV19"]}