{"validation": 0.6801275239107333, "id_test": 0.7335456475583864, "ood_test": 0.648374648440055, "ood_validation": 0.6568569746909947, "train": 0.7151772672951799, "id_test_conf": [0.7040807772124695, 0.7615422047496272], "id_test_balanced": 0.7402197122573853, "id_test_balanced_conf": [0.7204887152463197, 0.7599507092684508], "ood_test_conf": [0.6407457411378428, 0.6559470630824978], "ood_test_balanced": 0.6541582345962524, "ood_test_balanced_conf": [0.6488614432606846, 0.6594550259318203], "features": ["SEX", "WHTLGSPK", "BORNUSA", "HWELLSPK", "OTHLGSPK", "HIDEG", "EDUCYR", "YRSINUS", "HISPNCAT", "RACETHX", "RACEWX", "RACEBX", "RACEAX", "RACEV2X", "RACEV1X", "HISPANX", "PAYDR31", "REGION31", "AGE31X", "INSCOV19"]}