{"validation": 0.696068012752391, "id_test": 0.7377919320594479, "ood_test": 0.6329387141081824, "ood_validation": 0.6386109476162448, "train": 0.7118576550258929, "id_test_conf": [0.7084581269580248, 0.7656305440002691], "id_test_balanced": 0.7315391302108765, "id_test_balanced_conf": [0.7115891043841839, 0.751489156037569], "ood_test_conf": [0.6252410213893411, 0.640585793993385], "ood_test_balanced": 0.6229152679443359, "ood_test_balanced_conf": [0.6175852499064058, 0.628245285982266], "features": ["SEX", "WHTLGSPK", "BORNUSA", "HWELLSPK", "OTHLGSPK", "HIDEG", "EDUCYR", "YRSINUS", "HISPNCAT", "RACETHX", "RACEWX", "RACEBX", "RACEAX", "RACEV2X", "RACEV1X", "HISPANX", "PAYDR31", "REGION31", "AGE31X", "INSCOV19"]}