{"validation": 0.6833156216790648, "id_test": 0.7346072186836518, "ood_test": 0.6283602590097456, "ood_validation": 0.6321365509123014, "train": 0.7049528615057761, "id_test_conf": [0.7051748019496904, 0.7625646034390512], "id_test_balanced": 0.7411190271377563, "id_test_balanced_conf": [0.7214070087298751, 0.7608310455456376], "ood_test_conf": [0.6206437953558546, 0.6360278536580688], "ood_test_balanced": 0.6376664042472839, "ood_test_balanced_conf": [0.6323675246629864, 0.6429652838315815], "features": ["SEX", "WHTLGSPK", "BORNUSA", "HWELLSPK", "OTHLGSPK", "HIDEG", "EDUCYR", "YRSINUS", "HISPNCAT", "RACETHX", "RACEWX", "RACEBX", "RACEAX", "RACEV2X", "RACEV1X", "HISPANX", "PAYDR31", "REGION31", "AGE31X", "INSCOV19"]}