{"validation": 0.6907545164718385, "id_test": 0.7409766454352441, "ood_test": 0.654392046569429, "ood_validation": 0.6680400235432608, "train": 0.7231443367414686, "id_test_conf": [0.7117433451779285, 0.7686945841018666], "id_test_balanced": 0.7370093464851379, "id_test_balanced_conf": [0.7171538759768009, 0.756864816993475], "ood_test_conf": [0.6467922893431545, 0.6619330187108123], "ood_test_balanced": 0.6486837863922119, "ood_test_balanced_conf": [0.6433664781041444, 0.6540010946802794], "features": ["SEX", "WHTLGSPK", "BORNUSA", "HWELLSPK", "OTHLGSPK", "HIDEG", "EDUCYR", "YRSINUS", "HISPNCAT", "RACETHX", "RACEWX", "RACEBX", "RACEAX", "RACEV2X", "RACEV1X", "HISPANX", "PAYDR31", "REGION31", "AGE31X", "INSCOV19"]}