{"validation": 0.6928799149840595, "id_test": 0.7346072186836518, "ood_test": 0.6546536725750539, "ood_validation": 0.6627427898763979, "train": 0.7187624485460098, "id_test_conf": [0.7051748019496904, 0.7625646034390512], "id_test_balanced": 0.7430993318557739, "id_test_balanced_conf": [0.7234843330457806, 0.7627143306657672], "ood_test_conf": [0.6470552128817071, 0.6621932475088932], "ood_test_balanced": 0.6585972905158997, "ood_test_balanced_conf": [0.6532984497211873, 0.663896131310612], "features": ["SEX", "WHTLGSPK", "BORNUSA", "HWELLSPK", "OTHLGSPK", "HIDEG", "EDUCYR", "YRSINUS", "HISPNCAT", "RACETHX", "RACEWX", "RACEBX", "RACEAX", "RACEV2X", "RACEV1X", "HISPANX", "PAYDR31", "REGION31", "AGE31X", "INSCOV19"]}