{"validation": 0.5813083179482061, "id_test": 0.5826870437956204, "ood_test": 0.48725465394860196, "ood_validation": 0.48721039239319675, "train": 0.5805048387283602, "id_test_conf": [0.5801013961618761, 0.5852692733529457], "id_test_balanced": 0.6341609954833984, "id_test_balanced_conf": [0.6323894370207563, 0.6359325539460405], "ood_test_conf": [0.4845790013255776, 0.48993085651354346], "ood_test_balanced": 0.5928362011909485, "ood_test_balanced_conf": [0.5910394283570349, 0.594632974024862], "features": ["HR", "O2Sat", "Temp", "SBP", "MAP", "DBP", "Resp", "EtCO2", "BaseExcess", "HCO3", "FiO2", "pH", "PaCO2", "SaO2", "AST", "BUN", "Alkalinephos", "Calcium", "Chloride", "Creatinine", "Bilirubin_direct", "Glucose", "Lactate", "Magnesium", "Phosphate", "Potassium", "Bilirubin_total", "TroponinI", "Hct", "Hgb", "PTT", "WBC", "Fibrinogen", "Platelets", "Age", "Gender", "Unit1", "Unit2", "HospAdmTime", "ICULOS", "set"]}