{"validation": 0.5586241812486157, "id_test": 0.5564183373835561, "ood_test": 0.5787303552844779, "ood_validation": 0.5803200948429165, "0": 0.8457608395470865, "2": 0.5636514002167342, "3": 0.5239725680480566, "4": 0.5013502027993846, "5": 0.5454759438847566, "6": 0.5042364209406083, "7": 0.5652502435823508, "8": 0.5704828982154659, "9": 0.6227969117278158, "id_test_conf": [0.5539646136840233, 0.5588699907837372], "id_test_balanced": 0.6452627182006836, "id_test_balanced_conf": [0.6438360873400234, 0.6466893490613438], "ood_test_conf": [0.5752083341871729, 0.5822463579658695], "ood_test_balanced": 0.6392443180084229, "ood_test_balanced_conf": [0.6373442722391337, 0.641144363777712], "features": ["AGEP", "RAC1P", "POBP", "DIVISION"]}