{"validation": 0.5796791443850268, "id_test": 0.5791945119481572, "ood_test": 0.5956580732700135, "ood_validation": 0.5992886781268524, "0": 0.8572217619442143, "2": 0.5881822848343125, "3": 0.5529797299350669, "4": 0.5265145402317399, "5": 0.5782804506794715, "6": 0.5375138144161107, "7": 0.5764782300345324, "8": 0.5875227197620622, "9": 0.6303875205559634, "id_test_conf": [0.5767557455101487, 0.5816303722722237], "id_test_balanced": 0.6498216390609741, "id_test_balanced_conf": [0.6483070718683303, 0.651336206253618], "ood_test_conf": [0.5921567340759506, 0.5991520999251834], "ood_test_balanced": 0.6473956108093262, "ood_test_balanced_conf": [0.6453585408302024, 0.64943268078845], "features": ["AGEP", "RAC1P", "POBP", "DIVISION"]}