{"validation": 0.679182356105433, "id_test": 0.6810512859457271, "ood_test": 0.6045368918865514, "ood_validation": 0.5990515708358032, "train": 0.6795066619308406, "id_test_conf": [0.6787468269508783, 0.683349100423452], "id_test_balanced": 0.5099760293960571, "id_test_balanced_conf": [0.5094588940613903, 0.5104931647307239], "ood_test_conf": [0.6010481192426984, 0.6080176731802562], "ood_test_balanced": 0.50764399766922, "ood_test_balanced_conf": [0.5068566449568607, 0.5084313503815793], "features": ["AGEP", "RAC1P", "POBP", "DIVISION"]}