{"id_test": 0.6851647934386391, "id_test_conf": [0.6828682409945523, 0.6874545503582148], "id_test_balanced": 0.5502596497535706, "id_test_balanced_conf": [0.5491258367942646, 0.5513934627128765], "ood_test": 0.6350989975102422, "ood_test_conf": [0.6316627456878225, 0.6385249212492395], "ood_test_balanced": 0.6111754775047302, "ood_test_balanced_conf": [0.6087952837534248, 0.6135556712560356], "validation": 0.6843084517292662, "validation_conf": [0.6820102289370717, 0.6865999103907902], "validation_balanced": 0.5514926910400391, "validation_balanced_conf": [0.5503588287951424, 0.5526265532849357], "features": ["AGEP", "RAC1P", "POBP", "DIVISION"]}