{"id_test": 0.685107837181045, "id_test_conf": [0.6828111738454017, 0.6873977070830679], "id_test_balanced": 0.5485888719558716, "id_test_balanced_conf": [0.54747259382857, 0.5497051500831731], "ood_test": 0.6380234748587161, "ood_test_conf": [0.6345930176327149, 0.6414433803837627], "ood_test_balanced": 0.6165832877159119, "ood_test_balanced_conf": [0.6141952746687457, 0.618971300763078], "validation": 0.6839224124291997, "validation_conf": [0.681623442873427, 0.6862146320260201], "validation_balanced": 0.5495436787605286, "validation_balanced_conf": [0.5484268571226858, 0.5506605003983713], "features": ["AGEP", "RAC1P", "POBP", "DIVISION"]}