{"id_test": 0.685107837181045, "id_test_conf": [0.6828111738454017, 0.6873977070830679], "id_test_balanced": 0.5499523282051086, "id_test_balanced_conf": [0.5488211758690886, 0.5510834805411287], "ood_test": 0.6369432625047753, "ood_test_conf": [0.6335106490098881, 0.6403654068965476], "ood_test_balanced": 0.6141826510429382, "ood_test_balanced_conf": [0.6117991325678304, 0.6165661695180461], "validation": 0.6838338132455779, "validation_conf": [0.6815346725593716, 0.6861262072253569], "validation_balanced": 0.5506876707077026, "validation_balanced_conf": [0.5495571530377492, 0.5518181883776561], "features": ["AGEP", "RAC1P", "POBP", "DIVISION"]}