{"validation": 0.5553396829414929, "id_test": 0.5541084447144593, "ood_test": 0.5782824623572341, "ood_validation": 0.5765263781861292, "0": 0.6010770505385252, "2": 0.5577482461643758, "3": 0.5075063059047581, "4": 0.48655714424038987, "5": 0.5490576844616012, "6": 0.5084933076828619, "7": 0.5716662358407403, "8": 0.5765552709847984, "9": 0.628297083608187, "id_test_conf": [0.5516534968533755, 0.5565614070406182], "id_test_balanced": 0.6462162733078003, "id_test_balanced_conf": [0.6448105705692433, 0.6476219760463573], "ood_test_conf": [0.5747599518433375, 0.5817989886958099], "ood_test_balanced": 0.639607310295105, "ood_test_balanced_conf": [0.6377238066866994, 0.6414908139035106], "features": ["AGEP", "RAC1P", "POBP", "DIVISION"]}