{"validation": 0.5977786918963389, "id_test": 0.5971167476711219, "ood_test": 0.5958293264480774, "ood_validation": 0.5969176052163604, "train": 0.5986521881177702, "id_test_conf": [0.5946934828704245, 0.5995364486451682], "id_test_balanced": 0.6570102572441101, "id_test_balanced_conf": [0.6554611571668647, 0.6585593573213555], "ood_test_conf": [0.5923282183763934, 0.5993231088882518], "ood_test_balanced": 0.6490470170974731, "ood_test_balanced_conf": [0.6470363260898739, 0.6510577081050724], "features": ["AGEP", "RAC1P", "POBP", "DIVISION"]}