{"validation": 0.5947789766794291, "id_test": 0.5943575334143378, "ood_test": 0.5980819644056856, "ood_validation": 0.6007113218731476, "train": 0.5957663929854927, "id_test_conf": [0.5919316652551738, 0.5967799390064105], "id_test_balanced": 0.6572999954223633, "id_test_balanced_conf": [0.6557627400872298, 0.6588372507574968], "ood_test_conf": [0.594583937599475, 0.6015724933614757], "ood_test_balanced": 0.6504578590393066, "ood_test_balanced_conf": [0.6484364246856421, 0.6524792933929712], "features": ["AGEP", "RAC1P", "POBP", "DIVISION"]}