{"validation": 0.5991456507293611, "id_test": 0.5989266909680032, "ood_test": 0.595618553305845, "ood_validation": 0.5990515708358032, "train": 0.5995294761664807, "id_test_conf": [0.5965051770545555, 0.601344574631913], "id_test_balanced": 0.6575985550880432, "id_test_balanced_conf": [0.6560457601887174, 0.659151349987369], "ood_test_conf": [0.5921171608385158, 0.5991126362556556], "ood_test_balanced": 0.6479406952857971, "ood_test_balanced_conf": [0.6459137217793613, 0.6499676687922329], "features": ["AGEP", "RAC1P", "POBP", "DIVISION"]}