{"validation": 0.5957598962123849, "id_test": 0.5945284021871203, "ood_test": 0.5982268709409704, "ood_validation": 0.5979845880260818, "train": 0.5961184156921439, "id_test_conf": [0.5921026929399595, 0.5969506425965496], "id_test_balanced": 0.6571395397186279, "id_test_balanced_conf": [0.6556008050171659, 0.65867827442009], "ood_test_conf": [0.5947290449637459, 0.6017171879893203], "ood_test_balanced": 0.6507071852684021, "ood_test_balanced_conf": [0.6486878683697432, 0.652726502167061], "features": ["AGEP", "RAC1P", "POBP", "DIVISION"]}