{"validation": 0.5788880802455463, "id_test": 0.5771504151478332, "ood_test": 0.5985693772970979, "ood_validation": 0.6034380557202134, "0": 0.675918254625794, "2": 0.5858894655791935, "3": 0.5303544475622233, "4": 0.5106456228684547, "5": 0.5775468411637322, "6": 0.5437081303808003, "7": 0.5854526654868665, "8": 0.6038396397884996, "9": 0.6419267325076882, "id_test_conf": [0.5747100908859131, 0.5795879083089699], "id_test_balanced": 0.6497166752815247, "id_test_balanced_conf": [0.6482106832112186, 0.6512226673518308], "ood_test_conf": [0.5950720272664248, 0.6020591922134486], "ood_test_balanced": 0.6479734182357788, "ood_test_balanced_conf": [0.6459024899685756, 0.650044346502982], "features": ["AGEP", "RAC1P", "POBP", "DIVISION"]}