{"validation": 0.595633325950068, "id_test": 0.5935474888618874, "ood_test": 0.6034698528540001, "ood_validation": 0.6064018968583283, "0": 0.6971830985915493, "2": 0.5893857297667257, "3": 0.5454025142579292, "4": 0.5151642298464749, "5": 0.6052592348491981, "6": 0.588337221835646, "7": 0.6142450935555069, "8": 0.6088379874421679, "9": 0.6459032081239026, "id_test_conf": [0.5911208714777639, 0.5959706734063925], "id_test_balanced": 0.6514371633529663, "id_test_balanced_conf": [0.6498741702153348, 0.6530001564905978], "ood_test_conf": [0.5999795068501527, 0.6069522890869608], "ood_test_balanced": 0.6509942412376404, "ood_test_balanced_conf": [0.6489022100670263, 0.6530862724082545], "features": ["AGEP", "RAC1P", "POBP", "DIVISION"]}