{"validation": 0.6815175774451793, "id_test": 0.6828422438234103, "ood_test": 0.6283147369946385, "ood_validation": 0.6299940723177238, "train": 0.6812082368566983, "id_test_conf": [0.6805412017712202, 0.6851365756125897], "id_test_balanced": 0.5441004037857056, "id_test_balanced_conf": [0.5430080591747537, 0.5451927483966574], "ood_test_conf": [0.6248655665585052, 0.6317540980878127], "ood_test_balanced": 0.6119421720504761, "ood_test_balanced_conf": [0.6095243478380143, 0.6143599962629378], "features": ["AGEP", "RAC1P", "POBP", "DIVISION"]}