{"validation": 0.681808689048508, "id_test": 0.6828295868772782, "ood_test": 0.6351912107599689, "ood_validation": 0.6307053941908713, "train": 0.6817287558251848, "id_test_conf": [0.6805285205396545, 0.6851239434165285], "id_test_balanced": 0.5516941547393799, "id_test_balanced_conf": [0.5505199809884652, 0.5528683284902945], "ood_test_conf": [0.6317551395648031, 0.6386169468207545], "ood_test_balanced": 0.6135073304176331, "ood_test_balanced_conf": [0.6111169060273096, 0.6158977548079565], "features": ["AGEP", "RAC1P", "POBP", "DIVISION"]}