{"validation": 0.6796823086415846, "id_test": 0.6817474179829891, "ood_test": 0.6210430635876224, "ood_validation": 0.6174273858921162, "train": 0.6802597532043955, "id_test_conf": [0.6794442824791159, 0.684043883414874], "id_test_balanced": 0.5154531002044678, "id_test_balanced_conf": [0.5148062523826957, 0.5160999480262398], "ood_test_conf": [0.6175808515342007, 0.624496022289857], "ood_test_balanced": 0.5546656250953674, "ood_test_balanced_conf": [0.5527753641130403, 0.5565558860776946], "features": ["AGEP", "RAC1P", "POBP", "DIVISION"]}