{"validation": 0.6813846786697465, "id_test": 0.6829877987039287, "ood_test": 0.6328990528381921, "ood_validation": 0.6334321280379371, "train": 0.6815381098200096, "id_test_conf": [0.6806870360750615, 0.6852818457264523], "id_test_balanced": 0.5438380837440491, "id_test_balanced_conf": [0.5427505322708748, 0.5449256352172234], "ood_test_conf": [0.6294585319063191, 0.6363294139013593], "ood_test_balanced": 0.5868629813194275, "ood_test_balanced_conf": [0.5846613497193903, 0.5890646129194647], "features": ["AGEP", "RAC1P", "POBP", "DIVISION"]}