{"validation": 0.6825238110305983, "id_test": 0.6833801640340219, "ood_test": 0.6327277996601283, "ood_validation": 0.6356846473029045, "train": 0.6822389909842634, "id_test_conf": [0.6810801559246469, 0.6856734421332662], "id_test_balanced": 0.5590207576751709, "id_test_balanced_conf": [0.5577827359247022, 0.5602587794256396], "ood_test_conf": [0.6292869496302598, 0.6361585029157741], "ood_test_balanced": 0.6250267028808594, "ood_test_balanced_conf": [0.6225988933164627, 0.6274545124452561], "features": ["AGEP", "RAC1P", "POBP", "DIVISION"]}