{"validation": 0.6819542448501724, "id_test": 0.6836206460105306, "ood_test": 0.6339924385135224, "ood_validation": 0.6365145228215767, "train": 0.6816836652762429, "id_test_conf": [0.6813211012803833, 0.6859134519024046], "id_test_balanced": 0.5500491857528687, "id_test_balanced_conf": [0.5489004119927995, 0.5511979595129378], "ood_test_conf": [0.6305540297301486, 0.6374206038246868], "ood_test_balanced": 0.6054149270057678, "ood_test_balanced_conf": [0.6030594168929383, 0.6077704371185974], "features": ["AGEP", "RAC1P", "POBP", "DIVISION"]}