{"validation": 0.6822263709141537, "id_test": 0.6832029667881734, "ood_test": 0.6299087088827706, "ood_validation": 0.6329579134558387, "train": 0.6820863159676709, "id_test_conf": [0.6809026176947028, 0.6854965923764529], "id_test_balanced": 0.5444856882095337, "id_test_balanced_conf": [0.5433932386385277, 0.5455781377805397], "ood_test_conf": [0.6264625082058214, 0.6333449783393873], "ood_test_balanced": 0.6053557395935059, "ood_test_balanced_conf": [0.6029727440932766, 0.6077387350937351], "features": ["AGEP", "RAC1P", "POBP", "DIVISION"]}