{"validation": 0.6798025503907856, "id_test": 0.6816461624139327, "ood_test": 0.614798909248989, "ood_validation": 0.6131594546532306, "train": 0.6798571025129675, "id_test_conf": [0.6793428340352026, 0.6839428244377517], "id_test_balanced": 0.5111945867538452, "id_test_balanced_conf": [0.5106586045864969, 0.5117305689211935], "ood_test_conf": [0.6113261560624582, 0.6182628864986706], "ood_test_balanced": 0.539095401763916, "ood_test_balanced_conf": [0.5374206177261658, 0.5407701858016662], "features": ["AGEP", "RAC1P", "POBP", "DIVISION"]}