{"validation": 0.6822580134797329, "id_test": 0.6826587181044957, "ood_test": 0.6353756372594223, "ood_validation": 0.6380557202133965, "train": 0.6810935328286883, "id_test_conf": [0.6803573241052459, 0.6849534085779674], "id_test_balanced": 0.5623145699501038, "id_test_balanced_conf": [0.5610414461349137, 0.5635876937652938], "ood_test_conf": [0.6319399277254868, 0.6388009975570559], "ood_test_balanced": 0.6216325163841248, "ood_test_balanced_conf": [0.6192165864724666, 0.6240484462957829], "features": ["AGEP", "RAC1P", "POBP", "DIVISION"]}