{"validation": 0.6810366104483752, "id_test": 0.6823359659781288, "ood_test": 0.5970412720159134, "ood_validation": 0.6021339656194428, "train": 0.6806283882185515, "id_test_conf": [0.680033954036146, 0.6846312862425703], "id_test_balanced": 0.5424007177352905, "id_test_balanced_conf": [0.5413220507884398, 0.5434793846821413], "ood_test_conf": [0.5935418121979672, 0.600533313546707], "ood_test_balanced": 0.5917699337005615, "ood_test_balanced_conf": [0.5893009567493572, 0.5942389106517658], "features": ["AGEP", "RAC1P", "POBP", "DIVISION"]}