{"validation": 0.923706918823955, "id_test": 0.9238769778145218, "ood_test": 0.45120671563483733, "ood_validation": 0.5518867924528302, "train": 0.9232507465840292, "id_test_conf": [0.9228720316112022, 0.924872845877363], "id_test_balanced": 0.8773643970489502, "id_test_balanced_conf": [0.8765503978310153, 0.8781783962668851], "ood_test_conf": [0.4286942998756706, 0.4738694997049344], "ood_test_balanced": 0.5130353569984436, "ood_test_balanced_conf": [0.5094584700884297, 0.5166122439084575], "features": ["hint_count", "attempt_count", "skill_id", "problem_type", "tutor_mode", "position", "type", "first_action", "school_id"]}