{"validation": 0.9247772586014719, "id_test": 0.9249251687624335, "ood_test": 0.45120671563483733, "ood_validation": 0.5518867924528302, "train": 0.9243621452716653, "id_test_conf": [0.9239265475430181, 0.9259146892504334], "id_test_balanced": 0.8777051568031311, "id_test_balanced_conf": [0.8768941698246635, 0.8785161437815987], "ood_test_conf": [0.4286942998756706, 0.4738694997049344], "ood_test_balanced": 0.5130353569984436, "ood_test_balanced_conf": [0.5094584700884297, 0.5166122439084575], "features": ["hint_count", "attempt_count", "skill_id", "problem_type", "tutor_mode", "position", "type", "first_action", "school_id"]}