{"id_test": 0.9267816478004599, "id_test_conf": [0.9257943683341366, 0.9277597865144971], "id_test_balanced": 0.8815051317214966, "id_test_balanced_conf": [0.8807016565743834, 0.8823086068686098], "ood_test": 0.45068205666316896, "ood_test_conf": [0.42817276850460056, 0.4733433302353122], "ood_test_balanced": 0.5125698447227478, "ood_test_balanced_conf": [0.5090557330520824, 0.5160839563934132], "validation": 0.9265562371282414, "validation_conf": [0.925567569065385, 0.9275357692649844], "validation_balanced": 0.8811748027801514, "validation_balanced_conf": [0.8803704609139822, 0.8819791446463205], "features": ["hint_count", "attempt_count", "skill_id", "problem_type", "tutor_mode", "position", "type", "first_action", "school_id"]}