{"validation": 0.9243417410368271, "id_test": 0.9244084549148714, "ood_test": 0.45120671563483733, "ood_validation": 0.5518867924528302, "train": 0.9239460051237832, "id_test_conf": [0.9234067087490222, 0.9254011114861538], "id_test_balanced": 0.8764197826385498, "id_test_balanced_conf": [0.8756066512805409, 0.8772329139965587], "ood_test_conf": [0.4286942998756706, 0.4738694997049344], "ood_test_balanced": 0.5130353569984436, "ood_test_balanced_conf": [0.5094584700884297, 0.5166122439084575], "features": ["hint_count", "attempt_count", "skill_id", "problem_type", "tutor_mode", "position", "type", "first_action", "school_id"]}