{"validation": 0.9247182053723675, "id_test": 0.9248882606304647, "ood_test": 0.45120671563483733, "ood_validation": 0.5518867924528302, "train": 0.9243049375351493, "id_test_conf": [0.9238894157466367, 0.9258780055783977], "id_test_balanced": 0.8776479363441467, "id_test_balanced_conf": [0.8768368151993491, 0.8784590574889444], "ood_test_conf": [0.4286942998756706, 0.4738694997049344], "ood_test_balanced": 0.5130353569984436, "ood_test_balanced_conf": [0.5094584700884297, 0.5166122439084575], "features": ["hint_count", "attempt_count", "skill_id", "problem_type", "tutor_mode", "position", "type", "first_action", "school_id"]}