{"validation": 0.9248510751378524, "id_test": 0.9249989850263709, "ood_test": 0.45120671563483733, "ood_validation": 0.5518867924528302, "train": 0.9244350390004517, "id_test_conf": [0.9240008113460542, 0.9259880563842195], "id_test_balanced": 0.8776968717575073, "id_test_balanced_conf": [0.876886079069227, 0.8785076644457877], "ood_test_conf": [0.4286942998756706, 0.4738694997049344], "ood_test_balanced": 0.5130353569984436, "ood_test_balanced_conf": [0.5094584700884297, 0.5166122439084575], "features": ["hint_count", "attempt_count", "skill_id", "problem_type", "tutor_mode", "position", "type", "first_action", "school_id"]}