{"validation": 0.9204626820500329, "id_test": 0.9203633236511001, "ood_test": 0.45120671563483733, "ood_validation": 0.5518867924528302, "train": 0.9200554176879863, "id_test_conf": [0.9193375740463406, 0.9213800708165054], "id_test_balanced": 0.8697474598884583, "id_test_balanced_conf": [0.868920126009034, 0.8705747937678825], "ood_test_conf": [0.4286942998756706, 0.4738694997049344], "ood_test_balanced": 0.5130353569984436, "ood_test_balanced_conf": [0.5094584700884297, 0.5166122439084575], "features": ["hint_count", "attempt_count", "skill_id", "problem_type", "tutor_mode", "position", "type", "first_action", "school_id"]}