{"validation": 0.763853759484939, "id_test": 0.7570114942528736, "ood_test": 0.6767462672507183, "ood_validation": 0.678677405680373, "0": 0.7573122529644268, "1": 0.7546302943287868, "3": 0.7572044697118212, "id_test_conf": [0.7439812806717848, 0.7696957398526855], "id_test_balanced": 0.6194558143615723, "id_test_balanced_conf": [0.6121328481286764, 0.6267787805944681], "ood_test_conf": [0.6704074344980708, 0.6830366746429631], "ood_test_balanced": 0.6113439798355103, "ood_test_balanced_conf": [0.60807998706121, 0.6146079726098105], "features": ["VCF0004", "VCF0901b", "VCF0218", "VCF0224", "VCF0302", "VCF9201", "VCF9202", "VCF9203", "VCF9206", "VCF0428", "VCF0429", "VCF0822", "VCF0870", "VCF0803", "VCF0601", "VCF0612", "VCF0615", "VCF0616", "VCF0617", "VCF0310", "VCF0743", "VCF0717", "VCF0718", "VCF0720", "VCF0721", "VCF0701", "VCF0675", "VCF0724", "VCF0725", "VCF0726", "VCF0745", "VCF0101", "VCF0104", "VCF0105a", "VCF0115", "VCF0140a", "VCF0112", "VCF0606"]}