{"validation": 0.3881352034950563, "id_test": 0.3864367816091954, "ood_test": 0.44778861099335876, "ood_validation": 0.45019075879610004, "0": 0.41837944664031623, "1": 0.39526202440775304, "3": 0.3659086453636542, "id_test_conf": [0.37193202454166613, 0.4010941948246455], "id_test_balanced": 0.5461772084236145, "id_test_balanced_conf": [0.53974330724217, 0.552611109605059], "ood_test_conf": [0.4410837337984982, 0.4545077890029868], "ood_test_balanced": 0.5266219973564148, "ood_test_balanced_conf": [0.5240142036601901, 0.5292297910526395], "features": ["VCF0004", "VCF0901b", "VCF0218", "VCF0224", "VCF0302", "VCF9201", "VCF9202", "VCF9203", "VCF9206", "VCF0428", "VCF0429", "VCF0822", "VCF0870", "VCF0803", "VCF0601", "VCF0612", "VCF0615", "VCF0616", "VCF0617", "VCF0310", "VCF0743", "VCF0717", "VCF0718", "VCF0720", "VCF0721", "VCF0701", "VCF0675", "VCF0724", "VCF0725", "VCF0726", "VCF0745", "VCF0101", "VCF0104", "VCF0105a", "VCF0115", "VCF0140a", "VCF0112", "VCF0606"]}