{"validation": 0.7259140032191308, "id_test": 0.7264367816091954, "ood_test": 0.6186708115491498, "ood_validation": 0.6159389571852479, "train": 0.7164616622600299, "id_test_conf": [0.7129253358364157, 0.7396435518646305], "id_test_balanced": 0.5396564602851868, "id_test_balanced_conf": [0.5355756909586489, 0.5437372296117247], "ood_test_conf": [0.6120979189476963, 0.6252111963713639], "ood_test_balanced": 0.5301442742347717, "ood_test_balanced_conf": [0.5285101342666895, 0.531778414202854], "features": ["VCF0004", "VCF0901b", "VCF0218", "VCF0224", "VCF0302", "VCF9201", "VCF9202", "VCF9203", "VCF9206", "VCF0428", "VCF0429", "VCF0822", "VCF0870", "VCF0803", "VCF0601", "VCF0612", "VCF0615", "VCF0616", "VCF0617", "VCF0310", "VCF0743", "VCF0717", "VCF0718", "VCF0720", "VCF0721", "VCF0701", "VCF0675", "VCF0724", "VCF0725", "VCF0726", "VCF0745", "VCF0101", "VCF0104", "VCF0105a", "VCF0115", "VCF0140a", "VCF0112", "VCF0606"]}