{"validation": 0.773971027822488, "id_test": 0.7687356321839081, "ood_test": 0.672177476331779, "ood_validation": 0.6744383213225943, "train": 0.762415220140246, "id_test_conf": [0.7559127182306942, 0.7811967233067716], "id_test_balanced": 0.6154582500457764, "id_test_balanced_conf": [0.6089894113130867, 0.621927088778466], "ood_test_conf": [0.6658163908454888, 0.6784913890673901], "ood_test_balanced": 0.5975536108016968, "ood_test_balanced_conf": [0.5947893431130796, 0.6003178784903139], "features": ["VCF0004", "VCF0901b", "VCF0218", "VCF0224", "VCF0302", "VCF9201", "VCF9202", "VCF9203", "VCF9206", "VCF0428", "VCF0429", "VCF0822", "VCF0870", "VCF0803", "VCF0601", "VCF0612", "VCF0615", "VCF0616", "VCF0617", "VCF0310", "VCF0743", "VCF0717", "VCF0718", "VCF0720", "VCF0721", "VCF0701", "VCF0675", "VCF0724", "VCF0725", "VCF0726", "VCF0745", "VCF0101", "VCF0104", "VCF0105a", "VCF0115", "VCF0140a", "VCF0112", "VCF0606"]}