{"id_test": 0.8358620689655173, "id_test_conf": [0.8245152838514078, 0.8467559090372322], "id_test_balanced": 0.771906852722168, "id_test_balanced_conf": [0.763731538746506, 0.7800821666978299], "ood_test": 0.7972304648862513, "ood_test_conf": [0.7917581423535408, 0.8026212860685819], "ood_test_balanced": 0.766886830329895, "ood_test_balanced_conf": [0.7631666412297636, 0.7706070194300264], "validation": 0.8351345136813061, "validation_conf": [0.8237673264841341, 0.8460496432623752], "validation_balanced": 0.7711416482925415, "validation_balanced_conf": [0.7629723508097231, 0.7793109457753599], "features": ["VCF0004", "VCF0901b", "VCF0218", "VCF0224", "VCF0302", "VCF9201", "VCF9202", "VCF9203", "VCF9206", "VCF0428", "VCF0429", "VCF0822", "VCF0870", "VCF0803", "VCF0601", "VCF0612", "VCF0615", "VCF0616", "VCF0617", "VCF0310", "VCF0743", "VCF0717", "VCF0718", "VCF0720", "VCF0721", "VCF0701", "VCF0675", "VCF0724", "VCF0725", "VCF0726", "VCF0745", "VCF0101", "VCF0104", "VCF0105a", "VCF0115", "VCF0140a", "VCF0112", "VCF0606"]}