{"validation": 0.7199356173833065, "id_test": 0.7220689655172414, "ood_test": 0.6176345909283595, "ood_validation": 0.6095803306485799, "0": 0.7044466403162055, "1": 0.7203876525484566, "3": 0.7101548715938051, "id_test_conf": [0.7084953718756599, 0.7353437771081504], "id_test_balanced": 0.5316195487976074, "id_test_balanced_conf": [0.5279844122519717, 0.5352546853432432], "ood_test_conf": [0.6110584509612758, 0.6241785070498405], "ood_test_balanced": 0.52882981300354, "ood_test_balanced_conf": [0.5272322082612664, 0.5304274177458137], "features": ["VCF0004", "VCF0901b", "VCF0218", "VCF0224", "VCF0302", "VCF9201", "VCF9202", "VCF9203", "VCF9206", "VCF0428", "VCF0429", "VCF0822", "VCF0870", "VCF0803", "VCF0601", "VCF0612", "VCF0615", "VCF0616", "VCF0617", "VCF0310", "VCF0743", "VCF0717", "VCF0718", "VCF0720", "VCF0721", "VCF0701", "VCF0675", "VCF0724", "VCF0725", "VCF0726", "VCF0745", "VCF0101", "VCF0104", "VCF0105a", "VCF0115", "VCF0140a", "VCF0112", "VCF0606"]}