{"validation": 0.8291561278454818, "id_test": 0.8326436781609196, "ood_test": 0.7992558051905233, "ood_validation": 0.8028825773632895, "train": 0.8249798827451431, "id_test_conf": [0.8212131754186853, 0.843625623145887], "id_test_balanced": 0.7772419452667236, "id_test_balanced_conf": [0.7689796878583729, 0.7855042026750744], "ood_test_conf": [0.7938034479477485, 0.8046261039662692], "ood_test_balanced": 0.7725582122802734, "ood_test_balanced_conf": [0.7688045203872025, 0.7763119041733444], "features": ["VCF0004", "VCF0901b", "VCF0218", "VCF0224", "VCF0302", "VCF9201", "VCF9202", "VCF9203", "VCF9206", "VCF0428", "VCF0429", "VCF0822", "VCF0870", "VCF0803", "VCF0601", "VCF0612", "VCF0615", "VCF0616", "VCF0617", "VCF0310", "VCF0743", "VCF0717", "VCF0718", "VCF0720", "VCF0721", "VCF0701", "VCF0675", "VCF0724", "VCF0725", "VCF0726", "VCF0745", "VCF0101", "VCF0104", "VCF0105a", "VCF0115", "VCF0140a", "VCF0112", "VCF0606"]}