{"validation": 0.8073120257530467, "id_test": 0.8, "ood_test": 0.7332202910837926, "ood_validation": 0.7439593047901654, "train": 0.7989424071732383, "id_test_conf": [0.7877985964418148, 0.8117972267242634], "id_test_balanced": 0.6798297762870789, "id_test_balanced_conf": [0.6722404939960689, 0.6874190585780888], "ood_test_conf": [0.7272159025730627, 0.739160763253833], "ood_test_balanced": 0.677336573600769, "ood_test_balanced_conf": [0.673893250413239, 0.6807798967882991], "features": ["VCF0004", "VCF0901b", "VCF0218", "VCF0224", "VCF0302", "VCF9201", "VCF9202", "VCF9203", "VCF9206", "VCF0428", "VCF0429", "VCF0822", "VCF0870", "VCF0803", "VCF0601", "VCF0612", "VCF0615", "VCF0616", "VCF0617", "VCF0310", "VCF0743", "VCF0717", "VCF0718", "VCF0720", "VCF0721", "VCF0701", "VCF0675", "VCF0724", "VCF0725", "VCF0726", "VCF0745", "VCF0101", "VCF0104", "VCF0105a", "VCF0115", "VCF0140a", "VCF0112", "VCF0606"]}