{"validation": 0.812830535755346, "id_test": 0.807816091954023, "ood_test": 0.7454665347840422, "ood_validation": 0.7524374735057228, "train": 0.8037705483388895, "id_test_conf": [0.7957870673669409, 0.8194303305379318], "id_test_balanced": 0.6983888149261475, "id_test_balanced_conf": [0.6905736992135644, 0.7062039306387305], "ood_test_conf": [0.7395502764477475, 0.7513155152088191], "ood_test_balanced": 0.6957018971443176, "ood_test_balanced_conf": [0.6921136731794104, 0.6992901211092248], "features": ["VCF0004", "VCF0901b", "VCF0218", "VCF0224", "VCF0302", "VCF9201", "VCF9202", "VCF9203", "VCF9206", "VCF0428", "VCF0429", "VCF0822", "VCF0870", "VCF0803", "VCF0601", "VCF0612", "VCF0615", "VCF0616", "VCF0617", "VCF0310", "VCF0743", "VCF0717", "VCF0718", "VCF0720", "VCF0721", "VCF0701", "VCF0675", "VCF0724", "VCF0725", "VCF0726", "VCF0745", "VCF0101", "VCF0104", "VCF0105a", "VCF0115", "VCF0140a", "VCF0112", "VCF0606"]}