{"validation": 0.8254771211772821, "id_test": 0.8342528735632184, "ood_test": 0.7838066977532853, "ood_validation": 0.7965239508266214, "train": 0.8266180020692033, "id_test_conf": [0.8228640428848449, 0.8451909531491367], "id_test_balanced": 0.7548449635505676, "id_test_balanced_conf": [0.7467891634814441, 0.7629007636196912], "ood_test_conf": [0.7782073028295897, 0.7893282825202441], "ood_test_balanced": 0.745500922203064, "ood_test_balanced_conf": [0.7418340890901163, 0.7491677553160117], "features": ["VCF0004", "VCF0901b", "VCF0218", "VCF0224", "VCF0302", "VCF9201", "VCF9202", "VCF9203", "VCF9206", "VCF0428", "VCF0429", "VCF0822", "VCF0870", "VCF0803", "VCF0601", "VCF0612", "VCF0615", "VCF0616", "VCF0617", "VCF0310", "VCF0743", "VCF0717", "VCF0718", "VCF0720", "VCF0721", "VCF0701", "VCF0675", "VCF0724", "VCF0725", "VCF0726", "VCF0745", "VCF0101", "VCF0104", "VCF0105a", "VCF0115", "VCF0140a", "VCF0112", "VCF0606"]}