{"validation": 0.9239738001095413, "id_test": 0.925196761777571, "ood_test": 0.45120671563483733, "ood_validation": 0.5518867924528302, "train": 0.9241214409578125, "id_test_conf": [0.9241915839121614, 0.9261926833423392], "id_test_balanced": 0.87822425365448, "id_test_balanced_conf": [0.8774079174210783, 0.8790405898878817], "ood_test_conf": [0.4286942998756706, 0.4738694997049344], "ood_test_balanced": 0.5130353569984436, "ood_test_balanced_conf": [0.5094584700884297, 0.5166122439084575], "features": ["attempt_count", "skill_id", "problem_type", "bottom_hint", "tutor_mode", "position", "type", "first_action", "school_id"]}