{"validation": 0.9237674722207634, "id_test": 0.9249791796403142, "ood_test": 0.45120671563483733, "ood_validation": 0.5518867924528302, "train": 0.9238654065647969, "id_test_conf": [0.9239726704106044, 0.9259764373366467], "id_test_balanced": 0.8772240877151489, "id_test_balanced_conf": [0.8764065624668729, 0.878041612963425], "ood_test_conf": [0.4286942998756706, 0.4738694997049344], "ood_test_balanced": 0.5130353569984436, "ood_test_balanced_conf": [0.5094584700884297, 0.5166122439084575], "features": ["attempt_count", "skill_id", "problem_type", "bottom_hint", "tutor_mode", "position", "type", "first_action", "school_id"]}