{"validation": 0.9238124892146785, "id_test": 0.9250054395534314, "ood_test": 0.45120671563483733, "ood_validation": 0.5518867924528302, "train": 0.9239001071968173, "id_test_conf": [0.9239990908750123, 0.9260025361231219], "id_test_balanced": 0.8771703243255615, "id_test_balanced_conf": [0.8763528414606117, 0.8779878071905114], "ood_test_conf": [0.4286942998756706, 0.4738694997049344], "ood_test_balanced": 0.5130353569984436, "ood_test_balanced_conf": [0.5094584700884297, 0.5166122439084575], "features": ["attempt_count", "skill_id", "problem_type", "bottom_hint", "tutor_mode", "position", "type", "first_action", "school_id"]}