{"id_test": 0.9267873622292415, "id_test_conf": [0.9257919926917308, 0.9277734406105177], "id_test_balanced": 0.8814843893051147, "id_test_balanced_conf": [0.8806745528941974, 0.8822942257160321], "ood_test": 0.45068205666316896, "ood_test_conf": [0.42817276850460056, 0.4733433302353122], "ood_test_balanced": 0.5125698447227478, "ood_test_balanced_conf": [0.5090557330520824, 0.5160839563934132], "validation": 0.9258382539408627, "validation_conf": [0.9248370157044449, 0.9268302218204336], "validation_balanced": 0.8806082010269165, "validation_balanced_conf": [0.879796498779906, 0.881419903273927], "features": ["attempt_count", "skill_id", "problem_type", "bottom_hint", "tutor_mode", "position", "type", "first_action", "school_id"]}