{"validation": 0.9241913822467982, "id_test": 0.9255118807349775, "ood_test": 0.45120671563483733, "ood_validation": 0.5518867924528302, "train": 0.9244009217238148, "id_test_conf": [0.9245086354297523, 0.9265058628349465], "id_test_balanced": 0.8783748149871826, "id_test_balanced_conf": [0.8775594300683588, 0.8791901999060064], "ood_test_conf": [0.4286942998756706, 0.4738694997049344], "ood_test_balanced": 0.5130353569984436, "ood_test_balanced_conf": [0.5094584700884297, 0.5166122439084575], "features": ["attempt_count", "skill_id", "problem_type", "bottom_hint", "tutor_mode", "position", "type", "first_action", "school_id"]}