{"id_test": 0.7524137931034482, "id_test_conf": [0.7393058511932918, 0.7651819811644148], "id_test_balanced": 0.6287429332733154, "id_test_balanced_conf": [0.6208510725945234, 0.6366347939521074], "ood_test": 0.6904526400075361, "ood_test_conf": [0.6841847125229241, 0.6966683838203832], "ood_test_balanced": 0.6351821422576904, "ood_test_balanced_conf": [0.6315460537699983, 0.6388182307453826], "validation": 0.7500574844791906, "validation_conf": [0.7369089219919054, 0.7628693993238108], "validation_balanced": 0.624317467212677, "validation_balanced_conf": [0.6165511442348361, 0.6320837901905179], "features": ["VCF0004", "VCF0901b", "VCF0701", "VCF0101", "VCF0104", "VCF0105a", "VCF0140a", "VCF0112"]}