{"id_test": 0.7531034482758621, "id_test_conf": [0.7400070403445813, 0.765859170355339], "id_test_balanced": 0.6310267448425293, "id_test_balanced_conf": [0.6230854406766594, 0.6389680490083992], "ood_test": 0.6907823465686967, "ood_test_conf": [0.6845162025364806, 0.6969962165135755], "ood_test_balanced": 0.6347765922546387, "ood_test_balanced_conf": [0.6311677616648376, 0.6383854228444398], "validation": 0.7466084157277535, "validation_conf": [0.7334035615217264, 0.7594812831794558], "validation_balanced": 0.6236190795898438, "validation_balanced_conf": [0.6157282703369856, 0.6315098888427019], "features": ["VCF0004", "VCF0901b", "VCF0701", "VCF0101", "VCF0104", "VCF0105a", "VCF0140a", "VCF0112"]}