{"validation": 0.3251322143021384, "id_test": 0.3177011494252874, "ood_test": 0.41425274362959824, "ood_validation": 0.4150063586265367, "0": 0.33181818181818185, "1": 0.31622397702799715, "3": 0.3256224269751029, "id_test_conf": [0.30387673139071664, 0.33177073688607805], "id_test_balanced": 0.5094277262687683, "id_test_balanced_conf": [0.5059184991195798, 0.5129369534179569], "ood_test_conf": [0.4076153229118128, 0.42091365174272977], "ood_test_balanced": 0.5059264302253723, "ood_test_balanced_conf": [0.5047810519230552, 0.5070718085276894], "features": ["VCF0004", "VCF0901b", "VCF0701", "VCF0101", "VCF0104", "VCF0105a", "VCF0140a", "VCF0112"]}