{"validation": 0.48746838353644517, "id_test": 0.5059770114942529, "ood_test": 0.5135415194762376, "ood_validation": 0.512929207291225, "0": 0.4943675889328063, "1": 0.5039483129935391, "3": 0.4982356400705744, "id_test_conf": [0.4910048752083288, 0.5209411154111669], "id_test_balanced": 0.5410168766975403, "id_test_balanced_conf": [0.5307031284831464, 0.5513306249119342], "ood_test_conf": [0.5067933394704909, 0.5202859905175643], "ood_test_balanced": 0.5384454727172852, "ood_test_balanced_conf": [0.5338725050818175, 0.5430184403527528], "features": ["VCF0004", "VCF0901b", "VCF0701", "VCF0101", "VCF0104", "VCF0105a", "VCF0140a", "VCF0112"]}