{"validation": 0.7137272936307197, "id_test": 0.7305747126436781, "ood_test": 0.6647826291743205, "ood_validation": 0.6727426875794829, "0": 0.7020750988142292, "1": 0.726202440775305, "3": 0.7194667712213292, "id_test_conf": [0.7171236176905222, 0.7437155476491879], "id_test_balanced": 0.5923696756362915, "id_test_balanced_conf": [0.5849076583236456, 0.5998316929489375], "ood_test_conf": [0.6583869611229167, 0.6711331517382295], "ood_test_balanced": 0.6015397310256958, "ood_test_balanced_conf": [0.598141695135273, 0.6049377669161186], "features": ["VCF0004", "VCF0901b", "VCF0701", "VCF0101", "VCF0104", "VCF0105a", "VCF0140a", "VCF0112"]}