{"validation": 0.6537134973557139, "id_test": 0.6696551724137931, "ood_test": 0.6502755404832556, "ood_validation": 0.6608732513777024, "0": 0.6485177865612648, "1": 0.6573582196697775, "3": 0.674867673005293, "id_test_conf": [0.6554528897809375, 0.683629314719878], "id_test_balanced": 0.6212608218193054, "id_test_balanced_conf": [0.6113789294660091, 0.6311427141726017], "ood_test_conf": [0.6438170811221424, 0.6566928308915715], "ood_test_balanced": 0.639832079410553, "ood_test_balanced_conf": [0.6352963967807591, 0.6443677620403468], "features": ["VCF0004", "VCF0901b", "VCF0701", "VCF0101", "VCF0104", "VCF0105a", "VCF0140a", "VCF0112"]}