{"validation": 0.6884341227868476, "id_test": 0.6917241379310345, "ood_test": 0.6166925721821864, "ood_validation": 0.6193302246714709, "0": 0.6903162055335968, "1": 0.6949030868628858, "3": 0.6884924524603019, "id_test_conf": [0.6777610988334242, 0.7054293088300336], "id_test_balanced": 0.5546663403511047, "id_test_balanced_conf": [0.5469870265200734, 0.5623456541821361], "ood_test_conf": [0.6101135073636117, 0.6232396712747295], "ood_test_balanced": 0.5432447791099548, "ood_test_balanced_conf": [0.5402826179098338, 0.5462069403100759], "features": ["VCF0004", "VCF0901b", "VCF0701", "VCF0101", "VCF0104", "VCF0105a", "VCF0140a", "VCF0112"]}