{"validation": 0.7431593469763164, "id_test": 0.7503448275862069, "ood_test": 0.6774998822476568, "ood_validation": 0.6884272997032641, "train": 0.7380446028279113, "id_test_conf": [0.7372025466209584, 0.7631501504677811], "id_test_balanced": 0.6079913377761841, "id_test_balanced_conf": [0.6008362318761646, 0.6151464436762035], "ood_test_conf": [0.6711647857496197, 0.6837863467618541], "ood_test_balanced": 0.6139525175094604, "ood_test_balanced_conf": [0.6106048606196418, 0.6173001743992791], "features": ["VCF0004", "VCF0901b", "VCF0701", "VCF0101", "VCF0104", "VCF0105a", "VCF0140a", "VCF0112"]}