{"validation": 0.7335019544722925, "id_test": 0.740919540229885, "ood_test": 0.655645047336442, "ood_validation": 0.6634167019923697, "train": 0.7227842280721922, "id_test_conf": [0.727625735997433, 0.7538891182368428], "id_test_balanced": 0.5817867517471313, "id_test_balanced_conf": [0.5754701251722872, 0.5881033783219755], "ood_test_conf": [0.6492090579707327, 0.6620383959906249], "ood_test_balanced": 0.5815443396568298, "ood_test_balanced_conf": [0.5786986788688228, 0.5843900004448369], "features": ["VCF0004", "VCF0901b", "VCF0701", "VCF0101", "VCF0104", "VCF0105a", "VCF0140a", "VCF0112"]}