{"validation": 0.7392504023913543, "id_test": 0.7519540229885058, "ood_test": 0.6907352456313881, "ood_validation": 0.6973293768545994, "train": 0.7416657087021497, "id_test_conf": [0.7388384161528316, 0.7647304972874995], "id_test_balanced": 0.6364873051643372, "id_test_balanced_conf": [0.6283259992487729, 0.6446486110799015], "ood_test_conf": [0.6844688465936668, 0.696949383498311], "ood_test_balanced": 0.6370993256568909, "ood_test_balanced_conf": [0.6334081002837046, 0.6407905510300771], "features": ["VCF0004", "VCF0901b", "VCF0701", "VCF0101", "VCF0104", "VCF0105a", "VCF0140a", "VCF0112"]}