{"validation": 0.7362612094734422, "id_test": 0.7464367816091954, "ood_test": 0.6872026753332391, "ood_validation": 0.695633743111488, "train": 0.7379009081503621, "id_test_conf": [0.7332307043147535, 0.759311180741792], "id_test_balanced": 0.6307721734046936, "id_test_balanced_conf": [0.6225770904310047, 0.6389672563783825], "ood_test_conf": [0.680917365525561, 0.6934366926837939], "ood_test_balanced": 0.6295880079269409, "ood_test_balanced_conf": [0.626026494926773, 0.6331495209271089], "features": ["VCF0004", "VCF0901b", "VCF0701", "VCF0101", "VCF0104", "VCF0105a", "VCF0140a", "VCF0112"]}