{"validation": 0.7410899057254541, "id_test": 0.7517241379310344, "ood_test": 0.6870142715840045, "ood_validation": 0.6943620178041543, "train": 0.7415794918956202, "id_test_conf": [0.7386047059370812, 0.7645047480378255], "id_test_balanced": 0.6293737888336182, "id_test_balanced_conf": [0.621431749947369, 0.6373158277198673], "ood_test_conf": [0.680727965061977, 0.6932493373121724], "ood_test_balanced": 0.6289128065109253, "ood_test_balanced_conf": [0.6253691682079807, 0.6324564448138699], "features": ["VCF0004", "VCF0901b", "VCF0701", "VCF0101", "VCF0104", "VCF0105a", "VCF0140a", "VCF0112"]}