{"validation": 0.7397102782248793, "id_test": 0.7462068965517241, "ood_test": 0.6948330271772408, "ood_validation": 0.698601102161933, "train": 0.7416657087021497, "id_test_conf": [0.7329971096022525, 0.7590853158844011], "id_test_balanced": 0.6382315158843994, "id_test_balanced_conf": [0.6298137021996081, 0.6466493295691907], "ood_test_conf": [0.6885890972935663, 0.701023572115245], "ood_test_balanced": 0.6460456848144531, "ood_test_balanced_conf": [0.6422175283264369, 0.6498738413024694], "features": ["VCF0004", "VCF0901b", "VCF0701", "VCF0101", "VCF0104", "VCF0105a", "VCF0140a", "VCF0112"]}