{"validation": 0.30282823637617845, "id_test": 0.3004597701149425, "ood_test": 0.4052564646036456, "ood_validation": 0.4141585417549809, "0": 0.31600790513833993, "1": 0.297056712132089, "3": 0.3100372475985101, "id_test_conf": [0.286858562349705, 0.31432937987259313], "id_test_balanced": 0.4987421929836273, "id_test_balanced_conf": [0.4963897287659347, 0.50109465720132], "ood_test_conf": [0.3986424806245372, 0.41189640059523513], "ood_test_balanced": 0.49965158104896545, "ood_test_balanced_conf": [0.499474098617211, 0.4998290634807199], "features": ["VCF0004", "VCF0901b", "VCF0701", "VCF0101", "VCF0104", "VCF0105a", "VCF0140a", "VCF0112"]}