{"validation": 0.28523489932885904, "id_test": 0.27181208053691275, "ood_test": 0.5356257182604488, "ood_validation": 0.5364725095264018, "train": 0.30578859060402686, "id_test_conf": [0.22211494236401955, 0.3261107181028773], "id_test_balanced": 0.5112612843513489, "id_test_balanced_conf": [0.5028380319103598, 0.519684536792338], "ood_test_conf": [0.5302321252692177, 0.5410130515514672], "ood_test_balanced": 0.5072459578514099, "ood_test_balanced_conf": [0.5064441025687847, 0.5080478131340351], "features": ["MARITAL_STATUS", "EDUCATION", "RACE", "GENDER", "AGE", "ORIGIN", "HEALTHDISAB", "HEALTH_HEARING", "HEALTH_SEEING", "HEALTH_AMBULATORY", "HEALTH_SELF_CARE", "HEALTH_ERRANDS_DIFFICULTY", "HEALTH_CORE_DISABILITY", "HEALTH_SUPPLEMENTAL_DISABILITY", "CITIZENSHIP_STATUS"]}