{"validation": 0.7550335570469798, "id_test": 0.7046979865771812, "ood_test": 0.6192161132280892, "ood_validation": 0.6124115405552532, "train": 0.7093120805369127, "id_test_conf": [0.6493683591199493, 0.7559039191811091], "id_test_balanced": 0.6503674983978271, "id_test_balanced_conf": [0.6131330195814371, 0.6876019772142172], "ood_test_conf": [0.6139568974920799, 0.6244543797146065], "ood_test_balanced": 0.6058107018470764, "ood_test_balanced_conf": [0.6025280289212241, 0.6090933747729287], "features": ["MARITAL_STATUS", "EDUCATION", "RACE", "GENDER", "AGE", "ORIGIN", "HEALTHDISAB", "HEALTH_HEARING", "HEALTH_SEEING", "HEALTH_AMBULATORY", "HEALTH_SELF_CARE", "HEALTH_ERRANDS_DIFFICULTY", "HEALTH_CORE_DISABILITY", "HEALTH_SUPPLEMENTAL_DISABILITY", "CITIZENSHIP_STATUS"]}