{"validation": 0.7348993288590604, "id_test": 0.7046979865771812, "ood_test": 0.621000423395633, "ood_validation": 0.6072400653238976, "train": 0.701761744966443, "id_test_conf": [0.6493683591199493, 0.7559039191811091], "id_test_balanced": 0.6546941995620728, "id_test_balanced_conf": [0.6174112200737, 0.6919771790504455], "ood_test_conf": [0.6157458097221697, 0.6262337741980442], "ood_test_balanced": 0.6086176633834839, "ood_test_balanced_conf": [0.6052717148326338, 0.611963611934334], "features": ["MARITAL_STATUS", "EDUCATION", "RACE", "GENDER", "AGE", "ORIGIN", "HEALTHDISAB", "HEALTH_HEARING", "HEALTH_SEEING", "HEALTH_AMBULATORY", "HEALTH_SELF_CARE", "HEALTH_ERRANDS_DIFFICULTY", "HEALTH_CORE_DISABILITY", "HEALTH_SUPPLEMENTAL_DISABILITY", "CITIZENSHIP_STATUS"]}