{"validation": 0.821219504477423, "id_test": 0.8196005467800729, "ood_test": 0.8120167037715219, "ood_validation": 0.8113811499703616, "train": 0.8224848373140905, "id_test_conf": [0.8176956211088926, 0.8214937386958112], "ood_test_conf": [0.8092188974388226, 0.8147906429028506], "features": ["DIVISION", "AGEP", "SEX", "RAC1P", "POBP", "ST", "MAR", "CIT", "SCHL", "COW", "OCCP", "WKHP", "WKW", "WRK"]}