{"validation": 0.8197892605132424, "id_test": 0.8197714155528554, "ood_test": 0.808183267247171, "ood_validation": 0.8060462359217546, "train": 0.8212246751305055, "id_test_conf": [0.8178671872872075, 0.8216639037802427], "ood_test_conf": [0.8053640479661108, 0.8109789131267616], "features": ["DIVISION", "AGEP", "SEX", "RAC1P", "POBP", "ST", "MAR", "CIT", "SCHL", "COW", "OCCP", "WKHP", "WKW", "WRK"]}