{"id_test": 0.6691187342895165, "id_test_conf": [0.6634752432935789, 0.6747258809868123], "id_test_balanced": 0.6363003253936768, "id_test_balanced_conf": [0.6324999881116673, 0.6401006626756862], "ood_test": 0.5999880452429708, "ood_test_conf": [0.598653217892616, 0.6013217555068298], "ood_test_balanced": 0.6259218454360962, "ood_test_balanced_conf": [0.625038927278947, 0.6268047635932453], "validation": 0.6625263391371853, "validation_conf": [0.6568558368795653, 0.6681619132775933], "validation_balanced": 0.629321813583374, "validation_balanced_conf": [0.6255115963658318, 0.6331320308009163], "features": ["IYEAR", "BMI5CAT", "AGEG5YR", "FRUIT_ONCE_PER_DAY", "VEG_ONCE_PER_DAY", "DRNK_PER_WEEK", "RFBING5", "TOTINDA", "SMOKE100", "SMOKDAY2", "DIABETES", "PRACE1", "SEX", "MEDCOST", "POVERTY", "EMPLOY1"]}