{"id_test": 0.6681945882005027, "id_test_conf": [0.6625472509847651, 0.6738057798306418], "id_test_balanced": 0.6350001096725464, "id_test_balanced_conf": [0.6312025120761245, 0.6387977072689682], "ood_test": 0.6001577256653208, "ood_test_conf": [0.5988229917028074, 0.6014913406455547], "ood_test_balanced": 0.6260924339294434, "ood_test_balanced_conf": [0.6252096095518209, 0.6269752583070658], "validation": 0.6627481423976932, "validation_conf": [0.6570785254041666, 0.6683827835824612], "validation_balanced": 0.6293268799781799, "validation_balanced_conf": [0.6255201930692419, 0.633133566887118], "features": ["IYEAR", "BMI5CAT", "AGEG5YR", "FRUIT_ONCE_PER_DAY", "VEG_ONCE_PER_DAY", "DRNK_PER_WEEK", "RFBING5", "TOTINDA", "SMOKE100", "SMOKDAY2", "DIABETES", "PRACE1", "SEX", "MEDCOST", "POVERTY", "EMPLOY1"]}