{"validation": 0.7888130031668511, "id_test": 0.7828000203489851, "ood_test": 0.752137976185605, "ood_validation": 0.7621064260725465, "0": 0.5423131170662906, "1": 0.8196625719172757, "2": 0.7841914973195362, "3": 0.7879095784798458, "4": 0.834069040769765, "5": 0.7731876434950203, "7": 0.7621810153488426, "8": 0.798930863854057, "9": 0.8034657233690055, "id_test_conf": [0.7799011164795828, 0.7856780438996207], "id_test_balanced": 0.595021665096283, "id_test_balanced_conf": [0.5931156837218441, 0.5969276464707218], "ood_test_conf": [0.7482850781183494, 0.7559609087189634], "ood_test_balanced": 0.5823978185653687, "ood_test_balanced_conf": [0.5799584649922326, 0.5848371721385047], "features": ["AGEP", "SEX", "RAC1P", "POBP", "ANC", "NATIVITY", "DEAR", "DEYE", "DREM", "ST", "MAR", "DIVISION"]}