{"validation": 0.7536215295000445, "id_test": 0.7492496311746452, "ood_test": 0.7058185686812063, "ood_validation": 0.7087092616461057, "0": 0.4868023372959903, "1": 0.7903514227958327, "2": 0.760578481486099, "3": 0.760883683901785, "4": 0.8065172105941871, "5": 0.7372207846058159, "7": 0.7158878724178831, "8": 0.7688440213827229, "9": 0.7693547664890521, "id_test_conf": [0.7462044529402145, 0.7522764088672936], "id_test_balanced": 0.6192107796669006, "id_test_balanced_conf": [0.6170476426230743, 0.621373916710727], "ood_test_conf": [0.7017565339471197, 0.7098561472693902], "ood_test_balanced": 0.6220070123672485, "ood_test_balanced_conf": [0.6191156394220889, 0.6248983853124082], "features": ["AGEP", "SEX", "RAC1P", "POBP", "ANC", "NATIVITY", "DEAR", "DEYE", "DREM", "ST", "MAR", "DIVISION"]}