{"validation": 0.8169585511338344, "id_test": 0.8129928269827542, "ood_test": 0.7814558697164369, "ood_validation": 0.7915669305836862, "train": 0.8143185091682591, "id_test_conf": [0.8102495281321586, 0.8157130123817298], "id_test_balanced": 0.5301982760429382, "id_test_balanced_conf": [0.5292118591722101, 0.5311846929136663], "ood_test_conf": [0.7777653380971984, 0.7851129462137416], "ood_test_balanced": 0.5292190313339233, "ood_test_balanced_conf": [0.5278679929324426, 0.5305700697354041], "features": ["AGEP", "SEX", "RAC1P", "POBP", "ANC", "NATIVITY", "DEAR", "DEYE", "DREM", "ST", "MAR", "DIVISION"]}