{"validation": 0.8163735103717552, "id_test": 0.8133234979905377, "ood_test": 0.7812717377961456, "ood_validation": 0.7878843675197937, "train": 0.8134171041210267, "id_test_conf": [0.8105820437640028, 0.8160418142979521], "id_test_balanced": 0.5228434801101685, "id_test_balanced_conf": [0.5220062712579966, 0.5236806889623403], "ood_test_conf": [0.7775801059803065, 0.784929936414119], "ood_test_balanced": 0.5177075862884521, "ood_test_balanced_conf": [0.5166516331536696, 0.5187635394232347], "features": ["AGEP", "SEX", "RAC1P", "POBP", "ANC", "NATIVITY", "DEAR", "DEYE", "DREM", "ST", "MAR", "DIVISION"]}