{"validation": 0.8168568049143424, "id_test": 0.8135269878414814, "ood_test": 0.7803101599901796, "ood_validation": 0.7877002393665992, "train": 0.8141309151725388, "id_test_conf": [0.8107866703729492, 0.8162441523338441], "id_test_balanced": 0.5330480933189392, "id_test_balanced_conf": [0.5320224275486544, 0.534073759089224], "ood_test_conf": [0.7766127999613193, 0.7839742013118058], "ood_test_balanced": 0.5308569669723511, "ood_test_balanced_conf": [0.5294440684234724, 0.5322698655212298], "features": ["AGEP", "SEX", "RAC1P", "POBP", "ANC", "NATIVITY", "DEAR", "DEYE", "DREM", "ST", "MAR", "DIVISION"]}