{"validation": 0.817327381179493, "id_test": 0.8141883298570484, "ood_test": 0.7808216375465444, "ood_validation": 0.7910145461241024, "train": 0.8146698504653285, "id_test_conf": [0.8114517153168759, 0.8169017424849725], "id_test_balanced": 0.5343221426010132, "id_test_balanced_conf": [0.5332868459471501, 0.5353574392548762], "ood_test_conf": [0.7771273208368922, 0.7844825746500544], "ood_test_balanced": 0.5336906909942627, "ood_test_balanced_conf": [0.5322300499957054, 0.53515133199282], "features": ["AGEP", "SEX", "RAC1P", "POBP", "ANC", "NATIVITY", "DEAR", "DEYE", "DREM", "ST", "MAR", "DIVISION"]}