{"validation": 0.8176453381154056, "id_test": 0.8132980617591697, "ood_test": 0.7820082654773108, "ood_validation": 0.7893573927453508, "train": 0.8143169193886344, "id_test_conf": [0.8105564655239064, 0.8160165219574369], "id_test_balanced": 0.5279689431190491, "id_test_balanced_conf": [0.5270286533399485, 0.5289092328981496], "ood_test_conf": [0.7783210408391437, 0.78566196922069], "ood_test_balanced": 0.5252295136451721, "ood_test_balanced_conf": [0.5239867774769664, 0.5264722498133778], "features": ["AGEP", "SEX", "RAC1P", "POBP", "ANC", "NATIVITY", "DEAR", "DEYE", "DREM", "ST", "MAR", "DIVISION"]}