{"validation": 0.8173655360118025, "id_test": 0.8132726255278018, "ood_test": 0.7810876058758541, "ood_validation": 0.7899097772049346, "train": 0.8142771748980157, "id_test_conf": [0.8105308873029173, 0.8159912295978142], "id_test_balanced": 0.5317964553833008, "id_test_balanced_conf": [0.5307874205335975, 0.532805490233004], "ood_test_conf": [0.7773948749270114, 0.7847469255507956], "ood_test_balanced": 0.5346630811691284, "ood_test_balanced_conf": [0.5331884593772702, 0.5361377029609866], "features": ["AGEP", "SEX", "RAC1P", "POBP", "ANC", "NATIVITY", "DEAR", "DEYE", "DREM", "ST", "MAR", "DIVISION"]}