{"id_test": 0.8149386986824032, "id_test_conf": [0.8122063012720142, 0.8176478386556716], "id_test_balanced": 0.5474607944488525, "id_test_balanced_conf": [0.5462446459173225, 0.5486769429803826], "ood_test": 0.7843610622365891, "ood_test_conf": [0.7806880308157507, 0.7880002926080342], "ood_test_balanced": 0.5522642135620117, "ood_test_balanced_conf": [0.5505400430806913, 0.5539883840433322], "validation": 0.8188281379170005, "validation_conf": [0.8161178530787445, 0.8215148771905727], "validation_balanced": 0.5477757453918457, "validation_balanced_conf": [0.5465655634971336, 0.5489859272865578], "features": ["AGEP", "SEX", "RAC1P", "POBP", "ANC", "NATIVITY", "DEAR", "DEYE", "DREM", "ST", "MAR", "DIVISION"]}