{"id_test": 0.8152820878058706, "id_test_conf": [0.8125516258661429, 0.8179892668983468], "id_test_balanced": 0.5480802059173584, "id_test_balanced_conf": [0.5468607774982229, 0.5492996343364939], "ood_test": 0.7845861123613895, "ood_test_conf": [0.7809144477608456, 0.7882239491142009], "ood_test_balanced": 0.5514395236968994, "ood_test_balanced_conf": [0.5497321930294856, 0.5531468543643132], "validation": 0.8188790110267465, "validation_conf": [0.8161690186854327, 0.8215654540383537], "validation_balanced": 0.5479638576507568, "validation_balanced_conf": [0.5467519399221055, 0.5491757753794082], "features": ["AGEP", "SEX", "RAC1P", "POBP", "ANC", "NATIVITY", "DEAR", "DEYE", "DREM", "ST", "MAR", "DIVISION"]}