{"validation": 0.6855024355501291, "id_test": 0.6822378796357532, "ood_test": 0.6589876836204427, "ood_validation": 0.6612041981218928, "0": 0.48821277453153333, "1": 0.7348001865961747, "2": 0.7051614511906246, "3": 0.7013114891477416, "4": 0.7547614323975796, "5": 0.6513042209612151, "7": 0.6413044754735594, "8": 0.6886190655988553, "9": 0.6975686204271706, "id_test_conf": [0.678970384972341, 0.6854919233918347], "id_test_balanced": 0.6563944816589355, "id_test_balanced_conf": [0.6540563127724454, 0.6587326505454257], "ood_test_conf": [0.6547655369325045, 0.6631909412327237], "ood_test_balanced": 0.6437805891036987, "ood_test_balanced_conf": [0.6407834056997672, 0.6467777725076302], "features": ["AGEP", "SEX", "RAC1P", "POBP", "ANC", "NATIVITY", "DEAR", "DEYE", "DREM", "ST", "MAR", "DIVISION"]}