{"validation": 0.6709018530530225, "id_test": 0.668184361804955, "ood_test": 0.6190719751217316, "ood_validation": 0.617565825814767, "0": 0.4883135200483579, "1": 0.7173067952106982, "2": 0.7118813115571625, "3": 0.7094506829799715, "4": 0.741642694177165, "5": 0.6354093879337485, "7": 0.5969255340387303, "8": 0.6722044474473877, "9": 0.6779563874087673, "id_test_conf": [0.664880630050271, 0.6714756802948623], "id_test_balanced": 0.6540727615356445, "id_test_balanced_conf": [0.651724441871047, 0.656421081200242], "ood_test_conf": [0.6147496748411547, 0.6233801297310342], "ood_test_balanced": 0.6442255973815918, "ood_test_balanced_conf": [0.6412376529723406, 0.647213541790843], "features": ["AGEP", "SEX", "RAC1P", "POBP", "ANC", "NATIVITY", "DEAR", "DEYE", "DREM", "ST", "MAR", "DIVISION"]}