{"validation": 0.43326083915194524, "id_test": 0.43249224194943275, "ood_test": 0.3949834281271738, "ood_validation": 0.39366599153010495, "0": 0.4775337497481362, "1": 0.5023324521847302, "2": 0.44099239496322157, "3": 0.48109234894829467, "4": 0.5094732665410178, "5": 0.4047960930961138, "7": 0.33998802156118985, "8": 0.47246676337910615, "9": 0.43048403707518024, "id_test_conf": [0.42902557002414365, 0.43596389582216444], "id_test_balanced": 0.6011427640914917, "id_test_balanced_conf": [0.5991329805320129, 0.6031525476509705], "ood_test_conf": [0.3906457857189726, 0.3993335461754594], "ood_test_balanced": 0.571836531162262, "ood_test_balanced_conf": [0.5694478481961415, 0.5742252141283825], "features": ["AGEP", "SEX", "RAC1P", "POBP", "ANC", "NATIVITY", "DEAR", "DEYE", "DREM", "ST", "MAR", "DIVISION"]}