{"validation": 0.612092538186628, "id_test": 0.6100244187821132, "ood_test": 0.5432300830639551, "ood_validation": 0.5396796170134414, "0": 0.4837799717912553, "1": 0.6944098895972632, "2": 0.6579354195237501, "3": 0.6728085980055308, "4": 0.6993601825215753, "5": 0.5744484800086, "7": 0.5220015736380398, "8": 0.6112358657419368, "9": 0.6047373841400618, "id_test_conf": [0.606604856439011, 0.6134358612168866], "id_test_balanced": 0.64475417137146, "id_test_balanced_conf": [0.6424050731770694, 0.6471032695658505], "ood_test_conf": [0.5388013652236814, 0.5476536656036957], "ood_test_balanced": 0.620675802230835, "ood_test_balanced_conf": [0.6177601109538228, 0.6235914935078471], "features": ["AGEP", "SEX", "RAC1P", "POBP", "ANC", "NATIVITY", "DEAR", "DEYE", "DREM", "ST", "MAR", "DIVISION"]}