{"validation": 0.6857949559311687, "id_test": 0.6825176781808008, "ood_test": 0.6527476574327918, "ood_validation": 0.6578898913643896, "train": 0.6841378148161102, "id_test_conf": [0.6792509393034863, 0.6857709454907747], "id_test_balanced": 0.6673334240913391, "id_test_balanced_conf": [0.6650078104808926, 0.6696590377017856], "ood_test_conf": [0.6485077326480493, 0.6569694347601651], "ood_test_balanced": 0.651742696762085, "ood_test_balanced_conf": [0.6487561485497281, 0.6547292449744418], "features": ["AGEP", "SEX", "RAC1P", "POBP", "ANC", "NATIVITY", "DEAR", "DEYE", "DREM", "ST", "MAR", "DIVISION"]}