{"validation": 0.6572169865313442, "id_test": 0.6537620186193214, "ood_test": 0.61839682474733, "ood_validation": 0.6238261830233843, "train": 0.6553008022027986, "id_test_conf": [0.6504245360119406, 0.6570881527374434], "id_test_balanced": 0.6666159629821777, "id_test_balanced_conf": [0.6642881938116625, 0.668943732152693], "ood_test_conf": [0.6140731014578141, 0.6227064825879702], "ood_test_balanced": 0.651176929473877, "ood_test_balanced_conf": [0.6482118325866759, 0.654142026361078], "features": ["AGEP", "SEX", "RAC1P", "POBP", "ANC", "NATIVITY", "DEAR", "DEYE", "DREM", "ST", "MAR", "DIVISION"]}