{"validation": 0.7021633789919494, "id_test": 0.6969527394821183, "ood_test": 0.6607062482098286, "ood_validation": 0.6608359418155035, "0": 0.48871650211565587, "1": 0.7279194526512206, "2": 0.7108340605909488, "3": 0.7151805916366379, "4": 0.7441722051383791, "5": 0.6536308559405979, "7": 0.6859417753925288, "8": 0.685419606128654, "9": 0.7399364169614472, "id_test_conf": [0.6937268548252717, 0.700164086641144], "id_test_balanced": 0.651540219783783, "id_test_balanced_conf": [0.6492133295396343, 0.6538671100279316], "ood_test_conf": [0.6564891396024279, 0.6649042634865325], "ood_test_balanced": 0.6397031545639038, "ood_test_balanced_conf": [0.6367027783207595, 0.6427035308070481], "features": ["AGEP", "SEX", "RAC1P", "POBP", "ANC", "NATIVITY", "DEAR", "DEYE", "DREM", "ST", "MAR", "DIVISION"]}