{"validation": 0.6957024940542053, "id_test": 0.6930737141985044, "ood_test": 0.6599083432218994, "ood_validation": 0.6661756582581476, "0": 0.49032843038484786, "1": 0.7344114445653864, "2": 0.7382495948136143, "3": 0.7134626665549317, "4": 0.7557781966074795, "5": 0.6534542466847372, "7": 0.6366657663264946, "8": 0.7034240178056875, "9": 0.716948014149465, "id_test_conf": [0.6898364886094119, 0.6962966887415809], "id_test_balanced": 0.6532917022705078, "id_test_balanced_conf": [0.6509610291291028, 0.6556223754119128], "ood_test_conf": [0.655688887850397, 0.6641088000957365], "ood_test_balanced": 0.6423659324645996, "ood_test_balanced_conf": [0.6393676928430796, 0.6453641720861196], "features": ["AGEP", "SEX", "RAC1P", "POBP", "ANC", "NATIVITY", "DEAR", "DEYE", "DREM", "ST", "MAR", "DIVISION"]}