{"validation": 0.8171620435728185, "id_test": 0.8137813501551611, "ood_test": 0.7831948934080772, "ood_validation": 0.791198674277297, "train": 0.8144886155881071, "id_test_conf": [0.8110424553562914, 0.8164970731564112], "id_test_balanced": 0.5360813140869141, "id_test_balanced_conf": [0.5350107926107012, 0.537151835563127], "ood_test_conf": [0.7795148051751111, 0.7868413194531247], "ood_test_balanced": 0.5284625291824341, "ood_test_balanced_conf": [0.527170776783023, 0.5297542815818451], "features": ["AGEP", "SEX", "RAC1P", "POBP", "ANC", "NATIVITY", "DEAR", "DEYE", "DREM", "ST", "MAR", "DIVISION"]}