{"validation": 0.8175435918959136, "id_test": 0.8134379610316935, "ood_test": 0.7804329146037072, "ood_validation": 0.7919351868900755, "train": 0.8152087857581182, "id_test_conf": [0.8106971460809519, 0.8161556295937347], "id_test_balanced": 0.5433264374732971, "id_test_balanced_conf": [0.5421441991394386, 0.5445086758071557], "ood_test_conf": [0.7767362842257608, 0.7840962116587586], "ood_test_balanced": 0.5428302884101868, "ood_test_balanced_conf": [0.5411919214040972, 0.5444686554162763], "features": ["AGEP", "SEX", "RAC1P", "POBP", "ANC", "NATIVITY", "DEAR", "DEYE", "DREM", "ST", "MAR", "DIVISION"]}