{"validation": 0.8174927187861676, "id_test": 0.8140484305845246, "ood_test": 0.7831539752035681, "ood_validation": 0.7900939053581293, "train": 0.8146491833302067, "id_test_conf": [0.8113110316513101, 0.8167626379574376], "id_test_balanced": 0.5412858128547668, "id_test_balanced_conf": [0.5401413005869835, 0.5424303251225502], "ood_test_conf": [0.7794736401467904, 0.7868006529446794], "ood_test_balanced": 0.5345507264137268, "ood_test_balanced_conf": [0.5331225156760775, 0.5359789371513761], "features": ["AGEP", "SEX", "RAC1P", "POBP", "ANC", "NATIVITY", "DEAR", "DEYE", "DREM", "ST", "MAR", "DIVISION"]}