{"validation": 0.1916898775229883, "id_test": 0.1950958945922572, "ood_test": 0.22214493228037155, "ood_validation": 0.21542993923770945, "0": 0.47390691114245415, "1": 0.18092054112890685, "2": 0.19780575988031418, "3": 0.19340274868013074, "4": 0.17094038289852198, "5": 0.20106579846580308, "7": 0.20222423167709888, "8": 0.18175314481031776, "9": 0.1710652397796982, "id_test_conf": [0.19233097644412714, 0.19788332775524156], "id_test_balanced": 0.5023136138916016, "id_test_balanced_conf": [0.5020414653915214, 0.5025857623916817], "ood_test_conf": [0.2184661040633205, 0.22585678690117791], "ood_test_balanced": 0.5011547803878784, "ood_test_balanced_conf": [0.5008753478026483, 0.5014342129731085], "features": ["AGEP", "SEX", "RAC1P", "POBP", "ANC", "NATIVITY", "DEAR", "DEYE", "DREM", "ST", "MAR", "DIVISION"]}