{"validation": 0.46091037429890497, "id_test": 0.4620364246833189, "ood_test": 0.49343262817627564, "ood_validation": 0.49254280979561776, "0": 0.48166431593794073, "1": 0.477841704245063, "2": 0.46884428375514275, "3": 0.47815930612586943, "4": 0.5401249876004365, "5": 0.4111002756640124, "7": 0.3713785773842378, "8": 0.5097871663917649, "9": 0.5227242197644741, "id_test_conf": [0.4585467509359859, 0.46552890002941333], "id_test_balanced": 0.6095503568649292, "id_test_balanced_conf": [0.6074472362082451, 0.6116534775216133], "ood_test_conf": [0.48899065243412476, 0.4978753840476441], "ood_test_balanced": 0.6045299172401428, "ood_test_balanced_conf": [0.6017281701415778, 0.6073316643387079], "features": ["AGEP", "SEX", "RAC1P", "POBP", "ANC", "NATIVITY", "DEAR", "DEYE", "DREM", "ST", "MAR", "DIVISION"]}