{"validation": 0.8176326198379692, "id_test": 0.8139212494276848, "ood_test": 0.7830925978968043, "ood_validation": 0.7917510587368809, "train": 0.81459672060259, "id_test_conf": [0.8111831379137733, 0.8166361787921161], "id_test_balanced": 0.5341825485229492, "id_test_balanced_conf": [0.5331449392111972, 0.5352201578347012], "ood_test_conf": [0.7794118927037126, 0.7867396530825973], "ood_test_balanced": 0.5313372611999512, "ood_test_balanced_conf": [0.5299768770183436, 0.5326976453815587], "features": ["AGEP", "SEX", "RAC1P", "POBP", "ANC", "NATIVITY", "DEAR", "DEYE", "DREM", "ST", "MAR", "DIVISION"]}