{"validation": 0.8166533124753583, "id_test": 0.8130945719082261, "ood_test": 0.7808625557510537, "ood_validation": 0.7884367519793777, "train": 0.8140355283950539, "id_test_conf": [0.8103518402906982, 0.8158141825456998], "id_test_balanced": 0.5386601686477661, "id_test_balanced_conf": [0.5375392032554374, 0.5397811340400949], "ood_test_conf": [0.7771684828604101, 0.7845232441636052], "ood_test_balanced": 0.5355211496353149, "ood_test_balanced_conf": [0.534024876751937, 0.5370174225186929], "features": ["AGEP", "SEX", "RAC1P", "POBP", "ANC", "NATIVITY", "DEAR", "DEYE", "DREM", "ST", "MAR", "DIVISION"]}