{"validation": 0.817276508069747, "id_test": 0.8136414508826372, "ood_test": 0.7798805188428332, "ood_validation": 0.78972564905174, "train": 0.8143582536588778, "id_test_conf": [0.8109017733785009, 0.8163579669409698], "id_test_balanced": 0.5445720553398132, "id_test_balanced_conf": [0.5433758405479603, 0.5457682701316662], "ood_test_conf": [0.776180608738936, 0.7835471613939501], "ood_test_balanced": 0.5409727096557617, "ood_test_balanced_conf": [0.539356387227308, 0.5425890320842154], "features": ["AGEP", "SEX", "RAC1P", "POBP", "ANC", "NATIVITY", "DEAR", "DEYE", "DREM", "ST", "MAR", "DIVISION"]}