{"validation": 0.8176326198379692, "id_test": 0.8134761153787455, "ood_test": 0.7816604607389828, "ood_validation": 0.7913828024304916, "train": 0.8142803544572651, "id_test_conf": [0.8107355136059744, 0.8161935679396176], "id_test_balanced": 0.5410848259925842, "id_test_balanced_conf": [0.5399344985955394, 0.542235153389629], "ood_test_conf": [0.777971152809017, 0.7853162891868128], "ood_test_balanced": 0.5428151488304138, "ood_test_balanced_conf": [0.5411995465192012, 0.5444307511416264], "features": ["AGEP", "SEX", "RAC1P", "POBP", "ANC", "NATIVITY", "DEAR", "DEYE", "DREM", "ST", "MAR", "DIVISION"]}