{"validation": 0.812507154031058, "id_test": 0.8077783995523223, "ood_test": 0.7734972789394001, "ood_validation": 0.7810716258515927, "train": 0.8093981412296627, "id_test_conf": [0.8050064343077734, 0.8105276371462714], "id_test_balanced": 0.5668078064918518, "id_test_balanced_conf": [0.5652956839557737, 0.5683199290279299], "ood_test_conf": [0.7697601530249449, 0.7772018972440501], "ood_test_balanced": 0.5851283669471741, "ood_test_balanced_conf": [0.582870657928288, 0.5873860759660602], "features": ["AGEP", "SEX", "RAC1P", "POBP", "ANC", "NATIVITY", "DEAR", "DEYE", "DREM", "ST", "MAR", "DIVISION"]}