{"validation": 0.8149744998537398, "id_test": 0.8113013175967848, "ood_test": 0.7829903023855314, "ood_validation": 0.7915669305836862, "train": 0.8119545068662583, "id_test_conf": [0.8085486330533271, 0.8140310138453813], "id_test_balanced": 0.5164270997047424, "id_test_balanced_conf": [0.5156904446950648, 0.5171637547144201], "ood_test_conf": [0.7793089805635677, 0.7866379863807837], "ood_test_balanced": 0.5255916118621826, "ood_test_balanced_conf": [0.5243653316050768, 0.5268178921192884], "features": ["AGEP", "SEX", "RAC1P", "POBP", "ANC", "NATIVITY", "DEAR", "DEYE", "DREM", "ST", "MAR", "DIVISION"]}