{"validation": 0.5543388403474634, "id_test": 0.5526784351630463, "ood_test": 0.5523139244649945, "ood_validation": 0.5562511508009574, "0": 0.47783598629860974, "1": 0.5997512051002954, "2": 0.5195486847026556, "3": 0.5164040894997067, "4": 0.5558476341632774, "5": 0.6178022129907625, "7": 0.5862036569469073, "8": 0.5077204348085292, "9": 0.5277929521336139, "id_test_conf": [0.5491947788881186, 0.5561582039011382], "id_test_balanced": 0.46217969059944153, "id_test_balanced_conf": [0.4598241051891819, 0.4645352760097012], "ood_test_conf": [0.5478923965778107, 0.5567292379490263], "ood_test_balanced": 0.4648509621620178, "ood_test_balanced_conf": [0.46188142272643745, 0.4678205015975982], "features": ["AGEP", "SEX", "RAC1P", "POBP", "ANC", "NATIVITY", "DEAR", "DEYE", "DREM", "ST", "MAR", "DIVISION"]}