{"validation": 0.6907572065943106, "id_test": 0.692929829890644, "ood_test": 0.6287494566004926, "ood_validation": 0.6297569650266746, "train": 0.6913797154232618, "id_test_conf": [0.6906487718090921, 0.6952038073828498], "id_test_balanced": 0.5217130780220032, "id_test_balanced_conf": [0.5212048216233961, 0.5222213344206103], "ood_test_conf": [0.6253010921237463, 0.6321879784950803], "ood_test_balanced": 0.5338848233222961, "ood_test_balanced_conf": [0.5329745081381406, 0.5347951385064517], "features": ["DIVISION", "AGEP", "SEX", "RAC1P", "POBP", "ST", "FER", "ENG", "CIT", "SCHL", "OCCP", "COW", "WKHP", "WKW", "WRK", "NWLA", "NWLK"]}