{"validation": 0.8032022276366168, "id_test": 0.8018744937221547, "ood_test": 0.8008852471973759, "ood_validation": 0.7977474807350327, "0": 0.9112123722728528, "2": 0.7863343409570525, "3": 0.8041066888175289, "4": 0.7947261401413679, "5": 0.8070410821328814, "6": 0.8130790116382192, "7": 0.8044845664896967, "8": 0.8045790647719762, "9": 0.8060028058309254, "id_test_conf": [0.7999005346683945, 0.8038373706744993], "id_test_balanced": 0.7901654243469238, "id_test_balanced_conf": [0.7887503301934339, 0.7915805185004138], "ood_test_conf": [0.7980264379216075, 0.8037210423106997], "ood_test_balanced": 0.7916860580444336, "ood_test_balanced_conf": [0.7896558894170448, 0.7937162266718224], "features": ["DIVISION", "AGEP", "SEX", "RAC1P", "POBP", "ST", "FER", "ENG", "CIT", "SCHL", "OCCP", "COW", "WKHP", "WKW", "WRK", "NWLA", "NWLK"]}