{"validation": 0.6557921716292757, "id_test": 0.6509024402592143, "ood_test": 0.6975668875393553, "ood_validation": 0.6974510966212211, "0": 0.791770229218448, "2": 0.6554839445616837, "3": 0.6418043498080371, "4": 0.6229760406244285, "5": 0.6564942095847849, "6": 0.6491342965903975, "7": 0.6405784997978432, "8": 0.6607319894249835, "9": 0.6787881040201426, "id_test_conf": [0.6485461938092378, 0.6532531488685174], "id_test_balanced": 0.7330291271209717, "id_test_balanced_conf": [0.7317098829452879, 0.7343483712966554], "ood_test_conf": [0.69428538757792, 0.7008332820101896], "ood_test_balanced": 0.7426247000694275, "ood_test_balanced_conf": [0.740726615798194, 0.744522784340661], "features": ["DIVISION", "AGEP", "SEX", "RAC1P", "POBP", "ST", "FER", "ENG", "CIT", "SCHL", "OCCP", "COW", "WKHP", "WKW", "WRK", "NWLA", "NWLK"]}