{"validation": 0.6816378191943803, "id_test": 0.6842724787363305, "ood_test": 0.6088577413023145, "ood_validation": 0.605334914048607, "0": 0.9132836233084783, "2": 0.63964524040381, "3": 0.6980560592400499, "4": 0.7226328416658597, "5": 0.6829865361077111, "6": 0.7418989535153425, "7": 0.7022131196436738, "8": 0.698426140118969, "9": 0.635042226826345, "id_test_conf": [0.6819741935728394, 0.6865640011325815], "id_test_balanced": 0.5081530213356018, "id_test_balanced_conf": [0.5078335594385862, 0.5084724832326174], "ood_test_conf": [0.6053755171355849, 0.612331643770164], "ood_test_balanced": 0.5086630582809448, "ood_test_balanced_conf": [0.5081896567204968, 0.5091364598413929], "features": ["DIVISION", "AGEP", "SEX", "RAC1P", "POBP", "ST", "FER", "ENG", "CIT", "SCHL", "OCCP", "COW", "WKHP", "WKW", "WRK", "NWLA", "NWLK"]}