{"validation": 0.7965193177862862, "id_test": 0.7952485824220332, "ood_test": 0.7871981662736626, "ood_validation": 0.7820983995257854, "train": 0.795803889336718, "id_test_conf": [0.793250424950858, 0.7972359013173688], "id_test_balanced": 0.7448733448982239, "id_test_balanced_conf": [0.7434346537850797, 0.7463120360113681], "ood_test_conf": [0.784269073157939, 0.7901052937616615], "ood_test_balanced": 0.7707197666168213, "ood_test_balanced_conf": [0.7686445849575102, 0.7727949482761324], "features": ["DIVISION", "AGEP", "SEX", "RAC1P", "POBP", "ST", "FER", "ENG", "CIT", "SCHL", "OCCP", "COW", "WKHP", "WKW", "WRK", "NWLA", "NWLK"]}