{"validation": 0.7949751605860204, "id_test": 0.7933247266099636, "ood_test": 0.7790438803335485, "ood_validation": 0.7697688203912271, "train": 0.7939504304565299, "id_test_conf": [0.7913196986771975, 0.7953189866699588], "id_test_balanced": 0.7347403764724731, "id_test_balanced_conf": [0.7333106067357584, 0.7361701462091879], "ood_test_conf": [0.7760752478743123, 0.7819911716856076], "ood_test_balanced": 0.7533106803894043, "ood_test_balanced_conf": [0.7512370729027316, 0.755384287876077], "features": ["DIVISION", "AGEP", "SEX", "RAC1P", "POBP", "ST", "FER", "ENG", "CIT", "SCHL", "OCCP", "COW", "WKHP", "WKW", "WRK", "NWLA", "NWLK"]}