{"validation": 0.7975698509635161, "id_test": 0.7963370797893884, "ood_test": 0.7876197125581272, "ood_validation": 0.7831653823355068, "train": 0.7972491600896432, "id_test_conf": [0.7943428402628903, 0.7983204407359417], "id_test_balanced": 0.7679529190063477, "id_test_balanced_conf": [0.7665072685852646, 0.7693985694274307], "ood_test_conf": [0.7846927097547219, 0.7905247174453435], "ood_test_balanced": 0.7715635299682617, "ood_test_balanced_conf": [0.7694891268387437, 0.7736379330977797], "features": ["DIVISION", "AGEP", "SEX", "RAC1P", "POBP", "ST", "FER", "ENG", "CIT", "SCHL", "OCCP", "COW", "WKHP", "WKW", "WRK", "NWLA", "NWLK"]}