{"id_test": 0.8192461522883758, "id_test_conf": [0.8173397821635455, 0.8211408016887132], "id_test_balanced": 0.7797443866729736, "id_test_balanced_conf": [0.7783515618485398, 0.7811372114974074], "ood_test": 0.8005559141626378, "ood_test_conf": [0.7976953538794755, 0.8033934855170887], "ood_test_balanced": 0.7737182378768921, "ood_test_balanced_conf": [0.7717201336333528, 0.7757163421204314], "validation": 0.8209283928740942, "validation_conf": [0.8190288975113378, 0.8228161055813752], "validation_balanced": 0.7825819849967957, "validation_balanced_conf": [0.7811946086259559, 0.7839693613676354], "features": ["DIVISION", "AGEP", "SEX", "RAC1P", "POBP", "ST", "FER", "ENG", "CIT", "SCHL", "OCCP", "COW", "WKHP", "WKW", "WRK", "NWLA", "NWLK"]}