{"id_test": 0.8194106925880923, "id_test_conf": [0.8175049927642267, 0.8213046656373968], "id_test_balanced": 0.7804014682769775, "id_test_balanced_conf": [0.7790089355153031, 0.7817940010386519], "ood_test": 0.8010696736968291, "ood_test_conf": [0.7982118463077864, 0.8039044727924421], "ood_test_balanced": 0.7746329307556152, "ood_test_balanced_conf": [0.7726347541809082, 0.7766311073303223], "validation": 0.8205423535740278, "validation_conf": [0.8186412737584314, 0.8224316649292078], "validation_balanced": 0.7824957370758057, "validation_balanced_conf": [0.7811073424783536, 0.7838841316732578], "features": ["DIVISION", "AGEP", "SEX", "RAC1P", "POBP", "ST", "FER", "ENG", "CIT", "SCHL", "OCCP", "COW", "WKHP", "WKW", "WRK", "NWLA", "NWLK"]}