{"validation": 0.5244881815017561, "id_test": 0.52106115836371, "ood_test": 0.5908498109628381, "ood_validation": 0.5918197984588026, "0": 0.48729632698149683, "2": 0.5422232361831975, "3": 0.5111429642310849, "4": 0.4906454076966939, "5": 0.5288422308006151, "6": 0.49348505314286495, "7": 0.5146779079093012, "8": 0.5202618968935889, "9": 0.5508719444779947, "id_test_conf": [0.5185945272086979, 0.5235270166761596], "id_test_balanced": 0.6451908349990845, "id_test_balanced_conf": [0.6440400966606102, 0.6463415733375587], "ood_test_conf": [0.5873421623493758, 0.5943505146350176], "ood_test_balanced": 0.6589367389678955, "ood_test_balanced_conf": [0.6572426768485456, 0.6606308010872454], "features": ["DIVISION", "AGEP", "SEX", "RAC1P", "POBP", "ST", "FER", "ENG", "CIT", "SCHL", "OCCP", "COW", "WKHP", "WKW", "WRK", "NWLA", "NWLK"]}