{"validation": 0.5323735088440971, "id_test": 0.5286173552045362, "ood_test": 0.6000316159713348, "ood_validation": 0.6002371072910492, "0": 0.5015189174261254, "2": 0.5401414475560372, "3": 0.5244182866173, "4": 0.5035987477003518, "5": 0.5384183849606127, "6": 0.5064467275183169, "7": 0.5214385609088439, "8": 0.5304238268341044, "9": 0.555549877825574, "id_test_conf": [0.5261524385650846, 0.5310812217242344], "id_test_balanced": 0.6506338715553284, "id_test_balanced_conf": [0.6494703164533712, 0.6517974266572856], "ood_test_conf": [0.5965363177975599, 0.6035192672387348], "ood_test_balanced": 0.6664950847625732, "ood_test_balanced_conf": [0.6647803445998579, 0.6682098249252886], "features": ["DIVISION", "AGEP", "SEX", "RAC1P", "POBP", "ST", "FER", "ENG", "CIT", "SCHL", "OCCP", "COW", "WKHP", "WKW", "WRK", "NWLA", "NWLK"]}