{"validation": 0.604891940638547, "id_test": 0.6004391960307817, "ood_test": 0.6546218598095138, "ood_validation": 0.6513337285121518, "0": 0.604252968793151, "2": 0.6073233331432156, "3": 0.6019125378607535, "4": 0.5733251568064207, "5": 0.6106141920095408, "6": 0.5823339200196471, "7": 0.5881900671425636, "8": 0.5989961996034369, "9": 0.6226157405256753, "id_test_conf": [0.5980191715744059, 0.602855534730173], "id_test_balanced": 0.7003543376922607, "id_test_balanced_conf": [0.69908705011243, 0.7016216252720915], "ood_test_conf": [0.651226909092242, 0.6580049895811275], "ood_test_balanced": 0.7098528742790222, "ood_test_balanced_conf": [0.7080203873035498, 0.7116853612544947], "features": ["DIVISION", "AGEP", "SEX", "RAC1P", "POBP", "ST", "FER", "ENG", "CIT", "SCHL", "OCCP", "COW", "WKHP", "WKW", "WRK", "NWLA", "NWLK"]}