{"validation": 0.5720279720279721, "id_test": 0.5686386188740381, "ood_test": 0.6259171925017455, "ood_validation": 0.6222880853586248, "0": 0.6349074841204088, "2": 0.5808703587520675, "3": 0.5561757346758917, "4": 0.5319691443694929, "5": 0.5723252675517058, "6": 0.550912092559999, "7": 0.5642096332677152, "8": 0.5684071381361533, "9": 0.6008008696217703, "id_test_conf": [0.5661922660973058, 0.5710824529086344], "id_test_balanced": 0.6782858967781067, "id_test_balanced_conf": [0.6770552305597812, 0.6795165629964321], "ood_test_conf": [0.6224636305206167, 0.6293611284579745], "ood_test_balanced": 0.6870566606521606, "ood_test_balanced_conf": [0.6852764417300932, 0.6888368795742281], "features": ["DIVISION", "AGEP", "SEX", "RAC1P", "POBP", "ST", "FER", "ENG", "CIT", "SCHL", "OCCP", "COW", "WKHP", "WKW", "WRK", "NWLA", "NWLK"]}