{"validation": 0.7978166629750341, "id_test": 0.797210409072499, "ood_test": 0.7989487689531162, "ood_validation": 0.8002371072910492, "train": 0.7998572923679104, "id_test_conf": [0.7952193291734597, 0.7991905782947155], "id_test_balanced": 0.8057835698127747, "id_test_balanced_conf": [0.8044068450620397, 0.8071602945635096], "ood_test_conf": [0.7960797070229069, 0.8017949650920191], "ood_test_balanced": 0.8083780407905579, "ood_test_balanced_conf": [0.8064119443437084, 0.8103441372374073], "features": ["DIVISION", "AGEP", "SEX", "RAC1P", "POBP", "ST", "FER", "ENG", "CIT", "SCHL", "OCCP", "COW", "WKHP", "WKW", "WRK", "NWLA", "NWLK"]}