{"validation": 0.7971838116634496, "id_test": 0.7969509416767923, "ood_test": 0.7996337816653712, "ood_validation": 0.8009484291641968, "train": 0.7995060607235214, "id_test_conf": [0.7949589215408561, 0.7989320606719864], "id_test_balanced": 0.8053271770477295, "id_test_balanced_conf": [0.8039491067547351, 0.8067052473407239], "ood_test_conf": [0.7967683346264312, 0.8024763104288556], "ood_test_balanced": 0.8084981441497803, "ood_test_balanced_conf": [0.8065309278247877, 0.8104653604747728], "features": ["DIVISION", "AGEP", "SEX", "RAC1P", "POBP", "ST", "FER", "ENG", "CIT", "SCHL", "OCCP", "COW", "WKHP", "WKW", "WRK", "NWLA", "NWLK"]}