{"validation": 0.8009809195329557, "id_test": 0.8008745949777237, "ood_test": 0.797960769848902, "ood_validation": 0.8008298755186722, "train": 0.8026086069156245, "id_test_conf": [0.7988969302322875, 0.8028412143734521], "id_test_balanced": 0.8053690791130066, "id_test_balanced_conf": [0.8039894068101421, 0.8067487514158711], "ood_test_conf": [0.79508651694941, 0.800812232653708], "ood_test_balanced": 0.8074004054069519, "ood_test_balanced_conf": [0.8054304690193385, 0.8093703417945654], "features": ["DIVISION", "AGEP", "SEX", "RAC1P", "POBP", "ST", "FER", "ENG", "CIT", "SCHL", "OCCP", "COW", "WKHP", "WKW", "WRK", "NWLA", "NWLK"]}