{"validation": 0.7980761320127836, "id_test": 0.7967800729040098, "ood_test": 0.8005822608054168, "ood_validation": 0.8015411973918198, "train": 0.8003137352931637, "id_test_conf": [0.7947874342839576, 0.7987618166631553], "id_test_balanced": 0.8045560717582703, "id_test_balanced_conf": [0.8031755965109915, 0.8059365470055491], "ood_test_conf": [0.7977218404915232, 0.8034196901719088], "ood_test_balanced": 0.8088538646697998, "ood_test_balanced_conf": [0.8068864922737703, 0.8108212370658293], "features": ["DIVISION", "AGEP", "SEX", "RAC1P", "POBP", "ST", "FER", "ENG", "CIT", "SCHL", "OCCP", "COW", "WKHP", "WKW", "WRK", "NWLA", "NWLK"]}