{"validation": 0.7889504160997374, "id_test": 0.7879455245038477, "ood_test": 0.7919669086166695, "ood_validation": 0.7924125666864256, "0": 0.8739298536315935, "2": 0.7779558546740433, "3": 0.7848344256814935, "4": 0.7824936255365845, "5": 0.7908506731946144, "6": 0.7908804387867873, "7": 0.7936741497816044, "8": 0.7956047587574355, "9": 0.7968374011687865, "id_test_conf": [0.7859216488620586, 0.7899588299501754], "id_test_balanced": 0.7984321117401123, "id_test_balanced_conf": [0.7970371517771855, 0.7998270717030391], "ood_test_conf": [0.7890617334270874, 0.7948497528967216], "ood_test_balanced": 0.8005598783493042, "ood_test_balanced_conf": [0.7985610893554985, 0.8025586673431099], "features": ["DIVISION", "AGEP", "SEX", "RAC1P", "POBP", "ST", "FER", "ENG", "CIT", "SCHL", "OCCP", "COW", "WKHP", "WKW", "WRK", "NWLA", "NWLK"]}