{"validation": 0.8209600354396734, "id_test": 0.8195119481571487, "ood_test": 0.8042049241875354, "ood_validation": 0.8052163604030824, "train": 0.8218298377610407, "id_test_conf": [0.8176066611175272, 0.8214055046990758], "id_test_balanced": 0.7686161398887634, "id_test_balanced_conf": [0.7672317110700533, 0.7700005687074736], "ood_test_conf": [0.8013639351641894, 0.8070226446796953], "ood_test_balanced": 0.7808104753494263, "ood_test_balanced_conf": [0.7788109751371667, 0.7828099755616859], "features": ["DIVISION", "AGEP", "SEX", "RAC1P", "POBP", "ST", "FER", "ENG", "CIT", "SCHL", "OCCP", "COW", "WKHP", "WKW", "WRK", "NWLA", "NWLK"]}