{"validation": 0.7575799765845015, "id_test": 0.759182614418793, "ood_test": 0.7330558153627275, "ood_validation": 0.7331357439241256, "0": 0.9236398784866059, "2": 0.7305367022186734, "3": 0.7650759241062837, "4": 0.7732735155838147, "5": 0.7714433669146031, "6": 0.786568976573479, "7": 0.7638013428512722, "8": 0.7711913417052214, "9": 0.73280964016612, "id_test_conf": [0.7570664929015793, 0.7612892224677169], "id_test_balanced": 0.6370046734809875, "id_test_balanced_conf": [0.6358223946462386, 0.6381869523157365], "ood_test_conf": [0.7298935225626828, 0.7362002874561908], "ood_test_balanced": 0.6732427477836609, "ood_test_balanced_conf": [0.6714008473744616, 0.6750846481928602], "features": ["DIVISION", "AGEP", "SEX", "RAC1P", "POBP", "ST", "FER", "ENG", "CIT", "SCHL", "OCCP", "COW", "WKHP", "WKW", "WRK", "NWLA", "NWLK"]}