{"validation": 0.6229725026105116, "id_test": 0.6177792122316728, "ood_test": 0.686883323892453, "ood_validation": 0.6834617664493183, "0": 0.736260701463684, "2": 0.6136656590429476, "3": 0.6101026165706008, "4": 0.5950682632411323, "5": 0.6298763456046198, "6": 0.6022130353512614, "7": 0.6209792341903455, "8": 0.6207555353602116, "9": 0.6423773378053199, "id_test_conf": [0.6153779900393281, 0.620176112291063], "id_test_balanced": 0.712125837802887, "id_test_balanced_conf": [0.7108415517141111, 0.7134101238916628], "ood_test_conf": [0.6835705805556336, 0.6901817789433483], "ood_test_balanced": 0.7350196838378906, "ood_test_balanced_conf": [0.7331434347946196, 0.7368959328811616], "features": ["DIVISION", "AGEP", "SEX", "RAC1P", "POBP", "ST", "FER", "ENG", "CIT", "SCHL", "OCCP", "COW", "WKHP", "WKW", "WRK", "NWLA", "NWLK"]}