{"validation": 0.8179286776571845, "id_test": 0.8177969319562576, "ood_test": 0.7988829023461685, "ood_validation": 0.7975103734439835, "train": 0.8191584205018024, "id_test_conf": [0.8158846832505825, 0.8196975132235642], "id_test_balanced": 0.7725471258163452, "id_test_balanced_conf": [0.7711535089998506, 0.7739407426328399], "ood_test_conf": [0.7960134935141207, 0.8017294504334127], "ood_test_balanced": 0.7724801898002625, "ood_test_balanced_conf": [0.7704742975207046, 0.7744860820798203], "features": ["DIVISION", "AGEP", "SEX", "RAC1P", "POBP", "ST", "FER", "ENG", "CIT", "SCHL", "OCCP", "COW", "WKHP", "WKW", "WRK", "NWLA", "NWLK"]}