{"validation": 0.8180362623801538, "id_test": 0.8176766909680032, "ood_test": 0.8043103107586516, "ood_validation": 0.801778304682869, "train": 0.8190389701002196, "id_test_conf": [0.815763956547614, 0.8195777623710627], "id_test_balanced": 0.7826272249221802, "id_test_balanced_conf": [0.781230201923754, 0.7840242479206063], "ood_test_conf": [0.8014698925625761, 0.8071274523479582], "ood_test_balanced": 0.7823959589004517, "ood_test_balanced_conf": [0.7803919248702005, 0.7843999929307028], "features": ["DIVISION", "AGEP", "SEX", "RAC1P", "POBP", "ST", "FER", "ENG", "CIT", "SCHL", "OCCP", "COW", "WKHP", "WKW", "WRK", "NWLA", "NWLK"]}