{"validation": 0.8206056387051862, "id_test": 0.819973926690968, "ood_test": 0.7991858887381276, "ood_validation": 0.7979845880260819, "train": 0.8217697170291182, "id_test_conf": [0.8180705258006485, 0.821865580096691], "id_test_balanced": 0.7744360566139221, "id_test_balanced_conf": [0.7730478445556946, 0.7758242686721496], "ood_test_conf": [0.7963180766471052, 0.8020308168703614], "ood_test_balanced": 0.7704989910125732, "ood_test_balanced_conf": [0.7685054103191942, 0.7724925717059523], "features": ["DIVISION", "AGEP", "SEX", "RAC1P", "POBP", "ST", "FER", "ENG", "CIT", "SCHL", "OCCP", "COW", "WKHP", "WKW", "WRK", "NWLA", "NWLK"]}