{"validation": 0.3139132360851818, "id_test": 0.3100698663426488, "ood_test": 0.3825927731158857, "ood_validation": 0.386959098992294, "0": 0.6408450704225352, "2": 0.3677978668795985, "3": 0.28274765238003585, "4": 0.25611894694940235, "5": 0.3084180711169695, "6": 0.23238235575020807, "7": 0.2839474259807918, "8": 0.28588689689358887, "9": 0.3702535467746881, "id_test_conf": [0.3077897042281407, 0.3123569989221708], "id_test_balanced": 0.46679311990737915, "id_test_balanced_conf": [0.46595612924662416, 0.46763011056813414], "ood_test_conf": [0.37913332506110076, 0.3860611965323132], "ood_test_balanced": 0.4753275215625763, "ood_test_balanced_conf": [0.47428583808941766, 0.47636920503573493], "features": ["DIVISION", "AGEP", "SEX", "RAC1P", "POBP", "ST", "FER", "ENG", "CIT", "SCHL", "OCCP", "COW", "WKHP", "WKW", "WRK", "NWLA", "NWLK"]}