{"validation": 0.6059867734075879, "id_test": 0.6036920311867152, "ood_test": 0.6016914544664146, "ood_validation": 0.6033195020746888, "0": 0.8606738470035902, "2": 0.5782068100153995, "3": 0.5633376216862344, "4": 0.5578112728485514, "5": 0.6055652324012177, "6": 0.6245207591448023, "7": 0.6313853373367004, "8": 0.6192890779907468, "9": 0.63994778553046, "id_test_conf": [0.6012752913553412, 0.6061049658846155], "id_test_balanced": 0.6631779074668884, "id_test_balanced_conf": [0.6616350812627934, 0.6647207336709835], "ood_test_conf": [0.5981985246228139, 0.6051766105039031], "ood_test_balanced": 0.6511666774749756, "ood_test_balanced_conf": [0.6491026284266264, 0.6532307265233248], "features": ["DIVISION", "AGEP", "SEX", "RAC1P", "POBP"]}