{"validation": 0.5034205613391134, "id_test": 0.5000189854191981, "ood_test": 0.5271436287231099, "ood_validation": 0.5324244220509781, "0": 0.7289422811378072, "2": 0.5173045114926139, "3": 0.4713220620561808, "4": 0.44154321186887435, "5": 0.486567492075448, "6": 0.4627727068069256, "7": 0.5066380333127862, "8": 0.5048227858559154, "9": 0.5664526678620869, "id_test_conf": [0.4975505523357774, 0.5024874178059509], "id_test_balanced": 0.622138500213623, "id_test_balanced_conf": [0.6209360180515796, 0.6233409823756665], "ood_test_conf": [0.523584454936829, 0.5307007276147995], "ood_test_balanced": 0.6035760045051575, "ood_test_balanced_conf": [0.6019933647848665, 0.6051586442254484], "features": ["DIVISION", "AGEP", "SEX", "RAC1P", "POBP"]}