{"validation": 0.6818972882321298, "id_test": 0.6848546982584042, "ood_test": 0.6220310626918365, "ood_validation": 0.6149377593360996, "train": 0.6826115813097301, "id_test_conf": [0.6825575425541361, 0.6871450698219081], "id_test_balanced": 0.5262699723243713, "id_test_balanced_conf": [0.5254637396940961, 0.5270762049546466], "ood_test_conf": [0.6185705740385781, 0.62548222245256], "ood_test_balanced": 0.5421677231788635, "ood_test_balanced_conf": [0.5406167947431095, 0.5437186516146175], "features": ["DIVISION", "AGEP", "SEX", "RAC1P", "POBP"]}