{"validation": 0.6816821187861912, "id_test": 0.6818486735520454, "ood_test": 0.629513509241085, "ood_validation": 0.6280972139893302, "train": 0.6819526264453696, "id_test_conf": [0.6795457310480756, 0.6841449422669442], "id_test_balanced": 0.5522677898406982, "id_test_balanced_conf": [0.551077695817221, 0.5534578838641755], "ood_test_conf": [0.6260665685218572, 0.6329505489575925], "ood_test_balanced": 0.5729207396507263, "ood_test_balanced_conf": [0.5708603395614773, 0.5749811397399753], "features": ["DIVISION", "AGEP", "SEX", "RAC1P", "POBP"]}