{"validation": 0.6834351169192798, "id_test": 0.6837092446334548, "ood_test": 0.629842842275823, "ood_validation": 0.6271487848251334, "train": 0.6836470818108681, "id_test_conf": [0.6814098708005921, 0.6860018763755676], "id_test_balanced": 0.5545430183410645, "id_test_balanced_conf": [0.5533499026088975, 0.5557361340732314], "ood_test_conf": [0.6263965180871764, 0.6332792402804095], "ood_test_balanced": 0.563090443611145, "ood_test_balanced_conf": [0.5612149036186748, 0.5649659836036153], "features": ["DIVISION", "AGEP", "SEX", "RAC1P", "POBP"]}