{"validation": 0.7049583900262634, "id_test": 0.70585890036452, "ood_test": 0.6690993400165984, "ood_validation": 0.6669828097213989, "train": 0.7040849664154517, "id_test_conf": [0.703605329350687, 0.708104916116208], "id_test_balanced": 0.6110708117485046, "id_test_balanced_conf": [0.6096430508559569, 0.6124985726410523], "ood_test_conf": [0.6657390761090082, 0.6724466758152727], "ood_test_balanced": 0.6327710151672363, "ood_test_balanced_conf": [0.6305175999272614, 0.6350244304072112], "features": ["DIVISION", "AGEP", "SEX", "RAC1P", "POBP"]}