{"validation": 0.7054266999968357, "id_test": 0.7065866747671122, "ood_test": 0.6732621095756873, "ood_validation": 0.6711321873147599, "train": 0.7051964088937548, "id_test_conf": [0.7043347149838487, 0.7088310525678383], "id_test_balanced": 0.6214473247528076, "id_test_balanced_conf": [0.6199730440811254, 0.6229216054244898], "ood_test_conf": [0.6699124765626914, 0.6765984961132516], "ood_test_balanced": 0.6375690698623657, "ood_test_balanced_conf": [0.6353167687961832, 0.6398213709285483], "features": ["DIVISION", "AGEP", "SEX", "RAC1P", "POBP"]}