{"validation": 0.7050723032623485, "id_test": 0.7051437829080599, "ood_test": 0.6680981675909947, "ood_validation": 0.6680497925311203, "train": 0.7044448997447242, "id_test_conf": [0.702888635407122, 0.7073914014024163], "id_test_balanced": 0.6162323355674744, "id_test_balanced_conf": [0.6147741089924239, 0.6176905621425248], "ood_test_conf": [0.6647353911193514, 0.6714480925215388], "ood_test_balanced": 0.6300825476646423, "ood_test_balanced_conf": [0.6278421139298007, 0.632322981399484], "features": ["DIVISION", "AGEP", "SEX", "RAC1P", "POBP"]}