{"validation": 0.4818846312058982, "id_test": 0.4780212130417173, "ood_test": 0.5333614364189643, "ood_validation": 0.5368109069353882, "0": 0.28224247445457057, "2": 0.49321850225289454, "3": 0.46261535500471046, "4": 0.4435658264209405, "5": 0.47772494743118976, "6": 0.46153111484043496, "7": 0.4655968927508567, "8": 0.49099471249173826, "9": 0.5250016258954038, "id_test_conf": [0.47555556647468683, 0.4804876661239461], "id_test_balanced": 0.6101697683334351, "id_test_balanced_conf": [0.6090569422510452, 0.6112825944158249], "ood_test_conf": [0.5298047060954513, 0.5369156165457899], "ood_test_balanced": 0.60988450050354, "ood_test_balanced_conf": [0.6083153451839461, 0.6114536558231339], "features": ["DIVISION", "AGEP", "SEX", "RAC1P", "POBP"]}