{"validation": 0.640217700851185, "id_test": 0.6394479040097205, "ood_test": 0.6046422784576675, "ood_validation": 0.6002371072910492, "train": 0.6394599259723935, "id_test_conf": [0.6370747302314042, 0.6418159603736494], "id_test_balanced": 0.6713389158248901, "id_test_balanced_conf": [0.6697308712080121, 0.6729469604417682], "ood_test_conf": [0.6011536621468632, 0.6081228953611], "ood_test_balanced": 0.6521475315093994, "ood_test_balanced_conf": [0.650057351058349, 0.6542377119604498], "features": ["DIVISION", "AGEP", "SEX", "RAC1P", "POBP"]}