{"validation": 0.639894946682277, "id_test": 0.638232837181045, "ood_test": 0.5993202566163006, "ood_validation": 0.5966804979253112, "train": 0.6391245155732472, "id_test_conf": [0.6358579540473721, 0.6406026474970185], "id_test_balanced": 0.6686646342277527, "id_test_balanced_conf": [0.6670504878950305, 0.6702787805604749], "ood_test_conf": [0.5958239562058328, 0.6028089645057806], "ood_test_balanced": 0.6485913991928101, "ood_test_balanced_conf": [0.6465196672966704, 0.6506631310889497], "features": ["DIVISION", "AGEP", "SEX", "RAC1P", "POBP"]}