{"validation": 0.6407303104135683, "id_test": 0.6394668894289186, "ood_test": 0.6089499545520413, "ood_validation": 0.6074688796680497, "train": 0.6407145507201435, "id_test_conf": [0.6370937424896237, 0.6418349182570051], "id_test_balanced": 0.670103907585144, "id_test_balanced_conf": [0.6684919660980814, 0.6717158490722067], "ood_test_conf": [0.6054678732469221, 0.6124237071080998], "ood_test_balanced": 0.6549116373062134, "ood_test_balanced_conf": [0.6528056843252853, 0.6570175902871415], "features": ["DIVISION", "AGEP", "SEX", "RAC1P", "POBP"]}