{"validation": 0.6689301648577667, "id_test": 0.6690651579586877, "ood_test": 0.6161425880307202, "ood_validation": 0.6143449911084766, "train": 0.6682609208122944, "id_test_conf": [0.6667388277778787, 0.6713852836165749], "id_test_balanced": 0.6702502965927124, "id_test_balanced_conf": [0.6686112530506216, 0.6718893401348032], "ood_test_conf": [0.6126720521960374, 0.6196042451948225], "ood_test_balanced": 0.6541587114334106, "ood_test_balanced_conf": [0.6519572667079047, 0.6563601561589166], "features": ["DIVISION", "AGEP", "SEX", "RAC1P", "POBP"]}