{"validation": 0.6612157073695535, "id_test": 0.6601040400972054, "ood_test": 0.6117031787224513, "ood_validation": 0.6109069353882632, "train": 0.6605710045620561, "id_test_conf": [0.6577624716737577, 0.6624397329317465], "id_test_balanced": 0.6703872680664062, "id_test_balanced_conf": [0.6687514133704826, 0.6720231227623299], "ood_test_conf": [0.6082254228758996, 0.6151723953206], "ood_test_balanced": 0.6536918878555298, "ood_test_balanced_conf": [0.6515339077729732, 0.6558498679380864], "features": ["DIVISION", "AGEP", "SEX", "RAC1P", "POBP"]}