{"validation": 0.7050849602885801, "id_test": 0.7058778857837181, "ood_test": 0.6706406186191725, "ood_validation": 0.6657972732661529, "train": 0.7043626292694619, "id_test_conf": [0.7036243567142576, 0.7081238588939813], "id_test_balanced": 0.61393141746521, "id_test_balanced_conf": [0.6124888836732134, 0.6153739512572065], "ood_test_conf": [0.6672842561970097, 0.6739839350572647], "ood_test_balanced": 0.6378883719444275, "ood_test_balanced_conf": [0.635609570061788, 0.640167173827067], "features": ["DIVISION", "AGEP", "SEX", "RAC1P", "POBP"]}