{"validation": 0.7052621586558239, "id_test": 0.7064347914135277, "ood_test": 0.6699819525496964, "ood_validation": 0.6643746295198577, "train": 0.7046608597422878, "id_test_conf": [0.7041824948028967, 0.7086795116180671], "id_test_balanced": 0.613565981388092, "id_test_balanced_conf": [0.6121286992495879, 0.6150032635265962], "ood_test_conf": [0.6666239178550744, 0.6733269916343977], "ood_test_balanced": 0.6367074251174927, "ood_test_balanced_conf": [0.6344314222456887, 0.6389834279892966], "features": ["DIVISION", "AGEP", "SEX", "RAC1P", "POBP"]}