{"validation": 0.7037433155080214, "id_test": 0.7056437322802754, "ood_test": 0.6731830696473502, "ood_validation": 0.6685240071132187, "train": 0.7037574666389268, "id_test_conf": [0.703389686225046, 0.7078902309732804], "id_test_balanced": 0.6345072984695435, "id_test_balanced_conf": [0.632977589762304, 0.6360370071767829], "ood_test_conf": [0.6698332320094196, 0.6765196668548683], "ood_test_balanced": 0.6422383785247803, "ood_test_balanced_conf": [0.6399510082509369, 0.6445257487986237], "features": ["DIVISION", "AGEP", "SEX", "RAC1P", "POBP"]}