{"validation": 0.7054330285099516, "id_test": 0.7060044552450385, "ood_test": 0.6717076576517237, "ood_validation": 0.6700652045050385, "train": 0.7045944105122682, "id_test_conf": [0.7037512059247623, 0.7082501439591016], "id_test_balanced": 0.6260977983474731, "id_test_balanced_conf": [0.6246007149899379, 0.6275948817050084], "ood_test_conf": [0.6683540200880771, 0.6750481676247031], "ood_test_balanced": 0.6366258859634399, "ood_test_balanced_conf": [0.6343663081992418, 0.6388854637276381], "features": ["DIVISION", "AGEP", "SEX", "RAC1P", "POBP"]}