{"validation": 0.7059962661772616, "id_test": 0.7063145504252734, "ood_test": 0.6719842974009037, "ood_validation": 0.6699466508595139, "train": 0.7049377315340358, "id_test_conf": [0.7040619873731706, 0.7085595414859571], "id_test_balanced": 0.619680643081665, "id_test_balanced_conf": [0.6182128622895107, 0.6211484238738194], "ood_test_conf": [0.6686313694718695, 0.6753240765819062], "ood_test_balanced": 0.635346531867981, "ood_test_balanced_conf": [0.6331000483268872, 0.6375930154090748], "features": ["DIVISION", "AGEP", "SEX", "RAC1P", "POBP"]}