{"validation": 0.7047432205803247, "id_test": 0.7061373531794248, "ood_test": 0.6702585922988763, "ood_validation": 0.6681683461766449, "train": 0.7046948754195597, "id_test_conf": [0.703884397820534, 0.7083827430527297], "id_test_balanced": 0.6336789727210999, "id_test_balanced_conf": [0.6321542627364397, 0.63520368270576], "ood_test_conf": [0.6669012590541994, 0.6736029087765183], "ood_test_balanced": 0.6409764289855957, "ood_test_balanced_conf": [0.6386738333432004, 0.643279024627991], "features": ["DIVISION", "AGEP", "SEX", "RAC1P", "POBP"]}