{"validation": 0.7041420118343196, "id_test": 0.7056247468610773, "ood_test": 0.6712992846886485, "ood_validation": 0.6673384706579727, "train": 0.7039694713251796, "id_test_conf": [0.7033706589193762, 0.7078712881376035], "id_test_balanced": 0.6291019916534424, "id_test_balanced_conf": [0.6275913476850837, 0.630612635621801], "ood_test_conf": [0.6679446019709256, 0.6746408710479301], "ood_test_balanced": 0.6388449668884277, "ood_test_balanced_conf": [0.6365650451276451, 0.6411248886492104], "features": ["DIVISION", "AGEP", "SEX", "RAC1P", "POBP"]}