{"validation": 0.7027180963832548, "id_test": 0.7033781389226408, "ood_test": 0.6693364598016098, "ood_validation": 0.6659158269116775, "train": 0.7024039591084096, "id_test_conf": [0.7011191274780442, 0.7056296861858101], "id_test_balanced": 0.6425604224205017, "id_test_balanced_conf": [0.6409978058841079, 0.6441230389568955], "ood_test_conf": [0.6659767934795868, 0.6726831798801609], "ood_test_balanced": 0.6440423130989075, "ood_test_balanced_conf": [0.6417159248376265, 0.6463687013601884], "features": ["DIVISION", "AGEP", "SEX", "RAC1P", "POBP"]}