{"validation": 0.7019713318355852, "id_test": 0.7032072701498583, "ood_test": 0.6630132655346392, "ood_validation": 0.6618850029638411, "train": 0.7021342068770207, "id_test_conf": [0.7009478869184609, 0.7054591954731959], "id_test_balanced": 0.6419402956962585, "id_test_balanced_conf": [0.6403786546038464, 0.6435019367886707], "ood_test_conf": [0.6596379906061498, 0.6663760777981824], "ood_test_balanced": 0.6447150707244873, "ood_test_balanced_conf": [0.6423502298910171, 0.6470799115579575], "features": ["DIVISION", "AGEP", "SEX", "RAC1P", "POBP"]}