{"validation": 0.7047811916590198, "id_test": 0.706162667071689, "ood_test": 0.6695735795866212, "ood_validation": 0.6691167753408417, "train": 0.7046576954932392, "id_test_conf": [0.7039097677315538, 0.7084079999968371], "id_test_balanced": 0.6259801387786865, "id_test_balanced_conf": [0.6244843319407665, 0.6274759456166066], "ood_test_conf": [0.6662145118104511, 0.672919682984729], "ood_test_balanced": 0.6381354331970215, "ood_test_balanced_conf": [0.6358457900816574, 0.6404250763123855], "features": ["DIVISION", "AGEP", "SEX", "RAC1P", "POBP"]}