{"validation": 0.7041799829130145, "id_test": 0.7045172640745241, "ood_test": 0.6718262175442294, "ood_validation": 0.6691167753408417, "train": 0.7033018147759356, "id_test_conf": [0.7022607408682207, 0.7067662812768039], "id_test_balanced": 0.629504382610321, "id_test_balanced_conf": [0.6279870039713569, 0.6310217612492852], "ood_test_conf": [0.6684728839487233, 0.6751664144816314], "ood_test_balanced": 0.6354396343231201, "ood_test_balanced_conf": [0.633190813139081, 0.6376884555071592], "features": ["DIVISION", "AGEP", "SEX", "RAC1P", "POBP"]}