{"validation": 0.3075487012987013, "id_test": 0.3137175324675325, "ood_test": 0.3927514792899408, "ood_validation": 0.3841059602649007, "33": 0.30689655172413793, "id_test_conf": [0.30552834840129844, 0.32199480585469725], "id_test_balanced": 0.5061904191970825, "id_test_balanced_conf": [0.5008433442376554, 0.5115374941565096], "ood_test_conf": [0.3666071138763696, 0.41936312163352474], "ood_test_balanced": 0.5104997158050537, "ood_test_balanced_conf": [0.49574603043496607, 0.5252534011751413], "features": ["AccredAgency", "HIGHDEG", "CONTROL", "region", "LOCALE", "locale2", "CCBASIC", "CCSIZSET", "HBCU", "DISTANCEONLY", "poverty_rate", "unemp_rate"]}