{"id_test": 0.8836038961038961, "id_test_conf": [0.8778095640588176, 0.8892163036365535], "id_test_balanced": 0.5948148369789124, "id_test_balanced_conf": [0.5910455434583127, 0.598584130499512], "ood_test": 0.7329881656804734, "ood_test_conf": [0.7085469699485697, 0.7564123260615858], "ood_test_balanced": 0.6873033046722412, "ood_test_balanced_conf": [0.6704314487427473, 0.7041751606017351], "validation": 0.8893668831168832, "validation_conf": [0.8836951258775004, 0.8948539441145513], "validation_balanced": 0.601649284362793, "validation_balanced_conf": [0.597870136005804, 0.605428432719782], "features": ["AccredAgency", "HIGHDEG", "CONTROL", "region", "LOCALE", "locale2", "CCBASIC", "CCSIZSET", "HBCU", "DISTANCEONLY", "poverty_rate", "unemp_rate"]}