{"id_test": 0.8831980519480519, "id_test_conf": [0.8773952587170318, 0.8888191157022516], "id_test_balanced": 0.5932173728942871, "id_test_balanced_conf": [0.5894675515173003, 0.5969671942712739], "ood_test": 0.7255917159763313, "ood_test_conf": [0.7009636881841617, 0.7492351637604393], "ood_test_balanced": 0.6884784698486328, "ood_test_balanced_conf": [0.671417904868722, 0.7055390348285436], "validation": 0.889448051948052, "validation_conf": [0.8837780542697616, 0.8949333143151418], "validation_balanced": 0.6008697748184204, "validation_balanced_conf": [0.5971056991815566, 0.6046338504552842], "features": ["AccredAgency", "HIGHDEG", "CONTROL", "region", "LOCALE", "locale2", "CCBASIC", "CCSIZSET", "HBCU", "DISTANCEONLY", "poverty_rate", "unemp_rate"]}