{"validation": 0.48841519925857274, "id_test": 0.48055555555555557, "ood_test": 0.5168567807351078, "ood_validation": 0.5326747720364742, "3": 0.46793953858393, "id_test_conf": [0.4503829332069681, 0.5108343850698978], "id_test_balanced": 0.4858139753341675, "id_test_balanced_conf": [0.4647643532976508, 0.5068635973706841], "ood_test_conf": [0.5078083210030969, 0.5258969454402959], "ood_test_balanced": 0.49638456106185913, "ood_test_balanced_conf": [0.4907441451121122, 0.5020249770116061], "features": ["gender", "age", "ethnicity", "insurance", "height_mean_0", "weight_mean_0"]}