{"validation": 0.5403151065801668, "id_test": 0.5333333333333333, "ood_test": 0.5171102661596958, "ood_validation": 0.5189969604863222, "train": 0.5396108408617095, "id_test_conf": [0.5030602511292883, 0.5634243407997721], "id_test_balanced": 0.5072271823883057, "id_test_balanced_conf": [0.4868476399406791, 0.5276067248359323], "ood_test_conf": [0.5080618992377635, 0.5261502133166654], "ood_test_balanced": 0.5033267140388489, "ood_test_balanced_conf": [0.4972767019737512, 0.5093767261039466], "features": ["gender", "age", "ethnicity", "insurance", "height_mean_0", "weight_mean_0"]}