{"validation": 0.5894346617238183, "id_test": 0.5740740740740741, "ood_test": 0.5220954795099282, "ood_validation": 0.5349544072948328, "train": 0.558837155432013, "id_test_conf": [0.5439517938559757, 0.6037916722223973], "id_test_balanced": 0.4942396879196167, "id_test_balanced_conf": [0.48114785516634584, 0.5073315206728876], "ood_test_conf": [0.513049409252618, 0.531130676809975], "ood_test_balanced": 0.4906022846698761, "ood_test_balanced_conf": [0.48614871594123543, 0.49505585339851677], "features": ["gender", "age", "ethnicity", "insurance", "height_mean_0", "weight_mean_0"]}