{"validation": 0.6274328081556997, "id_test": 0.6018518518518519, "ood_test": 0.5375580904098014, "ood_validation": 0.5417933130699089, "train": 0.5952050034746351, "id_test_conf": [0.5719491335546075, 0.6311980192997668], "id_test_balanced": 0.5007871389389038, "id_test_balanced_conf": [0.4981709194602445, 0.5034033584175631], "ood_test_conf": [0.5285248618427787, 0.5465728368174314], "ood_test_balanced": 0.49753302335739136, "ood_test_balanced_conf": [0.4948690767167136, 0.5001969699980691], "features": ["gender", "age", "ethnicity", "insurance", "height_mean_0", "weight_mean_0"]}