{"validation": 0.5060240963855421, "id_test": 0.5037037037037037, "ood_test": 0.5046894803548796, "ood_validation": 0.5075987841945289, "train": 0.5064859856381747, "id_test_conf": [0.4734461739596992, 0.5339410038037216], "id_test_balanced": 0.5022898316383362, "id_test_balanced_conf": [0.4812058411166072, 0.5233738221600652], "ood_test_conf": [0.49563929074284824, 0.513737362335323], "ood_test_balanced": 0.5048350095748901, "ood_test_balanced_conf": [0.49846552511677145, 0.5112044940330088], "features": ["gender", "age", "ethnicity", "insurance", "height_mean_0", "weight_mean_0"]}