{"validation": 0.535681186283596, "id_test": 0.5351851851851852, "ood_test": 0.5232784114913392, "ood_validation": 0.5220364741641338, "3": 0.5385839299920445, "id_test_conf": [0.5049146125552972, 0.5652635668414379], "id_test_balanced": 0.5067978501319885, "id_test_balanced_conf": [0.4865491846576333, 0.5270465156063437], "ood_test_conf": [0.5142330179756367, 0.5323123499335776], "ood_test_balanced": 0.5054981112480164, "ood_test_balanced_conf": [0.4996703046374023, 0.5113259178586305], "features": ["gender", "age", "ethnicity", "insurance", "height_mean_0", "weight_mean_0"]}