{"validation": 0.8939935064935065, "id_test": 0.8912337662337663, "ood_test": 0.6782544378698225, "ood_validation": 0.6688741721854304, "train": 0.8925078128170786, "id_test_conf": [0.8856027189481405, 0.8966792184487798], "id_test_balanced": 0.7506992220878601, "id_test_balanced_conf": [0.745836660079658, 0.7555617840960622], "ood_test_conf": [0.6526165587798402, 0.7031150291583732], "ood_test_balanced": 0.6659156084060669, "ood_test_balanced_conf": [0.6481797687709332, 0.6836514480412006], "features": ["AccredAgency", "HIGHDEG", "CONTROL", "region", "LOCALE", "locale2", "CCBASIC", "HBCU", "DISTANCEONLY", "median_hh_inc", "poverty_rate", "unemp_rate", "TUITIONFEE_IN", "TUITIONFEE_OUT", "TUITIONFEE_PROG", "ADM_RATE", "ADM_RATE_ALL", "SATVRMID", "SATMTMID", "SATWRMID", "ACTCMMID", "ACTENMID", "ACTMTMID", "ACTWRMID", "NPT4_PROG", "COSTT4_A", "COSTT4_P", "loan_ever", "pell_ever", "pct_asian"]}