{"validation": 0.5727948990435706, "id_test": 0.564755838641189, "ood_test": 0.5626267250964746, "ood_validation": 0.5562095350206003, "train": 0.5680520515203824, "id_test_conf": [0.5324032952294815, 0.5967023085739875], "id_test_balanced": 0.506933331489563, "id_test_balanced_conf": [0.4896030264720321, 0.524263636507094], "ood_test_conf": [0.5547196063107933, 0.5705100042431379], "ood_test_balanced": 0.5210773348808289, "ood_test_balanced_conf": [0.5175512020895258, 0.524603467672132], "features": ["SEX", "WHTLGSPK", "BORNUSA", "HWELLSPK", "OTHLGSPK", "HIDEG", "EDUCYR", "YRSINUS", "HISPNCAT", "RACETHX", "RACEWX", "RACEBX", "RACEAX", "RACEV1X", "HISPANX", "SICPAY31", "PAYDR31", "REGION31", "AGE31X", "INSCOV19"]}