{"validation": 0.41870350690754515, "id_test": 0.416135881104034, "ood_test": 0.4509778271960233, "ood_validation": 0.4608593290170689, "train": 0.43274465542424645, "id_test_conf": [0.3844322890902623, 0.4483654368832515], "id_test_balanced": 0.5053957104682922, "id_test_balanced_conf": [0.5020967066707089, 0.5086947142658755], "ood_test_conf": [0.4430677320135395, 0.45890658296285064], "ood_test_balanced": 0.503977358341217, "ood_test_balanced_conf": [0.5031878051755484, 0.5047669115068857], "features": ["SEX", "WHTLGSPK", "BORNUSA", "HWELLSPK", "OTHLGSPK", "HIDEG", "EDUCYR", "YRSINUS", "HISPNCAT", "RACETHX", "RACEWX", "RACEBX", "RACEAX", "RACEV1X", "HISPANX", "SICPAY31", "PAYDR31", "REGION31", "AGE31X", "INSCOV19"]}