{"validation": 0.5281615302869288, "id_test": 0.5403397027600849, "ood_test": 0.5130485970305448, "ood_validation": 0.5261918775750442, "train": 0.540432877439915, "id_test_conf": [0.5078993407621863, 0.5725271288826412], "id_test_balanced": 0.60506671667099, "id_test_balanced_conf": [0.5900683082640171, 0.6200651250779629], "ood_test_conf": [0.5050912084345885, 0.5210010187209047], "ood_test_balanced": 0.5581605434417725, "ood_test_balanced_conf": [0.5552141789579764, 0.5611069079255685], "features": ["SEX", "WHTLGSPK", "BORNUSA", "HWELLSPK", "OTHLGSPK", "HIDEG", "EDUCYR", "YRSINUS", "HISPNCAT", "RACETHX", "RACEWX", "RACEBX", "RACEAX", "RACEV1X", "HISPANX", "SICPAY31", "PAYDR31", "REGION31", "AGE31X", "INSCOV19"]}