{"validation": 0.6737513283740701, "id_test": 0.7176220806794055, "ood_test": 0.6408529007783373, "ood_validation": 0.6527369040612124, "train": 0.6985792059487452, "id_test_conf": [0.6876948416246687, 0.7461817008831637], "id_test_balanced": 0.7263344526290894, "id_test_balanced_conf": [0.706320499740541, 0.7463484055176377], "ood_test_conf": [0.6331894073793047, 0.6484627668146112], "ood_test_balanced": 0.6378142833709717, "ood_test_balanced_conf": [0.6324364678934217, 0.6431920988485217], "features": ["SEX", "WHTLGSPK", "BORNUSA", "HWELLSPK", "OTHLGSPK", "HIDEG", "EDUCYR", "YRSINUS", "HISPNCAT", "RACETHX", "RACEWX", "RACEBX", "RACEAX", "RACEV1X", "HISPANX", "SICPAY31", "PAYDR31", "REGION31", "AGE31X", "INSCOV19"]}