{"validation": 0.7024442082890542, "id_test": 0.7473460721868365, "ood_test": 0.6513179410033357, "ood_validation": 0.6580341377280753, "train": 0.7248705351214978, "id_test_conf": [0.7183195519625751, 0.7748168712357579], "id_test_balanced": 0.7435932159423828, "id_test_balanced_conf": [0.7238982594758272, 0.7632881724089384], "ood_test_conf": [0.6437031262653659, 0.6588751418081955], "ood_test_balanced": 0.6467429399490356, "ood_test_balanced_conf": [0.6414068816881627, 0.6520789982099086], "features": ["SEX", "WHTLGSPK", "BORNUSA", "HWELLSPK", "OTHLGSPK", "HIDEG", "EDUCYR", "YRSINUS", "HISPNCAT", "RACETHX", "RACEWX", "RACEBX", "RACEAX", "RACEV1X", "HISPANX", "SICPAY31", "PAYDR31", "REGION31", "AGE31X", "INSCOV19"]}