{"validation": 0.665249734325186, "id_test": 0.6932059447983014, "ood_test": 0.6104388776244358, "ood_validation": 0.616833431430253, "train": 0.6680387730713053, "id_test_conf": [0.6626548388121087, 0.722543549673301], "id_test_balanced": 0.6806994676589966, "id_test_balanced_conf": [0.6598813619464636, 0.7015175733715295], "ood_test_conf": [0.6026559681058603, 0.6181797432534095], "ood_test_balanced": 0.6097891330718994, "ood_test_balanced_conf": [0.6043220280762762, 0.6152562380675226], "features": ["SEX", "WHTLGSPK", "BORNUSA", "HWELLSPK", "OTHLGSPK", "HIDEG", "EDUCYR", "YRSINUS", "HISPNCAT", "RACETHX", "RACEWX", "RACEBX", "RACEAX", "RACEV1X", "HISPANX", "SICPAY31", "PAYDR31", "REGION31", "AGE31X", "INSCOV19"]}