{"validation": 0.6726886291179596, "id_test": 0.7144373673036093, "ood_test": 0.6169795277650598, "ood_validation": 0.6174220129487934, "train": 0.6851679723808259, "id_test_conf": [0.6844230293501108, 0.7431042067461051], "id_test_balanced": 0.6879916191101074, "id_test_balanced_conf": [0.6681442807242274, 0.7078389574959875], "ood_test_conf": [0.6092195817282933, 0.6246949391203531], "ood_test_balanced": 0.5953227281570435, "ood_test_balanced_conf": [0.5903100659698248, 0.6003353903442621], "features": ["SEX", "WHTLGSPK", "BORNUSA", "HWELLSPK", "OTHLGSPK", "HIDEG", "EDUCYR", "YRSINUS", "HISPNCAT", "RACETHX", "RACEWX", "RACEBX", "RACEAX", "RACEV1X", "HISPANX", "SICPAY31", "PAYDR31", "REGION31", "AGE31X", "INSCOV19"]}