{"validation": 0.6865037194473964, "id_test": 0.7473460721868365, "ood_test": 0.6392831447445876, "ood_validation": 0.6492054149499705, "train": 0.7232771212322401, "id_test_conf": [0.7183195519625751, 0.7748168712357579], "id_test_balanced": 0.7328996658325195, "id_test_balanced_conf": [0.7132503259181976, 0.7525490057468415], "ood_test_conf": [0.6316126903573269, 0.646900569712898], "ood_test_balanced": 0.6205558180809021, "ood_test_balanced_conf": [0.6154824679903687, 0.6256291681714355], "features": ["SEX", "WHTLGSPK", "BORNUSA", "HWELLSPK", "OTHLGSPK", "HIDEG", "EDUCYR", "YRSINUS", "HISPNCAT", "RACETHX", "RACEWX", "RACEBX", "RACEAX", "RACEV1X", "HISPANX", "SICPAY31", "PAYDR31", "REGION31", "AGE31X", "INSCOV19"]}