{"validation": 0.7562658082317775, "id_test": 0.7549425287356322, "ood_test": 0.7609156422212802, "ood_validation": 0.7723611699872828, "train": 0.7588515921370272, "id_test_conf": [0.7418770936206447, 0.7676647924577921], "id_test_balanced": 0.7489169836044312, "id_test_balanced_conf": [0.7398101254180074, 0.7580238417908549], "ood_test_conf": [0.7551193075798286, 0.7666404565956204], "ood_test_balanced": 0.7527493834495544, "ood_test_balanced_conf": [0.7486665769852698, 0.756832189913839], "features": ["VCF0004", "VCF0901b", "VCF0218", "VCF0224", "VCF0302", "VCF9201", "VCF9202", "VCF9203", "VCF9206", "VCF0428", "VCF0429", "VCF0822", "VCF0870", "VCF0803", "VCF0601", "VCF0612", "VCF0615", "VCF0616", "VCF0617", "VCF0310", "VCF0743", "VCF0717", "VCF0718", "VCF0720", "VCF0721", "VCF0701", "VCF0675", "VCF0724", "VCF0725", "VCF0726", "VCF0745", "VCF0101", "VCF0104", "VCF0105a", "VCF0115", "VCF0140a", "VCF0112", "VCF9239"]}