{"validation": 0.8031731432513222, "id_test": 0.7974712643678161, "ood_test": 0.7360934482596204, "ood_validation": 0.738448495125053, "train": 0.7957236463961375, "id_test_conf": [0.785215622678273, 0.8093261596190927], "id_test_balanced": 0.6984344124794006, "id_test_balanced_conf": [0.6902585408464074, 0.7066102841123939], "ood_test_conf": [0.7301092034127703, 0.7420129881820152], "ood_test_balanced": 0.6882242560386658, "ood_test_balanced_conf": [0.684535873029381, 0.6919126390479505], "features": ["VCF0004", "VCF0901b", "VCF0218", "VCF0224", "VCF0302", "VCF9201", "VCF9202", "VCF9203", "VCF9206", "VCF0428", "VCF0429", "VCF0822", "VCF0870", "VCF0803", "VCF0601", "VCF0612", "VCF0615", "VCF0616", "VCF0617", "VCF0310", "VCF0743", "VCF0717", "VCF0718", "VCF0720", "VCF0721", "VCF0701", "VCF0675", "VCF0724", "VCF0725", "VCF0726", "VCF0745", "VCF0101", "VCF0104", "VCF0105a", "VCF0115", "VCF0140a", "VCF0112", "VCF9239"]}