{"id_test": 0.8383908045977011, "id_test_conf": [0.8271108563427335, 0.8492143588960639], "id_test_balanced": 0.7763946056365967, "id_test_balanced_conf": [0.7682455380633474, 0.784543673209846], "ood_test": 0.798219584569733, "ood_test_conf": [0.7927569858722203, 0.8036004098435789], "ood_test_balanced": 0.7676264643669128, "ood_test_balanced_conf": [0.7639162745373324, 0.7713366541964933], "validation": 0.8346746378477811, "validation_conf": [0.8232954437720492, 0.8456024014231933], "validation_balanced": 0.7701526880264282, "validation_balanced_conf": [0.7619803101941943, 0.7783250658586621], "features": ["VCF0004", "VCF0901b", "VCF0218", "VCF0224", "VCF0302", "VCF9201", "VCF9202", "VCF9203", "VCF9206", "VCF0428", "VCF0429", "VCF0822", "VCF0870", "VCF0803", "VCF0601", "VCF0612", "VCF0615", "VCF0616", "VCF0617", "VCF0310", "VCF0743", "VCF0717", "VCF0718", "VCF0720", "VCF0721", "VCF0701", "VCF0675", "VCF0724", "VCF0725", "VCF0726", "VCF0745", "VCF0101", "VCF0104", "VCF0105a", "VCF0115", "VCF0140a", "VCF0112", "VCF9239"]}