{"validation": 0.7967348815819729, "id_test": 0.7901149425287356, "ood_test": 0.726390655174038, "ood_validation": 0.7367528613819415, "train": 0.78690079319462, "id_test_conf": [0.7777056367479622, 0.8021334760883191], "id_test_balanced": 0.6725794076919556, "id_test_balanced_conf": [0.6648079371079803, 0.6803508782759309], "ood_test_conf": [0.7203396658670287, 0.7323796024296659], "ood_test_balanced": 0.6700234413146973, "ood_test_balanced_conf": [0.6665667473571375, 0.673480135272257], "features": ["VCF0004", "VCF0901b", "VCF0218", "VCF0224", "VCF0302", "VCF9201", "VCF9202", "VCF9203", "VCF9206", "VCF0428", "VCF0429", "VCF0822", "VCF0870", "VCF0803", "VCF0601", "VCF0612", "VCF0615", "VCF0616", "VCF0617", "VCF0310", "VCF0743", "VCF0717", "VCF0718", "VCF0720", "VCF0721", "VCF0701", "VCF0675", "VCF0724", "VCF0725", "VCF0726", "VCF0745", "VCF0101", "VCF0104", "VCF0105a", "VCF0115", "VCF0140a", "VCF0112", "VCF9239"]}