{"validation": 0.7629340078178891, "id_test": 0.7609195402298851, "ood_test": 0.6639348123027649, "ood_validation": 0.6591776176345909, "0": 0.7495059288537549, "1": 0.756640344580043, "3": 0.752205449911782, "id_test_conf": [0.7479569575746453, 0.7735308714046252], "id_test_balanced": 0.5993654131889343, "id_test_balanced_conf": [0.5933302881103009, 0.6054005382675678], "ood_test_conf": [0.6575352915964491, 0.670289419934796], "ood_test_balanced": 0.5867635011672974, "ood_test_balanced_conf": [0.5841479846928269, 0.5893790176417678], "features": ["VCF0004", "VCF0901b", "VCF0218", "VCF0224", "VCF0302", "VCF9201", "VCF9202", "VCF9203", "VCF9206", "VCF0428", "VCF0429", "VCF0822", "VCF0870", "VCF0803", "VCF0601", "VCF0612", "VCF0615", "VCF0616", "VCF0617", "VCF0310", "VCF0743", "VCF0717", "VCF0718", "VCF0720", "VCF0721", "VCF0701", "VCF0675", "VCF0724", "VCF0725", "VCF0726", "VCF0745", "VCF0101", "VCF0104", "VCF0105a", "VCF0115", "VCF0140a", "VCF0112", "VCF9239"]}