{"validation": 0.7663830765693262, "id_test": 0.7606896551724138, "ood_test": 0.6631811973058264, "ood_validation": 0.6579058923272573, "0": 0.7494071146245059, "1": 0.7582196697774587, "3": 0.7552440697902372, "id_test_conf": [0.7477230540353209, 0.77330531566205], "id_test_balanced": 0.59897780418396, "id_test_balanced_conf": [0.5929511375166476, 0.6050044708512723], "ood_test_conf": [0.6567782712686386, 0.6695394168562567], "ood_test_balanced": 0.585649847984314, "ood_test_balanced_conf": [0.5830581134045496, 0.5882415825640783], "features": ["VCF0004", "VCF0901b", "VCF0218", "VCF0224", "VCF0302", "VCF9201", "VCF9202", "VCF9203", "VCF9206", "VCF0428", "VCF0429", "VCF0822", "VCF0870", "VCF0803", "VCF0601", "VCF0612", "VCF0615", "VCF0616", "VCF0617", "VCF0310", "VCF0743", "VCF0717", "VCF0718", "VCF0720", "VCF0721", "VCF0701", "VCF0675", "VCF0724", "VCF0725", "VCF0726", "VCF0745", "VCF0101", "VCF0104", "VCF0105a", "VCF0115", "VCF0140a", "VCF0112", "VCF9239"]}