{"validation": 0.822028052425845, "id_test": 0.8227586206896552, "ood_test": 0.7710894446799491, "ood_validation": 0.7825349724459517, "train": 0.8205540866766295, "id_test_conf": [0.811080078078416, 0.8340020662372634], "id_test_balanced": 0.7269455790519714, "id_test_balanced_conf": [0.7189979462511837, 0.7348932118527591], "ood_test_conf": [0.7653776928065152, 0.7767268814203944], "ood_test_balanced": 0.7260196208953857, "ood_test_balanced_conf": [0.7224353222083301, 0.7296039195824414], "features": ["VCF0004", "VCF0901b", "VCF0218", "VCF0224", "VCF0302", "VCF9201", "VCF9202", "VCF9203", "VCF9206", "VCF0428", "VCF0429", "VCF0822", "VCF0870", "VCF0803", "VCF0601", "VCF0612", "VCF0615", "VCF0616", "VCF0617", "VCF0310", "VCF0743", "VCF0717", "VCF0718", "VCF0720", "VCF0721", "VCF0701", "VCF0675", "VCF0724", "VCF0725", "VCF0726", "VCF0745", "VCF0101", "VCF0104", "VCF0105a", "VCF0115", "VCF0140a", "VCF0112", "VCF9239"]}