{"validation": 0.8077719015865716, "id_test": 0.8048275862068965, "ood_test": 0.7381658895012011, "ood_validation": 0.744807121661721, "train": 0.8001494424646511, "id_test_conf": [0.7927317954473667, 0.8165126485384713], "id_test_balanced": 0.6920048594474792, "id_test_balanced_conf": [0.6842483205720782, 0.6997613983228803], "ood_test_conf": [0.7321963755517187, 0.7440701296774037], "ood_test_balanced": 0.6856672763824463, "ood_test_balanced_conf": [0.6821299238177017, 0.6892046289471909], "features": ["VCF0004", "VCF0901b", "VCF0218", "VCF0224", "VCF0302", "VCF9201", "VCF9202", "VCF9203", "VCF9206", "VCF0428", "VCF0429", "VCF0822", "VCF0870", "VCF0803", "VCF0601", "VCF0612", "VCF0615", "VCF0616", "VCF0617", "VCF0310", "VCF0743", "VCF0717", "VCF0718", "VCF0720", "VCF0721", "VCF0701", "VCF0675", "VCF0724", "VCF0725", "VCF0726", "VCF0745", "VCF0101", "VCF0104", "VCF0105a", "VCF0115", "VCF0140a", "VCF0112", "VCF9239"]}