{"validation": 0.8144401011726834, "id_test": 0.8140229885057472, "ood_test": 0.7623757712778484, "ood_validation": 0.7685459940652819, "train": 0.813081963444074, "id_test_conf": [0.8021361154469252, 0.8254866435453909], "id_test_balanced": 0.7240993976593018, "id_test_balanced_conf": [0.7159355051629245, 0.732263290155679], "ood_test_conf": [0.7565912954688624, 0.7680883257627575], "ood_test_balanced": 0.7217357158660889, "ood_test_balanced_conf": [0.7179963120026513, 0.7254751197295264], "features": ["VCF0004", "VCF0901b", "VCF0218", "VCF0224", "VCF0302", "VCF9201", "VCF9202", "VCF9203", "VCF9206", "VCF0428", "VCF0429", "VCF0822", "VCF0870", "VCF0803", "VCF0601", "VCF0612", "VCF0615", "VCF0616", "VCF0617", "VCF0310", "VCF0743", "VCF0717", "VCF0718", "VCF0720", "VCF0721", "VCF0701", "VCF0675", "VCF0724", "VCF0725", "VCF0726", "VCF0745", "VCF0101", "VCF0104", "VCF0105a", "VCF0115", "VCF0140a", "VCF0112", "VCF9239"]}