{"validation": 0.8139802253391585, "id_test": 0.8128735632183908, "ood_test": 0.7542273091234516, "ood_validation": 0.7634590928359475, "train": 0.8090010346016784, "id_test_conf": [0.8009600052462861, 0.8243654651563923], "id_test_balanced": 0.7152112722396851, "id_test_balanced_conf": [0.7071799789741635, 0.7232425655052066], "ood_test_conf": [0.7483778253573694, 0.7600071094884093], "ood_test_balanced": 0.7094192504882812, "ood_test_balanced_conf": [0.7057367511745543, 0.7131017498020082], "features": ["VCF0004", "VCF0901b", "VCF0218", "VCF0224", "VCF0302", "VCF9201", "VCF9202", "VCF9203", "VCF9206", "VCF0428", "VCF0429", "VCF0822", "VCF0870", "VCF0803", "VCF0601", "VCF0612", "VCF0615", "VCF0616", "VCF0617", "VCF0310", "VCF0743", "VCF0717", "VCF0718", "VCF0720", "VCF0721", "VCF0701", "VCF0675", "VCF0724", "VCF0725", "VCF0726", "VCF0745", "VCF0101", "VCF0104", "VCF0105a", "VCF0115", "VCF0140a", "VCF0112", "VCF9239"]}