{"validation": 0.8075419636698091, "id_test": 0.8036781609195403, "ood_test": 0.7361405491969291, "ood_validation": 0.7422636710470538, "train": 0.7998045752385332, "id_test_conf": [0.791556975248151, 0.815390178391036], "id_test_balanced": 0.6862555146217346, "id_test_balanced_conf": [0.6786201023869216, 0.6938909268565476], "ood_test_conf": [0.7301566372654027, 0.7420597432759402], "ood_test_balanced": 0.682542622089386, "ood_test_balanced_conf": [0.6790324473334476, 0.6860527968453244], "features": ["VCF0004", "VCF0901b", "VCF0218", "VCF0224", "VCF0302", "VCF9201", "VCF9202", "VCF9203", "VCF9206", "VCF0428", "VCF0429", "VCF0822", "VCF0870", "VCF0803", "VCF0601", "VCF0612", "VCF0615", "VCF0616", "VCF0617", "VCF0310", "VCF0743", "VCF0717", "VCF0718", "VCF0720", "VCF0721", "VCF0701", "VCF0675", "VCF0724", "VCF0725", "VCF0726", "VCF0745", "VCF0101", "VCF0104", "VCF0105a", "VCF0115", "VCF0140a", "VCF0112", "VCF9239"]}