{"validation": 0.8234076799264198, "id_test": 0.8229885057471265, "ood_test": 0.7734915924826904, "ood_validation": 0.7795676133955066, "train": 0.8184848833199219, "id_test_conf": [0.8113155802674468, 0.8342260213577704], "id_test_balanced": 0.7318171262741089, "id_test_balanced_conf": [0.7237863870151341, 0.7398478655330837], "ood_test_conf": [0.767800488382429, 0.7791077214073897], "ood_test_balanced": 0.7323771715164185, "ood_test_balanced_conf": [0.7287100707553327, 0.7360442722775042], "features": ["VCF0004", "VCF0901b", "VCF0218", "VCF0224", "VCF0302", "VCF9201", "VCF9202", "VCF9203", "VCF9206", "VCF0428", "VCF0429", "VCF0822", "VCF0870", "VCF0803", "VCF0601", "VCF0612", "VCF0615", "VCF0616", "VCF0617", "VCF0310", "VCF0743", "VCF0717", "VCF0718", "VCF0720", "VCF0721", "VCF0701", "VCF0675", "VCF0724", "VCF0725", "VCF0726", "VCF0745", "VCF0101", "VCF0104", "VCF0105a", "VCF0115", "VCF0140a", "VCF0112", "VCF9239"]}