{"validation": 0.8275465624281444, "id_test": 0.8324137931034483, "ood_test": 0.7842777071263718, "ood_validation": 0.79482831708351, "train": 0.8268191746177722, "id_test_conf": [0.8209773674470149, 0.8434019742868883], "id_test_balanced": 0.7586942911148071, "id_test_balanced_conf": [0.7505489765480161, 0.7668396056815981], "ood_test_conf": [0.7786826203032406, 0.7897948543138283], "ood_test_balanced": 0.7489607334136963, "ood_test_balanced_conf": [0.7452393548423424, 0.7526821119850502], "features": ["VCF0004", "VCF0901b", "VCF0218", "VCF0224", "VCF0302", "VCF9201", "VCF9202", "VCF9203", "VCF9206", "VCF0428", "VCF0429", "VCF0822", "VCF0870", "VCF0803", "VCF0601", "VCF0612", "VCF0615", "VCF0616", "VCF0617", "VCF0310", "VCF0743", "VCF0717", "VCF0718", "VCF0720", "VCF0721", "VCF0701", "VCF0675", "VCF0724", "VCF0725", "VCF0726", "VCF0745", "VCF0101", "VCF0104", "VCF0105a", "VCF0115", "VCF0140a", "VCF0112", "VCF9239"]}