{"validation": 0.39250402391354333, "id_test": 0.3816091954022989, "ood_test": 0.41067307239414064, "ood_validation": 0.4035608308605341, "0": 0.43132411067193677, "1": 0.3914572864321608, "3": 0.3647324054107038, "id_test_conf": [0.3671418747636376, 0.39623566551876], "id_test_balanced": 0.5032869577407837, "id_test_balanced_conf": [0.4948667655698955, 0.5117071499116719], "ood_test_conf": [0.40404470330285236, 0.41732590955179], "ood_test_balanced": 0.47451257705688477, "ood_test_balanced_conf": [0.4710156521387398, 0.4780095019750297], "features": ["VCF0004", "VCF0901b", "VCF0218", "VCF0224", "VCF0302", "VCF9201", "VCF9202", "VCF9203", "VCF9206", "VCF0428", "VCF0429", "VCF0822", "VCF0870", "VCF0803", "VCF0601", "VCF0612", "VCF0615", "VCF0616", "VCF0617", "VCF0310", "VCF0743", "VCF0717", "VCF0718", "VCF0720", "VCF0721", "VCF0701", "VCF0675", "VCF0724", "VCF0725", "VCF0726", "VCF0745", "VCF0101", "VCF0104", "VCF0105a", "VCF0115", "VCF0140a", "VCF0112", "VCF9239"]}