{"id_test": 0.8734915892170295, "id_test_conf": [0.8716066818149966, 0.87535859963537], "id_test_balanced": 0.521803081035614, "id_test_balanced_conf": [0.5211487423744984, 0.5224574196967297], "ood_test": 0.8273241791044776, "ood_test_conf": [0.8256982912034243, 0.8289409998003097], "ood_test_balanced": 0.5194389224052429, "ood_test_balanced_conf": [0.5189470989862457, 0.5199307458242401], "validation": 0.8759017448866732, "validation_conf": [0.8740321394330979, 0.8777533374328522], "validation_balanced": 0.5240857601165771, "validation_balanced_conf": [0.5234098514798098, 0.5247616687533445], "features": ["IYEAR", "MEDCOST", "PRACE1", "SEX", "PHYSHLTH", "BMI5", "BMI5CAT", "SMOKE100", "SMOKDAY2", "FRUIT_ONCE_PER_DAY", "VEG_ONCE_PER_DAY", "DRNK_PER_WEEK", "RFBING5", "TOTINDA", "INCOME", "MARITAL", "CHECKUP1", "EDUCA", "MENTHLTH"]}