{"validation": 0.12574904666787726, "id_test": 0.12757317133565543, "ood_test": 0.1745910447761194, "ood_validation": 0.171595598349381, "0": 0.1250189583679399, "id_test_conf": [0.12569942082015537, 0.12946476762794779], "id_test_balanced": 0.500170886516571, "id_test_balanced_conf": [0.5001097608685086, 0.5002320121646335], "ood_test_conf": [0.17296712939287492, 0.1762239742345378], "ood_test_balanced": 0.500164270401001, "ood_test_balanced_conf": [0.5001071163501183, 0.5002214244518837], "features": ["IYEAR", "MEDCOST", "PRACE1", "SEX", "PHYSHLTH", "BMI5", "BMI5CAT", "SMOKE100", "SMOKDAY2", "FRUIT_ONCE_PER_DAY", "VEG_ONCE_PER_DAY", "DRNK_PER_WEEK", "RFBING5", "TOTINDA", "INCOME", "MARITAL", "CHECKUP1", "EDUCA", "MENTHLTH"]}