{"validation": 0.8755220628291266, "id_test": 0.87334301797712, "ood_test": 0.8270710447761194, "ood_validation": 0.828447386519945, "train": 0.8759281862181177, "id_test_conf": [0.8714571746442097, 0.8752109714717026], "id_test_balanced": 0.5182819962501526, "id_test_balanced_conf": [0.5176799897023011, 0.5188840027980041], "ood_test_conf": [0.825444222044182, 0.8286888073251486], "ood_test_balanced": 0.5149586796760559, "ood_test_balanced_conf": [0.5145266161765903, 0.5153907431755215], "features": ["IYEAR", "MEDCOST", "PRACE1", "SEX", "PHYSHLTH", "BMI5", "BMI5CAT", "SMOKE100", "SMOKDAY2", "FRUIT_ONCE_PER_DAY", "VEG_ONCE_PER_DAY", "DRNK_PER_WEEK", "RFBING5", "TOTINDA", "INCOME", "MARITAL", "CHECKUP1", "EDUCA", "MENTHLTH"]}