{"validation": 0.8755633326179904, "id_test": 0.8731366690328012, "ood_test": 0.8266507462686568, "ood_validation": 0.829049174690509, "train": 0.8760519959679292, "id_test_conf": [0.8712495271967099, 0.8750059309545659], "id_test_balanced": 0.5093522071838379, "id_test_balanced_conf": [0.5089192388602533, 0.5097851755074225], "ood_test_conf": [0.8250223741652838, 0.8282700698487129], "ood_test_balanced": 0.5081921815872192, "ood_test_balanced_conf": [0.5078733511047904, 0.5085110120696481], "features": ["IYEAR", "MEDCOST", "PRACE1", "SEX", "PHYSHLTH", "BMI5", "BMI5CAT", "SMOKE100", "SMOKDAY2", "FRUIT_ONCE_PER_DAY", "VEG_ONCE_PER_DAY", "DRNK_PER_WEEK", "RFBING5", "TOTINDA", "INCOME", "MARITAL", "CHECKUP1", "EDUCA", "MENTHLTH"]}