{"validation": 0.620616365568544, "id_test": 0.6443736730360934, "ood_test": 0.6226044868859965, "ood_validation": 0.6415538552089465, "train": 0.6390917540831231, "id_test_conf": [0.612859323836467, 0.6749819894822213], "id_test_balanced": 0.6805224418640137, "id_test_balanced_conf": [0.6615091909095645, 0.6995356928184628], "ood_test_conf": [0.6148654689835622, 0.630296827912235], "ood_test_balanced": 0.6423003673553467, "ood_test_balanced_conf": [0.6373392186500132, 0.6472615160606802], "features": ["SEX", "WHTLGSPK", "BORNUSA", "HWELLSPK", "OTHLGSPK", "HIDEG", "EDUCYR", "YRSINUS", "HISPNCAT", "RACETHX", "RACEWX", "RACEAX", "RACEV2X", "RACEV1X", "HISPANX", "SICPAY31", "PAYDR31", "REGION31", "AGE31X", "INSCOV19"]}