{"id_test": 0.7473460721868365, "id_test_conf": [0.7183195519625751, 0.7748168712357579], "id_test_balanced": 0.7396326065063477, "id_test_balanced_conf": [0.7199107784405351, 0.7593544345721602], "ood_test": 0.662567859245209, "ood_test_conf": [0.6550098486259515, 0.6700639697845205], "ood_test_balanced": 0.6559838652610779, "ood_test_balanced_conf": [0.6507040569186211, 0.6612636736035347], "validation": 0.7109458023379384, "validation_conf": [0.6808213849823688, 0.7397433508040712], "validation_balanced": 0.7077771425247192, "validation_balanced_conf": [0.687245831489563, 0.7283084535598755], "features": ["SEX", "WHTLGSPK", "BORNUSA", "HWELLSPK", "OTHLGSPK", "HIDEG", "EDUCYR", "YRSINUS", "HISPNCAT", "RACETHX", "RACEWX", "RACEAX", "RACEV2X", "RACEV1X", "HISPANX", "SICPAY31", "PAYDR31", "REGION31", "AGE31X", "INSCOV19"]}