{"validation": 0.565356004250797, "id_test": 0.5923566878980892, "ood_test": 0.5627575380992871, "ood_validation": 0.5750441436138906, "train": 0.5794715177267296, "id_test_conf": [0.5601973141137749, 0.62393679734617], "id_test_balanced": 0.6443787813186646, "id_test_balanced_conf": [0.6271212163567543, 0.6616363462805748], "ood_test_conf": [0.5548506564260642, 0.5706405303335509], "ood_test_balanced": 0.5994914174079895, "ood_test_balanced_conf": [0.5955700586736202, 0.6034127761423588], "features": ["SEX", "WHTLGSPK", "BORNUSA", "HWELLSPK", "OTHLGSPK", "HIDEG", "EDUCYR", "YRSINUS", "HISPNCAT", "RACETHX", "RACEWX", "RACEAX", "RACEV2X", "RACEV1X", "HISPANX", "SICPAY31", "PAYDR31", "REGION31", "AGE31X", "INSCOV19"]}