{"validation": 0.49309245483528164, "id_test": 0.4893842887473461, "ood_test": 0.4898292890313297, "ood_validation": 0.5026486168334314, "train": 0.5067056167839596, "id_test_conf": [0.45700704167497974, 0.5218280936064792], "id_test_balanced": 0.563881516456604, "id_test_balanced_conf": [0.5514727829024195, 0.5762902500107885], "ood_test_conf": [0.4818752602860222, 0.4977871892215499], "ood_test_balanced": 0.538164496421814, "ood_test_balanced_conf": [0.5357933858223259, 0.540535607021302], "features": ["SEX", "WHTLGSPK", "BORNUSA", "HWELLSPK", "OTHLGSPK", "HIDEG", "EDUCYR", "YRSINUS", "HISPNCAT", "RACETHX", "RACEWX", "RACEAX", "RACEV2X", "RACEV1X", "HISPANX", "SICPAY31", "PAYDR31", "REGION31", "AGE31X", "INSCOV19"]}