{"validation": 0.7045696068012752, "id_test": 0.7526539278131635, "ood_test": 0.6537379815553666, "ood_validation": 0.6597998822836962, "train": 0.7260655955384411, "id_test_conf": [0.723805714490643, 0.7799127625934564], "id_test_balanced": 0.7516541481018066, "id_test_balanced_conf": [0.732145936563611, 0.7711623596400022], "ood_test_conf": [0.6461349915244409, 0.6612824356864684], "ood_test_balanced": 0.652258574962616, "ood_test_balanced_conf": [0.6469226860068739, 0.6575944639183581], "features": ["SEX", "WHTLGSPK", "BORNUSA", "HWELLSPK", "OTHLGSPK", "HIDEG", "EDUCYR", "YRSINUS", "HISPNCAT", "RACETHX", "RACEWX", "RACEAX", "RACEV2X", "RACEV1X", "HISPANX", "SICPAY31", "PAYDR31", "REGION31", "AGE31X", "INSCOV19"]}