{"validation": 0.6992561105207227, "id_test": 0.7515923566878981, "ood_test": 0.6546536725750539, "ood_validation": 0.6586227192466156, "train": 0.7260655955384411, "id_test_conf": [0.7227080402467201, 0.7788940279003488], "id_test_balanced": 0.7499626874923706, "id_test_balanced_conf": [0.7304128387570381, 0.7695125362277031], "ood_test_conf": [0.6470552128817071, 0.6621932475088932], "ood_test_balanced": 0.6529439687728882, "ood_test_balanced_conf": [0.6476112975273282, 0.6582766400184482], "features": ["SEX", "WHTLGSPK", "BORNUSA", "HWELLSPK", "OTHLGSPK", "HIDEG", "EDUCYR", "YRSINUS", "HISPNCAT", "RACETHX", "RACEWX", "RACEAX", "RACEV2X", "RACEV1X", "HISPANX", "SICPAY31", "PAYDR31", "REGION31", "AGE31X", "INSCOV19"]}