{"validation": 0.6609989373007439, "id_test": 0.6815286624203821, "ood_test": 0.6105696906272483, "ood_validation": 0.6321365509123014, "train": 0.6689682645067057, "id_test_conf": [0.650713765070748, 0.7112036660416555], "id_test_balanced": 0.646251916885376, "id_test_balanced_conf": [0.6265481565520168, 0.6659556772187352], "ood_test_conf": [0.6027872260097205, 0.6183100615406685], "ood_test_balanced": 0.5926782488822937, "ood_test_balanced_conf": [0.5874993340764195, 0.5978571636881679], "features": ["SEX", "WHTLGSPK", "BORNUSA", "HWELLSPK", "OTHLGSPK", "HIDEG", "EDUCYR", "YRSINUS", "HISPNCAT", "RACETHX", "RACEWX", "RACEAX", "RACEV2X", "RACEV1X", "HISPANX", "SICPAY31", "PAYDR31", "REGION31", "AGE31X", "INSCOV19"]}