{"validation": 0.6748140276301806, "id_test": 0.6932059447983014, "ood_test": 0.6255477794492773, "ood_validation": 0.6297822248381401, "train": 0.6859646793254548, "id_test_conf": [0.6626548388121087, 0.722543549673301], "id_test_balanced": 0.657332181930542, "id_test_balanced_conf": [0.6378714616224169, 0.6767929022386671], "ood_test_conf": [0.6178201503311899, 0.6332276107310554], "ood_test_balanced": 0.6026514172554016, "ood_test_balanced_conf": [0.597717931913212, 0.6075849025975912], "features": ["SEX", "WHTLGSPK", "BORNUSA", "HWELLSPK", "OTHLGSPK", "HIDEG", "EDUCYR", "YRSINUS", "HISPNCAT", "RACETHX", "RACEWX", "RACEAX", "RACEV2X", "RACEV1X", "HISPANX", "SICPAY31", "PAYDR31", "REGION31", "AGE31X", "INSCOV19"]}