{"validation": 0.6907545164718385, "id_test": 0.7430997876857749, "ood_test": 0.6380404212178691, "ood_validation": 0.6421424367274867, "train": 0.7170362501659806, "id_test_conf": [0.7139345535164677, 0.7707362104982496], "id_test_balanced": 0.7467290163040161, "id_test_balanced_conf": [0.7271123600378633, 0.766345672570169], "ood_test_conf": [0.6303645185840347, 0.6456637677975519], "ood_test_balanced": 0.645829439163208, "ood_test_balanced_conf": [0.6405311747360974, 0.6511277035903186], "features": ["SEX", "WHTLGSPK", "BORNUSA", "HWELLSPK", "OTHLGSPK", "HIDEG", "EDUCYR", "YRSINUS", "HISPNCAT", "RACETHX", "RACEWX", "RACEAX", "RACEV2X", "RACEV1X", "HISPANX", "SICPAY31", "PAYDR31", "REGION31", "AGE31X", "INSCOV19"]}