{"validation": 0.69394261424017, "id_test": 0.7420382165605095, "ood_test": 0.6550461115834914, "ood_validation": 0.6627427898763979, "train": 0.7251361041030407, "id_test_conf": [0.7128388424968819, 0.7697155045710924], "id_test_balanced": 0.7383046746253967, "id_test_balanced_conf": [0.7184779996797442, 0.7581313495710492], "ood_test_conf": [0.6474496029199028, 0.6625835859750197], "ood_test_balanced": 0.649331271648407, "ood_test_balanced_conf": [0.6440163203980773, 0.6546462228987366], "features": ["SEX", "WHTLGSPK", "BORNUSA", "HWELLSPK", "OTHLGSPK", "HIDEG", "EDUCYR", "YRSINUS", "HISPNCAT", "RACETHX", "RACEWX", "RACEAX", "RACEV2X", "RACEV1X", "HISPANX", "SICPAY31", "PAYDR31", "REGION31", "AGE31X", "INSCOV19"]}