{"validation": 0.696068012752391, "id_test": 0.7377919320594479, "ood_test": 0.65628883511021, "ood_validation": 0.6639199529134785, "train": 0.7269950869738414, "id_test_conf": [0.7084581269580248, 0.7656305440002691], "id_test_balanced": 0.737083911895752, "id_test_balanced_conf": [0.7172062446177006, 0.7569615791738034], "ood_test_conf": [0.6486985422050402, 0.6638196202818607], "ood_test_balanced": 0.653060793876648, "ood_test_balanced_conf": [0.6477362533845007, 0.6583853343687952], "features": ["SEX", "WHTLGSPK", "BORNUSA", "HWELLSPK", "OTHLGSPK", "HIDEG", "EDUCYR", "YRSINUS", "HISPNCAT", "RACETHX", "RACEWX", "RACEAX", "RACEV2X", "RACEV1X", "HISPANX", "SICPAY31", "PAYDR31", "REGION31", "AGE31X", "INSCOV19"]}