{"validation": 0.6907545164718385, "id_test": 0.7388535031847133, "ood_test": 0.6579894041467722, "ood_validation": 0.6727486756915833, "train": 0.7260655955384411, "id_test_conf": [0.7095529882458829, 0.7666521029700296], "id_test_balanced": 0.7375870943069458, "id_test_balanced_conf": [0.7177234186604619, 0.7574507699534297], "ood_test_conf": [0.650407709591785, 0.6655109430610768], "ood_test_balanced": 0.6557162404060364, "ood_test_balanced_conf": [0.6503959690500051, 0.6610365117620677], "features": ["SEX", "WHTLGSPK", "BORNUSA", "HWELLSPK", "OTHLGSPK", "HIDEG", "EDUCYR", "YRSINUS", "HISPNCAT", "RACETHX", "RACEWX", "RACEAX", "RACEV2X", "RACEV1X", "HISPANX", "SICPAY31", "PAYDR31", "REGION31", "AGE31X", "INSCOV19"]}