{"validation": 0.8733766233766234, "id_test": 0.8720779220779221, "ood_test": 0.6878698224852071, "ood_validation": 0.6490066225165563, "train": 0.8744368683793985, "id_test_conf": [0.8660515027614577, 0.8779279487802847], "id_test_balanced": 0.49948862195014954, "id_test_balanced_conf": [0.4992064040445257, 0.49977083985577336], "ood_test_conf": [0.6624121939122272, 0.7125081079013058], "ood_test_balanced": 0.5113529562950134, "ood_test_balanced_conf": [0.5045465934090316, 0.5181593191809952], "features": ["AccredAgency", "HIGHDEG", "CONTROL", "region", "LOCALE", "locale2", "CCBASIC", "HBCU", "DISTANCEONLY", "median_hh_inc", "poverty_rate", "unemp_rate", "TUITIONFEE_IN", "TUITIONFEE_OUT", "TUITIONFEE_PROG", "ADM_RATE", "ADM_RATE_ALL", "SATVRMID", "SATMTMID", "SATWRMID", "ACTCMMID", "ACTENMID", "ACTMTMID", "ACTWRMID", "NPT4_PROG", "COSTT4_A", "COSTT4_P", "loan_ever", "pell_ever", "PCIP11"]}