{"validation": 0.12621753246753248, "id_test": 0.12719155844155844, "ood_test": 0.3121301775147929, "ood_validation": 0.36423841059602646, "33": 0.12321354383049439, "id_test_conf": [0.12135610469708118, 0.133203755005416], "id_test_balanced": 0.5000929832458496, "id_test_balanced_conf": [0.4999725933221634, 0.5002133731695357], "ood_test_conf": [0.2874918920986942, 0.33758780608777283], "ood_test_balanced": 0.4978029727935791, "ood_test_balanced_conf": [0.4941082257824019, 0.5014977198047563], "features": ["AccredAgency", "HIGHDEG", "CONTROL", "LOCALE", "locale2", "CCSIZSET", "HBCU", "DISTANCEONLY", "poverty_rate", "unemp_rate", "CCBASIC"]}