{"validation": 0.13230519480519481, "id_test": 0.13555194805194806, "ood_test": 0.3594674556213018, "ood_validation": 0.3708609271523179, "33": 0.12794972995429996, "id_test_conf": [0.12955340978615437, 0.14172322414360314], "id_test_balanced": 0.5040624737739563, "id_test_balanced_conf": [0.5031011754414066, 0.505023772106506], "ood_test_conf": [0.33384888319224093, 0.3856985196285463], "ood_test_balanced": 0.5000919699668884, "ood_test_balanced_conf": [0.48747156757861376, 0.5127123723551631], "features": ["AccredAgency", "HIGHDEG", "CONTROL", "LOCALE", "locale2", "CCSIZSET", "HBCU", "DISTANCEONLY", "poverty_rate", "unemp_rate", "CCBASIC"]}