{"validation": 0.31680194805194806, "id_test": 0.32329545454545455, "ood_test": 0.36168639053254437, "ood_validation": 0.3708609271523179, "33": 0.31574574158703783, "id_test_conf": [0.3150381288571688, 0.331636336013853], "id_test_balanced": 0.4955693483352661, "id_test_balanced_conf": [0.49003233903087673, 0.5011063576396555], "ood_test_conf": [0.3360286964918632, 0.3879468902772492], "ood_test_balanced": 0.5030093789100647, "ood_test_balanced_conf": [0.4904670220799744, 0.515551735740155], "features": ["AccredAgency", "HIGHDEG", "CONTROL", "LOCALE", "locale2", "CCSIZSET", "HBCU", "DISTANCEONLY", "poverty_rate", "unemp_rate", "CCBASIC"]}