{"validation": 0.12857142857142856, "id_test": 0.1318181818181818, "ood_test": 0.35133136094674555, "ood_validation": 0.3576158940397351, "33": 0.12484420440382218, "id_test_conf": [0.12589148943373124, 0.1379193998971923], "id_test_balanced": 0.5024698972702026, "id_test_balanced_conf": [0.5017754587915261, 0.5031643357488792], "ood_test_conf": [0.3258613273906418, 0.3774494078396078], "ood_test_balanced": 0.5040006041526794, "ood_test_balanced_conf": [0.4928535981476307, 0.5151476101577281], "features": ["AccredAgency", "HIGHDEG", "CONTROL", "LOCALE", "locale2", "CCSIZSET", "HBCU", "DISTANCEONLY", "poverty_rate", "unemp_rate", "CCBASIC"]}