{"validation": 0.13198051948051948, "id_test": 0.13465909090909092, "ood_test": 0.3557692307692308, "ood_validation": 0.3708609271523179, "33": 0.12794972995429996, "id_test_conf": [0.12867759155518424, 0.1408137555149159], "id_test_balanced": 0.5035510659217834, "id_test_balanced_conf": [0.5026313464308623, 0.5044707854127046], "ood_test_conf": [0.33021718020836205, 0.3819499177938112], "ood_test_balanced": 0.49740955233573914, "ood_test_balanced_conf": [0.48490257252007724, 0.5099165321514011], "features": ["AccredAgency", "HIGHDEG", "CONTROL", "LOCALE", "locale2", "CCSIZSET", "HBCU", "DISTANCEONLY", "poverty_rate", "unemp_rate", "CCBASIC"]}