{"validation": 0.2876623376623377, "id_test": 0.29253246753246753, "ood_test": 0.39349112426035504, "ood_validation": 0.3708609271523179, "train": 0.2853098745890661, "id_test_conf": [0.28450855644993117, 0.300654498650738], "id_test_balanced": 0.5492023229598999, "id_test_balanced_conf": [0.5447144847735763, 0.5536901611462235], "ood_test_conf": [0.3673365353270922, 0.420109764727695], "ood_test_balanced": 0.5129981637001038, "ood_test_balanced_conf": [0.4983881001919508, 0.5276082272082567], "features": ["AccredAgency", "HIGHDEG", "CONTROL", "LOCALE", "locale2", "CCSIZSET", "HBCU", "DISTANCEONLY", "poverty_rate", "unemp_rate", "CCBASIC"]}