{"validation": 0.32508116883116883, "id_test": 0.33376623376623377, "ood_test": 0.4467455621301775, "ood_validation": 0.37748344370860926, "train": 0.3252871463939283, "id_test_conf": [0.3254389394587501, 0.34217212857824136], "id_test_balanced": 0.5064805150032043, "id_test_balanced_conf": [0.5009476662240923, 0.5120133637823164], "ood_test_conf": [0.4200156780866022, 0.4737073986768386], "ood_test_balanced": 0.5326589345932007, "ood_test_balanced_conf": [0.5159095606580376, 0.5494083085283638], "features": ["AccredAgency", "HIGHDEG", "CONTROL", "LOCALE", "locale2", "CCSIZSET", "HBCU", "DISTANCEONLY", "poverty_rate", "unemp_rate", "CCBASIC"]}