{"validation": 0.8727272727272727, "id_test": 0.8709415584415584, "ood_test": 0.6560650887573964, "ood_validation": 0.6357615894039735, "train": 0.8738686635009538, "id_test_conf": [0.8648931402459066, 0.8768141286860405], "id_test_balanced": 0.49911072850227356, "id_test_balanced_conf": [0.4986231023445725, 0.4995983546599746], "ood_test_conf": [0.6300567990037089, 0.6813930626991311], "ood_test_balanced": 0.49482423067092896, "ood_test_balanced_conf": [0.4849457180313766, 0.5047027433104813], "features": ["AccredAgency", "HIGHDEG", "CONTROL", "LOCALE", "locale2", "CCSIZSET", "HBCU", "DISTANCEONLY", "poverty_rate", "unemp_rate", "CCBASIC"]}