{"validation": 0.8730519480519481, "id_test": 0.8721590909090909, "ood_test": 0.6760355029585798, "ood_validation": 0.6357615894039735, "train": 0.874426721863712, "id_test_conf": [0.8661342487702366, 0.878007501524671], "id_test_balanced": 0.5000811219215393, "id_test_balanced_conf": [0.49964941018086395, 0.5005128336622147], "ood_test_conf": [0.6503577494197758, 0.7009456706548838], "ood_test_balanced": 0.5053852796554565, "ood_test_balanced_conf": [0.49722164545208214, 0.513548913858831], "features": ["AccredAgency", "HIGHDEG", "CONTROL", "LOCALE", "locale2", "CCSIZSET", "HBCU", "DISTANCEONLY", "poverty_rate", "unemp_rate", "CCBASIC"]}