{"id_test": 0.8821428571428571, "id_test_conf": [0.8763181671961808, 0.8877863246137229], "id_test_balanced": 0.5800550580024719, "id_test_balanced_conf": [0.5765325269382447, 0.5835775890666991], "ood_test": 0.7322485207100592, "ood_test_conf": [0.7077882677957805, 0.7556949847603873], "ood_test_balanced": 0.678264856338501, "ood_test_balanced_conf": [0.6614970331639052, 0.6950326795130968], "validation": 0.8858766233766234, "validation_conf": [0.8801300838719233, 0.8914401457983211], "validation_balanced": 0.5847856402397156, "validation_balanced_conf": [0.5812393327569589, 0.5883319477224722], "features": ["AccredAgency", "HIGHDEG", "CONTROL", "LOCALE", "locale2", "CCSIZSET", "HBCU", "DISTANCEONLY", "poverty_rate", "unemp_rate", "CCBASIC"]}