{"validation": 0.13116883116883116, "id_test": 0.1338474025974026, "ood_test": 0.35502958579881655, "ood_validation": 0.37748344370860926, "33": 0.1270772746157042, "id_test_conf": [0.1278814699185484, 0.1399868891553625], "id_test_balanced": 0.5030861496925354, "id_test_balanced_conf": [0.5022060122922994, 0.5039662870927714], "ood_test_conf": [0.3294910383059349, 0.38119999900279405], "ood_test_balanced": 0.5060290098190308, "ood_test_balanced_conf": [0.49466018579900267, 0.5173978338390589], "features": ["AccredAgency", "HIGHDEG", "CONTROL", "LOCALE", "locale2", "CCSIZSET", "HBCU", "DISTANCEONLY", "poverty_rate", "unemp_rate", "CCBASIC"]}