{"validation": 0.873538961038961, "id_test": 0.8723214285714286, "ood_test": 0.6900887573964497, "ood_validation": 0.6423841059602649, "train": 0.8746093591460692, "id_test_conf": [0.8662997431301529, 0.8781666046691965], "id_test_balanced": 0.49962806701660156, "id_test_balanced_conf": [0.4993873501737835, 0.49986878385941963], "ood_test_conf": [0.664674467431813, 0.7146739958544464], "ood_test_balanced": 0.5018444657325745, "ood_test_balanced_conf": [0.49981274529360237, 0.5038761861715466], "features": ["AccredAgency", "HIGHDEG", "CONTROL", "LOCALE", "locale2", "CCSIZSET", "HBCU", "DISTANCEONLY", "poverty_rate", "unemp_rate", "CCBASIC"]}