{"validation": 0.8678571428571429, "id_test": 0.8673701298701298, "ood_test": 0.6346153846153846, "ood_validation": 0.6026490066225165, "33": 0.8767864561695056, "id_test_conf": [0.8612535486087981, 0.8733125742060444], "id_test_balanced": 0.5030711889266968, "id_test_balanced_conf": [0.5017332980269567, 0.5044090798264369], "ood_test_conf": [0.6083071351211452, 0.6603369698238197], "ood_test_balanced": 0.5420498847961426, "ood_test_balanced_conf": [0.525685805529356, 0.5584139640629292], "features": ["AccredAgency", "HIGHDEG", "CONTROL", "LOCALE", "locale2", "CCSIZSET", "HBCU", "DISTANCEONLY", "poverty_rate", "unemp_rate", "CCBASIC"]}