{"validation": 0.6369231233360233, "id_test": 0.6390527189079116, "ood_test": 0.660060121697262, "ood_validation": 0.6584952857417741, "train": 0.6379413073482717, "id_test_conf": [0.6364607960171361, 0.6416385593589984], "id_test_balanced": 0.5857183933258057, "id_test_balanced_conf": [0.5838633082224988, 0.5875734784291126], "ood_test_conf": [0.6581361743822376, 0.6619801012843023], "ood_test_balanced": 0.6014439463615417, "ood_test_balanced_conf": [0.6000646934425459, 0.6028231992805376], "features": ["IYEAR", "PRACE1", "SEX", "SMOKE100", "EDUCA", "MARITAL"]}