{"validation": 0.68512482992121, "id_test": 0.6842788072093965, "ood_test": 0.6442808025187391, "ood_validation": 0.6448132780082988, "train": 0.6845678782839961, "id_test_conf": [0.6819805343002534, 0.6865703171189681], "id_test_balanced": 0.5898394584655762, "id_test_balanced_conf": [0.5883914950443432, 0.5912874218868092], "ood_test_conf": [0.640863204863441, 0.6476873700011767], "ood_test_balanced": 0.6014602184295654, "ood_test_balanced_conf": [0.5992350826226175, 0.6036853542365134], "features": ["AGEP", "SEX", "POBP", "DIVISION"]}