{"validation": 0.8758928571428571, "id_test": 0.8742694805194805, "ood_test": 0.6634615384615384, "ood_validation": 0.6026490066225165, "33": 0.8750830909846282, "id_test_conf": [0.868285920853959, 0.8800755967995626], "id_test_balanced": 0.5979313850402832, "id_test_balanced_conf": [0.5939207126013935, 0.601942057479173], "ood_test_conf": [0.6375697893103913, 0.6886406590865215], "ood_test_balanced": 0.6800378561019897, "ood_test_balanced_conf": [0.6625334250926972, 0.6975422871112823], "features": ["AccredAgency", "HIGHDEG", "CONTROL", "region", "LOCALE", "locale2", "CCBASIC", "HBCU", "DISTANCEONLY", "median_hh_inc", "poverty_rate", "unemp_rate", "TUITIONFEE_IN", "TUITIONFEE_OUT", "TUITIONFEE_PROG", "ADM_RATE", "ADM_RATE_ALL", "SATVRMID", "SATMTMID", "SATWRMID", "ACTCMMID", "ACTENMID", "ACTMTMID", "ACTWRMID", "NPT4_PROG", "COSTT4_A", "COSTT4_P", "loan_ever", "pell_ever", "PCIP14"]}