{"validation": 0.8135882076131609, "id_test": 0.8097242712519713, "ood_test": 0.7810876058758541, "ood_validation": 0.7871478549070153, "train": 0.8106636058109625, "id_test_conf": [0.806962911337197, 0.8124627595535666], "id_test_balanced": 0.5017594695091248, "id_test_balanced_conf": [0.5015479395046714, 0.5019709995135782], "ood_test_conf": [0.7773948749270114, 0.7847469255507956], "ood_test_balanced": 0.5023871064186096, "ood_test_balanced_conf": [0.5020716475497465, 0.5027025652874727], "features": ["DIVISION", "AGEP", "SEX", "RAC1P", "POBP", "DIS", "ANC", "NATIVITY", "DEAR", "DEYE", "DREM", "ST", "MAR", "ENG", "FER", "CIT", "SCHL", "HUPAC", "OCCP", "MIL", "WIF", "WKHP", "WKW", "WRK", "NWLA", "NWLK", "PUBCOV"]}