{"validation": 0.42908924415277194, "id_test": 0.43055908836546775, "ood_test": 0.4155243667907852, "ood_validation": 0.4082121156324802, "0": 0.5005037275841225, "1": 0.492613901415021, "2": 0.4532726592694178, "3": 0.4603934467443225, "4": 0.488641999801607, "5": 0.3942840030407507, "7": 0.3553955820699212, "8": 0.4592118598597007, "9": 0.430233287063986, "id_test_conf": [0.4270943557964381, 0.43402894555180643], "id_test_balanced": 0.6327044367790222, "id_test_balanced_conf": [0.6309537100349553, 0.6344551635230892], "ood_test_conf": [0.41115035461236676, 0.4199084141585502], "ood_test_balanced": 0.6160413026809692, "ood_test_balanced_conf": [0.613976986897178, 0.6181056184647605], "features": ["DIVISION", "AGEP", "SEX", "RAC1P", "POBP", "DIS", "ANC", "NATIVITY", "DEAR", "DEYE", "DREM", "ST", "MAR", "ENG", "FER", "CIT", "SCHL", "HUPAC", "OCCP", "MIL", "WIF", "WKHP", "WKW", "WRK", "NWLA", "NWLK", "PUBCOV"]}