{"validation": 0.8060971422030601, "id_test": 0.80281833443557, "ood_test": 0.7659478702074553, "ood_validation": 0.758423863008654, "0": 0.7259721942373565, "1": 0.8281371481884622, "2": 0.8151352699164692, "3": 0.8203825525852677, "4": 0.8375657176867374, "5": 0.7923151937710683, "7": 0.7760971427900367, "8": 0.8206911627352398, "9": 0.8007522500335826, "id_test_conf": [0.8000198222380552, 0.805594485909509], "id_test_balanced": 0.721288800239563, "id_test_balanced_conf": [0.7191707595111803, 0.7234068409679457], "ood_test_conf": [0.7621683161730086, 0.7696958152596024], "ood_test_balanced": 0.7180471420288086, "ood_test_balanced_conf": [0.7152778830332681, 0.7208164010243491], "features": ["DIVISION", "AGEP", "SEX", "RAC1P", "POBP", "DIS", "ANC", "NATIVITY", "DEAR", "DEYE", "DREM", "ST", "MAR", "ENG", "FER", "CIT", "SCHL", "HUPAC", "OCCP", "MIL", "WIF", "WKHP", "WKW", "WRK", "NWLA", "NWLK", "PUBCOV"]}