{"validation": 0.8459689419665001, "id_test": 0.8420791575520171, "ood_test": 0.8147223699824052, "ood_validation": 0.8145829497330141, "train": 0.8428264373992477, "id_test_conf": [0.8395112692576723, 0.8446217790828995], "id_test_balanced": 0.6604911088943481, "id_test_balanced_conf": [0.6586552803101949, 0.6623269374785014], "ood_test_conf": [0.8112491339772668, 0.8181581878927394], "ood_test_balanced": 0.665276825428009, "ood_test_balanced_conf": [0.662836582204327, 0.6677170686516911], "features": ["DIVISION", "AGEP", "SEX", "RAC1P", "POBP", "DIS", "ANC", "NATIVITY", "DEAR", "DEYE", "DREM", "ST", "MAR", "ENG", "FER", "CIT", "SCHL", "HUPAC", "OCCP", "MIL", "WIF", "WKHP", "WKW", "WRK", "NWLA", "NWLK", "PUBCOV"]}