{"validation": 0.8443918755643736, "id_test": 0.840832782214987, "ood_test": 0.8163181799582634, "ood_validation": 0.8156877186521819, "train": 0.842034727146123, "id_test_conf": [0.8382567961048076, 0.8433835938857815], "id_test_balanced": 0.6329202651977539, "id_test_balanced_conf": [0.6312136666267179, 0.63462686376879], "ood_test_conf": [0.8128563564094718, 0.819742395189203], "ood_test_balanced": 0.6423766613006592, "ood_test_balanced_conf": [0.6400875861104578, 0.6446657364908606], "features": ["DIVISION", "AGEP", "SEX", "RAC1P", "POBP", "DIS", "ANC", "NATIVITY", "DEAR", "DEYE", "DREM", "ST", "MAR", "ENG", "FER", "CIT", "SCHL", "HUPAC", "OCCP", "MIL", "WIF", "WKHP", "WKW", "WRK", "NWLA", "NWLK", "PUBCOV"]}