{"id_test": 0.8454113038612199, "id_test_conf": [0.8428653411718271, 0.8479317529343562], "id_test_balanced": 0.6730363965034485, "id_test_balanced_conf": [0.6711718576936982, 0.6749009353131987], "ood_test": 0.8185277630017594, "ood_test_conf": [0.8150819019857228, 0.8219357522934272], "ood_test_balanced": 0.6771713495254517, "ood_test_balanced_conf": [0.6747037135530263, 0.679638985497877], "validation": 0.8467829117224364, "validation_conf": [0.8442460766823336, 0.8492941311963419], "validation_balanced": 0.6704949140548706, "validation_balanced_conf": [0.6686356420721858, 0.6723541860375554], "features": ["DIVISION", "AGEP", "SEX", "RAC1P", "POBP", "DIS", "ANC", "NATIVITY", "DEAR", "DEYE", "DREM", "ST", "MAR", "ENG", "FER", "CIT", "SCHL", "HUPAC", "OCCP", "MIL", "WIF", "WKHP", "WKW", "WRK", "NWLA", "NWLK", "PUBCOV"]}