{"id_test": 0.8460217734140509, "id_test_conf": [0.8434798718181684, 0.8485381161643282], "id_test_balanced": 0.6738718152046204, "id_test_balanced_conf": [0.6720078468299471, 0.6757357835792936], "ood_test": 0.8188346495355784, "ood_test_conf": [0.8153910204240938, 0.8222403703365118], "ood_test_balanced": 0.6773346662521362, "ood_test_balanced_conf": [0.6748685220815241, 0.6798008104227483], "validation": 0.8470881503809125, "validation_conf": [0.8445533597861539, 0.8495973027928186], "validation_balanced": 0.6714929938316345, "validation_balanced_conf": [0.6696318716998212, 0.6733541159634479], "features": ["DIVISION", "AGEP", "SEX", "RAC1P", "POBP", "DIS", "ANC", "NATIVITY", "DEAR", "DEYE", "DREM", "ST", "MAR", "ENG", "FER", "CIT", "SCHL", "HUPAC", "OCCP", "MIL", "WIF", "WKHP", "WKW", "WRK", "NWLA", "NWLK", "PUBCOV"]}