{"id_test": 0.8458818741415272, "id_test_conf": [0.8433390406575992, 0.848399159145032], "id_test_balanced": 0.6728181838989258, "id_test_balanced_conf": [0.6709572327835486, 0.674679135014303], "ood_test": 0.8189778632513606, "ood_test_conf": [0.8155352769449394, 0.8223825241735158], "ood_test_balanced": 0.6773262023925781, "ood_test_balanced_conf": [0.6748611247073859, 0.6797912800777703], "validation": 0.8464140816767777, "validation_conf": [0.8438747809121281, 0.8489277942032121], "validation_balanced": 0.6697452664375305, "validation_balanced_conf": [0.6678865757281892, 0.6716039571468718], "features": ["DIVISION", "AGEP", "SEX", "RAC1P", "POBP", "DIS", "ANC", "NATIVITY", "DEAR", "DEYE", "DREM", "ST", "MAR", "ENG", "FER", "CIT", "SCHL", "HUPAC", "OCCP", "MIL", "WIF", "WKHP", "WKW", "WRK", "NWLA", "NWLK", "PUBCOV"]}