{"validation": 0.6622915792285093, "id_test": 0.6608460090552983, "ood_test": 0.661892876140595, "ood_validation": 0.6569692505984165, "0": 0.5577271811404393, "1": 0.7163349401337272, "2": 0.702119436479242, "3": 0.7340463420765944, "4": 0.7228449558575538, "5": 0.6406232003132895, "7": 0.5927330804551807, "8": 0.665487569801872, "9": 0.6209197152196302, "id_test_conf": [0.657524676095409, 0.6641554705394297], "id_test_balanced": 0.7333757877349854, "id_test_balanced_conf": [0.7312685448862613, 0.7354830305837095], "ood_test_conf": [0.6576792821841775, 0.666087235731498], "ood_test_balanced": 0.7255972623825073, "ood_test_balanced_conf": [0.7228923888504505, 0.7283021359145642], "features": ["DIVISION", "AGEP", "SEX", "RAC1P", "POBP", "DIS", "ANC", "NATIVITY", "DEAR", "DEYE", "DREM", "ST", "MAR", "ENG", "FER", "CIT", "SCHL", "HUPAC", "OCCP", "MIL", "WIF", "WKHP", "WKW", "WRK", "NWLA", "NWLK", "PUBCOV"]}