{"validation": 0.7668994111437547, "id_test": 0.7664445235793865, "ood_test": 0.7482507467572322, "ood_validation": 0.748665070889339, "train": 0.7674343182548036, "id_test_conf": [0.763471068480837, 0.7693983074108329], "id_test_balanced": 0.766843318939209, "id_test_balanced_conf": [0.7647534011164681, 0.7689332367619499], "ood_test_conf": [0.7443781639237858, 0.7520938265757818], "ood_test_balanced": 0.7587270140647888, "ood_test_balanced_conf": [0.7560474368184805, 0.7614065913110971], "features": ["DIVISION", "AGEP", "SEX", "RAC1P", "POBP", "DIS", "ANC", "NATIVITY", "DEAR", "DEYE", "DREM", "ST", "MAR", "ENG", "FER", "CIT", "SCHL", "HUPAC", "OCCP", "MIL", "WIF", "WKHP", "WKW", "WRK", "NWLA", "NWLK", "PUBCOV"]}