{"validation": 0.7055337225126229, "id_test": 0.7052576690237574, "ood_test": 0.7078031015999018, "ood_validation": 0.6989504695267906, "0": 0.6094096312714085, "1": 0.7344114445653864, "2": 0.7214063084403441, "3": 0.7586420011732171, "4": 0.7548110306517211, "5": 0.6913100567453218, "7": 0.6420325766561366, "8": 0.7394129687406849, "9": 0.6815833072135405, "id_test_conf": [0.7020569797352407, 0.7084432074930327], "id_test_balanced": 0.7459570169448853, "id_test_balanced_conf": [0.7438301575183869, 0.7480838763713836], "ood_test_conf": [0.7037489412418336, 0.7118325698387951], "ood_test_balanced": 0.734674334526062, "ood_test_balanced_conf": [0.7319229990569874, 0.7374256699951366], "features": ["DIVISION", "AGEP", "SEX", "RAC1P", "POBP", "DIS", "ANC", "NATIVITY", "DEAR", "DEYE", "DREM", "ST", "MAR", "ENG", "FER", "CIT", "SCHL", "HUPAC", "OCCP", "MIL", "WIF", "WKHP", "WKW", "WRK", "NWLA", "NWLK", "PUBCOV"]}