{"validation": 0.20753685120887227, "id_test": 0.21091723050312866, "ood_test": 0.24104914276361553, "ood_validation": 0.2338427545571718, "0": 0.4740076566592787, "1": 0.20918208676722128, "2": 0.21108340605909487, "3": 0.21224754881421268, "4": 0.19601230036702708, "5": 0.2159009759581052, "7": 0.21112585581247872, "8": 0.2089187416784245, "9": 0.18501768683114672, "id_test_conf": [0.2080700537948827, 0.2137857520795027], "id_test_balanced": 0.5118616819381714, "id_test_balanced_conf": [0.5113007639429997, 0.512422599933343], "ood_test_conf": [0.2372625286720667, 0.24486653309840942], "ood_test_balanced": 0.5131707191467285, "ood_test_balanced_conf": [0.5124313813238405, 0.5139100569696166], "features": ["DIVISION", "AGEP", "SEX", "RAC1P", "POBP", "DIS", "ANC", "NATIVITY", "DEAR", "DEYE", "DREM", "ST", "MAR", "ENG", "FER", "CIT", "SCHL", "HUPAC", "OCCP", "MIL", "WIF", "WKHP", "WKW", "WRK", "NWLA", "NWLK", "PUBCOV"]}