{"validation": 0.8447988604423416, "id_test": 0.8436689220125146, "ood_test": 0.8170547076394288, "ood_validation": 0.8162401031117658, "train": 0.84306490434296, "id_test_conf": [0.8411114438646962, 0.8462010156286028], "id_test_balanced": 0.6791625022888184, "id_test_balanced_conf": [0.6772669193753973, 0.6810580852022394], "ood_test_conf": [0.8135981841009248, 0.8204735350606163], "ood_test_balanced": 0.6804371476173401, "ood_test_balanced_conf": [0.6779455109313131, 0.6829287843033671], "features": ["DIVISION", "AGEP", "SEX", "RAC1P", "POBP", "DIS", "ANC", "NATIVITY", "DEAR", "DEYE", "DREM", "ST", "MAR", "ENG", "FER", "CIT", "SCHL", "HUPAC", "OCCP", "MIL", "WIF", "WKHP", "WKW", "WRK", "NWLA", "NWLK", "PUBCOV"]}