{"validation": 0.8453457463721114, "id_test": 0.8446736531515491, "ood_test": 0.8181185809566677, "ood_validation": 0.8186337691032959, "train": 0.8441109793360444, "id_test_conf": [0.8421228016894172, 0.847199045647707], "id_test_balanced": 0.6620181202888489, "id_test_balanced_conf": [0.6601923652458936, 0.6638438753318041], "ood_test_conf": [0.81466974973746, 0.8215295892323384], "ood_test_balanced": 0.6639452576637268, "ood_test_balanced_conf": [0.6615385382249951, 0.6663519771024585], "features": ["DIVISION", "AGEP", "SEX", "RAC1P", "POBP", "DIS", "ANC", "NATIVITY", "DEAR", "DEYE", "DREM", "ST", "MAR", "ENG", "FER", "CIT", "SCHL", "HUPAC", "OCCP", "MIL", "WIF", "WKHP", "WKW", "WRK", "NWLA", "NWLK", "PUBCOV"]}