{"validation": 0.8443282841771911, "id_test": 0.8411634532227705, "ood_test": 0.8135971193584025, "ood_validation": 0.8131099245074572, "train": 0.8421714481938514, "id_test_conf": [0.8385896100879404, 0.8437120974246008], "id_test_balanced": 0.6626485586166382, "id_test_balanced_conf": [0.6607981600938365, 0.6644989571394398], "ood_test_conf": [0.8101158940126812, 0.817041060733564], "ood_test_balanced": 0.6726747155189514, "ood_test_balanced_conf": [0.6701914945757017, 0.6751579364622011], "features": ["DIVISION", "AGEP", "SEX", "RAC1P", "POBP", "DIS", "ANC", "NATIVITY", "DEAR", "DEYE", "DREM", "ST", "MAR", "ENG", "FER", "CIT", "SCHL", "HUPAC", "OCCP", "MIL", "WIF", "WKHP", "WKW", "WRK", "NWLA", "NWLK", "PUBCOV"]}