{"validation": 0.8429928650463582, "id_test": 0.8417357684285496, "ood_test": 0.8125741642456729, "ood_validation": 0.812741668201068, "train": 0.8409870623734138, "id_test_conf": [0.839165643539995, 0.8442806519904087], "id_test_balanced": 0.6675581336021423, "id_test_balanced_conf": [0.6656920810858719, 0.6694241861184128], "ood_test_conf": [0.8090857170989324, 0.8160254493477687], "ood_test_balanced": 0.6778327822685242, "ood_test_balanced_conf": [0.6753210772201419, 0.6803444873169064], "features": ["DIVISION", "AGEP", "SEX", "RAC1P", "POBP", "DIS", "ANC", "NATIVITY", "DEAR", "DEYE", "DREM", "ST", "MAR", "ENG", "FER", "CIT", "SCHL", "HUPAC", "OCCP", "MIL", "WIF", "WKHP", "WKW", "WRK", "NWLA", "NWLK", "PUBCOV"]}