{"validation": 0.5478016457451003, "id_test": 0.5448186396703465, "ood_test": 0.5287450386677033, "ood_validation": 0.5334192598048242, "0": 0.4934515414064074, "1": 0.5837739076348935, "2": 0.5144371026056601, "3": 0.5482695047347691, "4": 0.5862761630790596, "5": 0.5535318011840499, "7": 0.5185489648045283, "8": 0.5650523638242483, "9": 0.5509335960238213, "id_test_conf": [0.5413298915123641, 0.5483040803371179], "id_test_balanced": 0.5113820433616638, "id_test_balanced_conf": [0.5089259062195197, 0.5138381805038079], "ood_test_conf": [0.5243079140490949, 0.5331787486857185], "ood_test_balanced": 0.5190414190292358, "ood_test_balanced_conf": [0.5159111759392545, 0.5221716621192172], "features": ["DIVISION", "AGEP", "SEX", "RAC1P", "POBP", "DIS", "ANC", "NATIVITY", "DEAR", "DEYE", "DREM", "ST", "MAR", "ENG", "FER", "CIT", "SCHL", "HUPAC", "OCCP", "MIL", "WIF", "WKHP", "WKW", "WRK", "NWLA", "NWLK", "PUBCOV"]}