{"validation": 0.47013532431171257, "id_test": 0.46232796827618383, "ood_test": 0.5014518913828284, "ood_validation": 0.5171257062146892, "0": 0.49252048736070764, "13": 0.5089719626168224, "id_test_conf": [0.44731661879420015, 0.4773906933152487], "id_test_balanced": 0.5203109383583069, "id_test_balanced_conf": [0.5126770763378591, 0.5279448003787547], "ood_test_conf": [0.4971013253202409, 0.5058022920597334], "ood_test_balanced": 0.5058138966560364, "ood_test_balanced_conf": [0.5036466164281592, 0.5079811768839135], "features": ["race", "gender", "payer_code", "medical_specialty", "admission_source_id"]}