{"validation": 0.43140457302846474, "id_test": 0.42850478189876373, "ood_test": 0.4939766127766442, "ood_validation": 0.5116525423728814, "0": 0.4450852014048476, "13": 0.4818691588785047, "id_test_conf": [0.4136276934489955, 0.4434793800162098], "id_test_balanced": 0.5072059631347656, "id_test_balanced_conf": [0.5035549278790131, 0.5108569983905181], "ood_test_conf": [0.48962676914506853, 0.4983271425354405], "ood_test_balanced": 0.49952200055122375, "ood_test_balanced_conf": [0.4981848272588104, 0.5008591738436371], "features": ["race", "gender", "payer_code", "medical_specialty", "admission_source_id"]}