{"validation": 0.5125991600559963, "id_test": 0.5005831583858176, "ood_test": 0.4871880395542301, "ood_validation": 0.4879943502824859, "0": 0.5308069201751724, "13": 0.5727102803738318, "id_test_conf": [0.4855032156687029, 0.5156623058386611], "id_test_balanced": 0.5027536749839783, "id_test_balanced_conf": [0.49217375902459026, 0.5133335909433663], "ood_test_conf": [0.4828396928088595, 0.4915378457178958], "ood_test_balanced": 0.48759979009628296, "ood_test_balanced_conf": [0.48453813726082445, 0.49066144293174146], "features": ["race", "gender", "payer_code", "medical_specialty", "admission_source_id"]}