{"validation": 0.5016332244517032, "id_test": 0.5008164217401446, "ood_test": 0.5044537749175954, "ood_validation": 0.5107697740112994, "train": 0.511345076994867, "id_test_conf": [0.48573632973718983, 0.5158954003731128], "id_test_balanced": 0.5403900146484375, "id_test_balanced_conf": [0.531098251529038, 0.549681777767837], "ood_test_conf": [0.5001031917860477, 0.5088038507173375], "ood_test_balanced": 0.5082589387893677, "ood_test_balanced_conf": [0.5058454827405512, 0.5106723948381842], "features": ["race", "gender", "payer_code", "medical_specialty", "admission_source_id"]}