{"validation": 0.47830144657022866, "id_test": 0.4716585024492652, "ood_test": 0.4961936901585308, "ood_validation": 0.5035310734463276, "0": 0.4947318215323245, "13": 0.5297196261682243, "id_test_conf": [0.4566223222570728, 0.48673333311612643], "id_test_balanced": 0.5136487483978271, "id_test_balanced_conf": [0.5044920807331801, 0.5228054160624742], "ood_test_conf": [0.49184353105277606, 0.500544282842994], "ood_test_balanced": 0.49939095973968506, "ood_test_balanced_conf": [0.4967672228394076, 0.5020146966399625], "features": ["race", "gender", "payer_code", "medical_specialty", "admission_source_id"]}