{"validation": 0.5506299580027998, "id_test": 0.5516678329834384, "ood_test": 0.5016088526134045, "ood_validation": 0.4955861581920904, "train": 0.5580669622025198, "id_test_conf": [0.5366331251103436, 0.5666320765955739], "id_test_balanced": 0.5112382769584656, "id_test_balanced_conf": [0.5019689497351646, 0.5205076041817666], "ood_test_conf": [0.49725828178165987, 0.5059592401799365], "ood_test_balanced": 0.4988464415073395, "ood_test_balanced_conf": [0.49610284592956305, 0.501590037085116], "features": ["race", "gender", "payer_code", "medical_specialty", "admission_source_id"]}