{"validation": 0.5842277181521232, "id_test": 0.5815255423372988, "ood_test": 0.5014518913828284, "ood_validation": 0.4961158192090395, "train": 0.5854234717685488, "id_test_conf": [0.5665905698958953, 0.5963493215374389], "id_test_balanced": 0.5168414115905762, "id_test_balanced_conf": [0.5101153299119323, 0.52356749326922], "ood_test_conf": [0.4971013253202409, 0.5058022920597334], "ood_test_balanced": 0.49711301922798157, "ood_test_balanced_conf": [0.4949340046942234, 0.49929203376173975], "features": ["race", "gender", "payer_code", "medical_specialty", "admission_source_id"]}