{"validation": 0.5842277181521232, "id_test": 0.5801259622113366, "ood_test": 0.5024328990739287, "ood_validation": 0.4980579096045198, "train": 0.5847235184321046, "id_test_conf": [0.56518508575677, 0.594957554843321], "id_test_balanced": 0.5151598453521729, "id_test_balanced_conf": [0.5084753972198814, 0.5218442934844643], "ood_test_conf": [0.49808231022205857, 0.5067832107930321], "ood_test_balanced": 0.4981082081794739, "ood_test_balanced_conf": [0.4959221699927002, 0.5002942463662475], "features": ["race", "gender", "payer_code", "medical_specialty", "admission_source_id"]}