{"validation": 0.5506299580027998, "id_test": 0.5409377186843947, "ood_test": 0.5029430230733009, "ood_validation": 0.4984110169491525, "train": 0.550775781614559, "id_test_conf": [0.5258804706926071, 0.5559391372169471], "id_test_balanced": 0.5117104053497314, "id_test_balanced_conf": [0.5017935092747211, 0.5216273014247418], "ood_test_conf": [0.49859242897463957, 0.5072932819307023], "ood_test_balanced": 0.5009530782699585, "ood_test_balanced_conf": [0.49804815110284834, 0.5038580054370686], "features": ["race", "gender", "payer_code", "medical_specialty", "admission_source_id"]}