{"validation": 0.5580961269248716, "id_test": 0.56962911126662, "ood_test": 0.523269502432899, "ood_validation": 0.5324858757062146, "train": 0.5648915072328512, "id_test_conf": [0.5546478276095276, 0.5845154308925662], "id_test_balanced": 0.5370054841041565, "id_test_balanced_conf": [0.5272871167771518, 0.5467238514311612], "ood_test_conf": [0.5189223785737945, 0.527613975642687], "ood_test_balanced": 0.5221613049507141, "ood_test_balanced_conf": [0.519144977289252, 0.5251776326121762], "features": ["race", "gender", "payer_code", "medical_specialty", "admission_source_id"]}