{"id_test": 0.9172889610389611, "id_test_conf": [0.912285353666085, 0.9220943650926432], "features": ["AccredAgency", "HIGHDEG", "CONTROL", "region", "LOCALE", "locale2", "CCBASIC", "HBCU", "DISTANCEONLY", "TUITIONFEE_IN", "TUITIONFEE_OUT", "TUITIONFEE_PROG"], "ood_test": 0.7810650887573964, "ood_test_conf": [0.7580540933776083, 0.8028474720984178]}