{"validation": 0.874025974025974, "id_test": 0.8732142857142857, "ood_test": 0.6900887573964497, "ood_validation": 0.6423841059602649, "train": 0.8751674175088274, "id_test_conf": [0.8672100181486373, 0.8790416158798222], "id_test_balanced": 0.5009584426879883, "id_test_balanced_conf": [0.5005722469033208, 0.5013446384726558], "ood_test_conf": [0.664674467431813, 0.7146739958544464], "ood_test_balanced": 0.5011904835700989, "ood_test_balanced_conf": [0.4998915245220996, 0.5024894426180981], "features": ["AccredAgency", "HIGHDEG", "CONTROL", "region", "LOCALE", "locale2", "CCBASIC", "HBCU", "DISTANCEONLY", "median_hh_inc", "poverty_rate", "unemp_rate", "TUITIONFEE_IN", "TUITIONFEE_OUT", "TUITIONFEE_PROG", "ADM_RATE", "ADM_RATE_ALL", "SATVRMID", "SATMTMID", "SATWRMID", "ACTCMMID", "ACTENMID", "ACTMTMID", "ACTWRMID", "NPT4_PROG", "COSTT4_A", "COSTT4_P", "loan_ever", "pell_ever", "PCIP52"]}