{"id_test": 0.9379403224717331, "id_test_conf": [0.937017796722531, 0.9388533123615509], "id_test_balanced": 0.9019601345062256, "id_test_balanced_conf": [0.9012011629354675, 0.9027191060769837], "ood_test": 0.5818467995802729, "ood_test_conf": [0.5593284520165969, 0.6041128827094999], "ood_test_balanced": 0.6286863088607788, "ood_test_balanced_conf": [0.6187817004136741, 0.6385909173078835], "validation": 0.937002468431833, "validation_conf": [0.9360735200624891, 0.9379219015424503], "validation_balanced": 0.9009193181991577, "validation_balanced_conf": [0.9001574954227545, 0.901681140975561], "features": ["Average_confidence(BORED)", "Average_confidence(CONCENTRATING)", "Average_confidence(CONFUSED)", "Average_confidence(FRUSTRATED)", "attempt_count", "hint_count", "school_id", "skill_id", "problem_type", "bottom_hint", "ms_first_response", "tutor_mode", "position", "type", "overlap_time", "first_action"]}