{"validation": 0.8840587321713947, "id_test": 0.8851091286960828, "ood_test": 0.6253934942287513, "ood_validation": 0.5801886792452831, "train": 0.8840740980414775, "id_test_conf": [0.8838925026441216, 0.8863173747752664], "ood_test_conf": [0.603222000390086, 0.6471783934991377], "features": ["Average_confidence(BORED)", "Average_confidence(CONCENTRATING)", "Average_confidence(CONFUSED)", "Average_confidence(FRUSTRATED)", "attempt_count", "hint_count", "school_id", "skill_id", "problem_type", "bottom_hint", "ms_first_response", "tutor_mode", "position", "type", "overlap_time", "first_action"]}