{"validation": 0.8267295904203837, "id_test": 0.8293968473098595, "ood_test": 0.5535152151101784, "ood_validation": 0.5141509433962265, "train": 0.8273404403979131, "id_test_conf": [0.8279634182943504, 0.8308231108876865], "id_test_balanced": 0.8412520289421082, "id_test_balanced_conf": [0.8402744483388961, 0.8422296095453202], "ood_test_conf": [0.5308669277619931, 0.5759985799374423], "ood_test_balanced": 0.548163115978241, "ood_test_balanced_conf": [0.5324210445955395, 0.5639051873609424], "features": ["Average_confidence(BORED)", "Average_confidence(CONCENTRATING)", "Average_confidence(CONFUSED)", "Average_confidence(FRUSTRATED)", "attempt_count", "hint_count", "school_id", "skill_id", "problem_type", "bottom_hint", "ms_first_response", "tutor_mode", "position", "type", "overlap_time", "first_action"]}