{"validation": 0.9075013317527366, "id_test": 0.9098609725171252, "ood_test": 0.6075550891920252, "ood_validation": 0.6509433962264151, "train": 0.9085797781597974, "id_test_conf": [0.9087674855305213, 0.9109455388569268], "id_test_balanced": 0.8773102760314941, "id_test_balanced_conf": [0.8764584817818831, 0.8781620702811052], "ood_test_conf": [0.585219507535071, 0.6295591181136009], "ood_test_balanced": 0.6302385330200195, "ood_test_balanced_conf": [0.6160018982179463, 0.6444751678220928], "features": ["Average_confidence(BORED)", "Average_confidence(CONCENTRATING)", "Average_confidence(CONFUSED)", "Average_confidence(FRUSTRATED)", "attempt_count", "hint_count", "school_id", "skill_id", "problem_type", "bottom_hint", "ms_first_response", "tutor_mode", "position", "type", "overlap_time", "first_action"]}