{"validation": 0.9160395549319869, "id_test": 0.9170561887112385, "ood_test": 0.45120671563483733, "ood_validation": 0.5518867924528302, "train": 0.9159583517387361, "id_test_conf": [0.9160027994476051, 0.9181004999294845], "id_test_balanced": 0.8640987873077393, "id_test_balanced_conf": [0.8632539729587734, 0.8649436016567051], "ood_test_conf": [0.4286942998756706, 0.4738694997049344], "ood_test_balanced": 0.5130353569984436, "ood_test_balanced_conf": [0.5094584700884297, 0.5166122439084575], "features": ["Average_confidence(BORED)", "Average_confidence(CONCENTRATING)", "Average_confidence(CONFUSED)", "Average_confidence(FRUSTRATED)", "attempt_count", "hint_count", "school_id", "skill_id", "problem_type", "bottom_hint", "ms_first_response", "tutor_mode", "position", "type", "overlap_time", "first_action"]}