{"validation": 0.6916368699174129, "id_test": 0.693613304981774, "ood_test": 0.6338475319782376, "ood_validation": 0.6337877889745109, "train": 0.692687341342575, "id_test_conf": [0.6913336467371336, 0.6958858575451672], "id_test_balanced": 0.5228251218795776, "id_test_balanced_conf": [0.5223039729637093, 0.5233462707954459], "ood_test_conf": [0.6304088421790461, 0.6372759893852268], "ood_test_balanced": 0.5403236150741577, "ood_test_balanced_conf": [0.5393387008435093, 0.5413085293048061], "features": ["DIVISION", "AGEP", "SEX", "RAC1P", "POBP", "ST", "FER", "ENG", "CIT", "SCHL", "OCCP", "COW", "WKHP", "WKW", "WRK", "NWLA", "MAR"]}