{"validation": 0.6866183590165491, "id_test": 0.6831460105305792, "ood_test": 0.7232680375703125, "ood_validation": 0.7219917012448133, "0": 0.8238055785694559, "2": 0.678474875948212, "3": 0.6827901982434637, "4": 0.6578553830595273, "5": 0.6818763142202555, "6": 0.6719877750944838, "7": 0.6824547798479516, "8": 0.6986739920687376, "9": 0.7085559261564762, "id_test_conf": [0.6808455519167149, 0.6854397477301212], "id_test_balanced": 0.7531963586807251, "id_test_balanced_conf": [0.7518565220269374, 0.7545361953345128], "ood_test_conf": [0.7200704107369037, 0.726448592652972], "ood_test_balanced": 0.7612602710723877, "ood_test_balanced_conf": [0.7593311086995527, 0.7631894334452227], "features": ["DIVISION", "AGEP", "SEX", "RAC1P", "POBP", "ST", "FER", "ENG", "CIT", "SCHL", "OCCP", "COW", "WKHP", "WKW", "WRK", "NWLA", "MAR"]}