{"validation": 0.7700408189095972, "id_test": 0.7702511138112597, "ood_test": 0.7280631265560986, "ood_validation": 0.730646117368109, "0": 0.9199116266224799, "2": 0.7520447156790053, "3": 0.7627865514551698, "4": 0.7762644030597424, "5": 0.7734598123215014, "6": 0.793909377430314, "7": 0.773577777335905, "8": 0.7802895736946464, "9": 0.768133379168099, "id_test_conf": [0.7681688506659374, 0.7723234568884085], "id_test_balanced": 0.6552956700325012, "id_test_balanced_conf": [0.654073004280217, 0.6565183357847855], "ood_test_conf": [0.724882568366395, 0.7312262460882388], "ood_test_balanced": 0.6657694578170776, "ood_test_balanced_conf": [0.6639604094484821, 0.6675785061856732], "features": ["DIVISION", "AGEP", "SEX", "RAC1P", "POBP", "ST", "FER", "ENG", "CIT", "SCHL", "OCCP", "COW", "WKHP", "WKW", "WRK", "NWLA", "MAR"]}