{"validation": 0.7083947726481663, "id_test": 0.7103394592952612, "ood_test": 0.6507357299996048, "ood_validation": 0.6478956727919384, "0": 0.9218447942557305, "2": 0.6807676952033309, "3": 0.7153276537982313, "4": 0.7309061958708539, "5": 0.7165050371904718, "6": 0.7518180453795041, "7": 0.721070039039457, "8": 0.7190185062789161, "9": 0.6750113812678268, "id_test_conf": [0.7080959179690558, 0.7125752808525531], "id_test_balanced": 0.5504748225212097, "id_test_balanced_conf": [0.5497074571694247, 0.5512421878729947], "ood_test_conf": [0.6473320631375867, 0.6541278730906956], "ood_test_balanced": 0.5625404119491577, "ood_test_balanced_conf": [0.5613154293177649, 0.5637653945805505], "features": ["DIVISION", "AGEP", "SEX", "RAC1P", "POBP", "ST", "FER", "ENG", "CIT", "SCHL", "OCCP", "COW", "WKHP", "WKW", "WRK", "NWLA", "MAR"]}