{"validation": 0.4670442679492453, "id_test": 0.4622253442689348, "ood_test": 0.5571656281698305, "ood_validation": 0.5615886188500296, "0": 0.42433029549848106, "2": 0.4890035932242058, "3": 0.4489500288704073, "4": 0.42990241960645087, "5": 0.46906286288171234, "6": 0.42810363881953256, "7": 0.45657606066029044, "8": 0.456708526107072, "9": 0.49906627149665994, "id_test_conf": [0.4597646501226044, 0.4646874245669248], "id_test_balanced": 0.6033964157104492, "id_test_balanced_conf": [0.6023852088721469, 0.6044076225487516], "ood_test_conf": [0.5536233846240206, 0.5607035018452404], "ood_test_balanced": 0.6316571235656738, "ood_test_balanced_conf": [0.6300710616912693, 0.6332431854400784], "features": ["DIVISION", "AGEP", "SEX", "RAC1P", "POBP", "ST", "FER", "ENG", "CIT", "SCHL", "OCCP", "COW", "WKHP", "WKW", "WRK", "NWLA", "MAR"]}