{"validation": 0.4824035692813973, "id_test": 0.4780591838801134, "ood_test": 0.5608014648733385, "ood_validation": 0.5621813870776526, "0": 0.45470864402098865, "2": 0.5045913420407232, "3": 0.4578188154016026, "4": 0.4414141088123595, "5": 0.48282490663151617, "6": 0.44841935791958304, "7": 0.4636880024921623, "8": 0.48429238268341046, "9": 0.5214757555768212, "id_test_conf": [0.4755935283860535, 0.480525644496021], "id_test_balanced": 0.6147511601448059, "id_test_balanced_conf": [0.6136974828178063, 0.6158048374718055], "ood_test_conf": [0.5572621548619358, 0.5643361270727641], "ood_test_balanced": 0.6345869302749634, "ood_test_balanced_conf": [0.6329870993527584, 0.6361867611971683], "features": ["DIVISION", "AGEP", "SEX", "RAC1P", "POBP", "ST", "FER", "ENG", "CIT", "SCHL", "OCCP", "COW", "WKHP", "WKW", "WRK", "NWLA", "MAR"]}