{"validation": 0.8209916780052526, "id_test": 0.8193474078574322, "ood_test": 0.8108969714534126, "ood_validation": 0.8067575577949022, "train": 0.8213544093414961, "id_test_conf": [0.8174414501561611, 0.8212416411110965], "id_test_balanced": 0.7822959423065186, "id_test_balanced_conf": [0.7809030013415031, 0.783688883271534], "ood_test_conf": [0.8080928656298859, 0.8136772958969793], "ood_test_balanced": 0.7966125011444092, "ood_test_balanced_conf": [0.7946185884578153, 0.7986064138310031], "features": ["DIVISION", "AGEP", "SEX", "RAC1P", "POBP", "ST", "FER", "ENG", "CIT", "SCHL", "OCCP", "COW", "WKHP", "WKW", "WRK", "NWLA", "MAR"]}