{"validation": 0.8221308103661045, "id_test": 0.8214927602268125, "ood_test": 0.8122143035923648, "ood_validation": 0.8085358624777712, "train": 0.8243327587584436, "id_test_conf": [0.819595593142395, 0.8233781239779279], "id_test_balanced": 0.7850149869918823, "id_test_balanced_conf": [0.7836273533548228, 0.7864026206289418], "ood_test_conf": [0.809417612808042, 0.814987112030051], "ood_test_balanced": 0.7963432669639587, "ood_test_balanced_conf": [0.7943556409282609, 0.7983308929996565], "features": ["DIVISION", "AGEP", "SEX", "RAC1P", "POBP", "ST", "FER", "ENG", "CIT", "SCHL", "OCCP", "COW", "WKHP", "WKW", "WRK", "NWLA", "MAR"]}