{"validation": 0.8200424010378762, "id_test": 0.8195372620494127, "ood_test": 0.8056539895403828, "ood_validation": 0.8018968583283936, "train": 0.8212855869246901, "id_test_conf": [0.8176320782405564, 0.8214307144297904], "id_test_balanced": 0.7742186784744263, "id_test_balanced_conf": [0.7728292655362747, 0.7756080914125778], "ood_test_conf": [0.8028208771831962, 0.808463722324981], "ood_test_balanced": 0.7828891277313232, "ood_test_balanced_conf": [0.7808926282357425, 0.784885627226904], "features": ["DIVISION", "AGEP", "SEX", "RAC1P", "POBP", "ST", "FER", "ENG", "CIT", "SCHL", "OCCP", "COW", "WKHP", "WKW", "WRK", "NWLA", "MAR"]}