{"validation": 0.8189728823212986, "id_test": 0.8185563487241798, "ood_test": 0.8074323879279682, "ood_validation": 0.8055720213396562, "train": 0.8201092773408917, "id_test_conf": [0.8166471748579911, 0.8204538272293677], "id_test_balanced": 0.7727835774421692, "id_test_balanced_conf": [0.7713921412848868, 0.7741750135994516], "ood_test_conf": [0.8046090248132941, 0.8102322351856266], "ood_test_balanced": 0.7895386815071106, "ood_test_balanced_conf": [0.7875361739611253, 0.7915411890530959], "features": ["DIVISION", "AGEP", "SEX", "RAC1P", "POBP", "ST", "FER", "ENG", "CIT", "SCHL", "OCCP", "COW", "WKHP", "WKW", "WRK", "NWLA", "MAR"]}