{"validation": 0.8030123722431415, "id_test": 0.8034882543539895, "ood_test": 0.7893454176601546, "ood_validation": 0.7830468286899822, "train": 0.8036765409695101, "id_test_conf": [0.8015203171030083, 0.8054450501876076], "id_test_balanced": 0.7618416547775269, "id_test_balanced_conf": [0.7604128977912478, 0.763270411763806], "ood_test_conf": [0.7864270203400648, 0.7922416848798721], "ood_test_balanced": 0.7669714689254761, "ood_test_balanced_conf": [0.7649176434427499, 0.7690252944082022], "features": ["DIVISION", "AGEP", "SEX", "RAC1P", "POBP", "ST", "FER", "ENG", "CIT", "SCHL", "OCCP", "COW", "WKHP", "WKW", "WRK", "NWLA", "MAR"]}