{"validation": 0.8215675726987944, "id_test": 0.8209358545970028, "ood_test": 0.7970913306371935, "ood_validation": 0.7983402489626557, "train": 0.8232782727630144, "id_test_conf": [0.8190363959310907, 0.8228235304077114], "id_test_balanced": 0.7757999300956726, "id_test_balanced_conf": [0.7744137627049349, 0.7771860974864103], "ood_test_conf": [0.7942125318715267, 0.7999474059195837], "ood_test_balanced": 0.7668576240539551, "ood_test_balanced_conf": [0.7648655153112486, 0.7688497327966616], "features": ["DIVISION", "AGEP", "SEX", "RAC1P", "POBP", "ST", "FER", "ENG", "CIT", "SCHL", "OCCP", "COW", "WKHP", "WKW", "WRK", "NWLA", "MAR"]}