{"id_test": 0.8213598622924261, "id_test_conf": [0.819462147735839, 0.8232457784025575], "id_test_balanced": 0.782944917678833, "id_test_balanced_conf": [0.7815570827922784, 0.7843327525653876], "ood_test": 0.8017678597304738, "ood_test_conf": [0.7989137581053865, 0.8045988795656067], "ood_test_balanced": 0.7752296924591064, "ood_test_balanced_conf": [0.7732344130100682, 0.7772249719081447], "validation": 0.8223206657595797, "validation_conf": [0.8204269119489076, 0.8242025857183564], "validation_balanced": 0.7848256826400757, "validation_balanced_conf": [0.7834416169603355, 0.7862097483198158], "features": ["DIVISION", "AGEP", "SEX", "RAC1P", "POBP", "ST", "FER", "ENG", "CIT", "SCHL", "OCCP", "COW", "WKHP", "WKW", "WRK", "NWLA", "MAR"]}