{"validation": 0.6619245008385279, "id_test": 0.6580536148238153, "ood_test": 0.7025727496673736, "ood_validation": 0.6979253112033195, "0": 0.7557304611985639, "2": 0.6595619688587235, "3": 0.6597597171713079, "4": 0.6262143756253429, "5": 0.667890656874745, "6": 0.6336621505464369, "7": 0.6592697169142259, "8": 0.6636339226701917, "9": 0.6723402673901127, "id_test_conf": [0.6557086912786538, 0.660392738042821], "id_test_balanced": 0.7378721833229065, "id_test_balanced_conf": [0.7365500393975526, 0.7391943272482604], "ood_test_conf": [0.6993066060086066, 0.7058234049021559], "ood_test_balanced": 0.7465745806694031, "ood_test_balanced_conf": [0.7446743242954835, 0.7484748370433226], "features": ["DIVISION", "AGEP", "SEX", "RAC1P", "POBP", "ST", "FER", "ENG", "CIT", "SCHL", "OCCP", "COW", "WKHP", "WKW", "WRK", "NWLA", "MAR"]}