{"validation": 0.7996962313704395, "id_test": 0.7997544552450385, "ood_test": 0.803664818010565, "ood_validation": 0.7996443390634262, "train": 0.8014884627524379, "id_test_conf": [0.7977726621627266, 0.8017252441480414], "id_test_balanced": 0.8079791069030762, "id_test_balanced_conf": [0.8066081418353133, 0.8093500719708391], "ood_test_conf": [0.8008209084544972, 0.8064855004224372], "ood_test_balanced": 0.8104265928268433, "ood_test_balanced_conf": [0.8084619804238901, 0.8123912052297965], "features": ["DIVISION", "AGEP", "SEX", "RAC1P", "POBP", "ST", "FER", "ENG", "CIT", "SCHL", "OCCP", "COW", "WKHP", "WKW", "WRK", "NWLA", "MAR"]}