{"validation": 0.8036831946334209, "id_test": 0.8031465168084244, "ood_test": 0.8044025240083782, "ood_validation": 0.802371072910492, "train": 0.8053069202917754, "id_test_conf": [0.8011773000981366, 0.8051046046625276], "id_test_balanced": 0.8078742623329163, "id_test_balanced_conf": [0.80650144882733, 0.8092470758385025], "ood_test_conf": [0.8015626055456111, 0.8072191587982208], "ood_test_balanced": 0.8087784051895142, "ood_test_balanced_conf": [0.8068031402537599, 0.8107536701252684], "features": ["DIVISION", "AGEP", "SEX", "RAC1P", "POBP", "ST", "FER", "ENG", "CIT", "SCHL", "OCCP", "COW", "WKHP", "WKW", "WRK", "NWLA", "MAR"]}