{"validation": 0.7950194601778312, "id_test": 0.7956789185905225, "ood_test": 0.7951811990357128, "ood_validation": 0.7977474807350327, "0": 0.8968516984258492, "2": 0.7781782923629726, "3": 0.8010575686052048, "4": 0.7962323424673746, "5": 0.804220412390547, "6": 0.8036783867490757, "7": 0.7990097631783023, "8": 0.7938388136153338, "9": 0.7913790380273708, "id_test_conf": [0.7936823074102187, 0.7976646753795037], "id_test_balanced": 0.8016742467880249, "id_test_balanced_conf": [0.8002852652128786, 0.8030632283631712], "ood_test_conf": [0.7922924855789901, 0.7980473353471783], "ood_test_balanced": 0.8043289184570312, "ood_test_balanced_conf": [0.8023461203556508, 0.8063117165584117], "features": ["DIVISION", "AGEP", "SEX", "RAC1P", "POBP", "ST", "FER", "ENG", "CIT", "SCHL", "OCCP", "COW", "WKHP", "WKW", "WRK", "NWLA", "MAR"]}