{"validation": 0.7636806632281745, "id_test": 0.7617393175374646, "ood_test": 0.7846688885668743, "ood_validation": 0.7854179016004742, "0": 0.8805578569455952, "2": 0.7515542120572635, "3": 0.763267724910603, "4": 0.7450107047951027, "5": 0.7780223142830242, "6": 0.769814306959737, "7": 0.7555228569724205, "8": 0.7615870786516854, "9": 0.7688162552377059, "id_test_conf": [0.7596308419435467, 0.7638381857477838], "id_test_balanced": 0.7934139966964722, "id_test_balanced_conf": [0.7920365147502162, 0.7947914786427281], "ood_test_conf": [0.7817273500183322, 0.7875886552119923], "ood_test_balanced": 0.8006249666213989, "ood_test_balanced_conf": [0.7986540947202593, 0.8025958385225386], "features": ["DIVISION", "AGEP", "SEX", "RAC1P", "POBP", "ST", "FER", "ENG", "CIT", "SCHL", "OCCP", "COW", "WKHP", "WKW", "WRK", "NWLA", "MAR"]}