{"validation": 0.7677119260829668, "id_test": 0.7664730153908464, "ood_test": 0.7821923041456442, "ood_validation": 0.7844694724362774, "0": 0.8979563656448495, "2": 0.7587577710602863, "3": 0.7670056829117579, "4": 0.7558553615423512, "5": 0.7759784075573549, "6": 0.7659940239859195, "7": 0.7635097068395272, "8": 0.7602238929279577, "9": 0.7766855889922236, "id_test_conf": [0.7643789720710102, 0.7685572774367053], "id_test_balanced": 0.7958008646965027, "id_test_balanced_conf": [0.7944246698799543, 0.7971770595130511], "ood_test_conf": [0.7792387381767129, 0.7851242878889876], "ood_test_balanced": 0.7986466288566589, "ood_test_balanced_conf": [0.7966706424346194, 0.8006226152786985], "features": ["DIVISION", "AGEP", "SEX", "RAC1P", "POBP", "ST", "FER", "ENG", "CIT", "SCHL", "OCCP", "COW", "WKHP", "WKW", "WRK", "NWLA", "MAR"]}