{"validation": 0.8221054963136412, "id_test": 0.820973825435399, "ood_test": 0.8048899368997905, "ood_validation": 0.8055720213396562, "train": 0.8235907423565586, "id_test_conf": [0.819074522797937, 0.8228613438214336], "id_test_balanced": 0.7685058116912842, "id_test_balanced_conf": [0.7671266882610507, 0.7698849351215177], "ood_test_conf": [0.802052663912522, 0.8077038888641469], "ood_test_balanced": 0.7795897722244263, "ood_test_balanced_conf": [0.7776000675233081, 0.7815794769255444], "features": ["DIVISION", "AGEP", "SEX", "RAC1P", "POBP", "ST", "FER", "ENG", "CIT", "SCHL", "OCCP", "COW", "WKHP", "WKW", "WRK", "NWLA", "MAR"]}