{"validation": 0.8216435148561846, "id_test": 0.8199486127987039, "ood_test": 0.8151914742263967, "ood_validation": 0.8131594546532306, "train": 0.8226802296928384, "id_test_conf": [0.8180451084377479, 0.8218403706058561], "id_test_balanced": 0.7947753667831421, "id_test_balanced_conf": [0.7933887495473028, 0.7961619840189814], "ood_test_conf": [0.8124117329341743, 0.8179471049717847], "ood_test_balanced": 0.8050655722618103, "ood_test_balanced_conf": [0.803088535326533, 0.8070426091970876], "features": ["DIVISION", "AGEP", "SEX", "RAC1P", "POBP", "ST", "FER", "ENG", "CIT", "SCHL", "OCCP", "COW", "WKHP", "WKW", "WRK", "NWLA", "MAR"]}