{"validation": 0.821624529316837, "id_test": 0.8215813588497367, "ood_test": 0.8071952681429568, "ood_validation": 0.8022525192649674, "train": 0.8222989376824882, "id_test_conf": [0.8196845569621194, 0.8234663541461464], "id_test_balanced": 0.7795743942260742, "id_test_balanced_conf": [0.7781881082989276, 0.7809606801532208], "ood_test_conf": [0.8043705998501943, 0.809996438750368], "ood_test_balanced": 0.784146785736084, "ood_test_balanced_conf": [0.782156793307513, 0.786136778164655], "features": ["DIVISION", "AGEP", "SEX", "RAC1P", "POBP", "ST", "FER", "ENG", "CIT", "SCHL", "OCCP", "COW", "WKHP", "WKW", "WRK", "NWLA", "MAR"]}