{"validation": 0.8134354333449356, "id_test": 0.8132594167679222, "ood_test": 0.7896615773735032, "ood_validation": 0.7896858328393598, "train": 0.8139611414395593, "id_test_conf": [0.811329051384984, 0.8151782815399816], "id_test_balanced": 0.7624051570892334, "id_test_balanced_conf": [0.7610061808070168, 0.76380413337145], "ood_test_conf": [0.7867447650752574, 0.7925562353538489], "ood_test_balanced": 0.7564963102340698, "ood_test_balanced_conf": [0.7544981165463105, 0.7584945039218292], "features": ["DIVISION", "AGEP", "SEX", "RAC1P", "POBP", "ST", "FER", "ENG", "CIT", "SCHL", "OCCP", "COW", "WKHP", "WKW", "WRK", "NWLA", "MAR"]}