{"validation": 0.821219504477423, "id_test": 0.8201764378290806, "ood_test": 0.7938638668967607, "ood_validation": 0.792294013040901, "train": 0.8219279294815457, "id_test_conf": [0.8182738652053638, 0.8220672555218255], "id_test_balanced": 0.7698391079902649, "id_test_balanced_conf": [0.7684556377306581, 0.7712225782498717], "ood_test_conf": [0.7909683732986725, 0.7967368842682412], "ood_test_balanced": 0.7619948387145996, "ood_test_balanced_conf": [0.7600018857279792, 0.76398779170122], "features": ["DIVISION", "AGEP", "SEX", "RAC1P", "POBP", "ST", "FER", "ENG", "CIT", "SCHL", "OCCP", "COW", "WKHP", "WKW", "WRK", "NWLA", "MAR"]}