{"validation": 0.822270037654653, "id_test": 0.8216066727420008, "ood_test": 0.8038360711886288, "ood_validation": 0.802963841138115, "train": 0.8232774817007522, "id_test_conf": [0.819709975227987, 0.8234915627339753], "id_test_balanced": 0.7781411409378052, "id_test_balanced_conf": [0.77675560684409, 0.7795266750315204], "ood_test_conf": [0.8009930867578152, 0.8066558153526129], "ood_test_balanced": 0.7778112888336182, "ood_test_balanced_conf": [0.7758209593920037, 0.7798016182752326], "features": ["DIVISION", "AGEP", "SEX", "RAC1P", "POBP", "ST", "FER", "ENG", "CIT", "SCHL", "OCCP", "COW", "WKHP", "WKW", "WRK", "NWLA", "MAR"]}