{"validation": 0.3607189190899598, "id_test": 0.36010277440259214, "ood_test": 0.3775869109878674, "ood_validation": 0.3777119146413752, "0": 0.8746202706434687, "2": 0.3842582558603776, "3": 0.34692099638360163, "4": 0.3843828335969187, "5": 0.31826099237359945, "6": 0.42484275442402414, "7": 0.3414991416621927, "8": 0.32914738929279574, "9": 0.38824988618732176, "id_test_conf": [0.3577353707970531, 0.3624753119140425], "id_test_balanced": 0.4282936453819275, "id_test_balanced_conf": [0.4267010760982521, 0.4298862146656029], "ood_test_conf": [0.3741364508989717, 0.38104672917870086], "ood_test_balanced": 0.4293297231197357, "ood_test_balanced_conf": [0.4271913402201608, 0.4314681060193106], "features": ["DIVISION", "AGEP", "SEX", "RAC1P", "POBP", "ST", "FER", "ENG", "CIT", "SCHL", "OCCP", "COW", "WKHP", "WKW", "WRK", "NWLA", "MAR"]}