{"validation": 0.9664175404675145, "id_test": 0.9659095838626716, "ood_test": 0.9518980997610185, "ood_validation": 0.9534103410341034, "15": 0.9557091547609546, "16": 0.9484448808898972, "17": 0.9556264501160093, "18": 0.9584440110486512, "19": 0.9716727392140612, "20": 0.9754641977929419, "21": 0.982561504458182, "22": 0.9865276434125193, "23": 0.986511240632806, "id_test_conf": [0.9650126969847335, 0.9667896799321092], "id_test_balanced": 0.5888825058937073, "id_test_balanced_conf": [0.5879153926600702, 0.5898496191273443], "ood_test_conf": [0.9508501524215672, 0.9529299964918378], "ood_test_balanced": 0.6221411228179932, "ood_test_balanced_conf": [0.621057997921016, 0.6232242477149703], "features": ["ENG", "POBP", "OCCP", "DIS", "ESP", "MIG", "MIL", "ANC", "NATIVITY", "DEAR", "DEYE", "DREM", "DPHY", "FER", "AGEP", "SEX", "ST", "MAR", "CIT", "RAC1P", "SCHL", "DIVISION", "ACS_YEAR"]}