{"validation": 0.9701916164695967, "id_test": 0.9697456077835962, "ood_test": 0.9573928403346963, "ood_validation": 0.9584708470847084, "15": 0.9612898076462607, "16": 0.9530839950561265, "17": 0.9606410448319737, "18": 0.9645684230962698, "19": 0.9747064066678134, "20": 0.9778198539356234, "21": 0.9833667452335617, "22": 0.9872084273890143, "23": 0.9867887871218429, "id_test_conf": [0.9688982923513975, 0.9705759895308026], "id_test_balanced": 0.5852983593940735, "id_test_balanced_conf": [0.5843681080744136, 0.5862286107137333], "ood_test_conf": [0.956402995077536, 0.9583664360676761], "ood_test_balanced": 0.6191467046737671, "ood_test_balanced_conf": [0.6180984225217253, 0.6201949868258089], "features": ["ENG", "POBP", "OCCP", "DIS", "ESP", "MIG", "MIL", "ANC", "NATIVITY", "DEAR", "DEYE", "DREM", "DPHY", "FER", "AGEP", "SEX", "ST", "MAR", "CIT", "RAC1P", "SCHL", "DIVISION", "ACS_YEAR"]}