{"validation": 0.05807367194665477, "id_test": 0.057943172311219905, "ood_test": 0.10424115737939381, "ood_validation": 0.10357535753575357, "15": 0.07764067363716179, "16": 0.08643313072481926, "17": 0.06593817828006886, "18": 0.059395324620312925, "19": 0.050266618711785956, "20": 0.04589420775654568, "21": 0.03575772318170761, "22": 0.030276971586226664, "23": 0.023646960865945046, "id_test_conf": [0.05680808041571785, 0.05909417899906198], "id_test_balanced": 0.5124818086624146, "id_test_balanced_conf": [0.5121011940715835, 0.5128624232532456], "ood_test_conf": [0.10276445697525265, 0.10573189805426002], "ood_test_balanced": 0.52779620885849, "ood_test_balanced_conf": [0.527241062639514, 0.528351355077466], "features": ["ENG", "POBP", "OCCP", "DIS", "ESP", "MIG", "MIL", "ANC", "NATIVITY", "DEAR", "DEYE", "DREM", "DPHY", "FER", "AGEP", "SEX", "ST", "MAR", "CIT", "RAC1P", "SCHL", "DIVISION", "ACS_YEAR"]}