{"validation": 0.7479487370169307, "id_test": 0.7468472097418895, "ood_test": 0.7458117119264597, "ood_validation": 0.7422992299229924, "15": 0.6862127863357012, "16": 0.700980309161404, "17": 0.6794027393159194, "18": 0.6593185488496872, "19": 0.7719119923689189, "20": 0.8156938742668534, "21": 0.8939598553921774, "22": 0.9377978429897166, "23": 0.9350541215653622, "id_test_conf": [0.7447181510650311, 0.7489673962490141], "id_test_balanced": 0.694664478302002, "id_test_balanced_conf": [0.6930872966186143, 0.6962416599853896], "ood_test_conf": [0.7436945465145959, 0.747920163807194], "ood_test_balanced": 0.7283240556716919, "ood_test_balanced_conf": [0.7268013876164332, 0.7298467237269506], "features": ["ENG", "POBP", "OCCP", "DIS", "ESP", "MIG", "MIL", "ANC", "NATIVITY", "DEAR", "DEYE", "DREM", "DPHY", "FER", "AGEP", "SEX", "ST", "MAR", "CIT", "RAC1P", "SCHL", "DIVISION", "ACS_YEAR"]}