{"validation": 0.3991286780198805, "id_test": 0.3984940972329811, "ood_test": 0.44611914846801254, "ood_validation": 0.4470847084708471, "15": 0.3462973900550722, "16": 0.37729204408851563, "17": 0.34115148566724046, "18": 0.3288341555106471, "19": 0.41318081596272027, "20": 0.438949815621972, "21": 0.5293451547152719, "22": 0.7169730194560895, "23": 0.6560088814876491, "id_test_conf": [0.3961040701211652, 0.4008877718762966], "id_test_balanced": 0.6468158960342407, "id_test_balanced_conf": [0.6454466280108317, 0.6481851640576497], "ood_test_conf": [0.4437084052396644, 0.44853180121014], "ood_test_balanced": 0.6899534463882446, "ood_test_balanced_conf": [0.6886713211075403, 0.691235571668949], "features": ["ENG", "POBP", "OCCP", "DIS", "ESP", "MIG", "MIL", "ANC", "NATIVITY", "DEAR", "DEYE", "DREM", "DPHY", "FER", "AGEP", "SEX", "ST", "MAR", "CIT", "RAC1P", "SCHL", "DIVISION", "ACS_YEAR"]}