{"validation": 0.7802297910314568, "id_test": 0.7787190530784247, "ood_test": 0.735445660744082, "ood_validation": 0.7330583058305831, "15": 0.7172192513368983, "16": 0.7249885715253204, "17": 0.7207170121996856, "18": 0.703301358136908, "19": 0.8109665514707032, "20": 0.8461290885870514, "21": 0.9118177471711724, "22": 0.9500877853022323, "23": 0.9442686650013877, "id_test_conf": [0.7766855799760282, 0.7807425075562506], "id_test_balanced": 0.6846377849578857, "id_test_balanced_conf": [0.6830729029956274, 0.6862026669201441], "ood_test_conf": [0.7333011004688583, 0.7375818751501788], "ood_test_balanced": 0.7177540063858032, "ood_test_balanced_conf": [0.7162133026565425, 0.719294710115064], "features": ["ENG", "POBP", "OCCP", "DIS", "ESP", "MIG", "MIL", "ANC", "NATIVITY", "DEAR", "DEYE", "DREM", "DPHY", "FER", "AGEP", "SEX", "ST", "MAR", "CIT", "RAC1P", "SCHL", "DIVISION", "ACS_YEAR"]}