{"validation": 0.8325400956842914, "id_test": 0.8326526818083227, "ood_test": 0.7873431492992525, "ood_validation": 0.7834433443344334, "15": 0.7695458536196025, "16": 0.7858049878942823, "17": 0.7799846568370631, "18": 0.7634776776653106, "19": 0.858621714178486, "20": 0.9005420063479455, "21": 0.9528095353928484, "22": 0.9672507076570283, "23": 0.9716347488204274, "id_test_conf": [0.8308222975024737, 0.8344711061221518], "id_test_balanced": 0.6725910902023315, "id_test_balanced_conf": [0.6710842843493446, 0.6740978960553184], "ood_test_conf": [0.7853522807145834, 0.7893238308966091], "ood_test_balanced": 0.7087566256523132, "ood_test_balanced_conf": [0.707229120878037, 0.7102841304265894], "features": ["ENG", "POBP", "OCCP", "DIS", "ESP", "MIG", "MIL", "ANC", "NATIVITY", "DEAR", "DEYE", "DREM", "DPHY", "FER", "AGEP", "SEX", "ST", "MAR", "CIT", "RAC1P", "SCHL", "DIVISION", "ACS_YEAR"]}