{"validation": 0.4075258421952852, "id_test": 0.40635205899668453, "ood_test": 0.48891578194620167, "ood_validation": 0.48784378437843784, "15": 0.38340490063053717, "16": 0.4153361664663156, "17": 0.3668138612379313, "18": 0.3409064835814573, "19": 0.42766892367355236, "20": 0.41708467008830286, "21": 0.5015643479646701, "22": 0.6436633344082554, "23": 0.6032750485706356, "id_test_conf": [0.4039542616531431, 0.4087532214839249], "id_test_balanced": 0.6486724019050598, "id_test_balanced_conf": [0.6472908495622687, 0.650053954247851], "ood_test_conf": [0.486490767593668, 0.4913411891148903], "ood_test_balanced": 0.7023590207099915, "ood_test_balanced_conf": [0.7010213018534706, 0.7036967395665124], "features": ["ENG", "POBP", "OCCP", "DIS", "ESP", "MIG", "MIL", "ANC", "NATIVITY", "DEAR", "DEYE", "DREM", "DPHY", "FER", "AGEP", "SEX", "ST", "MAR", "CIT", "RAC1P", "SCHL", "DIVISION", "ACS_YEAR"]}