{"validation": 0.903665005825339, "id_test": 0.9022030799739721, "ood_test": 0.880851531987458, "ood_validation": 0.8777227722772277, "15": 0.8685641312155798, "16": 0.8635355467890219, "17": 0.8653637452286506, "18": 0.8636479963288827, "19": 0.9214686703466826, "20": 0.9463677357282504, "21": 0.973477381960929, "22": 0.9804364183596689, "23": 0.9834582292534, "id_test_conf": [0.9007434476295331, 0.9036482434089705], "id_test_balanced": 0.643078088760376, "id_test_balanced_conf": [0.6417317136656493, 0.6444244638551027], "ood_test_conf": [0.8792719492831816, 0.8824176053758748], "ood_test_balanced": 0.6815801858901978, "ood_test_balanced_conf": [0.6801771539286711, 0.6829832178517244], "features": ["ENG", "POBP", "OCCP", "DIS", "ESP", "MIG", "MIL", "ANC", "NATIVITY", "DEAR", "DEYE", "DREM", "DPHY", "FER", "AGEP", "SEX", "ST", "MAR", "CIT", "RAC1P", "SCHL", "DIVISION", "ACS_YEAR"]}