{"validation": 0.24757690686894226, "id_test": 0.24549933380844668, "ood_test": 0.37922266840249125, "ood_validation": 0.3783278327832783, "15": 0.2517487429164339, "16": 0.29080812014289825, "17": 0.2299790434847691, "18": 0.23086121235119178, "19": 0.2109180753412876, "20": 0.25435608070861426, "21": 0.29086806633170886, "22": 0.23042746067576766, "23": 0.3504301970580072, "id_test_conf": [0.24340092288022283, 0.2476068921686124], "id_test_balanced": 0.566226065158844, "id_test_balanced_conf": [0.5649951836583205, 0.5674569466593675], "ood_test_conf": [0.37687074629672235, 0.38157887098016813], "ood_test_balanced": 0.6534543037414551, "ood_test_balanced_conf": [0.6522048212657683, 0.6547037862171419], "features": ["ENG", "POBP", "OCCP", "DIS", "ESP", "MIG", "MIL", "ANC", "NATIVITY", "DEAR", "DEYE", "DREM", "DPHY", "FER", "AGEP", "SEX", "ST", "MAR", "CIT", "RAC1P", "SCHL", "DIVISION", "ACS_YEAR"]}