{"validation": 0.1581951364616643, "id_test": 0.15785331391565705, "ood_test": 0.14241096258809005, "ood_validation": 0.1469196919691969, "15": 0.1652518157873733, "16": 0.1932851362104871, "17": 0.16739952099393757, "18": 0.15840518192327718, "19": 0.18436566639040486, "20": 0.13903507120039169, "21": 0.144750417299256, "22": 0.1254075746175069, "23": 0.13899528170968636, "id_test_conf": [0.15607742179800688, 0.159641508025677], "ood_test_conf": [0.14072087792407093, 0.14411372903490802], "features": ["ENG", "POBP", "RELP", "WKHP", "WKW", "WRK", "OCCP", "DIS", "ESP", "MIG", "MIL", "ANC", "NATIVITY", "DEAR", "DEYE", "DREM", "DPHY", "FER", "AGEP", "SEX", "ST", "MAR", "CIT", "RAC1P", "SCHL", "DIVISION", "ACS_YEAR"]}