{"validation": 0.9732406236831016, "id_test": 0.9725405137421373, "ood_test": 0.9612189889432862, "ood_validation": 0.9609460946094609, "train": 0.9724094711189126, "id_test_conf": [0.9717315353214286, 0.9733324537260087], "id_test_balanced": 0.6160941123962402, "id_test_balanced_conf": [0.615056990806479, 0.6171312339860014], "ood_test_conf": [0.9602721839681833, 0.9621494053594283], "ood_test_balanced": 0.6464666128158569, "ood_test_balanced_conf": [0.6453541551204398, 0.6475790705112741], "features": ["ENG", "POBP", "RELP", "WKHP", "WKW", "WRK", "OCCP", "DIS", "ESP", "MIG", "MIL", "ANC", "NATIVITY", "DEAR", "DEYE", "DREM", "DPHY", "FER", "AGEP", "SEX", "ST", "MAR", "CIT", "RAC1P", "SCHL", "DIVISION", "ACS_YEAR"]}