{"validation": 0.6312944973578458, "id_test": 0.6306513264479546, "ood_test": 0.6435430965209258, "ood_validation": 0.6405453467694131, "0": 0.4991714995857498, "2": 0.6265670450008556, "3": 0.637306644245672, "4": 0.6327771143315152, "5": 0.631688792643505, "6": 0.6385875868091087, "7": 0.6291185301545008, "8": 0.6388177461996034, "9": 0.617974970501612, "id_test_conf": [0.628266146736495, 0.6330317116023603], "id_test_balanced": 0.6433497667312622, "id_test_balanced_conf": [0.6416842698329128, 0.6450152636296116], "ood_test_conf": [0.6401239499337018, 0.646951269345414], "ood_test_balanced": 0.6445224285125732, "ood_test_balanced_conf": [0.642114786109887, 0.6469300709152594], "features": ["AGEP", "SEX", "RAC1P", "DIVISION"]}