{"validation": 0.6832579185520362, "id_test": 0.6839750405022276, "ood_test": 0.6632635586410401, "ood_validation": 0.6606994665085951, "0": 0.7022921844794255, "2": 0.6618490845833571, "3": 0.6905041684816192, "4": 0.6916373495142497, "5": 0.6799147914508992, "6": 0.7059746496936952, "7": 0.6939545180383502, "8": 0.7009149867812293, "9": 0.6659946298997519, "id_test_conf": [0.6816761799385966, 0.6862671492176698], "id_test_balanced": 0.6332772374153137, "id_test_balanced_conf": [0.6316710868710652, 0.6348833879595622], "ood_test_conf": [0.6598888886933543, 0.6666257467825085], "ood_test_balanced": 0.6307013034820557, "ood_test_balanced_conf": [0.6284101635450497, 0.6329924434190616], "features": ["AGEP", "SEX", "RAC1P", "DIVISION"]}