{"validation": 0.6888902952251369, "id_test": 0.6914046678817335, "ood_test": 0.6598648417225436, "ood_validation": 0.6596324836988737, "0": 0.7513117923225628, "2": 0.6635658472594536, "3": 0.6991298357932271, "4": 0.7046122066939935, "5": 0.6913269309230141, "6": 0.7232887178857462, "7": 0.7006621463084847, "8": 0.7082369464639788, "9": 0.6618230468350784, "id_test_conf": [0.6891205072256961, 0.6936818039401476], "id_test_balanced": 0.6128673553466797, "id_test_balanced_conf": [0.6113507051533088, 0.6143840055400506], "ood_test_conf": [0.6564820466760541, 0.6632354148785959], "ood_test_balanced": 0.6138812899589539, "ood_test_balanced_conf": [0.6117103730933741, 0.6160522068245337], "features": ["AGEP", "SEX", "RAC1P", "DIVISION"]}