{"validation": 0.6863019333607568, "id_test": 0.6868481672742001, "ood_test": 0.6589822291894455, "ood_validation": 0.6572614107883817, "0": 0.7355702844518089, "2": 0.6610619973763759, "3": 0.694292776320188, "4": 0.6987380176225673, "5": 0.6838182217619182, "6": 0.7147613005334752, "7": 0.6979976536557236, "8": 0.7036000495703899, "9": 0.6636161771947265, "id_test_conf": [0.6845549103383224, 0.689134566887723], "id_test_balanced": 0.6176519989967346, "id_test_balanced_conf": [0.6160971850994974, 0.6192068128939718], "ood_test_conf": [0.6555973557927979, 0.6623549481922707], "ood_test_balanced": 0.6182984113693237, "ood_test_balanced_conf": [0.616069956086576, 0.6205268666520715], "features": ["AGEP", "SEX", "RAC1P", "DIVISION"]}