{"validation": 0.6535898490649622, "id_test": 0.6570663730255164, "ood_test": 0.591429437103977, "ood_validation": 0.5903971547125074, "train": 0.6542432975272184, "id_test_conf": [0.6547198513797838, 0.6594071305824788], "id_test_balanced": 0.5029140114784241, "id_test_balanced_conf": [0.5020254692877643, 0.5038025536690839], "ood_test_conf": [0.5879225307047038, 0.5949293542491115], "ood_test_balanced": 0.5001913905143738, "ood_test_balanced_conf": [0.49906541670206933, 0.5013173643266782], "features": ["AGEP", "SEX", "RAC1P", "DIVISION"]}