{"validation": 0.6874980223396513, "id_test": 0.6897529364115026, "ood_test": 0.6557152454848441, "ood_validation": 0.6553645524599881, "train": 0.6869679611873212, "id_test_conf": [0.6874654485161096, 0.6920334603470608], "id_test_balanced": 0.6055054664611816, "id_test_balanced_conf": [0.6040115508437157, 0.6069993820786476], "ood_test_conf": [0.6523227920530501, 0.659095794357899], "ood_test_balanced": 0.6062890887260437, "ood_test_balanced_conf": [0.604154703207314, 0.6084234742447734], "features": ["AGEP", "SEX", "RAC1P", "DIVISION"]}