{"validation": 0.6860044932443122, "id_test": 0.6877468104495748, "ood_test": 0.6441885892690123, "ood_validation": 0.6437462951985774, "train": 0.6854222255271045, "id_test_conf": [0.685455327095958, 0.6900314034907806], "id_test_balanced": 0.5802828073501587, "id_test_balanced_conf": [0.5789162638387643, 0.5816493508615531], "ood_test_conf": [0.6407707975150873, 0.6475953579013536], "ood_test_balanced": 0.580901026725769, "ood_test_balanced_conf": [0.578970603691414, 0.5828314497601241], "features": ["AGEP", "SEX", "RAC1P", "DIVISION"]}