{"validation": 0.6764800810049679, "id_test": 0.6791717294451195, "ood_test": 0.6020339608225422, "ood_validation": 0.5981031416716064, "train": 0.6773557636400889, "id_test_conf": [0.6768637264666808, 0.6814731569041086], "id_test_balanced": 0.4999953508377075, "id_test_balanced_conf": [0.49998783329576324, 0.5000028683796518], "ood_test_conf": [0.5985415248767247, 0.6055185967765013], "ood_test_balanced": 0.5, "ood_test_balanced_conf": [0.5, 0.5], "features": ["AGEP", "SEX", "RAC1P", "DIVISION"]}