{"id_test": 0.6984166160388822, "id_test_conf": [0.6961469619627136, 0.7006789880906783], "id_test_balanced": 0.6235092282295227, "id_test_balanced_conf": [0.6219852947210893, 0.6250331617379561], "ood_test": 0.6653449434205846, "ood_test_conf": [0.6619753453036491, 0.6687019005553105], "ood_test_balanced": 0.623139500617981, "ood_test_balanced_conf": [0.6209350040648133, 0.6253439971711486], "validation": 0.6971236907888492, "validation_conf": [0.6948513078693468, 0.6993888391055987], "validation_balanced": 0.6236703395843506, "validation_balanced_conf": [0.622145011248067, 0.6251956679206342], "features": ["AGEP", "SEX", "RAC1P", "DIVISION"]}