{"id_test": 0.6986381125961928, "id_test_conf": [0.6963689269108122, 0.7009000081253077], "id_test_balanced": 0.6227512359619141, "id_test_balanced_conf": [0.6212311501521617, 0.6242713217716664], "ood_test": 0.6651341702783523, "ood_test_conf": [0.6617640552272573, 0.6684916604664194], "ood_test_balanced": 0.6222407817840576, "ood_test_balanced_conf": [0.620043098735623, 0.6244384648324922], "validation": 0.6972565895642818, "validation_conf": [0.6949844854194144, 0.6995214542272408], "validation_balanced": 0.6229162812232971, "validation_balanced_conf": [0.6213944082404487, 0.6244381542061456], "features": ["AGEP", "SEX", "RAC1P", "DIVISION"]}