{"id_test": 0.698353331308222, "id_test_conf": [0.6960835435210321, 0.7006158393944346], "id_test_balanced": 0.6209075450897217, "id_test_balanced_conf": [0.6193931159423665, 0.6224219742370769], "ood_test": 0.6646204107441609, "ood_test_conf": [0.6612490388140592, 0.6679791971016605], "ood_test_balanced": 0.6208996176719666, "ood_test_balanced_conf": [0.6187099784426391, 0.623089256901294], "validation": 0.6974780875233364, "validation_conf": [0.6952064485017391, 0.699742478931098], "validation_balanced": 0.6217378377914429, "validation_balanced_conf": [0.6202215588372201, 0.6232541167456657], "features": ["AGEP", "SEX", "RAC1P", "DIVISION"]}