{"validation": 0.6187450558491282, "id_test": 0.6193803159173754, "ood_test": 0.6387480075351398, "ood_validation": 0.6393598103141671, "train": 0.6177088780126617, "id_test_conf": [0.6169809915207211, 0.6217752594193544], "id_test_balanced": 0.6516425013542175, "id_test_balanced_conf": [0.6500112800742499, 0.6532737226341851], "ood_test_conf": [0.6353190070605512, 0.6421664009075418], "ood_test_balanced": 0.653185248374939, "ood_test_balanced_conf": [0.6508176712784917, 0.6555528254713863], "features": ["AGEP", "SEX", "RAC1P", "DIVISION"]}