{"validation": 0.6106635446001962, "id_test": 0.610064803564196, "ood_test": 0.6284859901727022, "ood_validation": 0.6250148192056906, "train": 0.6084265534287407, "id_test_conf": [0.6076548222953175, 0.6124707458211922], "id_test_balanced": 0.6510241627693176, "id_test_balanced_conf": [0.6494108189246617, 0.6526375066139736], "ood_test_conf": [0.6250371368801182, 0.6319250210281059], "ood_test_balanced": 0.6511309146881104, "ood_test_balanced_conf": [0.6487993258843199, 0.6534625034919008], "features": ["AGEP", "SEX", "RAC1P", "DIVISION"]}