{"validation": 0.685814637850837, "id_test": 0.6869430943701904, "ood_test": 0.662828839035186, "ood_validation": 0.6612922347362181, "0": 0.7116818558409279, "2": 0.6639822049848857, "3": 0.6922110680024717, "4": 0.6942409278206328, "5": 0.6834573015723566, "6": 0.7103952628491125, "7": 0.6971161175293127, "8": 0.7074520819563781, "9": 0.6666914422156773, "id_test_conf": [0.68465002431277, 0.6892293036203985], "id_test_balanced": 0.6290978193283081, "id_test_balanced_conf": [0.6275104902894236, 0.6306851483671926], "ood_test_conf": [0.6594531190064175, 0.6661921105030852], "ood_test_balanced": 0.6279391050338745, "ood_test_balanced_conf": [0.6256648999452591, 0.6302133101224899], "features": ["AGEP", "SEX", "RAC1P", "DIVISION"]}