{"validation": 0.6924152770306616, "id_test": 0.6941702106115837, "ood_test": 0.6541081002753224, "ood_validation": 0.6541790160047422, "train": 0.6920094009839233, "id_test_conf": [0.691891697319928, 0.6964415977766765], "id_test_balanced": 0.597844660282135, "id_test_balanced_conf": [0.5964148784521968, 0.5992744421120733], "ood_test_conf": [0.650711982966691, 0.6574924359261841], "ood_test_balanced": 0.6008757948875427, "ood_test_balanced_conf": [0.5987909546215087, 0.6029606351535768], "features": ["AGEP", "SEX", "RAC1P", "DIVISION"]}