{"validation": 0.6753979052621587, "id_test": 0.6753430032401783, "ood_test": 0.6650551303500152, "ood_validation": 0.6603438055720213, "0": 0.6670809168737918, "2": 0.6588946557919352, "3": 0.679974067283244, "4": 0.6778555982312882, "5": 0.6698717948717948, "6": 0.6906798739306619, "7": 0.6839991250919648, "8": 0.6905568407138136, "9": 0.6674950990867113, "id_test_conf": [0.673027913253974, 0.6776516582556807], "id_test_balanced": 0.6440904140472412, "id_test_balanced_conf": [0.6424490422173403, 0.6457317858771421], "ood_test_conf": [0.6616848216423993, 0.6684128202392945], "ood_test_balanced": 0.6426408886909485, "ood_test_balanced_conf": [0.6402944589918479, 0.6449873183900491], "features": ["AGEP", "SEX", "RAC1P", "DIVISION"]}