{"validation": 0.673524665379869, "id_test": 0.6740519947347104, "ood_test": 0.6628683589993545, "ood_validation": 0.6610551274451689, "0": 0.6289698978182823, "2": 0.6569497518964239, "3": 0.6824761692514967, "4": 0.6822128263886648, "5": 0.6701464080595048, "6": 0.6941317724748611, "7": 0.6805657738627853, "8": 0.6861058327825512, "9": 0.6579348341122147, "id_test_conf": [0.6717345548391511, 0.6763630470506201], "id_test_balanced": 0.6429942846298218, "id_test_balanced_conf": [0.6413513981807045, 0.644637171078939], "ood_test_conf": [0.6594927343010107, 0.6662315321145253], "ood_test_balanced": 0.6394221782684326, "ood_test_balanced_conf": [0.6370769811654463, 0.6417673753714189], "features": ["AGEP", "SEX", "RAC1P", "DIVISION"]}