{"validation": 0.6844223649653514, "id_test": 0.6850698663426489, "ood_test": 0.6624204660721108, "ood_validation": 0.6615293420272673, "0": 0.7076774371720519, "2": 0.6612331032909371, "3": 0.6921908080675061, "4": 0.6951984421564514, "5": 0.6801030976367574, "6": 0.707584626089804, "7": 0.6952668800912025, "8": 0.7013177461996034, "9": 0.6679782222924197, "id_test_conf": [0.6827731291014736, 0.687359811544133], "id_test_balanced": 0.6312209963798523, "id_test_balanced_conf": [0.6296225133957342, 0.6328194793639704], "ood_test_conf": [0.6590437625011935, 0.6657847523125543], "ood_test_balanced": 0.6278916597366333, "ood_test_balanced_conf": [0.6256140425335616, 0.630169276939705], "features": ["AGEP", "SEX", "RAC1P", "DIVISION"]}