{"validation": 0.5539663955953549, "id_test": 0.5505518428513568, "ood_test": 0.5982663909051389, "ood_validation": 0.602371072910492, "0": 0.34866059099696217, "2": 0.5702446814578224, "3": 0.5364628179543544, "4": 0.5155838147801483, "5": 0.5503405203527603, "6": 0.520445335843805, "7": 0.5424098413897781, "8": 0.5560351949768672, "9": 0.5902232586660225, "id_test_conf": [0.5480951147968426, 0.553006715884515], "id_test_balanced": 0.6371762156486511, "id_test_balanced_conf": [0.6357271086191758, 0.6386253226781264], "ood_test_conf": [0.5947686197544566, 0.6017566501055528], "ood_test_balanced": 0.6455955505371094, "ood_test_balanced_conf": [0.6434911831375212, 0.6476999179366976], "features": ["AGEP", "SEX", "RAC1P", "DIVISION"]}