{"validation": 0.6955858621016993, "id_test": 0.6975686006480356, "ood_test": 0.6620252664304251, "ood_validation": 0.6617664493183165, "train": 0.6953263250490657, "id_test_conf": [0.6952971590831958, 0.6998327913219211], "id_test_balanced": 0.6179879903793335, "id_test_balanced_conf": [0.6164812578842975, 0.6194947228743695], "ood_test_conf": [0.658647613714858, 0.665390532038405], "ood_test_balanced": 0.6172407865524292, "ood_test_balanced_conf": [0.6150591897731646, 0.6194223833316937], "features": ["AGEP", "SEX", "RAC1P", "DIVISION"]}