{"validation": 0.695712432364016, "id_test": 0.6979166666666666, "ood_test": 0.6637246248896734, "ood_validation": 0.6631890930646117, "train": 0.6950193928913563, "id_test_conf": [0.6956459576645239, 0.7001801119992332], "id_test_balanced": 0.6173491477966309, "id_test_balanced_conf": [0.6158467795862816, 0.6188515160069801], "ood_test_conf": [0.6603510721436713, 0.6670856605691343], "ood_test_balanced": 0.6172215342521667, "ood_test_balanced_conf": [0.6150618693325669, 0.6193811991717666], "features": ["AGEP", "SEX", "RAC1P", "DIVISION"]}