{"validation": 0.6969591494478372, "id_test": 0.6978850243013366, "ood_test": 0.665582063205596, "ood_validation": 0.6660343805572021, "train": 0.6957645735422898, "id_test_conf": [0.6956142486388637, 0.7001485374559272], "id_test_balanced": 0.6239088773727417, "id_test_balanced_conf": [0.6223810372967273, 0.6254367174487561], "ood_test_conf": [0.6622130475383994, 0.6689384197564768], "ood_test_balanced": 0.62328040599823, "ood_test_balanced_conf": [0.6210772305727005, 0.6254835814237595], "features": ["AGEP", "SEX", "RAC1P", "DIVISION"]}