{"validation": 0.6945733000031643, "id_test": 0.6956890441474282, "ood_test": 0.6687963536246394, "ood_validation": 0.6671013633669235, "train": 0.6938660241131599, "id_test_conf": [0.693413673336072, 0.6979572330719186], "id_test_balanced": 0.635276198387146, "id_test_balanced_conf": [0.6337042513582856, 0.6368481454160064], "ood_test_conf": [0.6654353275321252, 0.672144474780132], "ood_test_balanced": 0.6337423920631409, "ood_test_balanced_conf": [0.6314781919494271, 0.6360065921768546], "features": ["AGEP", "SEX", "RAC1P", "DIVISION"]}