{"validation": 0.6959845584279973, "id_test": 0.6974546881328473, "ood_test": 0.6629737455704707, "ood_validation": 0.6637818612922347, "train": 0.695558897354134, "id_test_conf": [0.6951830071550025, 0.6997191224018263], "id_test_balanced": 0.6185962557792664, "id_test_balanced_conf": [0.6170865125278943, 0.6201059990306385], "ood_test_conf": [0.6595983752151425, 0.6663366562831562], "ood_test_balanced": 0.6190215349197388, "ood_test_balanced_conf": [0.61683210789226, 0.6212109619472176], "features": ["AGEP", "SEX", "RAC1P", "DIVISION"]}