{"validation": 0.6969528209347214, "id_test": 0.6977394694208181, "ood_test": 0.6663197692034093, "ood_validation": 0.6656787196206283, "train": 0.6953010110566772, "id_test_conf": [0.6954683872849995, 0.7000032943925443], "id_test_balanced": 0.6248112916946411, "id_test_balanced_conf": [0.6232795804180205, 0.6263430029712618], "ood_test_conf": [0.6629525716934854, 0.6696742511796079], "ood_test_balanced": 0.6241286993026733, "ood_test_balanced_conf": [0.6219254405936226, 0.626331958011724], "features": ["AGEP", "SEX", "RAC1P", "DIVISION"]}