{"validation": 0.4633920296570899, "id_test": 0.4601851851851852, "ood_test": 0.4820447824250106, "ood_validation": 0.48328267477203646, "3": 0.46014319809069215, "id_test_conf": [0.4301401679284849, 0.49044768471821876], "id_test_balanced": 0.4913237690925598, "id_test_balanced_conf": [0.47125046905130147, 0.5113970691338181], "ood_test_conf": [0.47300557717679015, 0.4910928232322819], "ood_test_balanced": 0.4978179931640625, "ood_test_balanced_conf": [0.49187032354064286, 0.5037656627874821], "features": ["gender", "ethnicity", "height_mean_0", "weight_mean_0", "insurance"]}