{"validation": 0.541241890639481, "id_test": 0.5370370370370371, "ood_test": 0.518546683565695, "ood_validation": 0.5144376899696048, "3": 0.5373110580747812, "id_test_conf": [0.5067693850535608, 0.5671023816522507], "id_test_balanced": 0.5071556568145752, "id_test_balanced_conf": [0.4869995606318116, 0.5273117529973388], "ood_test_conf": [0.5094988863711265, 0.5275853541450717], "ood_test_balanced": 0.5030707716941833, "ood_test_balanced_conf": [0.49710686566308143, 0.5090346777252853], "features": ["gender", "ethnicity", "height_mean_0", "weight_mean_0", "insurance"]}