{"validation": 0.41056533827618164, "id_test": 0.42407407407407405, "ood_test": 0.47089142374313475, "ood_validation": 0.45896656534954405, "3": 0.4322991249005569, "id_test_conf": [0.3943782539439937, 0.4541846980465958], "id_test_balanced": 0.5006797909736633, "id_test_balanced_conf": [0.4867836465872824, 0.5145759353600442], "ood_test_conf": [0.4618644289060685, 0.4799327426735013], "ood_test_balanced": 0.5009713172912598, "ood_test_balanced_conf": [0.49631655017845333, 0.5056260844040662], "features": ["gender", "ethnicity", "height_mean_0", "weight_mean_0", "insurance"]}