{"validation": 0.40593141797961074, "id_test": 0.41944444444444445, "ood_test": 0.4687790452049007, "ood_validation": 0.45972644376899696, "3": 0.4273667462211615, "id_test_conf": [0.38980492074319567, 0.4495240780084001], "id_test_balanced": 0.5019499063491821, "id_test_balanced_conf": [0.48958614042028786, 0.5143136722780765], "ood_test_conf": [0.4597548697961126, 0.4778185842154902], "ood_test_balanced": 0.5020619630813599, "ood_test_balanced_conf": [0.4978876017872244, 0.5062363243754953], "features": ["gender", "ethnicity", "height_mean_0", "weight_mean_0", "insurance"]}