{"validation": 0.3753475440222428, "id_test": 0.39814814814814814, "ood_test": 0.4559357836924377, "ood_validation": 0.44224924012158057, "train": 0.4041000694927033, "id_test_conf": [0.36880198070023323, 0.4280508664453925], "id_test_balanced": 0.5, "id_test_balanced_conf": [0.5, 0.5], "ood_test_conf": [0.4469322358013647, 0.464961015519963], "ood_test_balanced": 0.5, "ood_test_balanced_conf": [0.5, 0.5], "features": ["gender", "ethnicity", "height_mean_0", "weight_mean_0", "insurance"]}