{"validation": 0.6255792400370713, "id_test": 0.5990740740740741, "ood_test": 0.543979721166033, "ood_validation": 0.5577507598784195, "3": 0.5934765314240255, "id_test_conf": [0.5691450513992746, 0.6284617372815253], "id_test_balanced": 0.4976923167705536, "id_test_balanced_conf": [0.49567110077943655, 0.49971353276167063], "ood_test_conf": [0.5349543756076551, 0.5529834243699008], "ood_test_balanced": 0.4999523460865021, "ood_test_balanced_conf": [0.4996918494073907, 0.5002128427656135], "features": ["gender", "ethnicity", "height_mean_0", "weight_mean_0", "insurance"]}