{"validation": 0.4726598702502317, "id_test": 0.48703703703703705, "ood_test": 0.5015631601182932, "ood_validation": 0.5045592705167173, "train": 0.47463516330785266, "id_test_conf": [0.45683420820538184, 0.5173106700557344], "id_test_balanced": 0.5136314630508423, "id_test_balanced_conf": [0.4932848360762, 0.5339780900254846], "ood_test_conf": [0.49251338760600427, 0.5106121634202376], "ood_test_balanced": 0.5026523470878601, "ood_test_balanced_conf": [0.49628456617705524, 0.509020127998665], "features": ["gender", "ethnicity", "height_mean_0", "weight_mean_0", "insurance"]}