{"id_test": 0.6607274878012717, "id_test_conf": [0.6550499626864041, 0.666370472858589], "id_test_balanced": 0.6258625984191895, "id_test_balanced_conf": [0.6220703672477975, 0.6296548295905814], "ood_test": 0.5909699164323919, "ood_test_conf": [0.5896303646073469, 0.5923084519267555], "ood_test_balanced": 0.6193261742591858, "ood_test_balanced_conf": [0.6184495917533058, 0.6202027567650658], "validation": 0.6590144541791431, "validation_conf": [0.6533301195242234, 0.6646646158183132], "validation_balanced": 0.6243244409561157, "validation_balanced_conf": [0.6205269978335127, 0.6281218840787187], "features": ["IYEAR", "BMI5CAT", "AGEG5YR", "SMOKE100", "DIABETES", "PRACE1", "SEX"]}