{"validation": 0.634172489002255, "id_test": 0.6391024693183498, "ood_test": 0.5094056943207191, "ood_validation": 0.5102646420824295, "train": 0.6329206925710801, "id_test_conf": [0.6333462628876608, 0.6448287846956029], "id_test_balanced": 0.6025363802909851, "id_test_balanced_conf": [0.5987239198945463, 0.6063488406874239], "ood_test_conf": [0.5080441269020242, 0.5107671566591269], "ood_test_balanced": 0.5568525791168213, "ood_test_balanced_conf": [0.5560648102720733, 0.5576403479615692], "features": ["IYEAR", "BMI5CAT", "AGEG5YR", "SMOKE100", "DIABETES", "PRACE1", "SEX"]}