{"validation": 0.6554656020110162, "id_test": 0.6599881709300606, "ood_test": 0.5933242322924982, "ood_validation": 0.5927982646420824, "train": 0.653483418125696, "id_test_conf": [0.6543077424708998, 0.665634218287948], "id_test_balanced": 0.6289831399917603, "id_test_balanced_conf": [0.6251368235889823, 0.6328294563945382], "ood_test_conf": [0.5919858687539526, 0.5946615531966771], "ood_test_balanced": 0.6188898086547852, "ood_test_balanced_conf": [0.6180018943420146, 0.6197777229675557], "features": ["IYEAR", "BMI5CAT", "AGEG5YR", "SMOKE100", "DIABETES", "PRACE1", "SEX"]}