{"validation": 0.2, "id_test": 0.19334415584415585, "ood_test": 0.34615384615384615, "ood_validation": 0.37748344370860926, "33": 0.19424594931449937, "id_test_conf": [0.18640310698467222, 0.20043038089677284], "id_test_balanced": 0.5368903279304504, "id_test_balanced_conf": [0.5345038541452959, 0.539276801715605], "ood_test_conf": [0.3207825457161485, 0.3721957706196028], "ood_test_balanced": 0.5231350660324097, "ood_test_balanced_conf": [0.5164925453346223, 0.529777586730197], "features": ["AccredAgency", "HIGHDEG", "CONTROL", "region", "LOCALE", "locale2", "CCBASIC", "HBCU", "DISTANCEONLY", "median_hh_inc", "poverty_rate", "unemp_rate", "TUITIONFEE_IN", "TUITIONFEE_OUT", "TUITIONFEE_PROG", "ADM_RATE", "ADM_RATE_ALL", "SATVRMID", "SATMTMID", "SATWRMID", "ACTCMMID", "ACTENMID", "ACTMTMID", "ACTWRMID", "NPT4_PROG", "COSTT4_A", "COSTT4_P", "loan_ever", "pell_ever", "PCIP38"]}