{"validation": 0.28187919463087246, "id_test": 0.2550335570469799, "ood_test": 0.528186052138148, "ood_validation": 0.5277626565051715, "train": 0.2936241610738255, "id_test_conf": [0.2065218173693059, 0.3084892588080364], "id_test_balanced": 0.5, "id_test_balanced_conf": [0.5, 0.5], "ood_test_conf": [0.5227879856002189, 0.5335791661973136], "ood_test_balanced": 0.4992454946041107, "ood_test_balanced_conf": [0.49894194713269824, 0.4995490420755232], "features": ["MARITAL_STATUS", "EDUCATION", "GENDER", "AGE", "ORIGIN", "HEALTHDISAB", "HEALTH_HEARING", "HEALTH_SEEING", "HEALTH_COGNITIVE", "HEALTH_AMBULATORY", "HEALTH_SELF_CARE", "HEALTH_ERRANDS_DIFFICULTY", "HEALTH_CORE_DISABILITY", "HEALTH_SUPPLEMENTAL_DISABILITY", "CITIZENSHIP_STATUS"]}