{"validation": 0.348993288590604, "id_test": 0.31208053691275167, "ood_test": 0.5920583076271699, "ood_validation": 0.5862819814915623, "train": 0.36073825503355705, "id_test_conf": [0.2598981792019944, 0.3680462732136761], "id_test_balanced": 0.5296348929405212, "id_test_balanced_conf": [0.5113373728096485, 0.547932413071394], "ood_test_conf": [0.5867381852462064, 0.5973622537996424], "ood_test_balanced": 0.5714425444602966, "ood_test_balanced_conf": [0.5688151020137593, 0.574069986906834], "features": ["MARITAL_STATUS", "EDUCATION", "GENDER", "AGE", "ORIGIN", "HEALTHDISAB", "HEALTH_HEARING", "HEALTH_SEEING", "HEALTH_COGNITIVE", "HEALTH_AMBULATORY", "HEALTH_SELF_CARE", "HEALTH_ERRANDS_DIFFICULTY", "HEALTH_CORE_DISABILITY", "HEALTH_SUPPLEMENTAL_DISABILITY", "CITIZENSHIP_STATUS"]}