{"validation": 0.7516778523489933, "id_test": 0.7516778523489933, "ood_test": 0.5411601040343555, "ood_validation": 0.5340228633641807, "train": 0.727768456375839, "id_test_conf": [0.6985855746324816, 0.7996888625874019], "id_test_balanced": 0.5261380076408386, "id_test_balanced_conf": [0.5106124989688396, 0.5416635163128376], "ood_test_conf": [0.5357706185465972, 0.546542357366758], "ood_test_balanced": 0.5629155039787292, "ood_test_balanced_conf": [0.5604379921779037, 0.5653930157795548], "features": ["MARITAL_STATUS", "EDUCATION", "GENDER", "AGE", "ORIGIN", "HEALTHDISAB", "HEALTH_HEARING", "HEALTH_SEEING", "HEALTH_COGNITIVE", "HEALTH_AMBULATORY", "HEALTH_SELF_CARE", "HEALTH_ERRANDS_DIFFICULTY", "HEALTH_CORE_DISABILITY", "HEALTH_SUPPLEMENTAL_DISABILITY", "CITIZENSHIP_STATUS"]}