{"validation": 0.6959339303230706, "id_test": 0.6974989874443094, "ood_test": 0.638273767965117, "ood_validation": 0.6374629519857735, "train": 0.6965208290648932, "id_test_conf": [0.6952273995519094, 0.6997633270014763], "id_test_balanced": 0.5290058851242065, "id_test_balanced_conf": [0.5284215843107085, 0.5295901859377046], "ood_test_conf": [0.6348438130290106, 0.6416931520616831], "ood_test_balanced": 0.5459128022193909, "ood_test_balanced_conf": [0.5448691531410441, 0.5469564512977376], "features": ["DIVISION", "AGEP", "SEX", "RAC1P", "POBP", "ST", "FER", "ENG", "CIT", "SCHL", "OCCP", "COW", "WKHP", "WKW", "WRK", "NWLA", "HINS2"]}