{"validation": 0.6900673986646837, "id_test": 0.6921450992304576, "ood_test": 0.6289734030641145, "ood_validation": 0.6277415530527564, "train": 0.6907033571891343, "id_test_conf": [0.6898624411626592, 0.6944207055179898], "id_test_balanced": 0.5204588770866394, "id_test_balanced_conf": [0.5199651882308536, 0.5209525659424252], "ood_test_conf": [0.6255254549414287, 0.6324114914813936], "ood_test_balanced": 0.5341156721115112, "ood_test_balanced_conf": [0.5332051365682855, 0.535026207654737], "features": ["DIVISION", "AGEP", "SEX", "RAC1P", "POBP", "ST", "FER", "ENG", "CIT", "SCHL", "OCCP", "COW", "WKHP", "WKW", "WRK", "NWLA", "HINS2"]}