{"validation": 0.6950479384868525, "id_test": 0.6911894997974889, "ood_test": 0.733095335326896, "ood_validation": 0.7308832246591582, "0": 0.8286384976525821, "2": 0.6770775109792961, "3": 0.6888681787331463, "4": 0.6605880644224252, "5": 0.7011776982707215, "6": 0.6952778573670064, "7": 0.6874391044123203, "8": 0.7017618142762723, "9": 0.7154450772532588, "id_test_conf": [0.6889049037782657, 0.6934670791183001], "id_test_balanced": 0.7569478154182434, "id_test_balanced_conf": [0.7555961222713813, 0.7582995085651055], "ood_test_conf": [0.7299331891386333, 0.7362396577843482], "ood_test_balanced": 0.7680699825286865, "ood_test_balanced_conf": [0.766129816006869, 0.770010149050504], "features": ["DIVISION", "AGEP", "SEX", "RAC1P", "POBP", "ST", "FER", "ENG", "CIT", "SCHL", "OCCP", "COW", "WKHP", "WKW", "WRK", "NWLA", "HINS2"]}