{"validation": 0.5129639591178052, "id_test": 0.5100243013365735, "ood_test": 0.6035093728181686, "ood_validation": 0.6040308239478364, "0": 0.5648991991162662, "2": 0.5343865852962985, "3": 0.4921847300870164, "4": 0.48036019752767645, "5": 0.5114788312462731, "6": 0.47187316660526923, "7": 0.49130063033147087, "8": 0.5110810475875743, "9": 0.5580769838246634, "id_test_conf": [0.5075561801769726, 0.5124920546532648], "id_test_balanced": 0.637549638748169, "id_test_balanced_conf": [0.6364228853792884, 0.6386763921170495], "ood_test_conf": [0.6000190847783076, 0.6069917480656914], "ood_test_balanced": 0.6692095398902893, "ood_test_balanced_conf": [0.6674836849141866, 0.670935394866392], "features": ["DIVISION", "AGEP", "SEX", "RAC1P", "POBP", "ST", "FER", "ENG", "CIT", "SCHL", "OCCP", "COW", "WKHP", "WKW", "WRK", "NWLA", "HINS2"]}