{"validation": 0.8187387273360124, "id_test": 0.8182209396516809, "ood_test": 0.80903953313749, "ood_validation": 0.8052163604030824, "train": 0.8198600927283184, "id_test_conf": [0.8163104062037011, 0.8201197900712169], "id_test_balanced": 0.7826323509216309, "id_test_balanced_conf": [0.7812366313673555, 0.7840280704759062], "ood_test_conf": [0.806225059331431, 0.8118303679196421], "ood_test_balanced": 0.7939422130584717, "ood_test_balanced_conf": [0.7919419434433803, 0.795942482673563], "features": ["DIVISION", "AGEP", "SEX", "RAC1P", "POBP", "ST", "FER", "ENG", "CIT", "SCHL", "OCCP", "COW", "WKHP", "WKW", "WRK", "NWLA", "HINS2"]}