{"validation": 0.8012783596494004, "id_test": 0.8005328574321587, "ood_test": 0.7908208296557812, "ood_validation": 0.7909899229401304, "train": 0.8010739461270778, "id_test_conf": [0.7985539306269458, 0.8025007514482201], "id_test_balanced": 0.7668161392211914, "id_test_balanced_conf": [0.7653787983278744, 0.7682534801145084], "ood_test_conf": [0.7879098516033014, 0.7937095645912158], "ood_test_balanced": 0.7865756750106812, "ood_test_balanced_conf": [0.7845173191325739, 0.7886340308887884], "features": ["DIVISION", "AGEP", "SEX", "RAC1P", "POBP", "ST", "FER", "ENG", "CIT", "SCHL", "OCCP", "COW", "WKHP", "WKW", "WRK", "NWLA", "HINS2"]}