{"id_test": 0.8200118975293641, "id_test_conf": [0.8181086518711058, 0.8219033943068307], "id_test_balanced": 0.7807191610336304, "id_test_balanced_conf": [0.7793281616014428, 0.7821101604658179], "ood_test": 0.8003846609845741, "ood_test_conf": [0.7975231913726465, 0.8032231547892423], "ood_test_balanced": 0.7738059759140015, "ood_test_balanced_conf": [0.7718060727464036, 0.7758058790815994], "validation": 0.8209600354396734, "validation_conf": [0.8190606700945042, 0.822847616965832], "validation_balanced": 0.7827329635620117, "validation_balanced_conf": [0.781345639899373, 0.7841202872246504], "features": ["DIVISION", "AGEP", "SEX", "RAC1P", "POBP", "ST", "FER", "ENG", "CIT", "SCHL", "OCCP", "COW", "WKHP", "WKW", "WRK", "NWLA", "HINS2"]}