{"validation": 0.5873746163338923, "id_test": 0.5835105305791819, "ood_test": 0.6450712018021104, "ood_validation": 0.6418494368701838, "0": 0.660038663352665, "2": 0.5918382478754349, "3": 0.582650404692201, "4": 0.5458369643567978, "5": 0.5882724476665725, "6": 0.5520308897166168, "7": 0.5789107394961325, "8": 0.5954643093192333, "9": 0.6125305436065147, "id_test_conf": [0.5810751941236081, 0.5859428025330133], "id_test_balanced": 0.6888336539268494, "id_test_balanced_conf": [0.6875864734989591, 0.6900808343547397], "ood_test_conf": [0.6416552735054553, 0.6484760394862514], "ood_test_balanced": 0.7024819254875183, "ood_test_balanced_conf": [0.7006692671775818, 0.7042945837974548], "features": ["DIVISION", "AGEP", "SEX", "RAC1P", "POBP", "ST", "FER", "ENG", "CIT", "SCHL", "OCCP", "COW", "WKHP", "WKW", "WRK", "NWLA", "HINS2"]}