{"validation": 0.7846786697465431, "id_test": 0.7835978635074929, "ood_test": 0.7951943723571024, "ood_validation": 0.791108476585655, "0": 0.8900856117094725, "2": 0.7807962128557577, "3": 0.7827172624775874, "4": 0.776199851531485, "5": 0.792384584000251, "6": 0.7921356746210416, "7": 0.7812796192824428, "8": 0.784565019828156, "9": 0.7855304599890368, "id_test_conf": [0.7815591368054384, 0.7856261797713504], "id_test_balanced": 0.7986140251159668, "id_test_balanced_conf": [0.7972234645765275, 0.8000045856554061], "ood_test_conf": [0.7923057269383321, 0.7980604396214086], "ood_test_balanced": 0.8011982440948486, "ood_test_balanced_conf": [0.7991961449803785, 0.8032003432093188], "features": ["DIVISION", "AGEP", "SEX", "RAC1P", "POBP", "ST", "FER", "ENG", "CIT", "SCHL", "OCCP", "COW", "WKHP", "WKW", "WRK", "NWLA", "HINS2"]}