{"validation": 0.766452551972914, "id_test": 0.7639099837991089, "ood_test": 0.7855119811358038, "ood_validation": 0.785773562537048, "0": 0.8544600938967136, "2": 0.7543204243426681, "3": 0.7674817913834496, "4": 0.7444404996288287, "5": 0.7643505005806107, "6": 0.7604682575416479, "7": 0.7600299589721157, "8": 0.7719245703899538, "9": 0.7887079241496567, "id_test_conf": [0.7618080814192854, 0.7660021990580771], "id_test_balanced": 0.7932947278022766, "id_test_balanced_conf": [0.7919121422874741, 0.7946773133170791], "ood_test_conf": [0.782574572760995, 0.7884275530336435], "ood_test_balanced": 0.8009324669837952, "ood_test_balanced_conf": [0.7989601924968883, 0.802904741470702], "features": ["DIVISION", "AGEP", "SEX", "RAC1P", "POBP", "ST", "FER", "ENG", "CIT", "SCHL", "OCCP", "COW", "WKHP", "WKW", "WRK", "NWLA", "HINS2"]}