{"validation": 0.7676106698731133, "id_test": 0.7651883353584447, "ood_test": 0.7897537906232298, "ood_validation": 0.789330171902786, "0": 0.884009942004971, "2": 0.7553926880739178, "3": 0.7659471013098048, "4": 0.7553604664923775, "5": 0.7713688290493677, "6": 0.770892172513064, "7": 0.7745786191034844, "8": 0.7645199933906147, "9": 0.7715802774242101, "id_test_conf": [0.763090339516447, 0.7672765971196378], "id_test_balanced": 0.7945064306259155, "id_test_balanced_conf": [0.7931268455996178, 0.7958860156522133], "ood_test_conf": [0.7868374411174619, 0.7926479787476196], "ood_test_balanced": 0.8011229038238525, "ood_test_balanced_conf": [0.7991347107756883, 0.8031110968720168], "features": ["DIVISION", "AGEP", "SEX", "RAC1P", "POBP", "ST", "FER", "ENG", "CIT", "SCHL", "OCCP", "COW", "WKHP", "WKW", "WRK", "NWLA", "HINS2"]}