{"validation": 0.7854317628073284, "id_test": 0.7853761644390441, "ood_test": 0.7932315474700636, "ood_validation": 0.7965619442797865, "0": 0.8888428610880972, "2": 0.7768778874123082, "3": 0.790684481902813, "4": 0.7790078430106833, "5": 0.785354486394878, "6": 0.7929270189513323, "7": 0.7862573157556355, "8": 0.7871468109715797, "9": 0.7941012514749194, "id_test_conf": [0.7833434714425466, 0.7873983816539813], "id_test_balanced": 0.7983359098434448, "id_test_balanced_conf": [0.7969426682591438, 0.7997291514277458], "ood_test_conf": [0.7903328159828198, 0.7961078511704774], "ood_test_balanced": 0.8020084500312805, "ood_test_balanced_conf": [0.8000156807247549, 0.8040012193378061], "features": ["DIVISION", "AGEP", "SEX", "RAC1P", "POBP", "ST", "FER", "ENG", "CIT", "SCHL", "OCCP", "COW", "WKHP", "WKW", "WRK", "NWLA", "HINS2"]}