{"validation": 0.8217764136316172, "id_test": 0.8209295261239368, "ood_test": 0.8074982545349159, "ood_validation": 0.8091286307053942, "train": 0.8235424875585683, "id_test_conf": [0.819030041456349, 0.8228172281690249], "id_test_balanced": 0.7820348739624023, "id_test_balanced_conf": [0.7806460523372516, 0.7834236955875531], "ood_test_conf": [0.804675254259027, 0.810297733906079], "ood_test_balanced": 0.7882188558578491, "ood_test_balanced_conf": [0.7862193474313244, 0.7902183642843739], "features": ["DIVISION", "AGEP", "SEX", "RAC1P", "POBP", "ST", "FER", "ENG", "CIT", "SCHL", "OCCP", "COW", "WKHP", "WKW", "WRK", "NWLA", "HINS2"]}