{"validation": 0.5037749580736006, "id_test": 0.49984811664641554, "ood_test": 0.5944988209877357, "ood_validation": 0.5959691760521636, "0": 0.4752830709748688, "2": 0.5227228654537158, "3": 0.4898447075984886, "4": 0.465879138021926, "5": 0.5099919969871011, "6": 0.46165390965030767, "7": 0.4792772729381665, "8": 0.4980688202247191, "9": 0.5376836100452463, "id_test_conf": [0.4973796868099769, 0.5023165520562296], "id_test_balanced": 0.6304587721824646, "id_test_balanced_conf": [0.629355465406552, 0.6315620789583772], "ood_test_conf": [0.5909959288712348, 0.5979944891921061], "ood_test_balanced": 0.6620907783508301, "ood_test_balanced_conf": [0.6603922390006483, 0.6637893177010119], "features": ["DIVISION", "AGEP", "SEX", "RAC1P", "POBP", "ST", "FER", "ENG", "CIT", "SCHL", "OCCP", "COW", "WKHP", "WKW", "WRK", "NWLA", "HINS2"]}