{"validation": 0.8189032686770243, "id_test": 0.817588092345079, "ood_test": 0.804297137437262, "ood_validation": 0.8037937166567872, "train": 0.819587967310143, "id_test_conf": [0.8156750002277532, 0.8194895247026719], "id_test_balanced": 0.7866315245628357, "id_test_balanced_conf": [0.7852352666319348, 0.7880277824937366], "ood_test_conf": [0.8014566478704849, 0.8071143514067207], "ood_test_balanced": 0.7826542854309082, "ood_test_balanced_conf": [0.7806493800040335, 0.7846591908577829], "features": ["DIVISION", "AGEP", "SEX", "RAC1P", "POBP", "ST", "FER", "ENG", "CIT", "SCHL", "OCCP", "COW", "WKHP", "WKW", "WRK", "NWLA", "HINS2"]}