{"validation": 0.8195108059361453, "id_test": 0.8181639833940867, "ood_test": 0.796748824281066, "ood_validation": 0.7962062833432128, "train": 0.819604579617648, "id_test_conf": [0.8162532193139758, 0.8200630665399534], "id_test_balanced": 0.7796761989593506, "id_test_balanced_conf": [0.7782805233285762, 0.781071874590125], "ood_test_conf": [0.7938682403993911, 0.7996067109199099], "ood_test_balanced": 0.769445538520813, "ood_test_balanced_conf": [0.7674366014869883, 0.7714544755546376], "features": ["DIVISION", "AGEP", "SEX", "RAC1P", "POBP", "ST", "FER", "ENG", "CIT", "SCHL", "OCCP", "COW", "WKHP", "WKW", "WRK", "NWLA", "HINS2"]}