{"validation": 0.8192576654115116, "id_test": 0.8188727723774808, "ood_test": 0.7944566663592891, "ood_validation": 0.7938352104327208, "train": 0.8199510648884641, "id_test_conf": [0.8169648833563261, 0.820768954403058], "id_test_balanced": 0.7736982703208923, "id_test_balanced_conf": [0.7723071669554338, 0.7750893736863509], "ood_test_conf": [0.7915642180361335, 0.7973265930428564], "ood_test_balanced": 0.763216495513916, "ood_test_balanced_conf": [0.7612215672247111, 0.7652114238031209], "features": ["DIVISION", "AGEP", "SEX", "RAC1P", "POBP", "ST", "FER", "ENG", "CIT", "SCHL", "OCCP", "COW", "WKHP", "WKW", "WRK", "NWLA", "HINS2"]}