{"validation": 0.8166503180077841, "id_test": 0.8161198865937627, "ood_test": 0.8095928126358499, "ood_validation": 0.8075874333135744, "train": 0.8179425578048971, "id_test_conf": [0.8142008913140886, 0.8180272760957843], "id_test_balanced": 0.7902238368988037, "id_test_balanced_conf": [0.7888268474419601, 0.7916208263556473], "ood_test_conf": [0.806781416548655, 0.8123805272960479], "ood_test_balanced": 0.7969486713409424, "ood_test_balanced_conf": [0.7949493018724024, 0.7989480408094823], "features": ["DIVISION", "AGEP", "SEX", "RAC1P", "POBP", "ST", "FER", "ENG", "CIT", "SCHL", "OCCP", "COW", "WKHP", "WKW", "WRK", "NWLA", "HINS2"]}