{"validation": 0.8184286301933361, "id_test": 0.8182462535439449, "ood_test": 0.8091580930299956, "ood_validation": 0.808891523414345, "train": 0.8199107207130951, "id_test_conf": [0.8163358226215087, 0.8201450005071815], "id_test_balanced": 0.7816102504730225, "id_test_balanced_conf": [0.7802145848819054, 0.7830059160641395], "ood_test_conf": [0.8063442779794581, 0.8119482599703112], "ood_test_balanced": 0.7923969030380249, "ood_test_balanced_conf": [0.7903989550936967, 0.7943948509823531], "features": ["DIVISION", "AGEP", "SEX", "RAC1P", "POBP", "ST", "FER", "ENG", "CIT", "SCHL", "OCCP", "COW", "WKHP", "WKW", "WRK", "NWLA", "HINS2"]}