{"validation": 0.819282979463975, "id_test": 0.818239925070879, "ood_test": 0.8051665766489705, "ood_validation": 0.807113218731476, "train": 0.8197707026926968, "id_test_conf": [0.816329468515769, 0.8201386978994816], "id_test_balanced": 0.7784935832023621, "id_test_balanced_conf": [0.7770983720198273, 0.7798887943848968], "ood_test_conf": [0.8023308081663889, 0.8079790029097689], "ood_test_balanced": 0.7842347621917725, "ood_test_balanced_conf": [0.7822309239348396, 0.7862386004487053], "features": ["DIVISION", "AGEP", "SEX", "RAC1P", "POBP", "ST", "FER", "ENG", "CIT", "SCHL", "OCCP", "COW", "WKHP", "WKW", "WRK", "NWLA", "HINS2"]}