{"validation": 0.8194475208049868, "id_test": 0.8183158667476711, "ood_test": 0.807221614785736, "ood_validation": 0.8042679312388856, "train": 0.8203189088403581, "id_test_conf": [0.8164057178414986, 0.8202143291350651], "id_test_balanced": 0.781229555606842, "id_test_balanced_conf": [0.7798340825946071, 0.782625028619077], "ood_test_conf": [0.8043970914322991, 0.8100226384347547], "ood_test_balanced": 0.7866146564483643, "ood_test_balanced_conf": [0.7846173603972421, 0.7886119524994865], "features": ["DIVISION", "AGEP", "SEX", "RAC1P", "POBP", "ST", "FER", "ENG", "CIT", "SCHL", "OCCP", "COW", "WKHP", "WKW", "WRK", "NWLA", "HINS2"]}