{"validation": 0.8180046198145746, "id_test": 0.8174362089914945, "ood_test": 0.8082886538182872, "ood_validation": 0.8073503260225252, "train": 0.818804815670627, "id_test_conf": [0.815522504070205, 0.8193382597374884], "id_test_balanced": 0.7862699031829834, "id_test_balanced_conf": [0.7848731851391494, 0.7876666212268174], "ood_test_conf": [0.8054700174407465, 0.8110837087178424], "ood_test_balanced": 0.7897897958755493, "ood_test_balanced_conf": [0.7877915531303734, 0.7917880386207252], "features": ["DIVISION", "AGEP", "SEX", "RAC1P", "POBP", "ST", "FER", "ENG", "CIT", "SCHL", "OCCP", "COW", "WKHP", "WKW", "WRK", "NWLA", "HINS2"]}