{"validation": 0.8122203588266936, "id_test": 0.8123734305386796, "ood_test": 0.7917561354744371, "ood_validation": 0.7909899229401304, "train": 0.8132776636450725, "id_test_conf": [0.8104395781495211, 0.8142958148893775], "id_test_balanced": 0.7631371021270752, "id_test_balanced_conf": [0.7617343235528097, 0.7645398807013407], "ood_test_conf": [0.7888498904768783, 0.7946400657083924], "ood_test_balanced": 0.7605640888214111, "ood_test_balanced_conf": [0.7585599133232609, 0.7625682643195614], "features": ["DIVISION", "AGEP", "SEX", "RAC1P", "POBP", "ST", "FER", "ENG", "CIT", "SCHL", "OCCP", "COW", "WKHP", "WKW", "WRK", "NWLA", "HINS2"]}