{"validation": 0.8118912761446698, "id_test": 0.8103483191575537, "ood_test": 0.7953656255351662, "ood_validation": 0.7918197984588026, "train": 0.8125063779394884, "id_test_conf": [0.8084065573819736, 0.8122786873435512], "id_test_balanced": 0.75445955991745, "id_test_balanced_conf": [0.753060922017321, 0.7558581978175789], "ood_test_conf": [0.7924778650371931, 0.7982307947590033], "ood_test_balanced": 0.7649643421173096, "ood_test_balanced_conf": [0.7629673940315843, 0.7669612902030348], "features": ["DIVISION", "AGEP", "SEX", "RAC1P", "POBP", "ST", "FER", "ENG", "CIT", "SCHL", "OCCP", "COW", "WKHP", "WKW", "WRK", "NWLA", "HINS2"]}