{"validation": 0.8145429231402082, "id_test": 0.81318347509113, "ood_test": 0.7966829576741183, "ood_validation": 0.7963248369887374, "train": 0.8141763103748607, "id_test_conf": [0.8112528101826258, 0.8151026421807], "id_test_balanced": 0.7705246210098267, "id_test_balanced_conf": [0.7691185345966369, 0.7719307074230164], "ood_test_conf": [0.793802030868086, 0.7995411922835329], "ood_test_balanced": 0.76963210105896, "ood_test_balanced_conf": [0.767621723334305, 0.7716424787836149], "features": ["DIVISION", "AGEP", "SEX", "RAC1P", "POBP", "ST", "FER", "ENG", "CIT", "SCHL", "OCCP", "COW", "WKHP", "WKW", "WRK", "NWLA", "HINS2"]}