{"validation": 0.8112457678068538, "id_test": 0.810126822600243, "ood_test": 0.7851826481010657, "ood_validation": 0.7860106698280972, "train": 0.8115705512833798, "id_test_conf": [0.8081842008444577, 0.8120580589090942], "id_test_balanced": 0.7507838010787964, "id_test_balanced_conf": [0.7493905726145021, 0.7521770295430906], "ood_test_conf": [0.7822436242060826, 0.7880998607432657], "ood_test_balanced": 0.7493430376052856, "ood_test_balanced_conf": [0.7473499981407076, 0.7513360770698637], "features": ["DIVISION", "AGEP", "SEX", "RAC1P", "POBP", "ST", "FER", "ENG", "CIT", "SCHL", "OCCP", "COW", "WKHP", "WKW", "WRK", "NWLA", "HINS2"]}