{"validation": 0.8132265924121128, "id_test": 0.8128037667071689, "ood_test": 0.798869729024779, "ood_validation": 0.7978660343805573, "train": 0.8139587682527729, "id_test_conf": [0.8108716059705134, 0.8147244435845519], "id_test_balanced": 0.771780252456665, "id_test_balanced_conf": [0.7703725041379221, 0.773188000775408], "ood_test_conf": [0.7960002508267388, 0.801716347487315], "ood_test_balanced": 0.7749937772750854, "ood_test_balanced_conf": [0.7729773506568745, 0.7770102038932964], "features": ["DIVISION", "AGEP", "SEX", "RAC1P", "POBP", "ST", "FER", "ENG", "CIT", "SCHL", "OCCP", "COW", "WKHP", "WKW", "WRK", "NWLA", "HINS2"]}