{"validation": 0.8111128690314211, "id_test": 0.8108292831105711, "ood_test": 0.7851431281368971, "ood_validation": 0.7849436870183758, "train": 0.8114590115044185, "id_test_conf": [0.808889392178449, 0.8127577627717941], "id_test_balanced": 0.7521336078643799, "id_test_balanced_conf": [0.750740745163057, 0.7535264705657028], "ood_test_conf": [0.7822039105666881, 0.7880605374812126], "ood_test_balanced": 0.7494336366653442, "ood_test_balanced_conf": [0.7474394652293995, 0.751427808101289], "features": ["DIVISION", "AGEP", "SEX", "RAC1P", "POBP", "ST", "FER", "ENG", "CIT", "SCHL", "OCCP", "COW", "WKHP", "WKW", "WRK", "NWLA", "HINS2"]}