{"validation": 0.8112331107806221, "id_test": 0.8102090927501012, "ood_test": 0.7927177879358722, "ood_validation": 0.7930053349140486, "train": 0.811088003303476, "id_test_conf": [0.8082667902984519, 0.8121400067304096], "id_test_balanced": 0.7685275077819824, "id_test_balanced_conf": [0.7671140131284483, 0.7699410024355166], "ood_test_conf": [0.7898164335470458, 0.7955967538946325], "ood_test_balanced": 0.7656432390213013, "ood_test_balanced_conf": [0.7636196614289656, 0.7676668166136369], "features": ["DIVISION", "AGEP", "SEX", "RAC1P", "POBP", "ST", "FER", "ENG", "CIT", "SCHL", "OCCP", "COW", "WKHP", "WKW", "WRK", "NWLA", "HINS2"]}