{"validation": 0.8205423535740278, "id_test": 0.8198157148643176, "ood_test": 0.7971571972441411, "ood_validation": 0.7967990515708357, "train": 0.8216558040633705, "id_test_conf": [0.817911667510923, 0.8217080205505684], "id_test_balanced": 0.7759484052658081, "id_test_balanced_conf": [0.7745587461278773, 0.7773380644037389], "ood_test_conf": [0.7942787421375164, 0.8000129238212244], "ood_test_balanced": 0.7687299847602844, "ood_test_balanced_conf": [0.7667281074309722, 0.7707318620895967], "features": ["DIVISION", "AGEP", "SEX", "RAC1P", "POBP", "ST", "FER", "ENG", "CIT", "SCHL", "OCCP", "COW", "WKHP", "WKW", "WRK", "NWLA", "HINS2"]}