{"validation": 0.4516849666170933, "id_test": 0.44905579181855004, "ood_test": 0.4811819103950679, "ood_validation": 0.48156490812092473, "0": 0.6431924882629108, "2": 0.5421262761649461, "3": 0.3998500764812545, "4": 0.43869218603750443, "5": 0.39139440730628, "6": 0.4830884259069761, "7": 0.37648220688923795, "8": 0.4062190185062789, "9": 0.5527765648081908, "id_test_conf": [0.446601123353546, 0.4515123297031832], "id_test_balanced": 0.5091676115989685, "id_test_balanced_conf": [0.5075256994529628, 0.5108095237449742], "ood_test_conf": [0.47762176830819175, 0.48474349095869984], "ood_test_balanced": 0.5049660205841064, "ood_test_balanced_conf": [0.5025203128205612, 0.5074117283476517], "features": ["DIVISION", "AGEP", "SEX", "RAC1P", "POBP", "ST", "FER", "ENG", "CIT", "SCHL", "OCCP", "COW", "WKHP", "WKW", "WRK", "NWLA", "HINS2"]}