{"validation": 0.3238047020852451, "id_test": 0.32105609558525716, "ood_test": 0.3980187324630159, "ood_validation": 0.4020154119739182, "0": 0.15064899199116266, "2": 0.36861347173900644, "3": 0.3036356453295785, "4": 0.2789163950123186, "5": 0.32225465273200893, "6": 0.25995661250051166, "7": 0.30299656002067965, "8": 0.30683038664904166, "9": 0.37213494002768666, "id_test_conf": [0.3187542331022918, 0.3233645252243674], "id_test_balanced": 0.499906986951828, "id_test_balanced_conf": [0.49980168830166805, 0.500012285601988], "ood_test_conf": [0.3945340163804366, 0.4015112445088753], "ood_test_balanced": 0.5000045299530029, "ood_test_balanced_conf": [0.4999272321211174, 0.5000818277848884], "features": ["DIVISION", "AGEP", "SEX", "RAC1P", "POBP", "ST", "FER", "ENG", "CIT", "SCHL", "OCCP", "COW", "WKHP", "WKW", "WRK", "NWLA", "HINS2"]}