{"validation": 0.9083603896103896, "id_test": 0.9096590909090909, "ood_test": 0.7189349112426036, "ood_validation": 0.6821192052980133, "train": 0.9108121271155485, "id_test_conf": [0.9044591954225021, 0.9146644897691101], "id_test_balanced": 0.6766228079795837, "id_test_balanced_conf": [0.6722757057100535, 0.680969910249114], "ood_test_conf": [0.6941457330411511, 0.7427687019338141], "ood_test_balanced": 0.5554670095443726, "ood_test_balanced_conf": [0.5461886329390109, 0.5647453861497342], "features": ["AccredAgency", "HIGHDEG", "CONTROL", "region", "LOCALE", "locale2", "CCBASIC", "HBCU", "DISTANCEONLY", "median_hh_inc", "poverty_rate", "unemp_rate", "TUITIONFEE_IN", "TUITIONFEE_OUT", "TUITIONFEE_PROG", "ADM_RATE", "ADM_RATE_ALL", "SATVRMID", "SATMTMID", "SATWRMID", "ACTCMMID", "ACTENMID", "ACTMTMID", "ACTWRMID", "NPT4_PROG", "COSTT4_A", "COSTT4_P", "loan_ever", "pell_ever", "pct_black"]}