{"validation": 0.7524005748661401, "id_test": 0.7486137253904461, "ood_test": 0.7212038135766603, "ood_validation": 0.721782360522924, "0": 0.4824702800725368, "1": 0.8037241486549526, "2": 0.7528238374267547, "3": 0.7557194335037292, "4": 0.8176768177760143, "5": 0.7100459951931568, "7": 0.7349594259744225, "8": 0.7563045249498221, "9": 0.7856803832893028, "id_test_conf": [0.7455660191210769, 0.7516430781057891], "id_test_balanced": 0.6018669605255127, "id_test_balanced_conf": [0.5997510144347324, 0.603982906616293], "ood_test_conf": [0.7172052832949487, 0.7251760581562927], "ood_test_balanced": 0.5818835496902466, "ood_test_balanced_conf": [0.5792131867958232, 0.5845539125846699], "features": ["AGEP", "SEX", "RAC1P", "POBP", "DIS", "ANC", "NATIVITY", "DEAR", "DEYE", "DREM", "ST", "DIVISION"]}