{"validation": 0.7314917267605275, "id_test": 0.7299562496820471, "ood_test": 0.6886124636850935, "ood_validation": 0.6882710366415025, "0": 0.48257102558936127, "1": 0.785025656974032, "2": 0.7513651664381, "3": 0.7558870359507249, "4": 0.7967959527824621, "5": 0.7116124425060085, "7": 0.6521555318074524, "8": 0.7166590489060233, "9": 0.758894908879237, "id_test_conf": [0.7268381356524032, 0.7330573885963385], "id_test_balanced": 0.6193012595176697, "id_test_balanced_conf": [0.6170703707588836, 0.6215321482764558], "ood_test_conf": [0.684485968349763, 0.6927165485636657], "ood_test_balanced": 0.5888940095901489, "ood_test_balanced_conf": [0.5860184281133115, 0.5917695910669863], "features": ["AGEP", "SEX", "RAC1P", "POBP", "DIS", "ANC", "NATIVITY", "DEAR", "DEYE", "DREM", "ST", "DIVISION"]}