{"validation": 0.8149109084665573, "id_test": 0.8116065523732003, "ood_test": 0.7783870043782479, "ood_validation": 0.7851224452218745, "train": 0.812081689236238, "id_test_conf": [0.808855555291931, 0.8143345385754114], "id_test_balanced": 0.5165138840675354, "id_test_balanced_conf": [0.5157828888576478, 0.517244879277423], "ood_test_conf": [0.7746782743954743, 0.7820626446264162], "ood_test_balanced": 0.5183311700820923, "ood_test_balanced_conf": [0.517171795584727, 0.5194905445794575], "features": ["AGEP", "SEX", "RAC1P", "POBP", "DIS", "ANC", "NATIVITY", "DEAR", "DEYE", "DREM", "ST", "DIVISION"]}