{"validation": 0.8149872181311764, "id_test": 0.8122424581573994, "ood_test": 0.7772412946519907, "ood_validation": 0.7864113422942368, "train": 0.812506160396046, "id_test_conf": [0.8094949853733151, 0.8149668730113375], "id_test_balanced": 0.5242624282836914, "id_test_balanced_conf": [0.5233726381522138, 0.525152218415169], "ood_test_conf": [0.7735258455257011, 0.7809237904475159], "ood_test_balanced": 0.5218735337257385, "ood_test_balanced_conf": [0.5205924871377647, 0.5231545803137123], "features": ["AGEP", "SEX", "RAC1P", "POBP", "DIS", "ANC", "NATIVITY", "DEAR", "DEYE", "DREM", "ST", "DIVISION"]}