{"id_test": 0.813132726255278, "id_test_conf": [0.8103902074288558, 0.8158521212784777], "id_test_balanced": 0.5294702649116516, "id_test_balanced_conf": [0.5284993609087542, 0.5304411689145491], "ood_test": 0.7789803183436311, "ood_test_conf": [0.7752750838602636, 0.7826523924531195], "ood_test_balanced": 0.5189453363418579, "ood_test_balanced_conf": [0.5177857648162171, 0.5201049078674987], "validation": 0.8160301168809696, "validation_conf": [0.8133038658791238, 0.8187330293846089], "validation_balanced": 0.5266333818435669, "validation_balanced_conf": [0.5257054374204018, 0.527561326266732], "features": ["AGEP", "SEX", "RAC1P", "POBP", "DIS", "ANC", "NATIVITY", "DEAR", "DEYE", "DREM", "ST", "DIVISION"]}