{"id_test": 0.8129165182886503, "id_test_conf": [0.8101727942134991, 0.8156371345584941], "id_test_balanced": 0.528165876865387, "id_test_balanced_conf": [0.527214586416958, 0.529117167313816], "ood_test": 0.7789394001391219, "ood_test_conf": [0.7752339242366149, 0.7826117205394587], "ood_test_balanced": 0.5205228924751282, "ood_test_balanced_conf": [0.5193198907608166, 0.5217258941894397], "validation": 0.8157503147773666, "validation_conf": [0.8130224801628788, 0.8184548315992475], "validation_balanced": 0.5250236392021179, "validation_balanced_conf": [0.5241208980837837, 0.5259263803204521], "features": ["AGEP", "SEX", "RAC1P", "POBP", "DIS", "ANC", "NATIVITY", "DEAR", "DEYE", "DREM", "ST", "DIVISION"]}