{"validation": 0.7813092194793138, "id_test": 0.778361397975276, "ood_test": 0.7405581243095053, "ood_validation": 0.7475603019701712, "0": 0.4902276848680234, "1": 0.8161638936401804, "2": 0.7932926069068694, "3": 0.7893341992793095, "4": 0.8219422676321794, "5": 0.7618078644869501, "7": 0.756320975185842, "8": 0.7758391128952127, "9": 0.8021851072404066, "id_test_conf": [0.775441624623872, 0.7812606191638665], "id_test_balanced": 0.5937803983688354, "id_test_balanced_conf": [0.591853070743382, 0.5957077259942889], "ood_test_conf": [0.7366477877766371, 0.7444398730321463], "ood_test_balanced": 0.573739767074585, "ood_test_balanced_conf": [0.5712645525299013, 0.5762149816192687], "features": ["AGEP", "SEX", "RAC1P", "POBP", "DIS", "ANC", "NATIVITY", "DEAR", "DEYE", "DREM", "ST", "DIVISION"]}