{"validation": 0.7520571813753545, "id_test": 0.7502670804293636, "ood_test": 0.7109128851426, "ood_validation": 0.7125759528631928, "0": 0.48670159177916583, "1": 0.7885632094542062, "2": 0.7673731454930807, "3": 0.7708560294980307, "4": 0.812617795853586, "5": 0.7305249902097043, "7": 0.6873862341902223, "8": 0.7394129687406849, "9": 0.7848385796802937, "id_test_conf": [0.747225965107551, 0.7532897200280742], "id_test_balanced": 0.6105241775512695, "id_test_balanced_conf": [0.6083886283449829, 0.6126597267575562], "ood_test_conf": [0.7068712508636729, 0.7149294575182861], "ood_test_balanced": 0.5960032343864441, "ood_test_balanced_conf": [0.5932087562279775, 0.5987977125449107], "features": ["AGEP", "SEX", "RAC1P", "POBP", "DIS", "ANC", "NATIVITY", "DEAR", "DEYE", "DREM", "ST", "DIVISION"]}