{"validation": 0.6708382616658399, "id_test": 0.6692654016380933, "ood_test": 0.6407586235116003, "ood_validation": 0.6345056159086724, "train": 0.6698425164303724, "id_test_conf": [0.6659643385963689, 0.6725539715999418], "id_test_balanced": 0.6476397514343262, "id_test_balanced_conf": [0.645284999771975, 0.6499945030966774], "ood_test_conf": [0.6364867772131169, 0.6450137471415694], "ood_test_balanced": 0.6273192167282104, "ood_test_balanced_conf": [0.62429187099915, 0.6303465624572709], "features": ["AGEP", "SEX", "RAC1P", "POBP", "DIS", "ANC", "NATIVITY", "DEAR", "DEYE", "DREM", "ST", "DIVISION"]}