{"validation": 0.6980553753799585, "id_test": 0.6957318003764562, "ood_test": 0.6587421743933877, "ood_validation": 0.6558644816792487, "train": 0.6968194868827283, "id_test_conf": [0.6925023170417535, 0.698946836376242], "id_test_balanced": 0.646560788154602, "id_test_balanced_conf": [0.6442309907451272, 0.6488905855640769], "ood_test_conf": [0.6545193130005011, 0.6629461758896922], "ood_test_balanced": 0.6269506216049194, "ood_test_balanced_conf": [0.6239398775901646, 0.6299613656196743], "features": ["AGEP", "SEX", "RAC1P", "POBP", "DIS", "ANC", "NATIVITY", "DEAR", "DEYE", "DREM", "ST", "DIVISION"]}