{"validation": 0.7926666412301118, "id_test": 0.7892226687693952, "ood_test": 0.7457138180776628, "ood_validation": 0.7508746087276744, "0": 0.49325005037275843, "1": 0.8174467423417819, "2": 0.8002368781947388, "3": 0.7966353808765608, "4": 0.8283156432893563, "5": 0.7691793812533114, "7": 0.7722452526628539, "8": 0.7981558395103436, "9": 0.8201405991134196, "id_test_conf": [0.7863548351622534, 0.792069147163448], "id_test_balanced": 0.585450291633606, "id_test_balanced_conf": [0.5836406892584637, 0.5872598940087482], "ood_test_conf": [0.7418286096267936, 0.7495698253502419], "ood_test_balanced": 0.5725669860839844, "ood_test_balanced_conf": [0.5701454022480175, 0.5749885699199513], "features": ["AGEP", "SEX", "RAC1P", "POBP", "DIS", "ANC", "NATIVITY", "DEAR", "DEYE", "DREM", "ST", "DIVISION"]}