{"validation": 0.7767560761570453, "id_test": 0.7742025741466144, "ood_test": 0.7230655918818282, "ood_validation": 0.7263855643527896, "0": 0.4879105379810598, "1": 0.8044238843103716, "2": 0.7873831193118065, "3": 0.779686583424118, "4": 0.8074099791687332, "5": 0.7547434942525205, "7": 0.7469261212171033, "8": 0.7778859720593788, "9": 0.8112121076433977, "id_test_conf": [0.7712636830535778, 0.7771212205199356], "id_test_balanced": 0.6003475189208984, "id_test_balanced_conf": [0.5983652985561639, 0.6023297392856329], "ood_test_conf": [0.7190751352915201, 0.7270295413488791], "ood_test_balanced": 0.5911625027656555, "ood_test_balanced_conf": [0.5884570266259834, 0.5938679789053276], "features": ["AGEP", "SEX", "RAC1P", "POBP", "DIS", "ANC", "NATIVITY", "DEAR", "DEYE", "DREM", "ST", "DIVISION"]}