{"validation": 0.8145929515306447, "id_test": 0.8121025588848756, "ood_test": 0.7802487826834158, "ood_validation": 0.7893573927453508, "train": 0.8125220581922934, "id_test_conf": [0.8093543097391133, 0.8148277604518102], "id_test_balanced": 0.5192129015922546, "id_test_balanced_conf": [0.5184288126241882, 0.5199969905603211], "ood_test_conf": [0.7765510580055446, 0.783913195961867], "ood_test_balanced": 0.5091667175292969, "ood_test_balanced_conf": [0.5083787902176846, 0.5099546448409091], "features": ["AGEP", "SEX", "RAC1P", "POBP", "DIS", "ANC", "NATIVITY", "DEAR", "DEYE", "DREM", "ST", "DIVISION"]}