{"validation": 0.8149872181311764, "id_test": 0.8120516864221397, "ood_test": 0.7800441916608699, "ood_validation": 0.7893573927453508, "train": 0.8122756423504573, "id_test_conf": [0.8093031551053084, 0.8147771739242489], "id_test_balanced": 0.524500846862793, "id_test_balanced_conf": [0.5236023858329282, 0.5253993078926578], "ood_test_conf": [0.7763452523353223, 0.7837098439462933], "ood_test_balanced": 0.5147490501403809, "ood_test_balanced_conf": [0.5137469538347795, 0.5157511464459822], "features": ["AGEP", "SEX", "RAC1P", "POBP", "DIS", "ANC", "NATIVITY", "DEAR", "DEYE", "DREM", "ST", "DIVISION"]}