{"validation": 0.8148727536342478, "id_test": 0.811848196571196, "ood_test": 0.7795531732067597, "ood_validation": 0.7902780335113239, "train": 0.812398055381563, "id_test_conf": [0.8090985373282444, 0.8145748270557842], "id_test_balanced": 0.5227716565132141, "id_test_balanced_conf": [0.52190390474163, 0.5236394082847983], "ood_test_conf": [0.7758513240494378, 0.7832217937857371], "ood_test_balanced": 0.5195797681808472, "ood_test_balanced_conf": [0.5184188824868761, 0.5207406538748183], "features": ["AGEP", "SEX", "RAC1P", "POBP", "DIS", "ANC", "NATIVITY", "DEAR", "DEYE", "DREM", "ST", "DIVISION"]}