{"validation": 0.8146819794727003, "id_test": 0.8114412168693086, "ood_test": 0.7796145505135235, "ood_validation": 0.7871478549070153, "train": 0.8120864585751123, "id_test_conf": [0.8086893054083599, 0.8141701296843312], "id_test_balanced": 0.5214511752128601, "id_test_balanced_conf": [0.5206022892694455, 0.5223000611562747], "ood_test_conf": [0.7759130646746579, 0.7832828004663617], "ood_test_balanced": 0.5125023722648621, "ood_test_balanced_conf": [0.5115613702405244, 0.5134433742891997], "features": ["AGEP", "SEX", "RAC1P", "POBP", "DIS", "ANC", "NATIVITY", "DEAR", "DEYE", "DREM", "ST", "DIVISION"]}