{"validation": 0.8147964439696288, "id_test": 0.8119880958437198, "ood_test": 0.776668439788862, "ood_validation": 0.7913828024304916, "train": 0.8129735556057219, "id_test_conf": [0.8092392119196975, 0.8147139406581414], "id_test_balanced": 0.529577374458313, "id_test_balanced_conf": [0.5285834969813004, 0.5305712519353256], "ood_test_conf": [0.7729496462464772, 0.7803543482009165], "ood_test_balanced": 0.5361074209213257, "ood_test_balanced_conf": [0.5345174541906453, 0.537697387652006], "features": ["AGEP", "SEX", "RAC1P", "POBP", "DIS", "ANC", "NATIVITY", "DEAR", "DEYE", "DREM", "ST", "DIVISION"]}