{"validation": 0.8149236267439938, "id_test": 0.8117337335300402, "ood_test": 0.7792667457751954, "ood_validation": 0.7895415208985453, "train": 0.8124377998721817, "id_test_conf": [0.8089834403613239, 0.8144610064095542], "id_test_balanced": 0.5216319561004639, "id_test_balanced_conf": [0.5207856265048031, 0.5224782856961246], "ood_test_conf": [0.7755632026806195, 0.782937094393783], "ood_test_balanced": 0.5198639631271362, "ood_test_balanced_conf": [0.5186873918375932, 0.5210405344166793], "features": ["AGEP", "SEX", "RAC1P", "POBP", "DIS", "ANC", "NATIVITY", "DEAR", "DEYE", "DREM", "ST", "DIVISION"]}