{"validation": 0.9107954545454545, "id_test": 0.9083603896103896, "ood_test": 0.7174556213017751, "ood_validation": 0.7218543046357616, "33": 0.9085895305359368, "id_test_conf": [0.9031282047654625, 0.9133987073703529], "id_test_balanced": 0.7755235433578491, "id_test_balanced_conf": [0.7708121238276362, 0.780234962888062], "ood_test_conf": [0.692631516794312, 0.7413308234068732], "ood_test_balanced": 0.7021970152854919, "ood_test_balanced_conf": [0.6850276459753514, 0.7193663845956325], "features": ["AccredAgency", "HIGHDEG", "CONTROL", "region", "LOCALE", "locale2", "CCBASIC", "HBCU", "DISTANCEONLY", "median_hh_inc", "poverty_rate", "unemp_rate", "TUITIONFEE_IN", "TUITIONFEE_OUT", "TUITIONFEE_PROG", "ADM_RATE", "ADM_RATE_ALL", "SATVRMID", "SATMTMID", "SATWRMID", "ACTCMMID", "ACTENMID", "ACTMTMID", "ACTWRMID", "NPT4_PROG", "COSTT4_A", "COSTT4_P", "loan_ever", "pell_ever", "pct_black"]}