{"validation": 0.7162566107151069, "id_test": 0.7216091954022988, "ood_test": 0.6222504827846074, "ood_validation": 0.6218736752861382, "train": 0.7078974594781009, "id_test_conf": [0.7080291518911264, 0.7348910771575858], "id_test_balanced": 0.5362250804901123, "id_test_balanced_conf": [0.5319643890950829, 0.5404857718851417], "ood_test_conf": [0.6156890510858002, 0.6287784258252048], "ood_test_balanced": 0.5360157489776611, "ood_test_balanced_conf": [0.5341051199263893, 0.537926378028933], "features": ["VCF0901b", "VCF0701", "VCF0101", "VCF0104", "VCF0105a", "VCF0115", "VCF0140a", "VCF0112"]}