{"validation": 0.7139572315474821, "id_test": 0.7273563218390805, "ood_test": 0.6228156940323113, "ood_validation": 0.6239932174650276, "train": 0.7114323485458098, "id_test_conf": [0.7138581626814213, 0.7405485645929699], "id_test_balanced": 0.5486053824424744, "id_test_balanced_conf": [0.5436929927021265, 0.5535177721828223], "ood_test_conf": [0.6162561064559761, 0.6293416380723076], "ood_test_balanced": 0.5370079278945923, "ood_test_balanced_conf": [0.5350508545897901, 0.5389650011993945], "features": ["VCF0901b", "VCF0701", "VCF0101", "VCF0104", "VCF0105a", "VCF0115", "VCF0140a", "VCF0112"]}