{"validation": 0.7148769832145321, "id_test": 0.724367816091954, "ood_test": 0.613631011257124, "ood_validation": 0.612547689699025, "train": 0.7096505345442005, "id_test_conf": [0.7108267340798586, 0.7376070143804738], "id_test_balanced": 0.5411004424095154, "id_test_balanced_conf": [0.5366206879727542, 0.5455801968462766], "ood_test_conf": [0.607042619781879, 0.6201882758825913], "ood_test_balanced": 0.5244473218917847, "ood_test_balanced_conf": [0.5228973123128526, 0.5259973314707167], "features": ["VCF0901b", "VCF0701", "VCF0101", "VCF0104", "VCF0105a", "VCF0115", "VCF0140a", "VCF0112"]}