{"validation": 0.6951023223729593, "id_test": 0.6958620689655173, "ood_test": 0.6314351655597946, "ood_validation": 0.6417973717676981, "0": 0.6936758893280632, "1": 0.6937544867193108, "3": 0.6951578121936876, "id_test_conf": [0.6819479125712955, 0.7095127808129391], "id_test_balanced": 0.5903404951095581, "id_test_balanced_conf": [0.5815603830479086, 0.5991206071712076], "ood_test_conf": [0.6249048747897227, 0.637929450813535], "ood_test_balanced": 0.5803567171096802, "ood_test_balanced_conf": [0.5764298479724675, 0.5842835862468928], "features": ["VCF0901b", "VCF0701", "VCF0101", "VCF0104", "VCF0105a", "VCF0115", "VCF0140a", "VCF0112"]}