{"validation": 0.6838353644515981, "id_test": 0.6818390804597702, "ood_test": 0.6193302246714709, "ood_validation": 0.6307757524374735, "0": 0.6816205533596837, "1": 0.6789662598707825, "3": 0.6806508527739659, "id_test_conf": [0.6677644639296483, 0.6956691469171341], "id_test_balanced": 0.5788037776947021, "id_test_balanced_conf": [0.5698967607133091, 0.5877107946760952], "ood_test_conf": [0.6127594149764879, 0.6258683459010168], "ood_test_balanced": 0.5666133165359497, "ood_test_balanced_conf": [0.5627181950770318, 0.5705084379948676], "features": ["VCF0901b", "VCF0701", "VCF0101", "VCF0104", "VCF0105a", "VCF0115", "VCF0140a", "VCF0112"]}