{"validation": 0.6778569786157738, "id_test": 0.6779310344827586, "ood_test": 0.6219678771607555, "ood_validation": 0.6337431114879186, "0": 0.6784584980237154, "1": 0.6782483847810481, "3": 0.6784944128602235, "id_test_conf": [0.6638142960308325, 0.6918084870113199], "id_test_balanced": 0.5784921646118164, "id_test_balanced_conf": [0.5694755857624113, 0.5875087434612215], "ood_test_conf": [0.6154055269357696, 0.6284968161663385], "ood_test_balanced": 0.5704190731048584, "ood_test_balanced_conf": [0.5664905236940831, 0.5743476225156336], "features": ["VCF0901b", "VCF0701", "VCF0101", "VCF0104", "VCF0105a", "VCF0115", "VCF0140a", "VCF0112"]}