{"validation": 0.7279834444699931, "id_test": 0.735632183908046, "ood_test": 0.6405727473976732, "ood_validation": 0.645612547689699, "train": 0.7219220600068973, "id_test_conf": [0.7222568293212923, 0.748690451546925], "id_test_balanced": 0.5764591693878174, "id_test_balanced_conf": [0.5701158336736262, 0.5828025051020086], "ood_test_conf": [0.6340759450647264, 0.647031040063809], "ood_test_balanced": 0.5622783899307251, "ood_test_balanced_conf": [0.5596844532433898, 0.5648723266180604], "features": ["VCF0901b", "VCF0701", "VCF0101", "VCF0104", "VCF0105a", "VCF0115", "VCF0140a", "VCF0112"]}