{"validation": 0.7038399632099334, "id_test": 0.708735632183908, "ood_test": 0.5987000141302812, "ood_validation": 0.5938957185247986, "train": 0.696631796758248, "id_test_conf": [0.6949819724210672, 0.7222084933298513], "id_test_balanced": 0.5109325051307678, "id_test_balanced_conf": [0.5084853952378035, 0.5133796150237322], "ood_test_conf": [0.5920700281899736, 0.6053029641032721], "ood_test_balanced": 0.5054664015769958, "ood_test_balanced_conf": [0.5047040236531757, 0.506228779500816], "features": ["VCF0901b", "VCF0701", "VCF0101", "VCF0104", "VCF0105a", "VCF0115", "VCF0140a", "VCF0112"]}