{"id_test": 0.7528735632183908, "id_test_conf": [0.7397733057426573, 0.7656334455143865], "id_test_balanced": 0.6319843530654907, "id_test_balanced_conf": [0.6240017101541162, 0.6399669959768652], "ood_test": 0.6907823465686967, "ood_test_conf": [0.6845162025364806, 0.6969962165135755], "ood_test_balanced": 0.6351273059844971, "ood_test_balanced_conf": [0.6315059324400499, 0.6387486795289442], "validation": 0.7449988503104162, "validation_conf": [0.7317680947001501, 0.757899793918718], "validation_balanced": 0.6193869113922119, "validation_balanced_conf": [0.6115808514505625, 0.6271929713338613], "features": ["VCF0901b", "VCF0701", "VCF0101", "VCF0104", "VCF0105a", "VCF0115", "VCF0140a", "VCF0112"]}