{"id_test": 0.7503448275862069, "id_test_conf": [0.7372025466209584, 0.7631501504677811], "id_test_balanced": 0.627048134803772, "id_test_balanced_conf": [0.6191285792738199, 0.634967690333724], "ood_test": 0.6888041072017334, "ood_test_conf": [0.6825273178748319, 0.6950291649278105], "ood_test_balanced": 0.6316547393798828, "ood_test_balanced_conf": [0.6280811023525894, 0.6352283764071762], "validation": 0.7456886640607037, "validation_conf": [0.7324689805350573, 0.7585776035728935], "validation_balanced": 0.6187776327133179, "validation_balanced_conf": [0.611025164462626, 0.6265301009640097], "features": ["VCF0901b", "VCF0701", "VCF0101", "VCF0104", "VCF0105a", "VCF0115", "VCF0140a", "VCF0112"]}