{"validation": 0.679926419866636, "id_test": 0.6820689655172414, "ood_test": 0.6101455418962838, "ood_validation": 0.6184824077999153, "0": 0.6785573122529645, "1": 0.6825556353194544, "3": 0.6742795530288179, "id_test_conf": [0.6679968615796091, 0.6958962097064985], "id_test_balanced": 0.5576683282852173, "id_test_balanced_conf": [0.5494434293545782, 0.5658932272158563], "ood_test_conf": [0.6035468646304747, 0.6167140473182783], "ood_test_balanced": 0.5468735694885254, "ood_test_balanced_conf": [0.5433705219766125, 0.5503766170004383], "features": ["VCF0901b", "VCF0701", "VCF0101", "VCF0104", "VCF0105a", "VCF0115", "VCF0140a", "VCF0112"]}