{"validation": 0.5989882731662451, "id_test": 0.6011494252873564, "ood_test": 0.6394894258395742, "ood_validation": 0.658753709198813, "train": 0.6040062076100702, "id_test_conf": [0.5864193011997794, 0.6157435881706692], "id_test_balanced": 0.652830958366394, "id_test_balanced_conf": [0.6431897165998817, 0.6624722001329064], "ood_test_conf": [0.6329885212630371, 0.6459521176441408], "ood_test_balanced": 0.6609346866607666, "ood_test_balanced_conf": [0.6565633135195822, 0.665306059801951], "features": ["VCF0901b", "VCF0701", "VCF0101", "VCF0104", "VCF0105a", "VCF0115", "VCF0140a", "VCF0112"]}