{"validation": 0.5941595769142332, "id_test": 0.5983908045977011, "ood_test": 0.6372756817860675, "ood_validation": 0.6545146248410343, "train": 0.6012185308656167, "id_test_conf": [0.5836458514106512, 0.6130035061713863], "id_test_balanced": 0.6519911885261536, "id_test_balanced_conf": [0.6423720522597433, 0.6616103247925639], "ood_test_conf": [0.6307665051367103, 0.643747252352201], "ood_test_balanced": 0.6591280102729797, "ood_test_balanced_conf": [0.6547557641379536, 0.6635002564080059], "features": ["VCF0901b", "VCF0701", "VCF0101", "VCF0104", "VCF0105a", "VCF0115", "VCF0140a", "VCF0112"]}