{"validation": 0.7422395953092665, "id_test": 0.7452873563218391, "ood_test": 0.6713296594602233, "ood_validation": 0.6693514200932599, "train": 0.731204736176572, "id_test_conf": [0.7320627782926685, 0.7581818088722995], "id_test_balanced": 0.6064143180847168, "id_test_balanced_conf": [0.5990688890311867, 0.6137597471382469], "ood_test_conf": [0.664964519454314, 0.677647859150191], "ood_test_balanced": 0.6066035032272339, "ood_test_balanced_conf": [0.603291381476447, 0.6099156249780208], "features": ["VCF0901b", "VCF0701", "VCF0101", "VCF0104", "VCF0105a", "VCF0115", "VCF0140a", "VCF0112"]}