{"validation": 0.7413198436422166, "id_test": 0.7388505747126437, "ood_test": 0.6745325231972116, "ood_validation": 0.672318779143705, "train": 0.7314346476606507, "id_test_conf": [0.7255245683740859, 0.7518551487014238], "id_test_balanced": 0.6134974956512451, "id_test_balanced_conf": [0.6055731703713536, 0.6214218209311366], "ood_test_conf": [0.6681828229982647, 0.6808344049798895], "ood_test_balanced": 0.6170487403869629, "ood_test_balanced_conf": [0.6134428641945123, 0.6206546165794135], "features": ["VCF0901b", "VCF0701", "VCF0101", "VCF0104", "VCF0105a", "VCF0115", "VCF0140a", "VCF0112"]}