{"validation": 0.7390204644745919, "id_test": 0.748735632183908, "ood_test": 0.6852715369035843, "ood_validation": 0.6875794828317083, "train": 0.7325267272100241, "id_test_conf": [0.7355669140896863, 0.7615695664313171], "id_test_balanced": 0.6389079093933105, "id_test_balanced_conf": [0.6305592077970504, 0.6472566109895707], "ood_test_conf": [0.6789760674385662, 0.6915162434530339], "ood_test_balanced": 0.6322823166847229, "ood_test_balanced_conf": [0.6285517221642658, 0.63601291120518], "features": ["VCF0901b", "VCF0701", "VCF0101", "VCF0104", "VCF0105a", "VCF0115", "VCF0140a", "VCF0112"]}