{"validation": 0.7413198436422166, "id_test": 0.7540229885057471, "ood_test": 0.6877207856436343, "ood_validation": 0.6896990250105978, "train": 0.7385044257960686, "id_test_conf": [0.7409420277075638, 0.7667620207183208], "id_test_balanced": 0.6202462315559387, "id_test_balanced_conf": [0.6127444485295563, 0.6277480145823211], "ood_test_conf": [0.681438222976805, 0.6939519137786051], "ood_test_balanced": 0.6270340085029602, "ood_test_balanced_conf": [0.6235956334974617, 0.6304723835084587], "features": ["VCF0901b", "VCF0701", "VCF0101", "VCF0104", "VCF0105a", "VCF0115", "VCF0140a", "VCF0112"]}