{"validation": 0.7394803403081168, "id_test": 0.7480459770114942, "ood_test": 0.6860722528378315, "ood_validation": 0.6880033912674862, "train": 0.738418208989539, "id_test_conf": [0.7348660008941713, 0.7608921010325471], "id_test_balanced": 0.6068057417869568, "id_test_balanced_conf": [0.5995842459145934, 0.6140272376593202], "ood_test_conf": [0.6797809806859971, 0.6923125425099379], "ood_test_balanced": 0.6236173510551453, "ood_test_balanced_conf": [0.6202486731763929, 0.6269860289338977], "features": ["VCF0901b", "VCF0701", "VCF0101", "VCF0104", "VCF0105a", "VCF0115", "VCF0140a", "VCF0112"]}