{"validation": 0.7376408369740171, "id_test": 0.740919540229885, "ood_test": 0.6661014554189628, "ood_validation": 0.6680796947859262, "train": 0.7282446258190597, "id_test_conf": [0.727625735997433, 0.7538891182368428], "id_test_balanced": 0.5927724838256836, "id_test_balanced_conf": [0.5858402400650085, 0.5997047275863587], "ood_test_conf": [0.6597118260648382, 0.6724455777491793], "ood_test_balanced": 0.6000837087631226, "ood_test_balanced_conf": [0.5968181288102642, 0.6033492887159809], "features": ["VCF0901b", "VCF0701", "VCF0101", "VCF0104", "VCF0105a", "VCF0115", "VCF0140a", "VCF0112"]}