{"validation": 0.7344217061393423, "id_test": 0.7317241379310345, "ood_test": 0.6303989449390043, "ood_validation": 0.625688851208139, "0": 0.7220355731225296, "1": 0.7318018664752333, "3": 0.7203489511860419, "id_test_conf": [0.7182900644290069, 0.7448464000503456], "id_test_balanced": 0.5492438077926636, "id_test_balanced_conf": [0.5447148973681033, 0.5537727182172238], "ood_test_conf": [0.6238650151111724, 0.6368971532134264], "ood_test_balanced": 0.544567346572876, "ood_test_balanced_conf": [0.54262725032866, 0.546507442817092], "features": ["VCF0004", "VCF0901b", "VCF0218", "VCF0224", "VCF0302", "VCF9201", "VCF9202", "VCF9203", "VCF9206", "VCF0428", "VCF0429", "VCF0822", "VCF0870", "VCF0803", "VCF0601", "VCF0612", "VCF0615", "VCF0616", "VCF0617", "VCF0310", "VCF0743", "VCF0717", "VCF0718", "VCF0720", "VCF0721", "VCF0701", "VCF0675", "VCF0724", "VCF0725", "VCF0726", "VCF0745", "VCF0101", "VCF0104", "VCF0105a", "VCF0115", "VCF0140a", "VCF0112", "VCF0521"]}