{"validation": 0.4410201912858661, "id_test": 0.4129511677282378, "ood_test": 0.4829616063836745, "ood_validation": 0.468510888758093, "1": 0.42132518921789935, "id_test_conf": [0.3812927527499554, 0.44515553291055465], "id_test_balanced": 0.35536491870880127, "id_test_balanced_conf": [0.3392562574520707, 0.3714735799655318], "ood_test_conf": [0.47501184739135044, 0.49091785099301194], "ood_test_balanced": 0.43739956617355347, "ood_test_balanced_conf": [0.4345418621320277, 0.4402572702150792], "features": ["FCSZ1231", "OFREMP31", "CMJHLD31", "MCRPD31", "MCRPB31", "MCRPHO31", "MCDHMO31", "MCDMC31", "PRVHMO31", "FSAGT31", "HASFSA31", "PFSAMT31", "MCAID31", "MCARE31", "GOVTA31", "GOVAAT31", "GOVTB31", "GOVBAT31", "GOVTC31", "GOVCAT31", "VAPROG31", "VAPRAT31", "IHS31", "IHSAT31", "RETPLN31", "SICPAY31", "EMPST31", "MORJOB31", "DIFFWG31", "NHRWG31", "HOUR31", "TEMPJB31", "SSNLJB31", "SELFCM31", "CHOIC31", "INDCAT31", "UNION31", "NWK31", "OCCCAT31", "PAYVAC31", "PAYDR31", "YRSINUS", "PRIDK31", "PRING31", "TRIAT31X", "MCAID31X", "MCARE31X", "MCDAT31X", "PUB31X", "PUBAT31X", "INS31X", "INSAT31X", "SEX", "RACEV1X", "RACEV2X", "RACEAX", "RACEBX", "RACEWX", "RACETHX", "HISPANX", "HISPNCAT", "EDUCYR", "HIDEG", "OTHLGSPK", "HWELLSPK", "BORNUSA", "WHTLGSPK", "TRICR31X", "PRIEU31", "MCRPD31X", "TRILI31X", "PRIOG31", "PRINEO31", "PRIEUO31", "PRSTX31", "PRIV31", "PRIVAT31", "DENTIN31", "DNTINS31", "PMEDIN31", "PMDINS31", "PMEDUP31", "PMEDPY31", "MARRY31X", "FTSTU31X", "HRWG31X", "DISVW31X", "HELD31X", "OFFER31X", "TRIST31X", "TRIPR31X", "TRIEX31X", "TRICH31X", "ASMRCN31", "ASPREV31", "ASDALY31", "ASPKFL31", "ASEVFL31", "ASWNFL31", "IADLHP31", "ADLHLP31", "AIDHLP31", "WLKLIM31", "LFTDIF31", "STPDIF31", "WLKDIF31", "MILDIF31", "STNDIF31", "BENDIF31", "RCHDIF31", "FNGRDF31", "ACTLIM31", "WRKLIM31", "HSELIM31", "SCHLIM31", "ASACUT31", "SOCLIM31", "ASTHEP31", "ASSTIL31", "FAMSZE31", "REGION31", "ACTDTY31", "RTHLTH31", "MNHLTH31", "CHBRON31", "ASATAK31", "COGLIM31", "UNABLE31", "INSCOV19", "AGE31X"]}