{"validation": 0.7772099979831503, "id_test": 0.7763238295306141, "ood_test": 0.36523584842219553, "ood_validation": 0.361756679431313, "train": 0.7762103653567215, "id_test_conf": [0.7751671035074655, 0.777477357829969], "id_test_balanced": 0.5002561807632446, "id_test_balanced_conf": [0.5002245287148253, 0.500287832811664], "ood_test_conf": [0.364192204942786, 0.36628044644902147], "ood_test_balanced": 0.5011714696884155, "ood_test_balanced_conf": [0.5011178160232521, 0.5012251233535789], "features": ["DIS", "ESP", "MIG", "ANC", "NATIVITY", "DEAR", "DEYE", "DREM", "PINCP", "ESR", "FER", "AGEP", "SEX", "ST", "MAR", "CIT", "RAC1P", "SCHL", "DIVISION", "ACS_YEAR"]}