{"id_test": 0.8071196648441837, "id_test_conf": [0.8060241011183484, 0.8082116742366021], "id_test_balanced": 0.6223584413528442, "id_test_balanced_conf": [0.6216711108374875, 0.623045771868201], "ood_test": 0.6540482248553267, "ood_test_conf": [0.6530161688592941, 0.6550791897026453], "ood_test_balanced": 0.7055853605270386, "ood_test_balanced_conf": [0.7049498373246752, 0.706220883729402], "validation": 0.8082974393996577, "validation_conf": [0.8072044146858883, 0.8093868961322636], "validation_balanced": 0.6234974265098572, "validation_balanced_conf": [0.6228090369247365, 0.6241858160949778], "features": ["DIS", "ESP", "MIG", "ANC", "NATIVITY", "DEAR", "DEYE", "DREM", "PINCP", "ESR", "FER", "AGEP", "SEX", "ST", "MAR", "CIT", "RAC1P", "SCHL", "DIVISION", "ACS_YEAR"]}