{"validation": 0.6991439371701402, "id_test": 0.6989947721763162, "ood_test": 0.7507155721459339, "ood_validation": 0.7521237730533914, "train": 0.6994036067154088, "id_test_conf": [0.6977222040431017, 0.7002650377083585], "id_test_balanced": 0.7209558486938477, "id_test_balanced_conf": [0.7200808751571458, 0.7218308222305495], "ood_test_conf": [0.7497765348655407, 0.7516528334280342], "ood_test_balanced": 0.7107473611831665, "ood_test_balanced_conf": [0.7100898555235472, 0.7114048668427858], "features": ["DIS", "ESP", "MIG", "ANC", "NATIVITY", "DEAR", "DEYE", "DREM", "PINCP", "ESR", "FER", "AGEP", "SEX", "ST", "MAR", "CIT", "RAC1P", "SCHL", "DIVISION", "ACS_YEAR"]}