{"validation": 0.8076684219249533, "id_test": 0.8062450327687497, "ood_test": 0.6787169708892657, "ood_validation": 0.6782318764030107, "train": 0.8074031344532004, "id_test_conf": [0.8051475928478179, 0.807338928485855], "id_test_balanced": 0.6503562927246094, "id_test_balanced_conf": [0.6496034616592806, 0.6511091237899381], "ood_test_conf": [0.6777037004203605, 0.6797289754581562], "ood_test_balanced": 0.7189507484436035, "ood_test_balanced_conf": [0.7183000857802108, 0.7196014111069963], "features": ["DIS", "ESP", "MIG", "ANC", "NATIVITY", "DEAR", "DEYE", "DREM", "PINCP", "ESR", "FER", "AGEP", "SEX", "ST", "MAR", "CIT", "RAC1P", "SCHL", "DIVISION", "ACS_YEAR"]}