{"validation": 0.8087247719062823, "id_test": 0.8077526748165869, "ood_test": 0.6109011501729478, "ood_validation": 0.6105682468418504, "train": 0.8082710285855922, "id_test_conf": [0.80665847435266, 0.8088433136157976], "id_test_balanced": 0.6201243996620178, "id_test_balanced_conf": [0.6194453694904223, 0.6208034298336134], "ood_test_conf": [0.609843525867765, 0.6119579889622231], "ood_test_balanced": 0.6777359843254089, "ood_test_balanced_conf": [0.6771263065666426, 0.6783456620841752], "features": ["DIS", "ESP", "MIG", "ANC", "NATIVITY", "DEAR", "DEYE", "DREM", "PINCP", "ESR", "FER", "AGEP", "SEX", "ST", "MAR", "CIT", "RAC1P", "SCHL", "DIVISION", "ACS_YEAR"]}