{"validation": 0.80809775131245, "id_test": 0.8067023175753122, "ood_test": 0.6792940747814158, "ood_validation": 0.681346009947621, "train": 0.8073237584583485, "id_test_conf": [0.805605857514506, 0.8077952281362348], "id_test_balanced": 0.6296942830085754, "id_test_balanced_conf": [0.6289867629704531, 0.6304018030466978], "ood_test_conf": [0.678281281822691, 0.6803055977518501], "ood_test_balanced": 0.7189204096794128, "ood_test_balanced_conf": [0.7182685456227046, 0.7195722737361211], "features": ["DIS", "ESP", "MIG", "ANC", "NATIVITY", "DEAR", "DEYE", "DREM", "PINCP", "ESR", "FER", "AGEP", "SEX", "ST", "MAR", "CIT", "RAC1P", "SCHL", "DIVISION", "ACS_YEAR"]}