{"validation": 0.804018123690795, "id_test": 0.802552807409212, "ood_test": 0.5837467002984557, "ood_validation": 0.5828381530877239, "train": 0.8030846310351654, "id_test_conf": [0.8014475412362483, 0.8036545721389371], "id_test_balanced": 0.6031213402748108, "id_test_balanced_conf": [0.6024746401386801, 0.6037680404109415], "ood_test_conf": [0.582677489185743, 0.5848153182359481], "ood_test_balanced": 0.6570192575454712, "ood_test_balanced_conf": [0.6564196945133154, 0.657618820577627], "features": ["DIS", "ESP", "MIG", "ANC", "NATIVITY", "DEAR", "DEYE", "DREM", "PINCP", "ESR", "FER", "AGEP", "SEX", "ST", "MAR", "CIT", "RAC1P", "SCHL", "DIVISION", "ACS_YEAR"]}