{"validation": 0.3766341856497775, "id_test": 0.37749626460032465, "ood_test": 0.38624930128563445, "ood_validation": 0.35919540229885055, "train": 0.3771914203235239, "id_test_conf": [0.3762738612324256, 0.3787198423841289], "id_test_balanced": 0.5388930439949036, "id_test_balanced_conf": [0.5385489071300253, 0.5392371808597818], "ood_test_conf": [0.37770909412493814, 0.39484240824116434], "ood_test_balanced": 0.5, "ood_test_balanced_conf": [0.5, 0.5], "features": ["hint_count", "attempt_count", "problem_type", "bottom_hint", "tutor_mode", "position", "type", "first_action", "school_id"]}