{"validation": 0.9150860507021559, "id_test": 0.915023173542615, "ood_test": 0.8807793659666214, "ood_validation": 0.8943965517241379, "train": 0.9148522768474779, "id_test_conf": [0.914317333048746, 0.91572503266746], "id_test_balanced": 0.8694381713867188, "id_test_balanced_conf": [0.8688838886353187, 0.8699924541381188], "ood_test_conf": [0.8749752897615086, 0.8864058147053047], "ood_test_balanced": 0.8457837700843811, "ood_test_balanced_conf": [0.8417369503155351, 0.8498305898532271], "features": ["hint_count", "attempt_count", "problem_type", "bottom_hint", "tutor_mode", "position", "type", "first_action", "school_id"]}