{"validation": 0.9152382796147285, "id_test": 0.9151373452270445, "ood_test": 0.8809390721073225, "ood_validation": 0.8943965517241379, "train": 0.9150212593185973, "id_test_conf": [0.9144319327879348, 0.9158387751980809], "id_test_balanced": 0.8694762587547302, "id_test_balanced_conf": [0.8689222180389333, 0.8700302994705271], "ood_test_conf": [0.8751382457754306, 0.8865621955270485], "ood_test_balanced": 0.8459138870239258, "ood_test_balanced_conf": [0.8418695319909603, 0.8499582420568913], "features": ["hint_count", "attempt_count", "problem_type", "bottom_hint", "tutor_mode", "position", "type", "first_action", "school_id"]}