{"validation": 0.9152349702905421, "id_test": 0.9151307265786718, "ood_test": 0.8809390721073225, "ood_validation": 0.8943965517241379, "train": 0.9150208456528174, "id_test_conf": [0.9144252893144357, 0.9158321814385488], "id_test_balanced": 0.8694660663604736, "id_test_balanced_conf": [0.8689120116690173, 0.8700201210519299], "ood_test_conf": [0.8751382457754306, 0.8865621955270485], "ood_test_balanced": 0.8459138870239258, "ood_test_balanced_conf": [0.8418695319909603, 0.8499582420568913], "features": ["hint_count", "attempt_count", "problem_type", "bottom_hint", "tutor_mode", "position", "type", "first_action", "school_id"]}