{"validation": 0.9150562667844786, "id_test": 0.9149702243556332, "ood_test": 0.8809390721073225, "ood_validation": 0.8943965517241379, "train": 0.9148444171976584, "id_test_conf": [0.914264185472272, 0.9156722823796689], "id_test_balanced": 0.869070291519165, "id_test_balanced_conf": [0.8685158997005783, 0.8696246833377518], "ood_test_conf": [0.8751382457754306, 0.8865621955270485], "ood_test_balanced": 0.8459138870239258, "ood_test_balanced_conf": [0.8418695319909603, 0.8499582420568913], "features": ["hint_count", "attempt_count", "problem_type", "bottom_hint", "tutor_mode", "position", "type", "first_action", "school_id"]}