{"validation": 0.9153077754226421, "id_test": 0.9151985677244922, "ood_test": 0.8809390721073225, "ood_validation": 0.8943965517241379, "train": 0.915074622204214, "id_test_conf": [0.9144933849783095, 0.9158997674132545], "id_test_balanced": 0.8696501851081848, "id_test_balanced_conf": [0.8690962741093244, 0.8702040961070452], "ood_test_conf": [0.8751382457754306, 0.8865621955270485], "ood_test_balanced": 0.8459138870239258, "ood_test_balanced_conf": [0.8418695319909603, 0.8499582420568913], "features": ["hint_count", "attempt_count", "problem_type", "bottom_hint", "tutor_mode", "position", "type", "first_action", "school_id"]}