{"validation": 0.9120050698846535, "id_test": 0.9120331991402376, "ood_test": 0.8809390721073225, "ood_validation": 0.8943965517241379, "train": 0.9115553605810846, "id_test_conf": [0.9113162814482652, 0.9127461642420018], "id_test_balanced": 0.869364857673645, "id_test_balanced_conf": [0.8688044690422249, 0.8699252463050652], "ood_test_conf": [0.8751382457754306, 0.8865621955270485], "ood_test_balanced": 0.8459138870239258, "ood_test_balanced_conf": [0.8418695319909603, 0.8499582420568913], "features": ["hint_count", "attempt_count", "problem_type", "bottom_hint", "tutor_mode", "position", "type", "first_action", "school_id"]}