{"validation": 0.43887074195053666, "id_test": 0.4345696291112666, "ood_test": 0.49682153508083504, "ood_validation": 0.5063559322033898, "train": 0.43849160055996267, "id_test_conf": [0.41966332343745766, 0.4495651712866799], "id_test_balanced": 0.5049123764038086, "id_test_balanced_conf": [0.49915165934711697, 0.5106730934605003], "ood_test_conf": [0.492471302145085, 0.5011721300771466], "ood_test_balanced": 0.5017206072807312, "ood_test_balanced_conf": [0.4998595095635392, 0.5035817049979232], "features": ["race", "gender", "age", "payer_code", "admission_source_id"]}