{"validation": 0.48343443770415306, "id_test": 0.48052250991369255, "ood_test": 0.5047480772249254, "ood_validation": 0.515183615819209, "0": 0.5052248189741144, "13": 0.5005607476635514, "id_test_conf": [0.46546758964810847, 0.4956039922104067], "id_test_balanced": 0.5150404572486877, "id_test_balanced_conf": [0.5054002842493355, 0.52468063024804], "ood_test_conf": [0.5003975008419939, 0.5090981127519162], "ood_test_balanced": 0.5068591237068176, "ood_test_balanced_conf": [0.503975794124417, 0.5097424532892183], "features": ["race", "gender", "age", "payer_code", "admission_source_id"]}