{"validation": 0.5599626691553896, "id_test": 0.5689293212036389, "ood_test": 0.5039828912258673, "ood_validation": 0.5019420903954802, "0": 0.5544812036595412, "13": 0.5426168224299065, "id_test_conf": [0.5539455858016182, 0.5838190471772478], "id_test_balanced": 0.5028340816497803, "id_test_balanced_conf": [0.49632071384228765, 0.5093474494572728], "ood_test_conf": [0.4996323004248406, 0.5083330283337055], "ood_test_balanced": 0.4994947612285614, "ood_test_balanced_conf": [0.49739207022357734, 0.5015974522335455], "features": ["race", "gender", "age", "payer_code", "admission_source_id"]}