{"validation": 0.5760615958936071, "id_test": 0.582925122463261, "ood_test": 0.5052974415319416, "ood_validation": 0.4936440677966102, "train": 0.5739325711619225, "id_test_conf": [0.5679961760579149, 0.5977409661803095], "id_test_balanced": 0.5000060200691223, "id_test_balanced_conf": [0.498426542498637, 0.5015854976396077], "ood_test_conf": [0.5009468817705345, 0.5096473978590146], "ood_test_balanced": 0.4991839528083801, "ood_test_balanced_conf": [0.4988045230967691, 0.49956338251999116], "features": ["race", "gender", "age", "payer_code", "admission_source_id"]}