{"validation": 0.4514699020065329, "id_test": 0.4494984837881969, "ood_test": 0.5087898289122587, "ood_validation": 0.5245409604519774, "train": 0.45616542230517965, "id_test_conf": [0.4345298610756825, 0.4645359799771595], "id_test_balanced": 0.5180996060371399, "id_test_balanced_conf": [0.5120246992725879, 0.5241745128016919], "ood_test_conf": [0.5044394973835118, 0.5131391591867056], "ood_test_balanced": 0.5138028860092163, "ood_test_balanced_conf": [0.5120207238430158, 0.5155850481754168], "features": ["race", "gender", "age", "payer_code", "admission_source_id"]}