{"validation": 0.4678021465235651, "id_test": 0.4665267086540704, "ood_test": 0.5095550149113169, "ood_validation": 0.517478813559322, "0": 0.49295408229631876, "13": 0.5136448598130842, "id_test_conf": [0.45150353640974966, 0.48159553010841355], "id_test_balanced": 0.5159362554550171, "id_test_balanced_conf": [0.5073915076442063, 0.5244810032658279], "ood_test_conf": [0.5052047616810638, 0.5139041797244162], "ood_test_balanced": 0.5126245021820068, "ood_test_balanced_conf": [0.5099642718117684, 0.5152847325522453], "features": ["race", "gender", "age", "payer_code", "admission_source_id"]}