{"validation": 0.4433037797480168, "id_test": 0.4429671098670399, "ood_test": 0.5052974415319416, "ood_validation": 0.5167725988700564, "0": 0.4672852621081386, "13": 0.4811214953271028, "id_test_conf": [0.42802407649606006, 0.45798792526651105], "id_test_balanced": 0.5113791823387146, "id_test_balanced_conf": [0.5052631531376391, 0.5174952115397901], "ood_test_conf": [0.5009468817705345, 0.5096473978590146], "ood_test_balanced": 0.5102176070213318, "ood_test_balanced_conf": [0.5083714223024436, 0.51206379174022], "features": ["race", "gender", "age", "payer_code", "admission_source_id"]}