{"validation": 0.5429304713019132, "id_test": 0.5537672031723816, "ood_test": 0.503256945534453, "ood_validation": 0.4975282485875706, "0": 0.5505354897454797, "13": 0.5409345794392524, "id_test_conf": [0.5387377227298353, 0.568723355911458], "id_test_balanced": 0.4941971004009247, "id_test_balanced_conf": [0.4867490299977362, 0.5016451708041132], "ood_test_conf": [0.49890635045281284, 0.5076071696157636], "ood_test_balanced": 0.49846091866493225, "ood_test_balanced_conf": [0.4965343615831807, 0.5003874757466837], "features": ["race", "gender", "age", "payer_code", "admission_source_id"]}