{"validation": 0.5272981801213252, "id_test": 0.5460695124795895, "ood_test": 0.5251137968921676, "ood_validation": 0.5324858757062146, "0": 0.5405628062264233, "13": 0.48485981308411213, "id_test_conf": [0.5310221739431211, 0.5610540224164589], "id_test_balanced": 0.5234314203262329, "id_test_balanced_conf": [0.5132528186775744, 0.5336100219748914], "ood_test_conf": [0.5207673435459801, 0.529457389502318], "ood_test_balanced": 0.5242239832878113, "ood_test_balanced_conf": [0.5211903495388106, 0.527257617036812], "features": ["race", "gender", "age", "payer_code", "admission_source_id"]}