{"validation": 0.46756882874475036, "id_test": 0.4595288080242594, "ood_test": 0.5062392089153979, "ood_validation": 0.5224223163841808, "train": 0.4637482501166589, "id_test_conf": [0.4445259313421524, 0.4745868778894935], "id_test_balanced": 0.5200070738792419, "id_test_balanced_conf": [0.5126877191849053, 0.5273264285735786], "ood_test_conf": [0.5018886898411382, 0.5105890172780609], "ood_test_balanced": 0.5103238821029663, "ood_test_balanced_conf": [0.5080269604641944, 0.5126208037417382], "features": ["race", "gender", "age", "payer_code", "admission_source_id"]}