{"validation": 0.5772281847876808, "id_test": 0.582691859108934, "ood_test": 0.5058860461466018, "ood_validation": 0.493114406779661, "train": 0.5760032664489034, "id_test_conf": [0.567761899883132, 0.5975090338896034], "id_test_balanced": 0.49948427081108093, "id_test_balanced_conf": [0.49816855032695456, 0.5007999912952072], "ood_test_conf": [0.5015355100097142, 0.5102359118008698], "ood_test_balanced": 0.4998041093349457, "ood_test_balanced_conf": [0.49931480837985875, 0.5002934102900326], "features": ["race", "gender", "age", "payer_code", "admission_source_id"]}