{"validation": 0.5515632291180588, "id_test": 0.5453697224166083, "ood_test": 0.49550698477476063, "ood_validation": 0.4961158192090395, "0": 0.5300264492910722, "13": 0.5452336448598131, "id_test_conf": [0.5303209387149461, 0.5603566319584863], "id_test_balanced": 0.4992430806159973, "id_test_balanced_conf": [0.490404416359961, 0.5080817448720336], "ood_test_conf": [0.49115691425782054, 0.4998575670933895], "ood_test_balanced": 0.4917815923690796, "ood_test_balanced_conf": [0.4893374284310266, 0.49422575630713256], "features": ["race", "gender", "age", "payer_code", "admission_source_id"]}