{"validation": 0.16732976376391265, "id_test": 0.16688873051777028, "ood_test": 0.35071602765095256, "ood_validation": 0.34994499449944994, "15": 0.21741878841088674, "16": 0.27120193691481975, "17": 0.18806601302297732, "18": 0.17976561327956087, "19": 0.16034652613801623, "20": 0.11791633996774668, "21": 0.09966532180273278, "22": 0.164104769070909, "23": 0.10247016375242853, "id_test_conf": [0.16507231084947707, 0.16871712669541747], "id_test_balanced": 0.5664747357368469, "id_test_balanced_conf": [0.5656163399561774, 0.5673331315175164], "ood_test_conf": [0.3484033716279827, 0.35303397460279357], "ood_test_balanced": 0.6569412350654602, "ood_test_balanced_conf": [0.6558109618839808, 0.6580715082469396], "features": ["ENG", "POBP", "OCCP", "DIS", "ESP", "MIG", "MIL", "ANC", "NATIVITY", "DEAR", "DEYE", "DREM", "DPHY", "FER", "AGEP", "SEX", "ST", "MAR", "CIT", "RAC1P", "SCHL", "DIVISION"]}