{"validation": 0.9722552737909324, "id_test": 0.9716977039630651, "ood_test": 0.9603510766391012, "ood_validation": 0.961001100110011, "train": 0.9713776440568466, "id_test_conf": [0.9708769489348634, 0.9725014522102418], "id_test_balanced": 0.5817117094993591, "id_test_balanced_conf": [0.5808096224418842, 0.5826137965568341], "ood_test_conf": [0.9593943042996195, 0.9612914920021708], "ood_test_balanced": 0.6153762936592102, "ood_test_balanced_conf": [0.614355413839221, 0.6163971734791994], "features": ["ENG", "POBP", "OCCP", "DIS", "ESP", "MIG", "MIL", "ANC", "NATIVITY", "DEAR", "DEYE", "DREM", "DPHY", "FER", "AGEP", "SEX", "ST", "MAR", "CIT", "RAC1P", "SCHL", "DIVISION"]}