{"validation": 0.667261594903448, "id_test": 0.666780280730022, "ood_test": 0.6631827933329666, "ood_validation": 0.6622112211221122, "train": 0.6674782363503688, "id_test_conf": [0.6644743482255784, 0.6690802197239972], "id_test_balanced": 0.7022039890289307, "id_test_balanced_conf": [0.7006317329383456, 0.7037762451195158], "ood_test_conf": [0.6608867553141959, 0.6654730477224242], "ood_test_balanced": 0.7347544431686401, "ood_test_balanced_conf": [0.7332667354820296, 0.7362421508552507], "features": ["ENG", "POBP", "OCCP", "DIS", "ESP", "MIG", "MIL", "ANC", "NATIVITY", "DEAR", "DEYE", "DREM", "DPHY", "FER", "AGEP", "SEX", "ST", "MAR", "CIT", "RAC1P", "SCHL", "DIVISION"]}