{"validation": 0.9261793212860365, "id_test": 0.9252254206302482, "ood_test": 0.9079462872300762, "ood_validation": 0.9073157315731574, "15": 0.901763907734057, "16": 0.8992093188629091, "17": 0.8945438215702417, "18": 0.8938023421022442, "19": 0.9409685843406465, "20": 0.9560574259663155, "21": 0.9760608627819392, "22": 0.982156293668709, "23": 0.9840688315292812, "id_test_conf": [0.923931319645649, 0.9265042189134026], "id_test_balanced": 0.6282950043678284, "id_test_balanced_conf": [0.6270409642299637, 0.629549044505693], "ood_test_conf": [0.906535140075122, 0.9093429594950059], "ood_test_balanced": 0.6639401912689209, "ood_test_balanced_conf": [0.6626170512498356, 0.6652633312880062], "features": ["ENG", "POBP", "OCCP", "DIS", "ESP", "MIG", "MIL", "ANC", "NATIVITY", "DEAR", "DEYE", "DREM", "DPHY", "FER", "AGEP", "SEX", "ST", "MAR", "CIT", "RAC1P", "SCHL", "DIVISION"]}