{"validation": 0.9372908455417566, "id_test": 0.9371796858054721, "ood_test": 0.9487076052343669, "ood_validation": 0.9493399339933993, "15": 0.9462878122755208, "16": 0.9414354164197551, "17": 0.9422105381333733, "18": 0.9428108756850252, "19": 0.9290684764421648, "20": 0.9450289834727439, "21": 0.9510648470461923, "22": 0.6482138378300907, "23": 0.875992228698307, "id_test_conf": [0.9359848397352007, 0.938358794761961], "id_test_balanced": 0.5692409873008728, "id_test_balanced_conf": [0.5682090040761978, 0.5702729705255478], "ood_test_conf": [0.9476276781984366, 0.9497715968377233], "ood_test_balanced": 0.6063770651817322, "ood_test_balanced_conf": [0.6053320084977895, 0.6074221218656749], "features": ["ENG", "POBP", "OCCP", "DIS", "ESP", "MIG", "MIL", "ANC", "NATIVITY", "DEAR", "DEYE", "DREM", "DPHY", "FER", "AGEP", "SEX", "ST", "MAR", "CIT", "RAC1P", "SCHL", "DIVISION"]}