{"validation": 0.08885501103096105, "id_test": 0.08953614476497382, "ood_test": 0.08677900630153229, "ood_validation": 0.08624862486248625, "15": 0.07068401308963206, "16": 0.06763963902951087, "17": 0.0675192725095427, "18": 0.06818482663678001, "19": 0.06812459929005926, "20": 0.1093599668564659, "21": 0.1648898246084936, "22": 0.109176251388441, "23": 0.2630030530113794, "id_test_conf": [0.08814735570264763, 0.09093970159332575], "id_test_balanced": 0.5148638486862183, "id_test_balanced_conf": [0.514159549609758, 0.5155681477626786], "ood_test_conf": [0.08541920889581171, 0.08815346689485806], "ood_test_balanced": 0.5140465497970581, "ood_test_balanced_conf": [0.513528040968813, 0.5145650586253032], "features": ["ENG", "POBP", "OCCP", "DIS", "ESP", "MIG", "MIL", "ANC", "NATIVITY", "DEAR", "DEYE", "DREM", "DPHY", "FER", "AGEP", "SEX", "ST", "MAR", "CIT", "RAC1P", "SCHL", "DIVISION"]}