{"validation": 0.7148769832145321, "id_test": 0.7216091954022988, "ood_test": 0.6185295087372239, "ood_validation": 0.6150911403136923, "train": 0.7062306012185309, "id_test_conf": [0.7080291518911264, 0.7348910771575858], "id_test_balanced": 0.5386912822723389, "id_test_balanced_conf": [0.534164213212207, 0.5432183513324708], "ood_test_conf": [0.6119561714590465, 0.6250703769545157], "ood_test_balanced": 0.5309297442436218, "ood_test_balanced_conf": [0.52917479993077, 0.5326846885564737], "features": ["VCF0004", "VCF0901b", "VCF0701", "VCF0101", "VCF0104", "VCF0105a", "VCF0115", "VCF0112"]}