{"validation": 0.706139342377558, "id_test": 0.7124137931034483, "ood_test": 0.6093448259620367, "ood_validation": 0.602797795676134, "train": 0.6972640533394643, "id_test_conf": [0.6987083766514264, 0.7258334510178119], "id_test_balanced": 0.5193760395050049, "id_test_balanced_conf": [0.516083221049048, 0.5226688579609617], "ood_test_conf": [0.6027438355405219, 0.615915863929726], "ood_test_balanced": 0.5189967155456543, "ood_test_balanced_conf": [0.5176204794296063, 0.5203729516617023], "features": ["VCF0004", "VCF0901b", "VCF0701", "VCF0101", "VCF0104", "VCF0105a", "VCF0115", "VCF0112"]}