{"validation": 0.7084387215451828, "id_test": 0.7142528735632184, "ood_test": 0.6262069615185342, "ood_validation": 0.6252649427723612, "0": 0.7034584980237154, "1": 0.7112706389088299, "3": 0.7101548715938051, "id_test_conf": [0.7005719840156825, 0.7276455243269949], "id_test_balanced": 0.5529677867889404, "id_test_balanced_conf": [0.5466610200703144, 0.5592745535075665], "ood_test_conf": [0.6196586370813979, 0.6327207131358326], "ood_test_balanced": 0.5478515625, "ood_test_balanced_conf": [0.5452346959197893, 0.5504684290802107], "features": ["VCF0004", "VCF0901b", "VCF0701", "VCF0101", "VCF0104", "VCF0105a", "VCF0115", "VCF0112"]}