{"validation": 0.7033800873764083, "id_test": 0.7080459770114943, "ood_test": 0.6238990155904103, "ood_validation": 0.6248410343365833, "0": 0.7043478260869566, "1": 0.7044508255563532, "3": 0.7046657518133699, "id_test_conf": [0.6942833911731486, 0.7215286941349759], "id_test_balanced": 0.5741146206855774, "id_test_balanced_conf": [0.5663605570420622, 0.5818686843290926], "ood_test_conf": [0.6173429889579909, 0.6304211018348016], "ood_test_balanced": 0.5606193542480469, "ood_test_balanced_conf": [0.5571357941674069, 0.5641029143286869], "features": ["VCF0004", "VCF0901b", "VCF0701", "VCF0101", "VCF0104", "VCF0105a", "VCF0115", "VCF0112"]}