{"validation": 0.7038399632099334, "id_test": 0.7096551724137931, "ood_test": 0.6269605765154727, "ood_validation": 0.6244171259008054, "0": 0.7020750988142292, "1": 0.7107681263460158, "3": 0.7041756518329739, "id_test_conf": [0.6959134726442469, 0.7231148336566082], "id_test_balanced": 0.5734648108482361, "id_test_balanced_conf": [0.5658136395458132, 0.581115982150659], "ood_test_conf": [0.6204148013032216, 0.6334715723969568], "ood_test_balanced": 0.5609428882598877, "ood_test_balanced_conf": [0.5575911356462165, 0.5642946408735589], "features": ["VCF0004", "VCF0901b", "VCF0701", "VCF0101", "VCF0104", "VCF0105a", "VCF0115", "VCF0112"]}