{"validation": 0.6944125086226719, "id_test": 0.6882758620689655, "ood_test": 0.608214403466629, "ood_validation": 0.6040695209834676, "0": 0.6848814229249012, "1": 0.6962670495333811, "3": 0.6875122524995099, "id_test_conf": [0.6742730738852997, 0.702025428404009], "id_test_balanced": 0.5132048726081848, "id_test_balanced_conf": [0.5078597503621132, 0.5185499948542565], "ood_test_conf": [0.6016101790078843, 0.6147889851965487], "ood_test_balanced": 0.5223276019096375, "ood_test_balanced_conf": [0.5203592159645631, 0.5242959878547118], "features": ["VCF0004", "VCF0901b", "VCF0701", "VCF0101", "VCF0104", "VCF0105a", "VCF0115", "VCF0112"]}