{"validation": 0.6286502644286043, "id_test": 0.6183908045977011, "ood_test": 0.601290565682257, "ood_validation": 0.5790589232725731, "train": 0.6200425336245545, "id_test_conf": [0.60376433448124, 0.6328581252363624], "id_test_balanced": 0.541328489780426, "id_test_balanced_conf": [0.5316435389965772, 0.5510134405642748], "ood_test_conf": [0.594667336641928, 0.6078860490090157], "ood_test_balanced": 0.5583425760269165, "ood_test_balanced_conf": [0.5541432470176368, 0.5625419050361962], "features": ["VCF0004", "VCF0901b", "VCF0701", "VCF0101", "VCF0104", "VCF0105a", "VCF0115", "VCF0112"]}