{"validation": 0.6990112669579214, "id_test": 0.6997701149425287, "ood_test": 0.5944609297725024, "ood_validation": 0.5858414582450191, "train": 0.68959075755834, "id_test_conf": [0.6859033238360471, 0.7133681941940633], "id_test_balanced": 0.49895501136779785, "id_test_balanced_conf": [0.49727021710714325, 0.5006398056284525], "ood_test_conf": [0.5878203001083095, 0.6010756848486062], "ood_test_balanced": 0.5, "ood_test_balanced_conf": [0.5, 0.5], "features": ["VCF0004", "VCF0901b", "VCF0701", "VCF0101", "VCF0104", "VCF0105a", "VCF0115", "VCF0112"]}