{"validation": 0.7029202115428834, "id_test": 0.7045977011494253, "ood_test": 0.5978521972587254, "ood_validation": 0.5905044510385756, "train": 0.6925508679158524, "id_test_conf": [0.6907910467560732, 0.7181291359543538], "id_test_balanced": 0.5023863911628723, "id_test_balanced_conf": [0.5012306434917264, 0.5035421388340182], "ood_test_conf": [0.5912200416138502, 0.6044575492144556], "ood_test_balanced": 0.5043472647666931, "ood_test_balanced_conf": [0.5036736222403124, 0.5050209072930738], "features": ["VCF0004", "VCF0901b", "VCF0701", "VCF0101", "VCF0104", "VCF0105a", "VCF0115", "VCF0112"]}