{"validation": 0.30121867095884114, "id_test": 0.2967816091954023, "ood_test": 0.407234703970609, "ood_validation": 0.4150063586265367, "train": 0.3090297735371882, "id_test_conf": [0.2832309482462626, 0.3106056302582634], "id_test_balanced": 0.4999392032623291, "id_test_balanced_conf": [0.49937775105470794, 0.5005006554699503], "ood_test_conf": [0.40061536993037883, 0.41387944805520194], "ood_test_balanced": 0.5013154745101929, "ood_test_balanced_conf": [0.5008894064545166, 0.5017415425658691], "features": ["VCF0004", "VCF0901b", "VCF0701", "VCF0101", "VCF0104", "VCF0105a", "VCF0115", "VCF0112"]}