{"validation": 0.6286502644286043, "id_test": 0.6501149425287356, "ood_test": 0.6336489096133013, "ood_validation": 0.6629927935565918, "train": 0.6382342798022761, "id_test_conf": [0.6357299108940067, 0.6642981400207881], "id_test_balanced": 0.5746389627456665, "id_test_balanced_conf": [0.5650089097209274, 0.5842690157704056], "ood_test_conf": [0.6271265009977836, 0.64013470605583], "ood_test_balanced": 0.587275505065918, "ood_test_balanced_conf": [0.5832162411417812, 0.5913347689900548], "features": ["VCF0004", "VCF0901b", "VCF0701", "VCF0101", "VCF0104", "VCF0105a", "VCF0115", "VCF0112"]}