{"validation": 0.7210853069671189, "id_test": 0.7301149425287357, "ood_test": 0.6229569968442372, "ood_validation": 0.6218736752861382, "train": 0.7130129899988504, "id_test_conf": [0.7166570704569322, 0.7432631752017226], "id_test_balanced": 0.5626729130744934, "id_test_balanced_conf": [0.5568521036487073, 0.5684937225002795], "ood_test_conf": [0.6163978717722186, 0.6294824396602774], "ood_test_balanced": 0.5396736264228821, "ood_test_balanced_conf": [0.5374614682421088, 0.5418857846036553], "features": ["VCF0004", "VCF0901b", "VCF0701", "VCF0101", "VCF0104", "VCF0105a", "VCF0115", "VCF0112"]}