{"id_test": 0.7429885057471264, "id_test_conf": [0.7297272813254485, 0.7559227097440328], "id_test_balanced": 0.6110578775405884, "id_test_balanced_conf": [0.6034078137949109, 0.6187079412862658], "ood_test": 0.67109415477368, "ood_test_conf": [0.6647278926524292, 0.6774135411437394], "ood_test_balanced": 0.6085831522941589, "ood_test_balanced_conf": [0.6051705201109872, 0.6119957844773307], "validation": 0.73327201655553, "validation_conf": [0.7198594707990613, 0.7463705889747874], "validation_balanced": 0.6008880138397217, "validation_balanced_conf": [0.59327538295649, 0.6085006447229534], "features": ["VCF0004", "VCF0901b", "VCF0701", "VCF0101", "VCF0104", "VCF0105a", "VCF0115", "VCF0112"]}