{"validation": 0.3173143251322143, "id_test": 0.3137931034482759, "ood_test": 0.41029626489567145, "ood_validation": 0.4145824501907588, "0": 0.3276679841897233, "1": 0.309332376166547, "3": 0.3226818270927269, "id_test_conf": [0.3000173268938184, 0.3278193142980179], "id_test_balanced": 0.5064257383346558, "id_test_balanced_conf": [0.5030483312020079, 0.5098031454673037], "ood_test_conf": [0.4036688696339816, 0.41694823145332854], "ood_test_balanced": 0.5029677748680115, "ood_test_balanced_conf": [0.5020468969375361, 0.5038886527984868], "features": ["VCF0004", "VCF0901b", "VCF0701", "VCF0101", "VCF0104", "VCF0105a", "VCF0115", "VCF0112"]}