{"validation": 0.31708438721545185, "id_test": 0.3137931034482759, "ood_test": 0.4120861005134002, "ood_validation": 0.4150063586265367, "0": 0.3285573122529644, "1": 0.3118449389806174, "3": 0.3225838070966477, "id_test_conf": [0.3000173268938184, 0.3278193142980179], "id_test_balanced": 0.5064257383346558, "id_test_balanced_conf": [0.5030483312020079, 0.5098031454673037], "ood_test_conf": [0.4054541152597334, 0.4187421667242507], "ood_test_balanced": 0.5041779279708862, "ood_test_balanced_conf": [0.503120227935724, 0.5052356280060485], "features": ["VCF0004", "VCF0901b", "VCF0701", "VCF0101", "VCF0104", "VCF0105a", "VCF0115", "VCF0112"]}