{"validation": 0.6429064152678776, "id_test": 0.6439080459770115, "ood_test": 0.6527718901606142, "ood_validation": 0.6553624417125901, "train": 0.6438383722266927, "id_test_conf": [0.6294704828157269, 0.6581521284978842], "id_test_balanced": 0.6412980556488037, "id_test_balanced_conf": [0.6312205177545548, 0.6513755935430526], "ood_test_conf": [0.6463237656095253, 0.6591781615308097], "ood_test_balanced": 0.6398832201957703, "ood_test_balanced_conf": [0.6353636512160301, 0.6444027891755104], "features": ["VCF0004", "VCF0901b", "VCF0701", "VCF0101", "VCF0104", "VCF0105a", "VCF0115", "VCF0112"]}