{"validation": 0.6024373419176823, "id_test": 0.6114942528735632, "ood_test": 0.6412321605199943, "ood_validation": 0.6460364561254769, "train": 0.6102138176801931, "id_test_conf": [0.5968240376791174, 0.6260145946240174], "id_test_balanced": 0.6447142362594604, "id_test_balanced_conf": [0.6348046317137778, 0.6546238408051431], "ood_test_conf": [0.6347378726875395, 0.6476877579655399], "ood_test_balanced": 0.6485957503318787, "ood_test_balanced_conf": [0.6440699626971036, 0.6531215379666537], "features": ["VCF0004", "VCF0901b", "VCF0701", "VCF0101", "VCF0104", "VCF0105a", "VCF0115", "VCF0112"]}