{"validation": 0.4580363301908485, "id_test": 0.4636781609195402, "ood_test": 0.49366492393198624, "ood_validation": 0.4917337855023315, "0": 0.4893280632411067, "1": 0.4577171572146447, "3": 0.4473632621054695, "id_test_conf": [0.448772620447347, 0.478632514747579], "id_test_balanced": 0.5640864968299866, "id_test_balanced_conf": [0.5550483053363859, 0.5731246883235872], "ood_test_conf": [0.4869175390272341, 0.5004140439847584], "ood_test_balanced": 0.5475096702575684, "ood_test_balanced_conf": [0.5436283606290817, 0.551390979886055], "features": ["VCF0004", "VCF0901b", "VCF0701", "VCF0101", "VCF0104", "VCF0105a", "VCF0115", "VCF0112"]}