{"validation": 0.35617383306507244, "id_test": 0.35379310344827586, "ood_test": 0.443690829447506, "ood_validation": 0.4387452310300975, "0": 0.37450592885375494, "1": 0.3674802584350323, "3": 0.3556165457753382, "id_test_conf": [0.33957126545736277, 0.3682115158353059], "id_test_balanced": 0.519611656665802, "id_test_balanced_conf": [0.5135379925370216, 0.5256853207945824], "ood_test_conf": [0.4369925300427701, 0.45040455212276154], "ood_test_balanced": 0.5174357295036316, "ood_test_balanced_conf": [0.5144683686736972, 0.520403090333566], "features": ["VCF0004", "VCF0901b", "VCF0701", "VCF0101", "VCF0104", "VCF0105a", "VCF0115", "VCF0112"]}