{"validation": 0.7125776040469073, "id_test": 0.72, "ood_test": 0.6144317271913711, "ood_validation": 0.6078846969054684, "train": 0.705023565927118, "id_test_conf": [0.7063975189800167, 0.733306490192906], "id_test_balanced": 0.534408688545227, "id_test_balanced_conf": [0.5301654410548509, 0.5386519360356032], "ood_test_conf": [0.607845748583647, 0.6209863595527151], "ood_test_balanced": 0.5259513258934021, "ood_test_balanced_conf": [0.5243043948314152, 0.527598256955389], "features": ["VCF0004", "VCF0901b", "VCF0701", "VCF0101", "VCF0104", "VCF0105a", "VCF0115", "VCF0112"]}