{"validation": 0.7199356173833065, "id_test": 0.7296551724137931, "ood_test": 0.6302105411897697, "ood_validation": 0.6337431114879186, "train": 0.7174387860673641, "id_test_conf": [0.7161905411580541, 0.742810784805248], "id_test_balanced": 0.567054271697998, "id_test_balanced_conf": [0.5608986109495163, 0.5732099324464798], "ood_test_conf": [0.6236759531655365, 0.636709459289944], "ood_test_balanced": 0.5490596294403076, "ood_test_balanced_conf": [0.5466706681018695, 0.5514485907787458], "features": ["VCF0004", "VCF0901b", "VCF0701", "VCF0101", "VCF0104", "VCF0105a", "VCF0115", "VCF0112"]}