{"validation": 0.7321223269717176, "id_test": 0.7411494252873563, "ood_test": 0.6711412557109886, "ood_validation": 0.6727426875794829, "train": 0.7314346476606507, "id_test_conf": [0.72785922232801, 0.7541150915707275], "id_test_balanced": 0.606611967086792, "id_test_balanced_conf": [0.5990556344948709, 0.6141682996787131], "ood_test_conf": [0.6647752178689179, 0.6774604048889321], "ood_test_balanced": 0.6093609929084778, "ood_test_balanced_conf": [0.6059170210221783, 0.6128049647947773], "features": ["VCF0004", "VCF0901b", "VCF0701", "VCF0101", "VCF0104", "VCF0105a", "VCF0115", "VCF0112"]}