{"validation": 0.7213152448838813, "id_test": 0.7232183908045977, "ood_test": 0.6283265036974236, "ood_validation": 0.6265366680796948, "train": 0.7103690079319462, "id_test_conf": [0.709660998238052, 0.7364754505256947], "id_test_balanced": 0.5470094084739685, "id_test_balanced_conf": [0.5418513697665185, 0.5521674471814185], "ood_test_conf": [0.6217853920004558, 0.6348324617592662], "ood_test_balanced": 0.5453895330429077, "ood_test_balanced_conf": [0.5431544490763918, 0.5476246170094237], "features": ["VCF0004", "VCF0901b", "VCF0701", "VCF0101", "VCF0104", "VCF0105a", "VCF0115", "VCF0112"]}