{"validation": 0.7266038169694182, "id_test": 0.7312643678160919, "ood_test": 0.645612547689699, "ood_validation": 0.6460364561254769, "train": 0.7164616622600299, "id_test_conf": [0.7178234722317995, 0.7443940726025375], "id_test_balanced": 0.5664044618606567, "id_test_balanced_conf": [0.5604079985897988, 0.5724009251315146], "ood_test_conf": [0.6391353004444242, 0.6520499040208434], "ood_test_balanced": 0.5692119002342224, "ood_test_balanced_conf": [0.5664937061304226, 0.5719300943380222], "features": ["VCF0004", "VCF0901b", "VCF0701", "VCF0101", "VCF0104", "VCF0105a", "VCF0115", "VCF0112"]}