{"validation": 0.7339618303058174, "id_test": 0.7420689655172413, "ood_test": 0.6607790495030851, "ood_validation": 0.6612971598134803, "train": 0.7301413955627084, "id_test_conf": [0.7287932143607525, 0.755018938155697], "id_test_balanced": 0.5978491902351379, "id_test_balanced_conf": [0.5907294280361384, 0.6049689524341375], "ood_test_conf": [0.6543653895428511, 0.667148661461962], "ood_test_balanced": 0.5892583131790161, "ood_test_balanced_conf": [0.5862698476202786, 0.5922467787377537], "features": ["VCF0004", "VCF0901b", "VCF0701", "VCF0101", "VCF0104", "VCF0105a", "VCF0115", "VCF0112"]}