{"validation": 0.7314325132214302, "id_test": 0.7395402298850575, "ood_test": 0.6693514200932599, "ood_validation": 0.6710470538363713, "train": 0.7321531210483964, "id_test_conf": [0.7262249157954545, 0.7525331803685007], "id_test_balanced": 0.6072617769241333, "id_test_balanced_conf": [0.5996038210950791, 0.6149197327531875], "ood_test_conf": [0.662976910141696, 0.6756795320667264], "ood_test_balanced": 0.6046812534332275, "ood_test_balanced_conf": [0.6013608236378059, 0.6080016832286492], "features": ["VCF0004", "VCF0901b", "VCF0701", "VCF0101", "VCF0104", "VCF0105a", "VCF0115", "VCF0112"]}