{"validation": 0.520809381467004, "id_test": 0.5108045977011494, "ood_test": 0.4369082944750601, "ood_validation": 0.4116150911403137, "0": 0.5305335968379447, "1": 0.5174443646805456, "3": 0.48823760047049597, "id_test_conf": [0.49583162404556874, 0.52576305128135], "id_test_balanced": 0.4245022237300873, "id_test_balanced_conf": [0.4151208721846342, 0.43388357527554033], "ood_test_conf": [0.4302218948398444, 0.44361197527163715], "ood_test_balanced": 0.4100411534309387, "ood_test_balanced_conf": [0.4055627634748816, 0.4145195433869958], "features": ["VCF0004", "VCF0901b", "VCF0701", "VCF0101", "VCF0104", "VCF0105a", "VCF0115", "VCF0112"]}