{"validation": 0.32559209013566337, "id_test": 0.3255172413793103, "ood_test": 0.39847392963119965, "ood_validation": 0.39889783806697754, "0": 0.35988142292490116, "1": 0.3195262024407753, "3": 0.3108214075671437, "id_test_conf": [0.31159890122732165, 0.33967022313146167], "id_test_balanced": 0.49570223689079285, "id_test_balanced_conf": [0.48994566028006376, 0.501458813501522], "ood_test_conf": [0.3918791346134376, 0.405096534885479], "ood_test_balanced": 0.48158159852027893, "ood_test_balanced_conf": [0.47932783257681877, 0.4838353644637391], "features": ["VCF0004", "VCF0901b", "VCF0701", "VCF0101", "VCF0104", "VCF0105a", "VCF0115", "VCF0112"]}