{"validation": 0.9232142857142858, "id_test": 0.924512987012987, "ood_test": 0.7855029585798816, "ood_validation": 0.7284768211920529, "train": 0.9225110597020983, "id_test_conf": [0.9197065469556409, 0.9291176992020747], "id_test_balanced": 0.7490122318267822, "id_test_balanced_conf": [0.7444647462107241, 0.7535597174428403], "ood_test_conf": [0.7626444789065799, 0.8071132291383142], "ood_test_balanced": 0.7175455093383789, "ood_test_balanced_conf": [0.701983032822609, 0.7331079858541488], "features": ["AccredAgency", "HIGHDEG", "CONTROL", "region", "LOCALE", "locale2", "CCBASIC", "HBCU", "DISTANCEONLY", "median_hh_inc", "poverty_rate", "unemp_rate", "TUITIONFEE_IN", "TUITIONFEE_OUT", "TUITIONFEE_PROG", "ADM_RATE", "ADM_RATE_ALL", "SATVRMID", "SATMTMID", "SATWRMID", "ACTCMMID", "ACTENMID", "ACTMTMID", "ACTWRMID", "NPT4_PROG", "COSTT4_A", "COSTT4_P", "loan_ever", "pell_ever", "PCIP14"]}