{"validation": 0.24930491195551435, "id_test": 0.25277777777777777, "ood_test": 0.15006337135614703, "ood_validation": 0.13601823708206687, "3": 0.23786793953858393, "id_test_conf": [0.22709749167533644, 0.27981241013702185], "id_test_balanced": 0.5565154552459717, "id_test_balanced_conf": [0.5419945804029703, 0.571036330088973], "ood_test_conf": [0.1436735643064255, 0.15662580098988804], "ood_test_balanced": 0.5040316581726074, "ood_test_balanced_conf": [0.5022121499641798, 0.505851166381035], "features": ["gender", "age", "ethnicity", "weight_mean_0", "insurance"]}