{"validation": 0.9221501390176089, "id_test": 0.9194444444444444, "ood_test": 0.8541613857203211, "ood_validation": 0.8685410334346505, "3": 0.9123309466984885, "id_test_conf": [0.9015824270907958, 0.9349778113324352], "id_test_balanced": 0.5086880922317505, "id_test_balanced_conf": [0.5034580071177334, 0.5139181773457676], "ood_test_conf": [0.8476733583177438, 0.860474688699765], "ood_test_balanced": 0.5038945078849792, "ood_test_balanced_conf": [0.5018731244141236, 0.5059158913558349], "features": ["gender", "age", "ethnicity", "weight_mean_0", "insurance"]}