{"validation": 0.6246524559777572, "id_test": 0.6166666666666667, "ood_test": 0.6355724545838615, "ood_validation": 0.6413373860182371, "3": 0.6280031821797931, "id_test_conf": [0.5869208412582732, 0.645774900440832], "id_test_balanced": 0.4903709888458252, "id_test_balanced_conf": [0.4702456614747643, 0.5104963162168861], "ood_test_conf": [0.6268270429250079, 0.6442511368640105], "ood_test_balanced": 0.5180609226226807, "ood_test_balanced_conf": [0.5120264428202063, 0.5240954024251551], "features": ["gender", "age", "ethnicity", "weight_mean_0", "insurance"]}