{"validation": 0.8072289156626506, "id_test": 0.799074074074074, "ood_test": 0.6575411913814956, "ood_validation": 0.6633738601823708, "3": 0.7871121718377089, "id_test_conf": [0.7739131227718745, 0.8225934843014826], "id_test_balanced": 0.5442959070205688, "id_test_balanced_conf": [0.5275432017445564, 0.5610486122965813], "ood_test_conf": [0.6489117205782116, 0.6660931126593963], "ood_test_balanced": 0.5235504508018494, "ood_test_balanced_conf": [0.5176221020426601, 0.5294787995610386], "features": ["gender", "age", "ethnicity", "weight_mean_0", "insurance"]}