{"validation": 0.9045412418906394, "id_test": 0.9027777777777778, "ood_test": 0.751246303337558, "ood_validation": 0.7606382978723404, "3": 0.8941925218774861, "id_test_conf": [0.8835325216860596, 0.9197933170862483], "id_test_balanced": 0.5220563411712646, "id_test_balanced_conf": [0.5128153449483216, 0.5312973373942077], "ood_test_conf": [0.7433545908749902, 0.7590142617237429], "ood_test_balanced": 0.5304487943649292, "ood_test_balanced_conf": [0.5253570584673435, 0.5355405302625149], "features": ["gender", "age", "ethnicity", "weight_mean_0", "insurance"]}