{"validation": 0.4112646121147715, "id_test": 0.410828025477707, "ood_test": 0.44679181110602395, "ood_validation": 0.45673925838728663, "train": 0.42610543088567254, "id_test_conf": [0.3792004802644095, 0.44301484602580704], "id_test_balanced": 0.5008992552757263, "id_test_balanced_conf": [0.49954633466666565, 0.502252175884787], "ood_test_conf": [0.438889330626766, 0.4547145456972516], "ood_test_balanced": 0.5002954006195068, "ood_test_balanced_conf": [0.5001028118119575, 0.5004879894270562], "features": ["SEX", "WHTLGSPK", "BORNUSA", "HWELLSPK", "HIDEG", "EDUCYR", "YRSINUS", "HISPNCAT", "RACETHX", "RACEWX", "RACEBX", "RACEAX", "RACEV2X", "RACEV1X", "HISPANX", "SICPAY31", "PAYDR31", "REGION31", "AGE31X", "INSCOV19"]}