{"validation": 0.6248671625929861, "id_test": 0.6592356687898089, "ood_test": 0.6173065602720911, "ood_validation": 0.633313713949382, "train": 0.6517062807064135, "id_test_conf": [0.6279762138050845, 0.6894956028315048], "id_test_balanced": 0.6919242143630981, "id_test_balanced_conf": [0.6727472019940615, 0.7111012267321348], "ood_test_conf": [0.6095478010213731, 0.6250206602980846], "ood_test_balanced": 0.6381240487098694, "ood_test_balanced_conf": [0.633198386542499, 0.6430497108772397], "features": ["SEX", "WHTLGSPK", "BORNUSA", "HWELLSPK", "HIDEG", "EDUCYR", "YRSINUS", "HISPNCAT", "RACETHX", "RACEWX", "RACEBX", "RACEAX", "RACEV2X", "RACEV1X", "HISPANX", "SICPAY31", "PAYDR31", "REGION31", "AGE31X", "INSCOV19"]}