{"validation": 0.6068012752391073, "id_test": 0.6454352441613588, "ood_test": 0.6027863169599058, "ood_validation": 0.6227192466156563, "train": 0.6292657017660337, "id_test_conf": [0.6139380287198606, 0.6760197513244872], "id_test_balanced": 0.6834020018577576, "id_test_balanced_conf": [0.6646688500419259, 0.7021351536735893], "ood_test_conf": [0.5949783947265908, 0.6105551093624887], "ood_test_balanced": 0.6291311979293823, "ood_test_balanced_conf": [0.6244720900338143, 0.6337903058249503], "features": ["SEX", "WHTLGSPK", "BORNUSA", "HWELLSPK", "HIDEG", "EDUCYR", "YRSINUS", "HISPNCAT", "RACETHX", "RACEWX", "RACEBX", "RACEAX", "RACEV2X", "RACEV1X", "HISPANX", "SICPAY31", "PAYDR31", "REGION31", "AGE31X", "INSCOV19"]}