{"validation": 0.6014877789585548, "id_test": 0.6273885350318471, "ood_test": 0.603898227483812, "ood_validation": 0.6197763390229547, "train": 0.6125348559288275, "id_test_conf": [0.5956220530451088, 0.6583557512293773], "id_test_balanced": 0.6693024039268494, "id_test_balanced_conf": [0.6508272621780634, 0.6877775456756353], "ood_test_conf": [0.5960938161370306, 0.6116630856002694], "ood_test_balanced": 0.6290870904922485, "ood_test_balanced_conf": [0.6243582872953266, 0.6338158936891705], "features": ["SEX", "WHTLGSPK", "BORNUSA", "HWELLSPK", "HIDEG", "EDUCYR", "YRSINUS", "HISPNCAT", "RACETHX", "RACEWX", "RACEBX", "RACEAX", "RACEV2X", "RACEV1X", "HISPANX", "SICPAY31", "PAYDR31", "REGION31", "AGE31X", "INSCOV19"]}