{"validation": 0.6195536663124336, "id_test": 0.6401273885350318, "ood_test": 0.5971613578389692, "ood_validation": 0.6150676868746321, "train": 0.6280706413490904, "id_test_conf": [0.6085461348818306, 0.6708293083556613], "id_test_balanced": 0.6812819242477417, "id_test_balanced_conf": [0.6629320975020527, 0.6996317509934307], "ood_test_conf": [0.5893363141577155, 0.6049494135405465], "ood_test_balanced": 0.6258638501167297, "ood_test_balanced_conf": [0.6213483517616987, 0.6303793484717608], "features": ["SEX", "WHTLGSPK", "BORNUSA", "HWELLSPK", "HIDEG", "EDUCYR", "YRSINUS", "HISPNCAT", "RACETHX", "RACEWX", "RACEBX", "RACEAX", "RACEV2X", "RACEV1X", "HISPANX", "SICPAY31", "PAYDR31", "REGION31", "AGE31X", "INSCOV19"]}