{"validation": 0.61211477151966, "id_test": 0.6390658174097664, "ood_test": 0.6080842435738112, "ood_validation": 0.6244849911712772, "train": 0.6300624087106625, "id_test_conf": [0.6074682436927717, 0.6697907312466418], "id_test_balanced": 0.6780062913894653, "id_test_balanced_conf": [0.659292163811624, 0.6967204189673066], "ood_test_conf": [0.6002934257053217, 0.615833914204799], "ood_test_balanced": 0.6318764686584473, "ood_test_balanced_conf": [0.6270785711705684, 0.6366743661463261], "features": ["SEX", "WHTLGSPK", "BORNUSA", "HWELLSPK", "HIDEG", "EDUCYR", "YRSINUS", "HISPNCAT", "RACETHX", "RACEWX", "RACEBX", "RACEAX", "RACEV2X", "RACEV1X", "HISPANX", "SICPAY31", "PAYDR31", "REGION31", "AGE31X", "INSCOV19"]}