{"validation": 0.6269925611052072, "id_test": 0.6422505307855626, "ood_test": 0.6277716004970895, "ood_validation": 0.6468510888758093, "train": 0.6417474438985526, "id_test_conf": [0.6107024038865625, 0.6729059750204538], "id_test_balanced": 0.6779317259788513, "id_test_balanced_conf": [0.6588136737793684, 0.6970497781783342], "ood_test_conf": [0.6200527769488751, 0.6354417792403886], "ood_test_balanced": 0.6443748474121094, "ood_test_balanced_conf": [0.6392985785193741, 0.6494511163048446], "features": ["SEX", "WHTLGSPK", "BORNUSA", "HWELLSPK", "HIDEG", "EDUCYR", "YRSINUS", "HISPNCAT", "RACETHX", "RACEWX", "RACEBX", "RACEAX", "RACEV2X", "RACEV1X", "HISPANX", "SICPAY31", "PAYDR31", "REGION31", "AGE31X", "INSCOV19"]}