{"validation": 0.7013815090329437, "id_test": 0.7441613588110403, "ood_test": 0.653868794558179, "ood_validation": 0.6633313713949383, "train": 0.7252688885938122, "id_test_conf": [0.7150304790975119, 0.7717567010131597], "id_test_balanced": 0.7460440993309021, "id_test_balanced_conf": [0.7263945659250021, 0.7656936327368021], "ood_test_conf": [0.6462664498285529, 0.661412553551135], "ood_test_balanced": 0.6578032970428467, "ood_test_balanced_conf": [0.6525014051049948, 0.6631051889806986], "features": ["SEX", "WHTLGSPK", "BORNUSA", "HWELLSPK", "HIDEG", "EDUCYR", "YRSINUS", "HISPNCAT", "RACETHX", "RACEWX", "RACEBX", "RACEAX", "RACEV2X", "RACEV1X", "HISPANX", "SICPAY31", "PAYDR31", "REGION31", "AGE31X", "INSCOV19"]}