{"validation": 0.6301806588735388, "id_test": 0.6507430997876857, "ood_test": 0.5946105042841259, "ood_validation": 0.5921130076515597, "train": 0.6325853140353207, "id_test_conf": [0.6193340154347873, 0.6812060932975144], "id_test_balanced": 0.5857158899307251, "id_test_balanced_conf": [0.5705487760342658, 0.6008830038271844], "ood_test_conf": [0.5867780468252224, 0.6024069450399273], "ood_test_balanced": 0.5549551844596863, "ood_test_balanced_conf": [0.5512409507017583, 0.5586694182176143], "features": ["SEX", "WHTLGSPK", "BORNUSA", "HWELLSPK", "HIDEG", "EDUCYR", "YRSINUS", "HISPNCAT", "RACETHX", "RACEWX", "RACEBX", "RACEAX", "RACEV2X", "RACEV1X", "HISPANX", "SICPAY31", "PAYDR31", "REGION31", "AGE31X", "INSCOV19"]}