{"validation": 0.6344314558979809, "id_test": 0.6709129511677282, "ood_test": 0.6203806658381843, "ood_validation": 0.631547969393761, "train": 0.6669764971451334, "id_test_conf": [0.6398768666562362, 0.7008760090150994], "id_test_balanced": 0.6325064301490784, "id_test_balanced_conf": [0.6129715167731047, 0.652041343525052], "ood_test_conf": [0.6126332430043122, 0.6280822587230841], "ood_test_balanced": 0.6041474342346191, "ood_test_balanced_conf": [0.5989361342322082, 0.6093587342370301], "features": ["SEX", "WHTLGSPK", "BORNUSA", "HWELLSPK", "HIDEG", "EDUCYR", "YRSINUS", "HISPNCAT", "RACETHX", "RACEWX", "RACEBX", "RACEAX", "RACEV2X", "RACEV1X", "HISPANX", "SICPAY31", "PAYDR31", "REGION31", "AGE31X", "INSCOV19"]}