{"validation": 0.691817215727949, "id_test": 0.7399150743099787, "ood_test": 0.6272483484858395, "ood_validation": 0.6350794585050029, "train": 0.7077413358119772, "id_test_conf": [0.7106480607082606, 0.7676734499511462], "id_test_balanced": 0.7436351776123047, "id_test_balanced_conf": [0.7239408892393112, 0.7633294659852982], "ood_test_conf": [0.6195274374573025, 0.6349208139978434], "ood_test_balanced": 0.632170557975769, "ood_test_balanced_conf": [0.6267902230005711, 0.637550892950967], "features": ["SEX", "WHTLGSPK", "BORNUSA", "HWELLSPK", "HIDEG", "EDUCYR", "YRSINUS", "HISPNCAT", "RACETHX", "RACEWX", "RACEBX", "RACEAX", "RACEV2X", "RACEV1X", "HISPANX", "SICPAY31", "PAYDR31", "REGION31", "AGE31X", "INSCOV19"]}