{"validation": 0.6790648246546227, "id_test": 0.7399150743099787, "ood_test": 0.6341160311334947, "ood_validation": 0.6421424367274867, "train": 0.7090691807196919, "id_test_conf": [0.7106480607082606, 0.7676734499511462], "id_test_balanced": 0.7491799592971802, "id_test_balanced_conf": [0.7297432575002313, 0.7686166610941291], "ood_test_conf": [0.626423284867699, 0.6417577161394812], "ood_test_balanced": 0.6462517976760864, "ood_test_balanced_conf": [0.6410453609749674, 0.6514582343772054], "features": ["SEX", "WHTLGSPK", "BORNUSA", "HWELLSPK", "HIDEG", "EDUCYR", "YRSINUS", "HISPNCAT", "RACETHX", "RACEWX", "RACEBX", "RACEAX", "RACEV2X", "RACEV1X", "HISPANX", "SICPAY31", "PAYDR31", "REGION31", "AGE31X", "INSCOV19"]}