{"validation": 0.691817215727949, "id_test": 0.7282377919320594, "ood_test": 0.6182876577931846, "ood_validation": 0.6274278987639789, "train": 0.7028283096534325, "id_test_conf": [0.6986137452258508, 0.756427108203015], "id_test_balanced": 0.7159205675125122, "id_test_balanced_conf": [0.6957909103110432, 0.7360502247139812], "ood_test_conf": [0.6105324810493831, 0.62599780168035], "ood_test_balanced": 0.6001740097999573, "ood_test_balanced_conf": [0.5950211593136191, 0.6053268602862955], "features": ["SEX", "WHTLGSPK", "BORNUSA", "HWELLSPK", "HIDEG", "EDUCYR", "YRSINUS", "HISPNCAT", "RACETHX", "RACEWX", "RACEBX", "RACEAX", "RACEV2X", "RACEV1X", "HISPANX", "SICPAY31", "PAYDR31", "REGION31", "AGE31X", "INSCOV19"]}