{"validation": 0.12613636363636363, "id_test": 0.12711038961038962, "ood_test": 0.3113905325443787, "ood_validation": 0.36423841059602646, "33": 0.12321354383049439, "id_test_conf": [0.12127655900649097, 0.13312100194853743], "id_test_balanced": 0.5000464916229248, "id_test_balanced_conf": [0.49996135913621403, 0.5001316241096356], "ood_test_conf": [0.28676985606051164, 0.3368337881609793], "ood_test_balanced": 0.5005365014076233, "ood_test_balanced_conf": [0.49966393870068715, 0.5014090641145594], "features": ["AccredAgency", "HIGHDEG", "CONTROL", "region", "locale2", "CCSIZSET", "HBCU", "DISTANCEONLY", "poverty_rate", "unemp_rate", "CCBASIC"]}