{"validation": 0.8746753246753247, "id_test": 0.8736201298701298, "ood_test": 0.7071005917159763, "ood_validation": 0.6688741721854304, "train": 0.8757254758715857, "id_test_conf": [0.8676238110252994, 0.8794393167180679], "id_test_balanced": 0.5039209127426147, "id_test_balanced_conf": [0.503097266954137, 0.5047445585310925], "ood_test_conf": [0.6820408369314057, 0.7312568196039813], "ood_test_balanced": 0.5756590962409973, "ood_test_balanced_conf": [0.562396660503, 0.5889215319789947], "features": ["AccredAgency", "HIGHDEG", "CONTROL", "region", "locale2", "CCSIZSET", "HBCU", "DISTANCEONLY", "poverty_rate", "unemp_rate", "CCBASIC"]}