{"id_test": 0.8849837662337663, "id_test_conf": [0.8792183675745314, 0.8905665771102415], "id_test_balanced": 0.5972431302070618, "id_test_balanced_conf": [0.5934610368078574, 0.6010252236062661], "ood_test": 0.7396449704142012, "ood_test_conf": [0.7153790918021308, 0.7628645853021334], "ood_test_balanced": 0.6934396028518677, "ood_test_balanced_conf": [0.6766805306077004, 0.710198675096035], "validation": 0.8896915584415584, "validation_conf": [0.8840268451045048, 0.8951714192535443], "validation_balanced": 0.6023856401443481, "validation_balanced_conf": [0.5986008599959314, 0.6061704202927649], "features": ["AccredAgency", "HIGHDEG", "CONTROL", "region", "locale2", "CCSIZSET", "HBCU", "DISTANCEONLY", "poverty_rate", "unemp_rate", "CCBASIC"]}