{"validation": 0.8707792207792208, "id_test": 0.8685876623376624, "ood_test": 0.6531065088757396, "ood_validation": 0.6291390728476821, "33": 0.8747195679268799, "id_test_conf": [0.8624941539630866, 0.8745064506112984], "id_test_balanced": 0.497762531042099, "id_test_balanced_conf": [0.49709440496517343, 0.49843065711902457], "ood_test_conf": [0.6270535080166872, 0.678492116100111], "ood_test_balanced": 0.49660226702690125, "ood_test_balanced_conf": [0.4859948962554336, 0.5072096377983689], "features": ["AccredAgency", "HIGHDEG", "CONTROL", "region", "locale2", "CCSIZSET", "HBCU", "DISTANCEONLY", "poverty_rate", "unemp_rate", "CCBASIC"]}