{"validation": 0.22012987012987012, "id_test": 0.22094155844155844, "ood_test": 0.34245562130177515, "ood_validation": 0.36423841059602646, "33": 0.2174283340257582, "id_test_conf": [0.21364156764394746, 0.2283736119371251], "id_test_balanced": 0.5390470027923584, "id_test_balanced_conf": [0.5358242344483733, 0.5422697711363434], "ood_test_conf": [0.31715687117222247, 0.3684411489430726], "ood_test_balanced": 0.5041028261184692, "ood_test_balanced_conf": [0.4942895986326039, 0.5139160536043346], "features": ["AccredAgency", "HIGHDEG", "CONTROL", "region", "locale2", "CCSIZSET", "HBCU", "DISTANCEONLY", "poverty_rate", "unemp_rate", "CCBASIC"]}