{"validation": 0.26574675324675323, "id_test": 0.2702922077922078, "ood_test": 0.3631656804733728, "ood_validation": 0.3708609271523179, "train": 0.2615670278826251, "id_test_conf": [0.2624644915698387, 0.2782285799146078], "id_test_balanced": 0.5558469295501709, "id_test_balanced_conf": [0.5518917549680918, 0.55980210413225], "ood_test_conf": [0.33748223367170216, 0.3894454761591894], "ood_test_balanced": 0.5027743577957153, "ood_test_balanced_conf": [0.4900431495346129, 0.5155055660568177], "features": ["AccredAgency", "HIGHDEG", "CONTROL", "region", "locale2", "CCSIZSET", "HBCU", "DISTANCEONLY", "poverty_rate", "unemp_rate", "CCBASIC"]}