{"validation": 0.8098214285714286, "id_test": 0.8068181818181818, "ood_test": 0.6701183431952663, "ood_validation": 0.6291390728476821, "train": 0.8088802305288364, "id_test_conf": [0.7997341444723097, 0.8137569657641615], "id_test_balanced": 0.5276303291320801, "id_test_balanced_conf": [0.5235050243418664, 0.5317556339222937], "ood_test_conf": [0.6443373692130768, 0.6951575978191169], "ood_test_balanced": 0.5030553936958313, "ood_test_balanced_conf": [0.49418553622439504, 0.5119252511672676], "features": ["AccredAgency", "HIGHDEG", "CONTROL", "region", "locale2", "CCSIZSET", "HBCU", "DISTANCEONLY", "poverty_rate", "unemp_rate", "CCBASIC"]}