{"validation": 0.2559253246753247, "id_test": 0.25746753246753246, "ood_test": 0.3431952662721893, "ood_validation": 0.36423841059602646, "train": 0.2506899630666829, "id_test_conf": [0.24976416892280826, 0.26528563044051057], "id_test_balanced": 0.5479555726051331, "id_test_balanced_conf": [0.5440858350507916, 0.5518253101594746], "ood_test_conf": [0.3178818702187655, 0.369192208935912], "ood_test_balanced": 0.5039852857589722, "ood_test_balanced_conf": [0.49403346445411445, 0.5139371070638299], "features": ["AccredAgency", "HIGHDEG", "CONTROL", "region", "locale2", "CCSIZSET", "HBCU", "DISTANCEONLY", "poverty_rate", "unemp_rate", "CCBASIC"]}