{"id_test": 0.8755715865757631, "id_test_conf": [0.873699871604413, 0.8774253045208066], "id_test_balanced": 0.5380686521530151, "id_test_balanced_conf": [0.5372370414366014, 0.5389002628694288], "ood_test": 0.8302567164179104, "ood_test_conf": [0.8286417516519515, 0.8318625326227664], "ood_test_balanced": 0.5348118543624878, "ood_test_balanced_conf": [0.5341822436626535, 0.535441465062322], "validation": 0.8776350760189511, "validation_conf": [0.8757766161209138, 0.8794754396278109], "validation_balanced": 0.5406273007392883, "validation_balanced_conf": [0.5397740067588166, 0.5414805947197601], "features": ["IYEAR", "MEDCOST", "PRACE1", "SEX", "PHYSHLTH", "BMI5", "BMI5CAT", "SMOKE100", "SMOKDAY2", "FRUIT_ONCE_PER_DAY", "VEG_ONCE_PER_DAY", "DRNK_PER_WEEK", "RFBING5", "TOTINDA", "INCOME", "MARITAL", "CHECKUP1", "EDUCA", "MENTHLTH", "TOLDHI"]}