{"id_test": 0.8755550786602175, "id_test_conf": [0.8736832583251056, 0.8774089027630678], "id_test_balanced": 0.5387241840362549, "id_test_balanced_conf": [0.5378853129362687, 0.539563055136241], "ood_test": 0.8304334328358209, "ood_test_conf": [0.8288191318292595, 0.8320385803785437], "ood_test_balanced": 0.5359356999397278, "ood_test_balanced_conf": [0.5352971449319739, 0.5365742549474817], "validation": 0.8778661868365881, "validation_conf": [0.876009222044449, 0.8797050442211989], "validation_balanced": 0.5416890978813171, "validation_balanced_conf": [0.5408273982547689, 0.5425507975078654], "features": ["IYEAR", "MEDCOST", "PRACE1", "SEX", "PHYSHLTH", "BMI5", "BMI5CAT", "SMOKE100", "SMOKDAY2", "FRUIT_ONCE_PER_DAY", "VEG_ONCE_PER_DAY", "DRNK_PER_WEEK", "RFBING5", "TOTINDA", "INCOME", "MARITAL", "CHECKUP1", "EDUCA", "MENTHLTH", "TOLDHI"]}