{"id_test": 0.8756376182379451, "id_test_conf": [0.8737663248283325, 0.8774909114450622], "id_test_balanced": 0.5379956364631653, "id_test_balanced_conf": [0.5371655842324253, 0.5388256886939052], "ood_test": 0.8302041791044776, "ood_test_conf": [0.8285890171265674, 0.8318101939788538], "ood_test_balanced": 0.5348232984542847, "ood_test_balanced_conf": [0.5341930450452491, 0.5354535518633202], "validation": 0.8777836472588606, "validation_conf": [0.8759261482547613, 0.879623042826294], "validation_balanced": 0.5404305458068848, "validation_balanced_conf": [0.5395809678686783, 0.5412801237450913], "features": ["IYEAR", "MEDCOST", "PRACE1", "SEX", "PHYSHLTH", "BMI5", "BMI5CAT", "SMOKE100", "SMOKDAY2", "FRUIT_ONCE_PER_DAY", "VEG_ONCE_PER_DAY", "DRNK_PER_WEEK", "RFBING5", "TOTINDA", "INCOME", "MARITAL", "CHECKUP1", "EDUCA", "MENTHLTH", "TOLDHI"]}