{"validation": 0.8535912970269244, "id_test": 0.8512471730194628, "ood_test": 0.8171653731343284, "ood_validation": 0.8149931224209078, "0": 0.8524920323267257, "id_test_conf": [0.8492309096177935, 0.8532466085711139], "id_test_balanced": 0.6333919167518616, "id_test_balanced_conf": [0.6318662282428704, 0.6349176052608527], "ood_test_conf": [0.8155029433760679, 0.8188190174761378], "ood_test_balanced": 0.6206935048103333, "ood_test_balanced_conf": [0.6195420594746247, 0.6218449501460418], "features": ["IYEAR", "MEDCOST", "PRACE1", "SEX", "PHYSHLTH", "BMI5", "BMI5CAT", "SMOKE100", "SMOKDAY2", "FRUIT_ONCE_PER_DAY", "VEG_ONCE_PER_DAY", "DRNK_PER_WEEK", "RFBING5", "TOTINDA", "INCOME", "MARITAL", "CHECKUP1", "EDUCA", "MENTHLTH", "TOLDHI"]}