{"validation": 0.873574128794757, "id_test": 0.8709163543919309, "ood_test": 0.8255713432835821, "ood_validation": 0.8253094910591472, "train": 0.8735345310550964, "id_test_conf": [0.8690153428321856, 0.872799592811156], "id_test_balanced": 0.5498383641242981, "id_test_balanced_conf": [0.5488465426093899, 0.5508301856392063], "ood_test_conf": [0.8239390080660475, 0.8271946599212381], "ood_test_balanced": 0.5458645224571228, "ood_test_balanced_conf": [0.5451004515960812, 0.5466285933181644], "features": ["IYEAR", "MEDCOST", "PRACE1", "SEX", "PHYSHLTH", "BMI5", "BMI5CAT", "SMOKE100", "SMOKDAY2", "FRUIT_ONCE_PER_DAY", "VEG_ONCE_PER_DAY", "DRNK_PER_WEEK", "RFBING5", "TOTINDA", "INCOME", "MARITAL", "CHECKUP1", "EDUCA", "MENTHLTH", "TOLDHI"]}