{"validation": 0.8770490450170857, "id_test": 0.8748534922495337, "ood_test": 0.8304573134328358, "ood_validation": 0.8317572214580468, "train": 0.8771652519683171, "id_test_conf": [0.8729772037901542, 0.8767118182227267], "id_test_balanced": 0.5495445728302002, "id_test_balanced_conf": [0.5485926438937895, 0.5504965017666109], "ood_test_conf": [0.8288431021720122, 0.8320623705672885], "ood_test_balanced": 0.5440523624420166, "ood_test_balanced_conf": [0.5433428765705322, 0.544761848313501], "features": ["IYEAR", "MEDCOST", "PRACE1", "SEX", "PHYSHLTH", "BMI5", "BMI5CAT", "SMOKE100", "SMOKDAY2", "FRUIT_ONCE_PER_DAY", "VEG_ONCE_PER_DAY", "DRNK_PER_WEEK", "RFBING5", "TOTINDA", "INCOME", "MARITAL", "CHECKUP1", "EDUCA", "MENTHLTH", "TOLDHI"]}