{"validation": 0.8770820608481767, "id_test": 0.8750020634894432, "ood_test": 0.8291582089552239, "ood_validation": 0.8304676753782668, "train": 0.8774923160574023, "id_test_conf": [0.873126719620199, 0.8768594377264088], "id_test_balanced": 0.5254947543144226, "id_test_balanced_conf": [0.5248099069599994, 0.5261796016688458], "ood_test_conf": [0.8275391322631127, 0.8307681675622337], "ood_test_balanced": 0.5228317975997925, "ood_test_balanced_conf": [0.5223206592490897, 0.5233429359504953], "features": ["IYEAR", "MEDCOST", "PRACE1", "SEX", "PHYSHLTH", "BMI5", "BMI5CAT", "SMOKE100", "SMOKDAY2", "FRUIT_ONCE_PER_DAY", "VEG_ONCE_PER_DAY", "DRNK_PER_WEEK", "RFBING5", "TOTINDA", "INCOME", "MARITAL", "CHECKUP1", "EDUCA", "MENTHLTH", "TOLDHI"]}