{"validation": 0.8744903181075325, "id_test": 0.8727487330174819, "ood_test": 0.8257958208955224, "ood_validation": 0.828748280605227, "train": 0.8752750897878623, "id_test_conf": [0.8708591543940237, 0.8746204503833706], "id_test_balanced": 0.49998581409454346, "id_test_balanced_conf": [0.4999708174348052, 0.5000008107542817], "ood_test_conf": [0.8241643079795997, 0.8274183090044549], "ood_test_balanced": 0.4999942183494568, "ood_test_balanced_conf": [0.49998693548762274, 0.5000015012112908], "features": ["IYEAR", "MEDCOST", "PRACE1", "SEX", "PHYSHLTH", "BMI5", "BMI5CAT", "SMOKE100", "SMOKDAY2", "FRUIT_ONCE_PER_DAY", "VEG_ONCE_PER_DAY", "DRNK_PER_WEEK", "RFBING5", "TOTINDA", "INCOME", "MARITAL", "CHECKUP1", "EDUCA", "MENTHLTH", "TOLDHI"]}