{"validation": 0.874176667712168, "id_test": 0.872212225762253, "ood_test": 0.8254949253731343, "ood_validation": 0.828576341127923, "train": 0.8748685811093148, "id_test_conf": [0.8703192865405803, 0.8740873295274716], "id_test_balanced": 0.5006205439567566, "id_test_balanced_conf": [0.5004621572099859, 0.5007789307035273], "ood_test_conf": [0.8238623104484984, 0.8271185238377541], "ood_test_balanced": 0.5009803175926208, "ood_test_balanced_conf": [0.5008456783861038, 0.5011149567991379], "features": ["IYEAR", "MEDCOST", "PRACE1", "SEX", "PHYSHLTH", "BMI5", "BMI5CAT", "SMOKE100", "SMOKDAY2", "FRUIT_ONCE_PER_DAY", "VEG_ONCE_PER_DAY", "DRNK_PER_WEEK", "RFBING5", "TOTINDA", "INCOME", "MARITAL", "CHECKUP1", "EDUCA", "MENTHLTH", "TOLDHI"]}