{"validation": 0.8771976162569952, "id_test": 0.8751341268138072, "ood_test": 0.829745671641791, "ood_validation": 0.8309405089408528, "train": 0.877628506782195, "id_test_conf": [0.8732596233013212, 0.8769906543418725], "id_test_balanced": 0.5308074951171875, "id_test_balanced_conf": [0.5300546337047126, 0.5315603565296624], "ood_test_conf": [0.8281287909095121, 0.8313534179910335], "ood_test_balanced": 0.5295481085777283, "ood_test_balanced_conf": [0.5289664284000173, 0.5301297887554393], "features": ["IYEAR", "MEDCOST", "PRACE1", "SEX", "PHYSHLTH", "BMI5", "BMI5CAT", "SMOKE100", "SMOKDAY2", "FRUIT_ONCE_PER_DAY", "VEG_ONCE_PER_DAY", "DRNK_PER_WEEK", "RFBING5", "TOTINDA", "INCOME", "MARITAL", "CHECKUP1", "EDUCA", "MENTHLTH", "TOLDHI"]}