{"validation": 0.12553444376578568, "id_test": 0.1272925367713819, "ood_test": 0.1742710447761194, "ood_validation": 0.17138067400275103, "0": 0.12479816431410946, "id_test_conf": [0.12542055852529602, 0.12918237429030544], "id_test_balanced": 0.5000101327896118, "id_test_balanced_conf": [0.499975655386952, 0.5000446101922716], "ood_test_conf": [0.17264830976804946, 0.17590280273629366], "ood_test_balanced": 0.5000462532043457, "ood_test_balanced_conf": [0.5000256515404544, 0.500066854868237], "features": ["IYEAR", "MEDCOST", "PRACE1", "SEX", "PHYSHLTH", "BMI5", "BMI5CAT", "SMOKE100", "SMOKDAY2", "FRUIT_ONCE_PER_DAY", "VEG_ONCE_PER_DAY", "DRNK_PER_WEEK", "RFBING5", "TOTINDA", "INCOME", "MARITAL", "CHECKUP1", "EDUCA", "MENTHLTH", "TOLDHI"]}