{"validation": 0.720165555300069, "id_test": 0.7119540229885057, "ood_test": 0.7359521454476944, "ood_validation": 0.7422636710470538, "train": 0.7185596045522474, "id_test_conf": [0.6982425171639755, 0.7253803903068252], "id_test_balanced": 0.74212646484375, "id_test_balanced_conf": [0.7330668797530234, 0.7511860499344766], "ood_test_conf": [0.7299669023774964, 0.7418727223775274], "ood_test_balanced": 0.7419031858444214, "ood_test_balanced_conf": [0.7377518044132739, 0.7460545672755688], "features": ["VCF0004", "VCF0901b", "VCF0218", "VCF0224", "VCF0302", "VCF9201", "VCF9202", "VCF9203", "VCF9206", "VCF0428", "VCF0429", "VCF0822", "VCF0870", "VCF0803", "VCF0601", "VCF0612", "VCF0615", "VCF0616", "VCF0617", "VCF0310", "VCF0743", "VCF0717", "VCF0718", "VCF0720", "VCF0721", "VCF0701", "VCF0675", "VCF0724", "VCF0725", "VCF0726", "VCF0745", "VCF0101", "VCF0104", "VCF0105a", "VCF0115", "VCF0140a", "VCF0112", "VCF0875"]}