{"validation": 0.781788916992412, "id_test": 0.775632183908046, "ood_test": 0.7517780603834017, "ood_validation": 0.7609156422212802, "train": 0.7812967007702035, "id_test_conf": [0.7629375229791295, 0.787955689180797], "id_test_balanced": 0.7304415702819824, "id_test_balanced_conf": [0.7214140682853758, 0.739469072278589], "ood_test_conf": [0.7459095877438378, 0.7575775221846555], "ood_test_balanced": 0.7294135093688965, "ood_test_balanced_conf": [0.7253406161535532, 0.7334864025842398], "features": ["VCF0004", "VCF0901b", "VCF0218", "VCF0224", "VCF0302", "VCF9201", "VCF9202", "VCF9203", "VCF9206", "VCF0428", "VCF0429", "VCF0822", "VCF0870", "VCF0803", "VCF0601", "VCF0612", "VCF0615", "VCF0616", "VCF0617", "VCF0310", "VCF0743", "VCF0717", "VCF0718", "VCF0720", "VCF0721", "VCF0701", "VCF0675", "VCF0724", "VCF0725", "VCF0726", "VCF0745", "VCF0101", "VCF0104", "VCF0105a", "VCF0115", "VCF0140a", "VCF0112", "VCF0875"]}