{"validation": 0.7912163715796735, "id_test": 0.7855172413793103, "ood_test": 0.7171588714615421, "ood_validation": 0.7248834251801611, "train": 0.7850040234509714, "id_test_conf": [0.7730149296972246, 0.7976350110821802], "id_test_balanced": 0.6679662466049194, "id_test_balanced_conf": [0.6601508935913444, 0.6757815996184945], "ood_test_conf": [0.7110476967482129, 0.7232105371981998], "ood_test_balanced": 0.661704957485199, "ood_test_balanced_conf": [0.6581754741864279, 0.6652344407839701], "features": ["VCF0004", "VCF0901b", "VCF0218", "VCF0224", "VCF0302", "VCF9201", "VCF9202", "VCF9203", "VCF9206", "VCF0428", "VCF0429", "VCF0822", "VCF0870", "VCF0803", "VCF0601", "VCF0612", "VCF0615", "VCF0616", "VCF0617", "VCF0310", "VCF0743", "VCF0717", "VCF0718", "VCF0720", "VCF0721", "VCF0701", "VCF0675", "VCF0724", "VCF0725", "VCF0726", "VCF0745", "VCF0101", "VCF0104", "VCF0105a", "VCF0115", "VCF0140a", "VCF0112", "VCF0875"]}