{"validation": 0.6847551161186479, "id_test": 0.6694252873563218, "ood_test": 0.6683151994724695, "ood_validation": 0.6706231454005934, "0": 0.7014822134387352, "1": 0.6766690595836324, "3": 0.692021172319153, "id_test_conf": [0.6552206986808471, 0.6834020452674181], "id_test_balanced": 0.6679548621177673, "id_test_balanced_conf": [0.658058951664716, 0.6778507725708187], "ood_test_conf": [0.6619358319247683, 0.6746484531183572], "ood_test_balanced": 0.661077082157135, "ood_test_balanced_conf": [0.6565895757358521, 0.6655645885784179], "features": ["VCF0004", "VCF0901b", "VCF0218", "VCF0224", "VCF0302", "VCF9201", "VCF9202", "VCF9203", "VCF9206", "VCF0428", "VCF0429", "VCF0822", "VCF0870", "VCF0803", "VCF0601", "VCF0612", "VCF0615", "VCF0616", "VCF0617", "VCF0310", "VCF0743", "VCF0717", "VCF0718", "VCF0720", "VCF0721", "VCF0701", "VCF0675", "VCF0724", "VCF0725", "VCF0726", "VCF0745", "VCF0101", "VCF0104", "VCF0105a", "VCF0115", "VCF0140a", "VCF0112", "VCF0875"]}