{"validation": 0.45182800643826165, "id_test": 0.4413793103448276, "ood_test": 0.4686543262210918, "ood_validation": 0.4586689275116575, "0": 0.47855731225296444, "1": 0.45269203158650395, "3": 0.41109586355616545, "id_test_conf": [0.42655193430438665, 0.45628547084243204], "id_test_balanced": 0.5589983463287354, "id_test_balanced_conf": [0.5505155550688505, 0.5674811375886202], "ood_test_conf": [0.46192305469470235, 0.47539418325726746], "ood_test_balanced": 0.5282450318336487, "ood_test_balanced_conf": [0.5245647581294179, 0.5319253055378794], "features": ["VCF0004", "VCF0901b", "VCF0218", "VCF0224", "VCF0302", "VCF9201", "VCF9202", "VCF9203", "VCF9206", "VCF0428", "VCF0429", "VCF0822", "VCF0870", "VCF0803", "VCF0601", "VCF0612", "VCF0615", "VCF0616", "VCF0617", "VCF0310", "VCF0743", "VCF0717", "VCF0718", "VCF0720", "VCF0721", "VCF0701", "VCF0675", "VCF0724", "VCF0725", "VCF0726", "VCF0745", "VCF0101", "VCF0104", "VCF0105a", "VCF0115", "VCF0140a", "VCF0112", "VCF0875"]}