{"validation": 0.7339618303058174, "id_test": 0.7301149425287357, "ood_test": 0.6276670905751024, "ood_validation": 0.6218736752861382, "train": 0.7241062191056443, "id_test_conf": [0.7166570704569322, 0.7432631752017226], "id_test_balanced": 0.5467548370361328, "id_test_balanced_conf": [0.5423098252899945, 0.5511998487822711], "ood_test_conf": [0.6211237205936115, 0.6341754876206567], "ood_test_balanced": 0.541217565536499, "ood_test_balanced_conf": [0.5393413593899459, 0.5430937716830522], "features": ["VCF0004", "VCF0901b", "VCF0218", "VCF0224", "VCF0302", "VCF9201", "VCF9202", "VCF9203", "VCF9206", "VCF0428", "VCF0429", "VCF0822", "VCF0870", "VCF0803", "VCF0601", "VCF0612", "VCF0615", "VCF0616", "VCF0617", "VCF0310", "VCF0743", "VCF0717", "VCF0718", "VCF0720", "VCF0721", "VCF0701", "VCF0675", "VCF0724", "VCF0725", "VCF0726", "VCF0745", "VCF0101", "VCF0104", "VCF0105a", "VCF0115", "VCF0140a", "VCF0112", "VCF0875"]}