{"id_test": 0.835632183908046, "id_test_conf": [0.8242793692515581, 0.8465323669817651], "id_test_balanced": 0.7724159955978394, "id_test_balanced_conf": [0.7642328388243914, 0.7805991523712873], "ood_test": 0.7973717676981772, "ood_test_conf": [0.7919008311800714, 0.8027611639990953], "ood_test_balanced": 0.7669687271118164, "ood_test_balanced_conf": [0.7632502988306805, 0.7706871553929523], "validation": 0.8296160036790067, "validation_conf": [0.8181067314768485, 0.8406807403938403], "validation_balanced": 0.7672046422958374, "validation_balanced_conf": [0.7589450609125197, 0.7754642236791551], "features": ["VCF0004", "VCF0901b", "VCF0218", "VCF0224", "VCF0302", "VCF9201", "VCF9202", "VCF9203", "VCF9206", "VCF0428", "VCF0429", "VCF0822", "VCF0870", "VCF0803", "VCF0601", "VCF0612", "VCF0615", "VCF0616", "VCF0617", "VCF0310", "VCF0743", "VCF0717", "VCF0718", "VCF0720", "VCF0721", "VCF0701", "VCF0675", "VCF0724", "VCF0725", "VCF0726", "VCF0745", "VCF0101", "VCF0104", "VCF0105a", "VCF0115", "VCF0140a", "VCF0112", "VCF0875"]}