{"validation": 0.6771671648654863, "id_test": 0.6698850574712644, "ood_test": 0.6078375959681598, "ood_validation": 0.6167867740568037, "0": 0.6732213438735178, "1": 0.6614501076812634, "3": 0.6487943540482258, "id_test_conf": [0.6556850846510821, 0.6838565804003096], "id_test_balanced": 0.6328583359718323, "id_test_balanced_conf": [0.6229114669561386, 0.6428052049875259], "ood_test_conf": [0.6012323017080075, 0.6144133507406283], "ood_test_balanced": 0.6034731864929199, "ood_test_balanced_conf": [0.5988255055528134, 0.6081208674330264], "features": ["VCF0004", "VCF0901b", "VCF0218", "VCF0224", "VCF0302", "VCF9201", "VCF9202", "VCF9203", "VCF9206", "VCF0428", "VCF0429", "VCF0822", "VCF0870", "VCF0803", "VCF0601", "VCF0612", "VCF0615", "VCF0616", "VCF0617", "VCF0310", "VCF0743", "VCF0717", "VCF0718", "VCF0720", "VCF0721", "VCF0701", "VCF0675", "VCF0724", "VCF0725", "VCF0726", "VCF0745", "VCF0101", "VCF0104", "VCF0105a", "VCF0115", "VCF0140a", "VCF0112", "VCF0875"]}