{"validation": 0.7744309036560129, "id_test": 0.7705747126436782, "ood_test": 0.6783476991192124, "ood_validation": 0.6778295888088173, "train": 0.7634498218185999, "id_test_conf": [0.7577855329720267, 0.7829995812220721], "id_test_balanced": 0.6185590624809265, "id_test_balanced_conf": [0.6120358151942491, 0.6250823097676039], "ood_test_conf": [0.6720168282575674, 0.6846297055430972], "ood_test_balanced": 0.6053271293640137, "ood_test_balanced_conf": [0.6024813366914168, 0.6081729220366106], "features": ["VCF0004", "VCF0901b", "VCF0218", "VCF0224", "VCF0302", "VCF9201", "VCF9202", "VCF9203", "VCF9206", "VCF0428", "VCF0429", "VCF0822", "VCF0870", "VCF0803", "VCF0601", "VCF0612", "VCF0615", "VCF0616", "VCF0617", "VCF0310", "VCF0743", "VCF0717", "VCF0718", "VCF0720", "VCF0721", "VCF0701", "VCF0675", "VCF0724", "VCF0725", "VCF0726", "VCF0745", "VCF0101", "VCF0104", "VCF0105a", "VCF0115", "VCF0140a", "VCF0112", "VCF0875"]}