{"validation": 0.7505173603127155, "id_test": 0.7450574712643678, "ood_test": 0.6441995195704394, "ood_validation": 0.6409495548961425, "train": 0.7378434302793424, "id_test_conf": [0.7318292073291746, 0.757955920244894], "id_test_balanced": 0.5728453993797302, "id_test_balanced_conf": [0.5674646806158126, 0.5782261181436479], "ood_test_conf": [0.6377167111875733, 0.6506428243116782], "ood_test_balanced": 0.5618223547935486, "ood_test_balanced_conf": [0.5595705123571679, 0.5640741972299292], "features": ["VCF0004", "VCF0901b", "VCF0218", "VCF0224", "VCF0302", "VCF9201", "VCF9202", "VCF9203", "VCF9206", "VCF0428", "VCF0429", "VCF0822", "VCF0870", "VCF0803", "VCF0601", "VCF0612", "VCF0615", "VCF0616", "VCF0617", "VCF0310", "VCF0743", "VCF0717", "VCF0718", "VCF0720", "VCF0721", "VCF0701", "VCF0675", "VCF0724", "VCF0725", "VCF0726", "VCF0745", "VCF0101", "VCF0104", "VCF0105a", "VCF0115", "VCF0140a", "VCF0112", "VCF0875"]}