{"validation": 0.7758105311565877, "id_test": 0.7731034482758621, "ood_test": 0.6786303047430644, "ood_validation": 0.6816447647308181, "train": 0.7648867685940913, "id_test_conf": [0.7603612050734816, 0.7854779584464586], "id_test_balanced": 0.6246162056922913, "id_test_balanced_conf": [0.6179281428270041, 0.6313042685575784], "ood_test_conf": [0.6723008476937651, 0.6849108198693539], "ood_test_balanced": 0.6063030958175659, "ood_test_balanced_conf": [0.6034160061553121, 0.6091901854798197], "features": ["VCF0004", "VCF0901b", "VCF0218", "VCF0224", "VCF0302", "VCF9201", "VCF9202", "VCF9203", "VCF9206", "VCF0428", "VCF0429", "VCF0822", "VCF0870", "VCF0803", "VCF0601", "VCF0612", "VCF0615", "VCF0616", "VCF0617", "VCF0310", "VCF0743", "VCF0717", "VCF0718", "VCF0720", "VCF0721", "VCF0701", "VCF0675", "VCF0724", "VCF0725", "VCF0726", "VCF0745", "VCF0101", "VCF0104", "VCF0105a", "VCF0115", "VCF0140a", "VCF0112", "VCF0875"]}