{"validation": 0.8289261899287192, "id_test": 0.8326436781609196, "ood_test": 0.7935565917761763, "ood_validation": 0.8024586689275116, "train": 0.8247212323255546, "id_test_conf": [0.8212131754186853, 0.843625623145887], "id_test_balanced": 0.7640142440795898, "id_test_balanced_conf": [0.75582579549402, 0.7722026926651597], "ood_test_conf": [0.7880485930321344, 0.7989840996145197], "ood_test_balanced": 0.7604377865791321, "ood_test_balanced_conf": [0.7567362931463868, 0.7641392800118774], "features": ["VCF0004", "VCF0901b", "VCF0218", "VCF0224", "VCF0302", "VCF9201", "VCF9202", "VCF9203", "VCF9206", "VCF0428", "VCF0429", "VCF0822", "VCF0870", "VCF0803", "VCF0601", "VCF0612", "VCF0615", "VCF0616", "VCF0617", "VCF0310", "VCF0743", "VCF0717", "VCF0718", "VCF0720", "VCF0721", "VCF0701", "VCF0675", "VCF0724", "VCF0725", "VCF0726", "VCF0745", "VCF0101", "VCF0104", "VCF0105a", "VCF0115", "VCF0140a", "VCF0112", "VCF0875"]}