{"validation": 0.8213382386755576, "id_test": 0.8222988505747126, "ood_test": 0.7989260986293627, "ood_validation": 0.8075455701568461, "train": 0.8117024945396023, "id_test_conf": [0.8106090948057392, 0.8335541348590657], "id_test_balanced": 0.7802021503448486, "id_test_balanced_conf": [0.7717762410454452, 0.7886280596442521], "ood_test_conf": [0.7934704766648326, 0.804299752824067], "ood_test_balanced": 0.7790356278419495, "ood_test_balanced_conf": [0.7752184524573386, 0.7828528032265604], "features": ["VCF0004", "VCF0901b", "VCF0218", "VCF0224", "VCF0302", "VCF9201", "VCF9202", "VCF9203", "VCF9206", "VCF0428", "VCF0429", "VCF0822", "VCF0870", "VCF0803", "VCF0601", "VCF0612", "VCF0615", "VCF0616", "VCF0617", "VCF0310", "VCF0743", "VCF0717", "VCF0718", "VCF0720", "VCF0721", "VCF0701", "VCF0675", "VCF0724", "VCF0725", "VCF0726", "VCF0745", "VCF0101", "VCF0104", "VCF0105a", "VCF0115", "VCF0140a", "VCF0112", "VCF0875"]}