{"validation": 0.7013106461255461, "id_test": 0.7018390804597702, "ood_test": 0.5933776082144034, "ood_validation": 0.5837219160661297, "0": 0.6822134387351778, "1": 0.6996410624551328, "3": 0.6883944324642227, "id_test_conf": [0.6879978408241, 0.7154088193579393], "id_test_balanced": 0.49952879548072815, "id_test_balanced_conf": [0.4984191069053486, 0.5006384840561077], "ood_test_conf": [0.586734340481759, 0.5999952981512959], "ood_test_balanced": 0.5002145767211914, "ood_test_balanced_conf": [0.4994289043964818, 0.501000249045901], "features": ["VCF0004", "VCF0901b", "VCF0218", "VCF0224", "VCF0302", "VCF9201", "VCF9202", "VCF9203", "VCF9206", "VCF0428", "VCF0429", "VCF0822", "VCF0870", "VCF0803", "VCF0601", "VCF0612", "VCF0615", "VCF0616", "VCF0617", "VCF0310", "VCF0743", "VCF0717", "VCF0718", "VCF0720", "VCF0721", "VCF0701", "VCF0675", "VCF0724", "VCF0725", "VCF0726", "VCF0745", "VCF0101", "VCF0104", "VCF0105a", "VCF0115", "VCF0140a", "VCF0112", "VCF0875"]}