{"validation": 0.694826440527798, "id_test": 0.6971445929526124, "ood_test": 0.6346115846188299, "ood_validation": 0.6348547717842323, "train": 0.6958183657761151, "id_test_conf": [0.6948722610751963, 0.6994096895057226], "id_test_balanced": 0.5284327268600464, "id_test_balanced_conf": [0.5278540856181644, 0.5290113681019284], "ood_test_conf": [0.6311743803034908, 0.6380384981200222], "ood_test_balanced": 0.5412331223487854, "ood_test_balanced_conf": [0.5402408060384915, 0.5422254386590794], "features": ["DIVISION", "AGEP", "SEX", "RAC1P", "POBP", "ST", "FER", "ENG", "CIT", "SCHL", "OCCP", "COW", "WKHP", "WKW", "WRK", "NWLA", "HINS1"]}