{"validation": 0.5440939151346391, "id_test": 0.5404009720534629, "ood_test": 0.613613310323932, "ood_validation": 0.6097213989330172, "0": 0.6626622479977907, "2": 0.55481092796441, "3": 0.5294478154725123, "4": 0.5039322639296818, "5": 0.5414430530709601, "6": 0.5071152770387349, "7": 0.5371338808136644, "8": 0.5497562789160608, "9": 0.5770999600494272, "id_test_conf": [0.5379398589789294, 0.5428606026018661], "id_test_balanced": 0.65919429063797, "id_test_balanced_conf": [0.6580131509620696, 0.6603754303138704], "ood_test_conf": [0.6101386237883939, 0.6170793115695887], "ood_test_balanced": 0.6774663925170898, "ood_test_balanced_conf": [0.6757195253367536, 0.6792132596974261], "features": ["DIVISION", "AGEP", "SEX", "RAC1P", "POBP", "ST", "FER", "ENG", "CIT", "SCHL", "OCCP", "COW", "WKHP", "WKW", "WRK", "NWLA", "HINS1"]}