{"validation": 0.8018732398822896, "id_test": 0.8014884568651276, "ood_test": 0.7917429621530476, "ood_validation": 0.7824540604623592, "train": 0.8011467238551945, "id_test_conf": [0.7995130648326692, 0.8034527809852041], "id_test_balanced": 0.763351321220398, "id_test_balanced_conf": [0.7619166740356014, 0.7647859684051945], "ood_test_conf": [0.7888366503316839, 0.7946269602199243], "ood_test_balanced": 0.7780511379241943, "ood_test_balanced_conf": [0.7759882126329467, 0.780114063215442], "features": ["DIVISION", "AGEP", "SEX", "RAC1P", "POBP", "ST", "FER", "ENG", "CIT", "SCHL", "OCCP", "COW", "WKHP", "WKW", "WRK", "NWLA", "HINS1"]}