{"validation": 0.7994430908458058, "id_test": 0.7987229141352774, "ood_test": 0.7893190710173756, "ood_validation": 0.7805572021339656, "train": 0.7984602764129757, "id_test_conf": [0.7967373405988607, 0.8006975214056111], "id_test_balanced": 0.7630950808525085, "id_test_balanced_conf": [0.7616537714423611, 0.764536390262656], "ood_test_conf": [0.7864005417305241, 0.7922154722219727], "ood_test_balanced": 0.7821305990219116, "ood_test_balanced_conf": [0.780061699450016, 0.7841994985938072], "features": ["DIVISION", "AGEP", "SEX", "RAC1P", "POBP", "ST", "FER", "ENG", "CIT", "SCHL", "OCCP", "COW", "WKHP", "WKW", "WRK", "NWLA", "HINS1"]}