{"validation": 0.8233965129892732, "id_test": 0.822347104090725, "ood_test": 0.8047055104003372, "ood_validation": 0.8024896265560166, "train": 0.8240962311420645, "id_test_conf": [0.8204534657416216, 0.8242289076907103], "id_test_balanced": 0.785456657409668, "id_test_balanced_conf": [0.784071161763277, 0.786842153056059], "ood_test_conf": [0.8018672356250344, 0.8075204782852167], "ood_test_balanced": 0.7816189527511597, "ood_test_balanced_conf": [0.7796201553149149, 0.7836177501874044], "features": ["DIVISION", "AGEP", "SEX", "RAC1P", "POBP", "ST", "FER", "ENG", "CIT", "SCHL", "OCCP", "COW", "WKHP", "WKW", "WRK", "NWLA", "HINS1"]}