{"validation": 0.8235990254089801, "id_test": 0.822385074929121, "ood_test": 0.8046923370789477, "ood_validation": 0.8033195020746888, "train": 0.8240543048421712, "id_test_conf": [0.8204915937859762, 0.8242667199268721], "id_test_balanced": 0.7863224744796753, "id_test_balanced_conf": [0.7849370876722969, 0.7877078612870537], "ood_test_conf": [0.801853990784518, 0.8075073774924146], "ood_test_balanced": 0.7832181453704834, "ood_test_balanced_conf": [0.7812141517270357, 0.7852221390139311], "features": ["DIVISION", "AGEP", "SEX", "RAC1P", "POBP", "ST", "FER", "ENG", "CIT", "SCHL", "OCCP", "COW", "WKHP", "WKW", "WRK", "NWLA", "HINS1"]}