{"id_test": 0.8218344977723775, "id_test_conf": [0.8199387402544878, 0.8237184393907183], "id_test_balanced": 0.7830497026443481, "id_test_balanced_conf": [0.781663101722952, 0.7844363035657443], "ood_test": 0.8031774051191527, "ood_test_conf": [0.8003308670658171, 0.8060007533769902], "ood_test_balanced": 0.7774157524108887, "ood_test_balanced_conf": [0.7754219501605257, 0.7794095546612516], "validation": 0.8230674303072493, "validation_conf": [0.8211767736582539, 0.8249462256437167], "validation_balanced": 0.7852398157119751, "validation_balanced_conf": [0.7838576712575741, 0.7866219601663761], "features": ["DIVISION", "AGEP", "SEX", "RAC1P", "POBP", "ST", "FER", "ENG", "CIT", "SCHL", "OCCP", "COW", "WKHP", "WKW", "WRK", "NWLA", "HINS1"]}