{"id_test": 0.8221445929526124, "id_test_conf": [0.8202501167090261, 0.8240272418938551], "id_test_balanced": 0.7836006283760071, "id_test_balanced_conf": [0.7822147602355107, 0.7849864965165034], "ood_test": 0.8024001791571709, "ood_test_conf": [0.799549463613024, 0.8052277644607995], "ood_test_balanced": 0.776298999786377, "ood_test_balanced_conf": [0.7743039571819827, 0.7782940423907712], "validation": 0.8232572857007247, "validation_conf": [0.8213674184353025, 0.8251352846720194], "validation_balanced": 0.7856251001358032, "validation_balanced_conf": [0.7842434024461545, 0.7870067978254519], "features": ["DIVISION", "AGEP", "SEX", "RAC1P", "POBP", "ST", "FER", "ENG", "CIT", "SCHL", "OCCP", "COW", "WKHP", "WKW", "WRK", "NWLA", "HINS1"]}