{"validation": 0.5483466759484859, "id_test": 0.5444638517618469, "ood_test": 0.6070134763077815, "ood_validation": 0.6072317723770005, "0": 0.6668047500690417, "2": 0.5641247932470199, "3": 0.5270419481953463, "4": 0.5089027316055041, "5": 0.5508191319084832, "6": 0.5153288854324424, "7": 0.5326334069051454, "8": 0.5474946298744217, "9": 0.5847509592782882, "id_test_conf": [0.542004370324716, 0.5469217015822956], "id_test_balanced": 0.6617117524147034, "id_test_balanced_conf": [0.6605201989901253, 0.6629033058392815], "ood_test_conf": [0.6035284222112525, 0.6104903497085532], "ood_test_balanced": 0.6719626784324646, "ood_test_balanced_conf": [0.670226469032932, 0.6736988878319972], "features": ["DIVISION", "AGEP", "SEX", "RAC1P", "POBP", "ST", "FER", "ENG", "CIT", "SCHL", "OCCP", "COW", "WKHP", "WKW", "WRK", "NWLA", "HINS1"]}