{"validation": 0.800360725247603, "id_test": 0.7997291413527744, "ood_test": 0.7992254087022961, "ood_validation": 0.7977474807350327, "train": 0.8027462517492364, "id_test_conf": [0.7977472552541223, 0.8017000242025121], "id_test_balanced": 0.8086317777633667, "id_test_balanced_conf": [0.8072629995155148, 0.8100005560112186], "ood_test_conf": [0.796357805068943, 0.8020701253489335], "ood_test_balanced": 0.8106891512870789, "ood_test_balanced_conf": [0.8087388935405762, 0.8126394090335816], "features": ["DIVISION", "AGEP", "SEX", "RAC1P", "POBP", "ST", "FER", "ENG", "CIT", "SCHL", "OCCP", "COW", "WKHP", "WKW", "WRK", "NWLA", "HINS1"]}