{"validation": 0.8004366674049932, "id_test": 0.799267162818955, "ood_test": 0.7984350094189248, "ood_validation": 0.797628927089508, "train": 0.8026798025192169, "id_test_conf": [0.7972835813348405, 0.8012397580337786], "id_test_balanced": 0.8073029518127441, "id_test_balanced_conf": [0.8059300377964973, 0.808675865828991], "ood_test_conf": [0.7955632448290321, 0.8012839475800001], "ood_test_balanced": 0.809140682220459, "ood_test_balanced_conf": [0.8071816002996638, 0.8110997641412542], "features": ["DIVISION", "AGEP", "SEX", "RAC1P", "POBP", "ST", "FER", "ENG", "CIT", "SCHL", "OCCP", "COW", "WKHP", "WKW", "WRK", "NWLA", "HINS1"]}