{"validation": 0.8248773850583805, "id_test": 0.8233976306196841, "ood_test": 0.8136765422666017, "ood_validation": 0.808298755186722, "train": 0.8259615559561846, "id_test_conf": [0.8215083534038959, 0.8252750344556069], "id_test_balanced": 0.7848613858222961, "id_test_balanced_conf": [0.7834786441223696, 0.7862441275222227], "ood_test_conf": [0.8108881428630748, 0.816440947245586], "ood_test_balanced": 0.7970808148384094, "ood_test_balanced_conf": [0.795099581326358, 0.7990620483504608], "features": ["DIVISION", "AGEP", "SEX", "RAC1P", "POBP", "ST", "FER", "ENG", "CIT", "SCHL", "OCCP", "COW", "WKHP", "WKW", "WRK", "NWLA", "HINS1"]}