{"validation": 0.8218713413283549, "id_test": 0.8202840218712029, "ood_test": 0.8134921157671484, "ood_validation": 0.8104327208061648, "train": 0.821809270142225, "id_test_conf": [0.8183818896270393, 0.8221743952284933], "id_test_balanced": 0.7861963510513306, "id_test_balanced_conf": [0.7848059235373512, 0.7875867785653099], "ood_test_conf": [0.8107026670663267, 0.8162575841796671], "ood_test_balanced": 0.79755038022995, "ood_test_balanced_conf": [0.795567667237483, 0.799533093222417], "features": ["DIVISION", "AGEP", "SEX", "RAC1P", "POBP", "ST", "FER", "ENG", "CIT", "SCHL", "OCCP", "COW", "WKHP", "WKW", "WRK", "NWLA", "HINS1"]}