{"validation": 0.8159541815650413, "id_test": 0.8151389732685298, "ood_test": 0.7998182081648246, "ood_validation": 0.7950207468879668, "train": 0.8164822568689913, "id_test_conf": [0.8132160595602489, 0.8170503172637527], "id_test_balanced": 0.7724430561065674, "id_test_balanced_conf": [0.7710415863385424, 0.7738445258745924], "ood_test_conf": [0.7969537365868627, 0.8026597473368213], "ood_test_balanced": 0.7741546630859375, "ood_test_balanced_conf": [0.7721487155882641, 0.7761606105836109], "features": ["DIVISION", "AGEP", "SEX", "RAC1P", "POBP", "ST", "FER", "ENG", "CIT", "SCHL", "OCCP", "COW", "WKHP", "WKW", "WRK", "NWLA", "HINS1"]}