{"validation": 0.8157326836059867, "id_test": 0.8140125050627784, "ood_test": 0.8015175666240729, "ood_validation": 0.795850622406639, "train": 0.8155741173920575, "id_test_conf": [0.8120851164854659, 0.8159283653421557], "id_test_balanced": 0.7800182104110718, "id_test_balanced_conf": [0.7786123608425259, 0.7814240599796176], "ood_test_conf": [0.7986621277774768, 0.8043499428588331], "ood_test_balanced": 0.7794762253761292, "ood_test_balanced_conf": [0.777462703185156, 0.7814897475671023], "features": ["DIVISION", "AGEP", "SEX", "RAC1P", "POBP", "ST", "FER", "ENG", "CIT", "SCHL", "OCCP", "COW", "WKHP", "WKW", "WRK", "NWLA", "HINS1"]}