{"validation": 0.8130620510711009, "id_test": 0.8123101458080194, "ood_test": 0.8109496647389707, "ood_validation": 0.8055720213396562, "train": 0.8134516973427428, "id_test_conf": [0.8103760449702028, 0.814232780933954], "id_test_balanced": 0.7901148200035095, "id_test_balanced_conf": [0.7887115397886373, 0.7915181002183818], "ood_test_conf": [0.8081458545275425, 0.8137296895318512], "ood_test_balanced": 0.7986422181129456, "ood_test_balanced_conf": [0.7966479613399133, 0.8006364748859778], "features": ["DIVISION", "AGEP", "SEX", "RAC1P", "POBP", "ST", "FER", "ENG", "CIT", "SCHL", "OCCP", "COW", "WKHP", "WKW", "WRK", "NWLA", "HINS1"]}