{"validation": 0.8152137455304876, "id_test": 0.8137467091940057, "ood_test": 0.7984350094189248, "ood_validation": 0.7947836395969176, "train": 0.8151548543931247, "id_test_conf": [0.8118182686272231, 0.8156636312348098], "id_test_balanced": 0.7695342302322388, "id_test_balanced_conf": [0.7681303765019402, 0.7709380839625374], "ood_test_conf": [0.7955632448290321, 0.8012839475800001], "ood_test_balanced": 0.7711489200592041, "ood_test_balanced_conf": [0.7691456483583897, 0.7731521917600185], "features": ["DIVISION", "AGEP", "SEX", "RAC1P", "POBP", "ST", "FER", "ENG", "CIT", "SCHL", "OCCP", "COW", "WKHP", "WKW", "WRK", "NWLA", "HINS1"]}