{"validation": 0.822921874505585, "id_test": 0.8220813082219522, "ood_test": 0.8034408715469431, "ood_validation": 0.8033195020746888, "train": 0.823604190415015, "id_test_conf": [0.8201865703217979, 0.8239642211468701], "id_test_balanced": 0.7819772362709045, "id_test_balanced_conf": [0.7805915318452753, 0.7833629406965338], "ood_test_conf": [0.8005957534670805, 0.8062627796428865], "ood_test_balanced": 0.7783694863319397, "ood_test_balanced_conf": [0.7763737019337714, 0.780365270730108], "features": ["DIVISION", "AGEP", "SEX", "RAC1P", "POBP", "ST", "FER", "ENG", "CIT", "SCHL", "OCCP", "COW", "WKHP", "WKW", "WRK", "NWLA", "HINS1"]}