{"validation": 0.8233711989368098, "id_test": 0.8229926083434589, "ood_test": 0.8042444441517039, "ood_validation": 0.8021339656194428, "train": 0.8244276862299001, "id_test_conf": [0.8211016468305037, 0.8248717113704528], "id_test_balanced": 0.7875866889953613, "id_test_balanced_conf": [0.7862028826354072, 0.7889704953553155], "ood_test_conf": [0.8014036691515325, 0.8070619475923494], "ood_test_balanced": 0.7805684208869934, "ood_test_balanced_conf": [0.7785700750071556, 0.7825667667668312], "features": ["DIVISION", "AGEP", "SEX", "RAC1P", "POBP", "ST", "FER", "ENG", "CIT", "SCHL", "OCCP", "COW", "WKHP", "WKW", "WRK", "NWLA", "HINS1"]}