{"validation": 0.670936303515489, "id_test": 0.673596344673957, "ood_test": 0.6018363610016993, "ood_validation": 0.5995257854179016, "0": 0.9117647058823529, "2": 0.6326926367421434, "3": 0.694758754824397, "4": 0.6945744440499629, "5": 0.6754503656278442, "6": 0.6960964894328244, "7": 0.6948957069853453, "8": 0.6918270819563781, "9": 0.6289846050932335, "id_test_conf": [0.6712780801647105, 0.6759082383297319], "id_test_balanced": 0.4974520206451416, "id_test_balanced_conf": [0.49713271379237994, 0.49777132749790326], "ood_test_conf": [0.5983436398977995, 0.6053212972209002], "ood_test_balanced": 0.5011823177337646, "ood_test_balanced_conf": [0.5007701155287214, 0.5015945199388079], "features": ["DIVISION", "AGEP", "SEX", "RAC1P", "POBP", "ST", "FER", "ENG", "CIT", "SCHL", "OCCP", "COW", "WKHP", "WKW", "WRK", "NWLA", "HINS1"]}