{"validation": 0.7684563758389261, "id_test": 0.7718120805369127, "ood_test": 0.6019778624569043, "ood_validation": 0.5917256396298313, "train": 0.7260906040268457, "id_test_conf": [0.7199053599170644, 0.8182243367228025], "id_test_balanced": 0.6737790703773499, "id_test_balanced_conf": [0.6397395865619182, 0.7078185541927815], "ood_test_conf": [0.5966780157472702, 0.6072597896534959], "ood_test_balanced": 0.6099716424942017, "ood_test_balanced_conf": [0.6064052730379627, 0.6135380119504407], "features": ["MARITAL_STATUS", "EDUCATION", "RACE", "GENDER", "AGE", "ORIGIN", "HEALTH_HEARING", "HEALTH_SEEING", "HEALTH_COGNITIVE", "HEALTH_AMBULATORY", "HEALTH_SELF_CARE", "HEALTH_ERRANDS_DIFFICULTY", "HEALTH_CORE_DISABILITY", "HEALTH_SUPPLEMENTAL_DISABILITY", "CITIZENSHIP_STATUS"]}