{"validation": 0.6971553333544284, "id_test": 0.6986697549615228, "ood_test": 0.6378127017164837, "ood_validation": 0.6379371665678719, "train": 0.6978941131519638, "id_test_conf": [0.6964006362402018, 0.7009315823648823], "id_test_balanced": 0.5309293866157532, "id_test_balanced_conf": [0.530326092481846, 0.5315326807496603], "ood_test_conf": [0.6343818222880904, 0.6412330455606053], "ood_test_balanced": 0.5453839898109436, "ood_test_balanced_conf": [0.5443434027140028, 0.5464245769078844], "features": ["DIVISION", "AGEP", "SEX", "RAC1P", "POBP", "ST", "FER", "ENG", "CIT", "SCHL", "OCCP", "COW", "WKHP", "WKW", "WRK", "NWLA", "ACS_YEAR"]}