{"validation": 0.6921937790716072, "id_test": 0.69430310854597, "ood_test": 0.628327910316028, "ood_validation": 0.6292827504445762, "train": 0.6930108858077892, "id_test_conf": [0.6920248690590984, 0.6965742170272758], "id_test_balanced": 0.5239002108573914, "id_test_balanced_conf": [0.5233678315009456, 0.5244325902138371], "ood_test_conf": [0.6248787642591437, 0.6317672460227057], "ood_test_balanced": 0.5333439707756042, "ood_test_balanced_conf": [0.532440736516146, 0.5342472050350625], "features": ["DIVISION", "AGEP", "SEX", "RAC1P", "POBP", "ST", "FER", "ENG", "CIT", "SCHL", "OCCP", "COW", "WKHP", "WKW", "WRK", "NWLA", "ACS_YEAR"]}