{"validation": 0.7161155586494953, "id_test": 0.7130480457675172, "ood_test": 0.7448195913635705, "ood_validation": 0.7416716064018969, "0": 0.8566694283347142, "2": 0.701277590828723, "3": 0.7093864278695665, "4": 0.683654477186414, "5": 0.7227230643693312, "6": 0.7201642721678742, "7": 0.7197311646219006, "8": 0.7225503965631196, "9": 0.7282478422045283, "id_test_conf": [0.7108106959404676, 0.7152775763755801], "id_test_balanced": 0.7692252397537231, "id_test_balanced_conf": [0.7678617391712033, 0.770588740336243], "ood_test_conf": [0.7417023772225777, 0.7479180845165141], "ood_test_balanced": 0.7764999866485596, "ood_test_balanced_conf": [0.7745553782628849, 0.7784445950342342], "features": ["DIVISION", "AGEP", "SEX", "RAC1P", "POBP", "ST", "FER", "ENG", "CIT", "SCHL", "OCCP", "COW", "WKHP", "WKW", "WRK", "NWLA", "ACS_YEAR"]}