{"validation": 0.5882732651963422, "id_test": 0.5831624645605509, "ood_test": 0.653844633847532, "ood_validation": 0.6516893894487256, "0": 0.688207677437172, "2": 0.5970227570866367, "3": 0.5733510945429865, "4": 0.5582093406061388, "5": 0.5900299720679157, "6": 0.5561649816489979, "7": 0.570698534529041, "8": 0.5928515366820886, "9": 0.6136500887274349, "id_test_conf": [0.5807268443999614, 0.5855950329926454], "id_test_balanced": 0.688603401184082, "id_test_balanced_conf": [0.6873567400802858, 0.6898500622878783], "ood_test_conf": [0.6504479199791016, 0.6572295862057769], "ood_test_balanced": 0.7094205617904663, "ood_test_balanced_conf": [0.7075931666325778, 0.7112479569483549], "features": ["DIVISION", "AGEP", "SEX", "RAC1P", "POBP", "ST", "FER", "ENG", "CIT", "SCHL", "OCCP", "COW", "WKHP", "WKW", "WRK", "NWLA", "ACS_YEAR"]}