{"validation": 0.7832990538872892, "id_test": 0.7819018327257999, "ood_test": 0.7934028006481274, "ood_validation": 0.790515708358032, "0": 0.8903617785142226, "2": 0.7723378771459534, "3": 0.7836238945672984, "4": 0.7726387588892834, "5": 0.7868099362897405, "6": 0.7916581392493144, "7": 0.7858066055556661, "8": 0.7819212656972901, "9": 0.7865989055401225, "id_test_conf": [0.7798574034727977, 0.7839359138593156], "id_test_balanced": 0.795190155506134, "id_test_balanced_conf": [0.7937890840158798, 0.7965912269963883], "ood_test_conf": [0.7905049450307472, 0.796278215359647], "ood_test_balanced": 0.7971969246864319, "ood_test_balanced_conf": [0.7951764938421547, 0.799217355530709], "features": ["DIVISION", "AGEP", "SEX", "RAC1P", "POBP", "ST", "FER", "ENG", "CIT", "SCHL", "OCCP", "COW", "WKHP", "WKW", "WRK", "NWLA", "ACS_YEAR"]}