{"validation": 0.3676929405436193, "id_test": 0.36397579991899554, "ood_test": 0.45936689017401955, "ood_validation": 0.46176644931831656, "0": 0.17619442143054403, "2": 0.40994695716648605, "3": 0.3506234994985666, "4": 0.327007283564105, "5": 0.3665968364560776, "6": 0.3065367770455569, "7": 0.3464900943177374, "8": 0.35313739259748844, "9": 0.4099857850287551, "id_test_conf": [0.36160284341097426, 0.36635374818141575], "id_test_balanced": 0.531722366809845, "id_test_balanced_conf": [0.5311197359778452, 0.5323249976418447], "ood_test_conf": [0.45581682610605856, 0.4629200603042049], "ood_test_balanced": 0.5509159564971924, "ood_test_balanced_conf": [0.5498353663855232, 0.5519965466088615], "features": ["DIVISION", "AGEP", "SEX", "RAC1P", "POBP", "ST", "FER", "ENG", "CIT", "SCHL", "OCCP", "COW", "WKHP", "WKW", "WRK", "NWLA", "ACS_YEAR"]}