{"validation": 0.8183969876277568, "id_test": 0.8181133556095586, "ood_test": 0.8074455612493578, "ood_validation": 0.8037937166567872, "train": 0.8207073204110676, "id_test_conf": [0.8162023865816084, 0.8200126455647732], "id_test_balanced": 0.78336501121521, "id_test_balanced_conf": [0.7819690933777019, 0.784760929052718], "ood_test_conf": [0.8046222706923716, 0.8102453349397852], "ood_test_balanced": 0.7924837470054626, "ood_test_balanced_conf": [0.7904774581594393, 0.794490035851486], "features": ["DIVISION", "AGEP", "SEX", "RAC1P", "POBP", "ST", "FER", "ENG", "CIT", "SCHL", "OCCP", "COW", "WKHP", "WKW", "WRK", "NWLA", "ACS_YEAR"]}