{"validation": 0.8168908015061861, "id_test": 0.8165375658161199, "ood_test": 0.8060491891820685, "ood_validation": 0.8043864848844102, "train": 0.8178911387578582, "id_test_conf": [0.814620245214146, 0.8184432652836564], "id_test_balanced": 0.7793999910354614, "id_test_balanced_conf": [0.778000186481513, 0.7807997955894098], "ood_test_conf": [0.8032182354449136, 0.8088567330618163], "ood_test_balanced": 0.7888835668563843, "ood_test_balanced_conf": [0.7868748023221269, 0.7908923313906416], "features": ["DIVISION", "AGEP", "SEX", "RAC1P", "POBP", "ST", "FER", "ENG", "CIT", "SCHL", "OCCP", "COW", "WKHP", "WKW", "WRK", "NWLA", "ACS_YEAR"]}