{"validation": 0.8191121096098471, "id_test": 0.8181006986634265, "ood_test": 0.8055222563264876, "ood_validation": 0.8045050385299348, "train": 0.8198711675999882, "id_test_conf": [0.8161896784071153, 0.820000040312377], "id_test_balanced": 0.772578239440918, "id_test_balanced_conf": [0.7711855374881997, 0.7739709413936362], "ood_test_conf": [0.8026884254259709, 0.8083327177492813], "ood_test_balanced": 0.7840644717216492, "ood_test_balanced_conf": [0.7820634044101462, 0.7860655390331521], "features": ["DIVISION", "AGEP", "SEX", "RAC1P", "POBP", "ST", "FER", "ENG", "CIT", "SCHL", "OCCP", "COW", "WKHP", "WKW", "WRK", "NWLA", "ACS_YEAR"]}