{"validation": 0.8198905167230959, "id_test": 0.8194549918995545, "ood_test": 0.8068395884654398, "ood_validation": 0.8056905749851808, "train": 0.8212721388662337, "id_test_conf": [0.8175494726414699, 0.821348782754209], "id_test_balanced": 0.7805850505828857, "id_test_balanced_conf": [0.7791925984807313, 0.7819775026850402], "ood_test_conf": [0.8040129654582794, 0.8096427410445117], "ood_test_balanced": 0.7887658476829529, "ood_test_balanced_conf": [0.7867614999134094, 0.7907701954524964], "features": ["DIVISION", "AGEP", "SEX", "RAC1P", "POBP", "ST", "FER", "ENG", "CIT", "SCHL", "OCCP", "COW", "WKHP", "WKW", "WRK", "NWLA", "ACS_YEAR"]}