{"validation": 0.8040122773154448, "id_test": 0.8022731875253138, "ood_test": 0.7913872824755306, "ood_validation": 0.783402489626556, "train": 0.8029408530657223, "id_test_conf": [0.8003007114781814, 0.804234566816675], "id_test_balanced": 0.7683523893356323, "id_test_balanced_conf": [0.7669189850147814, 0.7697857936564833], "ood_test_conf": [0.7884791681526179, 0.7942731102900118], "ood_test_balanced": 0.7755902409553528, "ood_test_balanced_conf": [0.7735281026363373, 0.7776523792743683], "features": ["DIVISION", "AGEP", "SEX", "RAC1P", "POBP", "ST", "FER", "ENG", "CIT", "SCHL", "OCCP", "COW", "WKHP", "WKW", "WRK", "NWLA", "ACS_YEAR"]}