{"id_test": 0.8196638315107331, "id_test_conf": [0.817759164064057, 0.8215567628750005], "id_test_balanced": 0.7804629802703857, "id_test_balanced_conf": [0.7790711076161824, 0.7818548529245891], "ood_test": 0.8007666873048702, "ood_test_conf": [0.7979072473178268, 0.8036031222136392], "ood_test_balanced": 0.774280309677124, "ood_test_balanced_conf": [0.7722813073405996, 0.7762793120136484], "validation": 0.8207638515330823, "validation_conf": [0.8188636804317432, 0.8226522460293171], "validation_balanced": 0.7826390266418457, "validation_balanced_conf": [0.7812511958624236, 0.7840268574212678], "features": ["DIVISION", "AGEP", "SEX", "RAC1P", "POBP", "ST", "FER", "ENG", "CIT", "SCHL", "OCCP", "COW", "WKHP", "WKW", "WRK", "NWLA", "ACS_YEAR"]}