{"id_test": 0.8198536857027137, "id_test_conf": [0.8179497934508746, 0.8217458348912204], "id_test_balanced": 0.7802072167396545, "id_test_balanced_conf": [0.778815912695136, 0.7815985207841731], "ood_test": 0.8007798606262597, "ood_test_conf": [0.7979204906988714, 0.8036162244660241], "ood_test_balanced": 0.7739883661270142, "ood_test_balanced_conf": [0.7719908220507204, 0.7759859102033079], "validation": 0.8204853969559852, "validation_conf": [0.8185840836440479, 0.8223749439018447], "validation_balanced": 0.7819534540176392, "validation_balanced_conf": [0.7805650253081694, 0.7833418827271089], "features": ["DIVISION", "AGEP", "SEX", "RAC1P", "POBP", "ST", "FER", "ENG", "CIT", "SCHL", "OCCP", "COW", "WKHP", "WKW", "WRK", "NWLA", "ACS_YEAR"]}