{"validation": 0.5597126855045407, "id_test": 0.5558930741190765, "ood_test": 0.6200550644834082, "ood_validation": 0.6152934202726734, "0": 0.5633802816901409, "2": 0.5732732561455541, "3": 0.5497735952267593, "4": 0.5253956470752779, "5": 0.5661543169193108, "6": 0.5211138853642231, "7": 0.546220993815991, "8": 0.5596290482485129, "9": 0.5827720123010601, "id_test_conf": [0.5534390673400438, 0.5583450298739732], "id_test_balanced": 0.6696677803993225, "id_test_balanced_conf": [0.6684579448727891, 0.6708776159258559], "ood_test_conf": [0.6165911442339923, 0.6235098069226817], "ood_test_balanced": 0.682513415813446, "ood_test_balanced_conf": [0.6807491553830914, 0.6842776762438006], "features": ["DIVISION", "AGEP", "SEX", "RAC1P", "POBP", "ST", "FER", "ENG", "CIT", "SCHL", "OCCP", "COW", "WKHP", "WKW", "WRK", "NWLA", "ACS_YEAR"]}