{"validation": 0.7565231148941556, "id_test": 0.7554867861482382, "ood_test": 0.7734452187430017, "ood_validation": 0.7741553052756373, "0": 0.8249102457884562, "2": 0.7554953516226545, "3": 0.75563479441231, "4": 0.7383618973845872, "5": 0.7639385807990459, "6": 0.763033304681211, "7": 0.7492327984463755, "8": 0.7654597653668209, "9": 0.7580574730798175, "id_test_conf": [0.7533597940052446, 0.7576044005768302], "id_test_balanced": 0.7903878092765808, "id_test_balanced_conf": [0.7890099122817628, 0.7917657062713989], "ood_test_conf": [0.7704504017562075, 0.7764191233510729], "ood_test_balanced": 0.7931380271911621, "ood_test_balanced_conf": [0.7911591687425971, 0.7951168856397272], "features": ["DIVISION", "AGEP", "SEX", "RAC1P", "POBP", "ST", "FER", "ENG", "CIT", "SCHL", "OCCP", "COW", "WKHP", "WKW", "WRK", "NWLA", "ACS_YEAR"]}