{"validation": 0.7852925355187799, "id_test": 0.7837750607533415, "ood_test": 0.7917034421888791, "ood_validation": 0.7906342620035566, "0": 0.8907760287213476, "2": 0.7696115895739463, "3": 0.7908820162687278, "4": 0.7834941742245748, "5": 0.7880456956344349, "6": 0.7983845660567858, "7": 0.7759904025239771, "8": 0.7880556014540647, "9": 0.7896555888993153, "id_test_conf": [0.7817369327623755, 0.7858027717951048], "id_test_balanced": 0.798099160194397, "id_test_balanced_conf": [0.7967065673088655, 0.7994917530799285], "ood_test_conf": [0.788796929923754, 0.7945876437268669], "ood_test_balanced": 0.8014349937438965, "ood_test_balanced_conf": [0.79944272140041, 0.803427266087383], "features": ["DIVISION", "AGEP", "SEX", "RAC1P", "POBP", "ST", "FER", "ENG", "CIT", "SCHL", "OCCP", "COW", "WKHP", "WKW", "WRK", "NWLA", "ACS_YEAR"]}