{"validation": 0.8118279910135113, "id_test": 0.811152035236938, "ood_test": 0.8048635902570115, "ood_validation": 0.8036751630112626, "0": 0.9094172880419773, "2": 0.7994239434209776, "3": 0.813603533332658, "4": 0.8106273332687818, "5": 0.8193476759878229, "6": 0.8264500020465801, "7": 0.8106752036481014, "8": 0.8147719762062128, "9": 0.8131010006224857, "id_test_conf": [0.8092134023996449, 0.8130792449381402], "id_test_balanced": 0.7890801429748535, "id_test_balanced_conf": [0.7876740856538527, 0.7904862002958544], "ood_test_conf": [0.8020261740976882, 0.8076776874123566], "ood_test_balanced": 0.7999102473258972, "ood_test_balanced_conf": [0.7979015199840069, 0.8019189746677875], "features": ["DIVISION", "AGEP", "SEX", "RAC1P", "POBP", "ST", "FER", "ENG", "CIT", "SCHL", "OCCP", "COW", "WKHP", "WKW", "WRK", "NWLA", "ACS_YEAR"]}