{"validation": 0.8216688289086479, "id_test": 0.8204105913325233, "ood_test": 0.808156920604392, "ood_validation": 0.8081802015411974, "train": 0.823282228074325, "id_test_conf": [0.8185089775046579, 0.8223004416194996], "id_test_balanced": 0.7794358730316162, "id_test_balanced_conf": [0.7780463270680048, 0.7808254189952276], "ood_test_conf": [0.8053375556480183, 0.8109527141784225], "ood_test_balanced": 0.7904096841812134, "ood_test_balanced_conf": [0.7884095774823799, 0.7924097908800468], "features": ["DIVISION", "AGEP", "SEX", "RAC1P", "POBP", "ST", "FER", "ENG", "CIT", "SCHL", "OCCP", "COW", "WKHP", "WKW", "WRK", "NWLA", "ACS_YEAR"]}