{"validation": 0.5943802803531311, "id_test": 0.5907566322397731, "ood_test": 0.6720369906864618, "ood_validation": 0.6719620628334322, "0": 0.7513117923225628, "2": 0.5856271031768665, "3": 0.5748452647467002, "4": 0.5665149705752617, "5": 0.6006221950224399, "6": 0.5844214317874831, "7": 0.5887998515307576, "8": 0.5970546926635822, "9": 0.6177845084685923, "id_test_conf": [0.5883274857714259, 0.5931824482885264], "id_test_balanced": 0.6941160559654236, "id_test_balanced_conf": [0.6928631960577332, 0.695368915873114], "ood_test_conf": [0.6686841980750047, 0.6753766305199114], "ood_test_balanced": 0.723626434803009, "ood_test_balanced_conf": [0.7217708234163002, 0.7254820461897179], "features": ["DIVISION", "AGEP", "SEX", "RAC1P", "POBP", "ST", "FER", "ENG", "CIT", "SCHL", "OCCP", "COW", "WKHP", "WKW", "WRK", "NWLA", "ACS_YEAR"]}