{"validation": 0.8170869854127772, "id_test": 0.8163666970433374, "ood_test": 0.8051665766489705, "ood_validation": 0.8020154119739182, "train": 0.8180430227121886, "id_test_conf": [0.814448690898236, 0.8182730883363367], "id_test_balanced": 0.7845302224159241, "id_test_balanced_conf": [0.7831306169438176, 0.7859298278880306], "ood_test_conf": [0.8023308081663889, 0.8079790029097689], "ood_test_balanced": 0.7886049747467041, "ood_test_balanced_conf": [0.786592120192945, 0.7906178293004632], "features": ["DIVISION", "AGEP", "SEX", "RAC1P", "POBP", "ST", "FER", "ENG", "CIT", "SCHL", "OCCP", "COW", "WKHP", "WKW", "WRK", "NWLA", "ACS_YEAR"]}