{"validation": 0.8187893554409391, "id_test": 0.818942385581207, "ood_test": 0.8092898262438909, "ood_validation": 0.8049792531120332, "train": 0.8199091385885708, "id_test_conf": [0.8170347795157429, 0.8208382820914731], "id_test_balanced": 0.7822840213775635, "id_test_balanced_conf": [0.7808900667494163, 0.7836779760057107], "ood_test_conf": [0.8064767436270595, 0.8120792506545536], "ood_test_balanced": 0.7915357351303101, "ood_test_balanced_conf": [0.7895398149685934, 0.7935316552920267], "features": ["DIVISION", "AGEP", "SEX", "RAC1P", "POBP", "ST", "FER", "ENG", "CIT", "SCHL", "OCCP", "COW", "WKHP", "WKW", "WRK", "NWLA", "ACS_YEAR"]}