{"validation": 0.8114229661740974, "id_test": 0.8107216990684488, "ood_test": 0.790135816943526, "ood_validation": 0.7914641375222288, "train": 0.8118442588260795, "id_test_conf": [0.8087813892465672, 0.8126506015744814], "id_test_balanced": 0.7611769437789917, "id_test_balanced_conf": [0.7597707443055697, 0.7625831432524137], "ood_test_conf": [0.7872213871029301, 0.7930280561395919], "ood_test_balanced": 0.7594372034072876, "ood_test_balanced_conf": [0.7574247168982402, 0.761449689916335], "features": ["DIVISION", "AGEP", "SEX", "RAC1P", "POBP", "ST", "FER", "ENG", "CIT", "SCHL", "OCCP", "COW", "WKHP", "WKW", "WRK", "NWLA", "ACS_YEAR"]}