{"validation": 0.9242589077376709, "id_test": 0.9253918354178703, "ood_test": 0.45120671563483733, "ood_validation": 0.5518867924528302, "train": 0.9244571930189831, "id_test_conf": [0.9243878532870252, 0.9263865569738295], "id_test_balanced": 0.8788244724273682, "id_test_balanced_conf": [0.8780090458667837, 0.8796398989879526], "ood_test_conf": [0.4286942998756706, 0.4738694997049344], "ood_test_balanced": 0.5130353569984436, "ood_test_balanced_conf": [0.5094584700884297, 0.5166122439084575], "features": ["hint_count", "attempt_count", "school_id", "skill_id", "problem_type", "bottom_hint", "tutor_mode", "position", "type", "first_action"]}