{"validation": 0.9240488284327334, "id_test": 0.9253505698401147, "ood_test": 0.45120671563483733, "ood_validation": 0.5518867924528302, "train": 0.9242321078383101, "id_test_conf": [0.9243463345996541, 0.9263455454098687], "id_test_balanced": 0.8782588243484497, "id_test_balanced_conf": [0.8774429282057099, 0.8790747204911895], "ood_test_conf": [0.4286942998756706, 0.4738694997049344], "ood_test_balanced": 0.5130353569984436, "ood_test_balanced_conf": [0.5094584700884297, 0.5166122439084575], "features": ["hint_count", "attempt_count", "school_id", "skill_id", "problem_type", "bottom_hint", "tutor_mode", "position", "type", "first_action"]}