{"validation": 0.9240413256004142, "id_test": 0.9252567844361247, "ood_test": 0.45120671563483733, "ood_validation": 0.5518867924528302, "train": 0.9242217914341959, "id_test_conf": [0.9242519742774549, 0.9262523369790164], "id_test_balanced": 0.8783607482910156, "id_test_balanced_conf": [0.8775446603109595, 0.8791768362710718], "ood_test_conf": [0.4286942998756706, 0.4738694997049344], "ood_test_balanced": 0.5130353569984436, "ood_test_balanced_conf": [0.5094584700884297, 0.5166122439084575], "features": ["hint_count", "attempt_count", "school_id", "skill_id", "problem_type", "bottom_hint", "tutor_mode", "position", "type", "first_action"]}