{"validation": 0.8022533915842722, "id_test": 0.8016091954022988, "ood_test": 0.7504121332014507, "ood_validation": 0.7596439169139466, "train": 0.8021611679503391, "id_test_conf": [0.7894426922774128, 0.8133693382228658], "id_test_balanced": 0.7195356488227844, "id_test_balanced_conf": [0.7111009520851076, 0.7279703455604613], "ood_test_conf": [0.7445331794449443, 0.7562224511820547], "ood_test_balanced": 0.7106950283050537, "ood_test_balanced_conf": [0.7068736314726993, 0.7145164251374081], "features": ["VCF0004", "VCF0901b", "VCF0218", "VCF0224", "VCF0302", "VCF9201", "VCF9202", "VCF9203", "VCF9206", "VCF0428", "VCF0429", "VCF0822", "VCF0870", "VCF0803", "VCF0601", "VCF0612", "VCF0615", "VCF0616", "VCF0617", "VCF0310", "VCF0743", "VCF0717", "VCF0718", "VCF0720", "VCF0721", "VCF0701", "VCF0675", "VCF0724", "VCF0725", "VCF0726", "VCF0745", "VCF0101", "VCF0104", "VCF0105a", "VCF0115", "VCF0140a", "VCF0112", "VCF0301"]}