{"validation": 0.7544263048976776, "id_test": 0.7489655172413793, "ood_test": 0.6600254345061467, "ood_validation": 0.6634167019923697, "0": 0.741304347826087, "1": 0.7500358937544868, "3": 0.746814350127426, "id_test_conf": [0.7358005614273002, 0.7617953786164735], "id_test_balanced": 0.5805555582046509, "id_test_balanced_conf": [0.5749089779052884, 0.5862021385040134], "ood_test_conf": [0.6536084447593788, 0.6663985828313894], "ood_test_balanced": 0.5824787616729736, "ood_test_balanced_conf": [0.5798788940580561, 0.5850786292878911], "features": ["VCF0004", "VCF0901b", "VCF0218", "VCF0224", "VCF0302", "VCF9201", "VCF9202", "VCF9203", "VCF9206", "VCF0428", "VCF0429", "VCF0822", "VCF0870", "VCF0803", "VCF0601", "VCF0612", "VCF0615", "VCF0616", "VCF0617", "VCF0310", "VCF0743", "VCF0717", "VCF0718", "VCF0720", "VCF0721", "VCF0701", "VCF0675", "VCF0724", "VCF0725", "VCF0726", "VCF0745", "VCF0101", "VCF0104", "VCF0105a", "VCF0115", "VCF0140a", "VCF0112", "VCF0301"]}