{"validation": 0.685214991952173, "id_test": 0.6845977011494253, "ood_test": 0.5766567754698319, "ood_validation": 0.5684612123781263, "0": 0.6656126482213439, "1": 0.6821249102656138, "3": 0.6672221133111155, "id_test_conf": [0.6705534925936834, 0.6983936433768735], "id_test_balanced": 0.49467241764068604, "id_test_balanced_conf": [0.4909074605675414, 0.49843737471383065], "ood_test_conf": [0.5699769883429266, 0.5833155655110112], "ood_test_balanced": 0.49061697721481323, "ood_test_balanced_conf": [0.48865610686596483, 0.49257784756366163], "features": ["VCF0004", "VCF0901b", "VCF0218", "VCF0224", "VCF0302", "VCF9201", "VCF9202", "VCF9203", "VCF9206", "VCF0428", "VCF0429", "VCF0822", "VCF0870", "VCF0803", "VCF0601", "VCF0612", "VCF0615", "VCF0616", "VCF0617", "VCF0310", "VCF0743", "VCF0717", "VCF0718", "VCF0720", "VCF0721", "VCF0701", "VCF0675", "VCF0724", "VCF0725", "VCF0726", "VCF0745", "VCF0101", "VCF0104", "VCF0105a", "VCF0115", "VCF0140a", "VCF0112", "VCF0301"]}