{"validation": 0.31685444929868933, "id_test": 0.3101149425287356, "ood_test": 0.4339409354246149, "ood_validation": 0.4378974141585418, "0": 0.3285573122529644, "1": 0.31155778894472363, "3": 0.33424818663007255, "id_test_conf": [0.2963859829895108, 0.32409929214591177], "id_test_balanced": 0.5087437629699707, "id_test_balanced_conf": [0.5064778444776311, 0.5110096814623103], "ood_test_conf": [0.4272601401702895, 0.4406398246816241], "ood_test_balanced": 0.5228183269500732, "ood_test_balanced_conf": [0.5212221675761975, 0.5244144863239489], "features": ["VCF0004", "VCF0901b", "VCF0218", "VCF0224", "VCF0302", "VCF9201", "VCF9202", "VCF9203", "VCF9206", "VCF0428", "VCF0429", "VCF0822", "VCF0870", "VCF0803", "VCF0601", "VCF0612", "VCF0615", "VCF0616", "VCF0617", "VCF0310", "VCF0743", "VCF0717", "VCF0718", "VCF0720", "VCF0721", "VCF0701", "VCF0675", "VCF0724", "VCF0725", "VCF0726", "VCF0745", "VCF0101", "VCF0104", "VCF0105a", "VCF0115", "VCF0140a", "VCF0112", "VCF0301"]}