{"validation": 0.5129914922970797, "id_test": 0.5059770114942529, "ood_test": 0.513211812915077, "ood_validation": 0.5260703688003391, "0": 0.4967391304347826, "1": 0.5090452261306533, "3": 0.5118604195255833, "id_test_conf": [0.4910048752083288, 0.5209411154111669], "id_test_balanced": 0.5239778161048889, "id_test_balanced_conf": [0.5135244555026293, 0.5344311767071486], "ood_test_conf": [0.5064635593834601, 0.5199564477877903], "ood_test_balanced": 0.5231454372406006, "ood_test_balanced_conf": [0.5184211094491183, 0.5278697650320828], "features": ["VCF0004", "VCF0901b", "VCF0218", "VCF0224", "VCF0302", "VCF9201", "VCF9202", "VCF9203", "VCF9206", "VCF0428", "VCF0429", "VCF0822", "VCF0870", "VCF0803", "VCF0601", "VCF0612", "VCF0615", "VCF0616", "VCF0617", "VCF0310", "VCF0743", "VCF0717", "VCF0718", "VCF0720", "VCF0721", "VCF0701", "VCF0675", "VCF0724", "VCF0725", "VCF0726", "VCF0745", "VCF0101", "VCF0104", "VCF0105a", "VCF0115", "VCF0140a", "VCF0112", "VCF0301"]}