{"validation": 0.6757875373649115, "id_test": 0.6696551724137931, "ood_test": 0.5765625735952146, "ood_validation": 0.5705807545570157, "0": 0.6607707509881423, "1": 0.6656855707106963, "3": 0.6629092334836306, "id_test_conf": [0.6554528897809375, 0.683629314719878], "id_test_balanced": 0.5049019455909729, "id_test_balanced_conf": [0.4987385173421353, 0.5110653738398105], "ood_test_conf": [0.5698826029252855, 0.5832215729851744], "ood_test_balanced": 0.5031428337097168, "ood_test_balanced_conf": [0.5001506546186283, 0.5061350128008053], "features": ["VCF0004", "VCF0901b", "VCF0218", "VCF0224", "VCF0302", "VCF9201", "VCF9202", "VCF9203", "VCF9206", "VCF0428", "VCF0429", "VCF0822", "VCF0870", "VCF0803", "VCF0601", "VCF0612", "VCF0615", "VCF0616", "VCF0617", "VCF0310", "VCF0743", "VCF0717", "VCF0718", "VCF0720", "VCF0721", "VCF0701", "VCF0675", "VCF0724", "VCF0725", "VCF0726", "VCF0745", "VCF0101", "VCF0104", "VCF0105a", "VCF0115", "VCF0140a", "VCF0112", "VCF0301"]}