{"validation": 0.7663830765693262, "id_test": 0.7622988505747127, "ood_test": 0.6642174179266167, "ood_validation": 0.6651123357354811, "train": 0.7550867915852397, "id_test_conf": [0.7493604851126845, 0.7748840994536963], "id_test_balanced": 0.6030361652374268, "id_test_balanced_conf": [0.5968672676570713, 0.6092050628177822], "ood_test_conf": [0.657819178888702, 0.6705706664194395], "ood_test_balanced": 0.5872596502304077, "ood_test_balanced_conf": [0.5846297234250233, 0.5898895770357921], "features": ["VCF0004", "VCF0901b", "VCF0218", "VCF0224", "VCF0302", "VCF9201", "VCF9202", "VCF9203", "VCF9206", "VCF0428", "VCF0429", "VCF0822", "VCF0870", "VCF0803", "VCF0601", "VCF0612", "VCF0615", "VCF0616", "VCF0617", "VCF0310", "VCF0743", "VCF0717", "VCF0718", "VCF0720", "VCF0721", "VCF0701", "VCF0675", "VCF0724", "VCF0725", "VCF0726", "VCF0745", "VCF0101", "VCF0104", "VCF0105a", "VCF0115", "VCF0140a", "VCF0112", "VCF0301"]}