{"validation": 0.7282133823867556, "id_test": 0.7271264367816092, "ood_test": 0.6203664452922614, "ood_validation": 0.6180584993641374, "train": 0.7175250028738935, "id_test_conf": [0.7136249493174288, 0.7403223180688199], "id_test_balanced": 0.5414918661117554, "id_test_balanced_conf": [0.5372817723080516, 0.5457019599154591], "ood_test_conf": [0.6137989345446628, 0.6269009836371233], "ood_test_balanced": 0.5323086977005005, "ood_test_balanced_conf": [0.5306151764676906, 0.5340022189333103], "features": ["VCF0004", "VCF0901b", "VCF0218", "VCF0224", "VCF0302", "VCF9201", "VCF9202", "VCF9203", "VCF9206", "VCF0428", "VCF0429", "VCF0822", "VCF0870", "VCF0803", "VCF0601", "VCF0612", "VCF0615", "VCF0616", "VCF0617", "VCF0310", "VCF0743", "VCF0717", "VCF0718", "VCF0720", "VCF0721", "VCF0701", "VCF0675", "VCF0724", "VCF0725", "VCF0726", "VCF0745", "VCF0101", "VCF0104", "VCF0105a", "VCF0115", "VCF0140a", "VCF0112", "VCF0301"]}