{"validation": 0.7484479190618533, "id_test": 0.7457471264367816, "ood_test": 0.643445904573501, "ood_validation": 0.645612547689699, "train": 0.7381882975054604, "id_test_conf": [0.7325299344478728, 0.758633571886341], "id_test_balanced": 0.5735598206520081, "id_test_balanced_conf": [0.5681812814064324, 0.5789383598975837], "ood_test_conf": [0.6369601552757198, 0.6498923567727715], "ood_test_balanced": 0.5610223412513733, "ood_test_balanced_conf": [0.5587728245928884, 0.5632718579098582], "features": ["VCF0004", "VCF0901b", "VCF0218", "VCF0224", "VCF0302", "VCF9201", "VCF9202", "VCF9203", "VCF9206", "VCF0428", "VCF0429", "VCF0822", "VCF0870", "VCF0803", "VCF0601", "VCF0612", "VCF0615", "VCF0616", "VCF0617", "VCF0310", "VCF0743", "VCF0717", "VCF0718", "VCF0720", "VCF0721", "VCF0701", "VCF0675", "VCF0724", "VCF0725", "VCF0726", "VCF0745", "VCF0101", "VCF0104", "VCF0105a", "VCF0115", "VCF0140a", "VCF0112", "VCF0301"]}