{"validation": 0.7151069211312946, "id_test": 0.7172413793103448, "ood_test": 0.6141491215675192, "ood_validation": 0.6095803306485799, "0": 0.6988142292490118, "1": 0.7160086145010768, "3": 0.7134875514604979, "id_test_conf": [0.703600927319529, 0.7305895616996889], "id_test_balanced": 0.5237041711807251, "id_test_balanced_conf": [0.5205033235158771, 0.5269050188455731], "ood_test_conf": [0.6075622892258672, 0.620704685097031], "ood_test_balanced": 0.5248831510543823, "ood_test_balanced_conf": [0.5233458343404345, 0.5264204677683302], "features": ["VCF0004", "VCF0901b", "VCF0218", "VCF0224", "VCF0302", "VCF9201", "VCF9202", "VCF9203", "VCF9206", "VCF0428", "VCF0429", "VCF0822", "VCF0870", "VCF0803", "VCF0601", "VCF0612", "VCF0615", "VCF0616", "VCF0617", "VCF0310", "VCF0743", "VCF0717", "VCF0718", "VCF0720", "VCF0721", "VCF0701", "VCF0675", "VCF0724", "VCF0725", "VCF0726", "VCF0745", "VCF0101", "VCF0104", "VCF0105a", "VCF0115", "VCF0140a", "VCF0112", "VCF0301"]}