{"validation": 0.4808001839503334, "id_test": 0.47448275862068967, "ood_test": 0.5727002967359051, "ood_validation": 0.5799067401441289, "train": 0.48746982411771467, "id_test_conf": [0.45955007470083636, 0.48944973500346356], "id_test_balanced": 0.6201930046081543, "id_test_balanced_conf": [0.6133091675117612, 0.6270768417045474], "ood_test_conf": [0.5660130135198268, 0.5793676666989789], "ood_test_balanced": 0.6358006000518799, "ood_test_balanced_conf": [0.6325056556984783, 0.6390955444052815], "features": ["VCF0004", "VCF0901b", "VCF0218", "VCF0224", "VCF0302", "VCF9201", "VCF9202", "VCF9203", "VCF9206", "VCF0428", "VCF0429", "VCF0822", "VCF0870", "VCF0803", "VCF0601", "VCF0612", "VCF0615", "VCF0616", "VCF0617", "VCF0310", "VCF0743", "VCF0717", "VCF0718", "VCF0720", "VCF0721", "VCF0701", "VCF0675", "VCF0724", "VCF0725", "VCF0726", "VCF0745", "VCF0101", "VCF0104", "VCF0105a", "VCF0115", "VCF0140a", "VCF0112", "VCF0301"]}