{"validation": 0.7475281673948034, "id_test": 0.7450574712643678, "ood_test": 0.6433517026988838, "ood_validation": 0.6434930055108097, "0": 0.732905138339921, "1": 0.7419239052404881, "3": 0.7314252107429916, "id_test_conf": [0.7318292073291746, 0.757955920244894], "id_test_balanced": 0.572396993637085, "id_test_balanced_conf": [0.5670520452596247, 0.5777419420145452], "ood_test_conf": [0.6368655870090543, 0.6497985471079829], "ood_test_balanced": 0.5609431266784668, "ood_test_balanced_conf": [0.5586920264922083, 0.5631942268647253], "features": ["VCF0004", "VCF0901b", "VCF0218", "VCF0224", "VCF0302", "VCF9201", "VCF9202", "VCF9203", "VCF9206", "VCF0428", "VCF0429", "VCF0822", "VCF0870", "VCF0803", "VCF0601", "VCF0612", "VCF0615", "VCF0616", "VCF0617", "VCF0310", "VCF0743", "VCF0717", "VCF0718", "VCF0720", "VCF0721", "VCF0701", "VCF0675", "VCF0724", "VCF0725", "VCF0726", "VCF0745", "VCF0101", "VCF0104", "VCF0105a", "VCF0115", "VCF0140a", "VCF0112", "VCF0301"]}