{"validation": 0.7886870544952863, "id_test": 0.7822988505747126, "ood_test": 0.6971409731053648, "ood_validation": 0.7024162780839339, "train": 0.7774744223473963, "id_test_conf": [0.7697327873765712, 0.7944847313947656], "id_test_balanced": 0.6481912136077881, "id_test_balanced_conf": [0.6409298105537892, 0.655452616661787], "ood_test_conf": [0.6909099523896168, 0.7033179759120538], "ood_test_balanced": 0.6322628259658813, "ood_test_balanced_conf": [0.6290432440722361, 0.6354824078595266], "features": ["VCF0004", "VCF0901b", "VCF0218", "VCF0224", "VCF0302", "VCF9201", "VCF9202", "VCF9203", "VCF9206", "VCF0428", "VCF0429", "VCF0822", "VCF0870", "VCF0803", "VCF0601", "VCF0612", "VCF0615", "VCF0616", "VCF0617", "VCF0310", "VCF0743", "VCF0717", "VCF0718", "VCF0720", "VCF0721", "VCF0701", "VCF0675", "VCF0724", "VCF0725", "VCF0726", "VCF0745", "VCF0101", "VCF0104", "VCF0105a", "VCF0115", "VCF0140a", "VCF0112", "VCF0301"]}