{"validation": 0.4366521039319384, "id_test": 0.4328735632183908, "ood_test": 0.4647920493617823, "ood_validation": 0.4692666384061043, "0": 0.4270750988142292, "1": 0.4419956927494616, "3": 0.4353068025877279, "id_test_conf": [0.41808392527037114, 0.4477534190845906], "id_test_balanced": 0.4964546263217926, "id_test_balanced_conf": [0.48647446032613517, 0.50643479231745], "ood_test_conf": [0.4580647717064071, 0.4715289704189163], "ood_test_balanced": 0.49519082903862, "ood_test_balanced_conf": [0.49068823164328934, 0.49969342643395065], "features": ["VCF0004", "VCF0901b", "VCF0218", "VCF0224", "VCF0302", "VCF9201", "VCF9202", "VCF9203", "VCF9206", "VCF0428", "VCF0429", "VCF0822", "VCF0870", "VCF0803", "VCF0601", "VCF0612", "VCF0615", "VCF0616", "VCF0617", "VCF0310", "VCF0743", "VCF0717", "VCF0718", "VCF0720", "VCF0721", "VCF0701", "VCF0675", "VCF0724", "VCF0725", "VCF0726", "VCF0745", "VCF0101", "VCF0104", "VCF0105a", "VCF0115", "VCF0140a", "VCF0112", "VCF0301"]}