{"validation": 0.36767072890319613, "id_test": 0.372183908045977, "ood_test": 0.4575385050162498, "ood_validation": 0.4565493853327681, "0": 0.37628458498023715, "1": 0.3749461593682699, "3": 0.383944324642227, "id_test_conf": [0.35779403913607016, 0.3867456054043028], "id_test_balanced": 0.5295447707176208, "id_test_balanced_conf": [0.5229142611008137, 0.536175280334428], "ood_test_conf": [0.45081982117565206, 0.46426881905381445], "ood_test_balanced": 0.5308547019958496, "ood_test_balanced_conf": [0.5278703410597518, 0.5338390629319474], "features": ["VCF0004", "VCF0901b", "VCF0218", "VCF0224", "VCF0302", "VCF9201", "VCF9202", "VCF9203", "VCF9206", "VCF0428", "VCF0429", "VCF0822", "VCF0870", "VCF0803", "VCF0601", "VCF0612", "VCF0615", "VCF0616", "VCF0617", "VCF0310", "VCF0743", "VCF0717", "VCF0718", "VCF0720", "VCF0721", "VCF0701", "VCF0675", "VCF0724", "VCF0725", "VCF0726", "VCF0745", "VCF0101", "VCF0104", "VCF0105a", "VCF0115", "VCF0140a", "VCF0112", "VCF0301"]}