{"validation": 0.29914922970797886, "id_test": 0.2967816091954023, "ood_test": 0.4069520983467571, "ood_validation": 0.41543026706231456, "0": 0.31630434782608696, "1": 0.2984924623115578, "3": 0.3103313075867477, "id_test_conf": [0.2832309482462626, 0.3106056302582634], "id_test_balanced": 0.5001633763313293, "id_test_balanced_conf": [0.499894811133272, 0.5004319415293866], "ood_test_conf": [0.40033352180216125, 0.4135961623593636], "ood_test_balanced": 0.5010592937469482, "ood_test_balanced_conf": [0.5006482312141451, 0.5014703562797513], "features": ["VCF0004", "VCF0901b", "VCF0218", "VCF0224", "VCF0302", "VCF9201", "VCF9202", "VCF9203", "VCF9206", "VCF0428", "VCF0429", "VCF0822", "VCF0870", "VCF0803", "VCF0601", "VCF0612", "VCF0615", "VCF0616", "VCF0617", "VCF0310", "VCF0743", "VCF0717", "VCF0718", "VCF0720", "VCF0721", "VCF0701", "VCF0675", "VCF0724", "VCF0725", "VCF0726", "VCF0745", "VCF0101", "VCF0104", "VCF0105a", "VCF0115", "VCF0140a", "VCF0112", "VCF0301"]}