{"validation": 0.8282363761784318, "id_test": 0.8328735632183908, "ood_test": 0.7976543733220292, "ood_validation": 0.8037303942348453, "train": 0.8246924933900448, "id_test_conf": [0.8214489909248779, 0.8438492644581171], "id_test_balanced": 0.7816651463508606, "id_test_balanced_conf": [0.7733967985212803, 0.7899334941804409], "ood_test_conf": [0.7921862119346066, 0.8030409167578457], "ood_test_balanced": 0.7710452079772949, "ood_test_balanced_conf": [0.7672800307162106, 0.7748103852383792], "features": ["VCF0004", "VCF0901b", "VCF0218", "VCF0224", "VCF0302", "VCF9201", "VCF9202", "VCF9203", "VCF9206", "VCF0428", "VCF0429", "VCF0822", "VCF0870", "VCF0803", "VCF0601", "VCF0612", "VCF0615", "VCF0616", "VCF0617", "VCF0310", "VCF0743", "VCF0717", "VCF0718", "VCF0720", "VCF0721", "VCF0701", "VCF0675", "VCF0724", "VCF0725", "VCF0726", "VCF0745", "VCF0101", "VCF0104", "VCF0105a", "VCF0115", "VCF0140a", "VCF0112", "VCF0301"]}