{"validation": 0.8321453207633939, "id_test": 0.835632183908046, "ood_test": 0.7896001130422495, "ood_validation": 0.7994913098770665, "train": 0.826847913553282, "id_test_conf": [0.8242793692515581, 0.8465323669817651], "id_test_balanced": 0.7609819173812866, "id_test_balanced_conf": [0.7528916210494936, 0.7690722137130797], "ood_test_conf": [0.7840544587359516, 0.795066364421459], "ood_test_balanced": 0.7533266544342041, "ood_test_balanced_conf": [0.7496555932564661, 0.7569977156119421], "features": ["VCF0004", "VCF0901b", "VCF0218", "VCF0224", "VCF0302", "VCF9201", "VCF9202", "VCF9203", "VCF9206", "VCF0428", "VCF0429", "VCF0822", "VCF0870", "VCF0803", "VCF0601", "VCF0612", "VCF0615", "VCF0616", "VCF0617", "VCF0310", "VCF0743", "VCF0717", "VCF0718", "VCF0720", "VCF0721", "VCF0701", "VCF0675", "VCF0724", "VCF0725", "VCF0726", "VCF0745", "VCF0101", "VCF0104", "VCF0105a", "VCF0115", "VCF0140a", "VCF0112", "VCF0301"]}