{"validation": 0.831685444929869, "id_test": 0.8342528735632184, "ood_test": 0.7927558758419293, "ood_validation": 0.7977956761339551, "train": 0.8269916082308312, "id_test_conf": [0.8228640428848449, 0.8451909531491367], "id_test_balanced": 0.7656064629554749, "id_test_balanced_conf": [0.7574411639943719, 0.7737717619165778], "ood_test_conf": [0.7872401928123398, 0.7981912881677908], "ood_test_balanced": 0.7588415145874023, "ood_test_balanced_conf": [0.7551481596659869, 0.7625348695088178], "features": ["VCF0004", "VCF0901b", "VCF0218", "VCF0224", "VCF0302", "VCF9201", "VCF9202", "VCF9203", "VCF9206", "VCF0428", "VCF0429", "VCF0822", "VCF0870", "VCF0803", "VCF0601", "VCF0612", "VCF0615", "VCF0616", "VCF0617", "VCF0310", "VCF0743", "VCF0717", "VCF0718", "VCF0720", "VCF0721", "VCF0701", "VCF0675", "VCF0724", "VCF0725", "VCF0726", "VCF0745", "VCF0101", "VCF0104", "VCF0105a", "VCF0115", "VCF0140a", "VCF0112", "VCF0301"]}