{"validation": 0.8139802253391585, "id_test": 0.8119540229885057, "ood_test": 0.7475389760256229, "ood_validation": 0.7490462060194998, "train": 0.8058110127600874, "id_test_conf": [0.800019236080843, 0.8234684032832591], "id_test_balanced": 0.7049171328544617, "id_test_balanced_conf": [0.6970881195180119, 0.7127461461909115], "ood_test_conf": [0.741638227867089, 0.7533718772853879], "ood_test_balanced": 0.6984231472015381, "ood_test_balanced_conf": [0.6948257949063554, 0.7020204994967207], "features": ["VCF0004", "VCF0901b", "VCF0218", "VCF0224", "VCF0302", "VCF9201", "VCF9202", "VCF9203", "VCF9206", "VCF0428", "VCF0429", "VCF0822", "VCF0870", "VCF0803", "VCF0601", "VCF0612", "VCF0615", "VCF0616", "VCF0617", "VCF0310", "VCF0743", "VCF0717", "VCF0718", "VCF0720", "VCF0721", "VCF0701", "VCF0675", "VCF0724", "VCF0725", "VCF0726", "VCF0745", "VCF0101", "VCF0104", "VCF0105a", "VCF0115", "VCF0140a", "VCF0112", "VCF0301"]}