{"validation": 0.8091515290871465, "id_test": 0.8041379310344827, "ood_test": 0.7363760538834723, "ood_validation": 0.7465027554048326, "train": 0.8002643982066904, "id_test_conf": [0.7920268845039988, 0.8158391852986363], "id_test_balanced": 0.6888242959976196, "id_test_balanced_conf": [0.6811312369629741, 0.6965173550322652], "ood_test_conf": [0.7303938078357965, 0.7422935174381096], "ood_test_balanced": 0.683091402053833, "ood_test_balanced_conf": [0.6795717377681285, 0.6866110663395375], "features": ["VCF0004", "VCF0901b", "VCF0218", "VCF0224", "VCF0302", "VCF9201", "VCF9202", "VCF9203", "VCF9206", "VCF0428", "VCF0429", "VCF0822", "VCF0870", "VCF0803", "VCF0601", "VCF0612", "VCF0615", "VCF0616", "VCF0617", "VCF0310", "VCF0743", "VCF0717", "VCF0718", "VCF0720", "VCF0721", "VCF0701", "VCF0675", "VCF0724", "VCF0725", "VCF0726", "VCF0745", "VCF0101", "VCF0104", "VCF0105a", "VCF0115", "VCF0140a", "VCF0112", "VCF0301"]}