{"validation": 0.8277765003449069, "id_test": 0.832183908045977, "ood_test": 0.7947341152088927, "ood_validation": 0.8054260279779568, "train": 0.8212725600643752, "id_test_conf": [0.8207415669975022, 0.8431783178935276], "id_test_balanced": 0.7775877714157104, "id_test_balanced_conf": [0.7693163441494107, 0.7858591986820102], "ood_test_conf": [0.789237475975811, 0.8001499396949511], "ood_test_balanced": 0.7684043645858765, "ood_test_balanced_conf": [0.7646171564375982, 0.7721915727341547], "features": ["VCF0004", "VCF0901b", "VCF0218", "VCF0224", "VCF0302", "VCF9201", "VCF9202", "VCF9203", "VCF9206", "VCF0428", "VCF0429", "VCF0822", "VCF0870", "VCF0803", "VCF0601", "VCF0612", "VCF0615", "VCF0616", "VCF0617", "VCF0310", "VCF0743", "VCF0717", "VCF0718", "VCF0720", "VCF0721", "VCF0701", "VCF0675", "VCF0724", "VCF0725", "VCF0726", "VCF0745", "VCF0101", "VCF0104", "VCF0105a", "VCF0115", "VCF0140a", "VCF0112", "VCF0301"]}