{"validation": 0.818578983674408, "id_test": 0.8167816091954023, "ood_test": 0.7547925203711554, "ood_validation": 0.764730818143281, "train": 0.8114438441200138, "id_test_conf": [0.8049594610121168, 0.8281767896289284], "id_test_balanced": 0.7096937298774719, "id_test_balanced_conf": [0.7019226408004761, 0.7174648189544678], "ood_test_conf": [0.7489474544473445, 0.7605677476801639], "ood_test_balanced": 0.7045610547065735, "ood_test_balanced_conf": [0.7010345550114289, 0.7080875544017181], "features": ["VCF0004", "VCF0901b", "VCF0218", "VCF0224", "VCF0302", "VCF9201", "VCF9202", "VCF9203", "VCF9206", "VCF0428", "VCF0429", "VCF0822", "VCF0870", "VCF0803", "VCF0601", "VCF0612", "VCF0615", "VCF0616", "VCF0617", "VCF0310", "VCF0743", "VCF0717", "VCF0718", "VCF0720", "VCF0721", "VCF0701", "VCF0675", "VCF0724", "VCF0725", "VCF0726", "VCF0745", "VCF0101", "VCF0104", "VCF0105a", "VCF0115", "VCF0140a", "VCF0112", "VCF0301"]}