{"validation": 0.8270866865946195, "id_test": 0.8291954022988506, "ood_test": 0.7782016862135557, "ood_validation": 0.7927087749046206, "train": 0.8236866306472008, "id_test_conf": [0.8176768401199992, 0.8402701047217102], "id_test_balanced": 0.7418338656425476, "id_test_balanced_conf": [0.7338206355459989, 0.7498470957390964], "ood_test_conf": [0.772551838628369, 0.7837752642520047], "ood_test_balanced": 0.7364494800567627, "ood_test_balanced_conf": [0.7328244361048565, 0.7400745240086689], "features": ["VCF0004", "VCF0901b", "VCF0218", "VCF0224", "VCF0302", "VCF9201", "VCF9202", "VCF9203", "VCF9206", "VCF0428", "VCF0429", "VCF0822", "VCF0870", "VCF0803", "VCF0601", "VCF0612", "VCF0615", "VCF0616", "VCF0617", "VCF0310", "VCF0743", "VCF0717", "VCF0718", "VCF0720", "VCF0721", "VCF0701", "VCF0675", "VCF0724", "VCF0725", "VCF0726", "VCF0745", "VCF0101", "VCF0104", "VCF0105a", "VCF0115", "VCF0140a", "VCF0112", "VCF0301"]}