{"validation": 0.8298459415957692, "id_test": 0.8344827586206897, "ood_test": 0.7897885167914841, "ood_validation": 0.8003391267486223, "train": 0.8277962984251064, "id_test_conf": [0.8230999114825204, 0.8454145412829688], "id_test_balanced": 0.7648730874061584, "id_test_balanced_conf": [0.7567190273851157, 0.7730271474272012], "ood_test_conf": [0.7842446378554073, 0.7952529409963593], "ood_test_balanced": 0.7555152177810669, "ood_test_balanced_conf": [0.7518093288037926, 0.7592211067583412], "features": ["VCF0004", "VCF0901b", "VCF0218", "VCF0224", "VCF0302", "VCF9201", "VCF9202", "VCF9203", "VCF9206", "VCF0428", "VCF0429", "VCF0822", "VCF0870", "VCF0803", "VCF0601", "VCF0612", "VCF0615", "VCF0616", "VCF0617", "VCF0310", "VCF0743", "VCF0717", "VCF0718", "VCF0720", "VCF0721", "VCF0701", "VCF0675", "VCF0724", "VCF0725", "VCF0726", "VCF0745", "VCF0101", "VCF0104", "VCF0105a", "VCF0115", "VCF0140a", "VCF0112", "VCF0301"]}