{"validation": 0.8257070590940446, "id_test": 0.836551724137931, "ood_test": 0.7935565917761763, "ood_validation": 0.8075455701568461, "train": 0.8284860328773422, "id_test_conf": [0.825223073976264, 0.847426488801026], "id_test_balanced": 0.7679130434989929, "id_test_balanced_conf": [0.7597809128277003, 0.7760451741702855], "ood_test_conf": [0.7880485930321344, 0.7989840996145197], "ood_test_balanced": 0.760474681854248, "ood_test_balanced_conf": [0.7567725864984095, 0.7641767772100866], "features": ["VCF0004", "VCF0901b", "VCF0218", "VCF0224", "VCF0302", "VCF9201", "VCF9202", "VCF9203", "VCF9206", "VCF0428", "VCF0429", "VCF0822", "VCF0870", "VCF0803", "VCF0601", "VCF0612", "VCF0615", "VCF0616", "VCF0617", "VCF0310", "VCF0743", "VCF0717", "VCF0718", "VCF0720", "VCF0721", "VCF0701", "VCF0675", "VCF0724", "VCF0725", "VCF0726", "VCF0745", "VCF0101", "VCF0104", "VCF0105a", "VCF0115", "VCF0140a", "VCF0112", "VCF0301"]}