{"validation": 0.546102552310876, "id_test": 0.546896551724138, "ood_test": 0.4576327068908671, "ood_validation": 0.45103857566765576, "0": 0.5527667984189724, "1": 0.5444364680545585, "3": 0.5031366398745344, "id_test_conf": [0.5319613201313262, 0.5617687573486576], "id_test_balanced": 0.46674644947052, "id_test_balanced_conf": [0.45711475450545547, 0.47637814443558457], "ood_test_conf": [0.4509139022834163, 0.4643631158925446], "ood_test_balanced": 0.4347992539405823, "ood_test_balanced_conf": [0.43022632372565567, 0.4393721841555089], "features": ["VCF0004", "VCF0901b", "VCF0218", "VCF0224", "VCF0302", "VCF9201", "VCF9202", "VCF9203", "VCF9206", "VCF0428", "VCF0429", "VCF0822", "VCF0870", "VCF0803", "VCF0601", "VCF0612", "VCF0615", "VCF0616", "VCF0617", "VCF0310", "VCF0743", "VCF0717", "VCF0718", "VCF0720", "VCF0721", "VCF0701", "VCF0675", "VCF0724", "VCF0725", "VCF0726", "VCF0745", "VCF0101", "VCF0104", "VCF0105a", "VCF0115", "VCF0140a", "VCF0112", "VCF0301"]}