{"validation": 0.6975793437331899, "id_test": 0.6995051134062373, "ood_test": 0.6440305094123381, "ood_validation": 0.6436277415530528, "train": 0.6983663773224599, "id_test_conf": [0.6972377671603867, 0.7017651376651743], "id_test_balanced": 0.5322781205177307, "id_test_balanced_conf": [0.5316623239871114, 0.53289391704835], "ood_test_conf": [0.6406123852384946, 0.6474376225524929], "ood_test_balanced": 0.5532464385032654, "ood_test_balanced_conf": [0.5521300659119152, 0.5543628110946156], "features": ["DIVISION", "AGEP", "SEX", "RAC1P", "POBP", "ST", "FER", "ENG", "CIT", "SCHL", "OCCP", "COW", "WKHP", "WKW", "WRK", "NWLA", "HINS4"]}