{"validation": 0.692282378255229, "id_test": 0.694315765492102, "ood_test": 0.6318451871270303, "ood_validation": 0.6337877889745109, "train": 0.6931105596528186, "id_test_conf": [0.6920375520934832, 0.696586847420484], "id_test_balanced": 0.5238991379737854, "id_test_balanced_conf": [0.5233671749779023, 0.5244311009696685], "ood_test_conf": [0.6284026483567425, 0.6352776466098973], "ood_test_balanced": 0.537835955619812, "ood_test_balanced_conf": [0.536876959563233, 0.538794951676391], "features": ["DIVISION", "AGEP", "SEX", "RAC1P", "POBP", "ST", "FER", "ENG", "CIT", "SCHL", "OCCP", "COW", "WKHP", "WKW", "WRK", "NWLA", "HINS4"]}