{"validation": 0.6939657627440433, "id_test": 0.6961003948967193, "ood_test": 0.6312523876645019, "ood_validation": 0.6323651452282157, "train": 0.6947939401466471, "id_test_conf": [0.6938258801921725, 0.698367712612559], "id_test_balanced": 0.5267949104309082, "id_test_balanced_conf": [0.5262319422350266, 0.5273578786267898], "ood_test_conf": [0.6278087215985066, 0.6346860197698785], "ood_test_balanced": 0.5370070338249207, "ood_test_balanced_conf": [0.536061395133147, 0.5379526725166943], "features": ["DIVISION", "AGEP", "SEX", "RAC1P", "POBP", "ST", "FER", "ENG", "CIT", "SCHL", "OCCP", "COW", "WKHP", "WKW", "WRK", "NWLA", "HINS4"]}