{"validation": 0.5055342847198051, "id_test": 0.5019175273390036, "ood_test": 0.5892294924319269, "ood_validation": 0.592886781268524, "0": 0.5662800331400166, "2": 0.5244054069469001, "3": 0.490807054509355, "4": 0.4640501780546321, "5": 0.5029030536986473, "6": 0.4582565865771629, "7": 0.48837764212284507, "8": 0.5076421017845341, "9": 0.5494922560924623, "id_test_conf": [0.4994490775492692, 0.5043859067648722], "id_test_balanced": 0.6318053007125854, "id_test_balanced_conf": [0.6306958784162998, 0.6329147230088711], "ood_test_conf": [0.5857197956482246, 0.5927323681485386], "ood_test_balanced": 0.6576471328735352, "ood_test_balanced_conf": [0.6559581251512282, 0.6593361405958421], "features": ["DIVISION", "AGEP", "SEX", "RAC1P", "POBP", "ST", "FER", "ENG", "CIT", "SCHL", "OCCP", "COW", "WKHP", "WKW", "WRK", "NWLA", "HINS4"]}