{"validation": 0.8064424263519286, "id_test": 0.8052855407047388, "ood_test": 0.7962745847110432, "ood_validation": 0.790515708358032, "train": 0.8056407485663974, "id_test_conf": [0.8033243703316006, 0.8072355035966325], "id_test_balanced": 0.7708145976066589, "id_test_balanced_conf": [0.7693880810611882, 0.7722411141521297], "ood_test_conf": [0.793391534413741, 0.7991349740980613], "ood_test_balanced": 0.7829254865646362, "ood_test_balanced_conf": [0.7808780239429325, 0.78497294918634], "features": ["DIVISION", "AGEP", "SEX", "RAC1P", "POBP", "ST", "FER", "ENG", "CIT", "SCHL", "OCCP", "COW", "WKHP", "WKW", "WRK", "NWLA", "HINS4"]}