{"validation": 0.82085877922982, "id_test": 0.8202397225597408, "ood_test": 0.8045079105794944, "ood_validation": 0.8026081802015412, "train": 0.822315549989993, "id_test_conf": [0.8183374089523034, 0.8221302789092068], "id_test_balanced": 0.7837543487548828, "id_test_balanced_conf": [0.7823635971196927, 0.7851451003900729], "ood_test_conf": [0.8016685635371925, 0.8073239658732414], "ood_test_balanced": 0.7818924188613892, "ood_test_balanced_conf": [0.7798913259943947, 0.7838935117283836], "features": ["DIVISION", "AGEP", "SEX", "RAC1P", "POBP", "ST", "FER", "ENG", "CIT", "SCHL", "OCCP", "COW", "WKHP", "WKW", "WRK", "NWLA", "HINS4"]}