{"id_test": 0.8208219420818145, "id_test_conf": [0.8189220155197159, 0.8227100899773787], "id_test_balanced": 0.7824811935424805, "id_test_balanced_conf": [0.7810920167644508, 0.7838703703205101], "ood_test": 0.8018864196229796, "ood_test_conf": [0.7990329520321108, 0.8047167963394782], "ood_test_balanced": 0.7751486301422119, "ood_test_balanced_conf": [0.7731546875648201, 0.7771425727196037], "validation": 0.821744771066038, "validation_conf": [0.8198486371749645, 0.8236290922821319], "validation_balanced": 0.7844715118408203, "validation_balanced_conf": [0.783085977290757, 0.7858570463908836], "features": ["DIVISION", "AGEP", "SEX", "RAC1P", "POBP", "ST", "FER", "ENG", "CIT", "SCHL", "OCCP", "COW", "WKHP", "WKW", "WRK", "NWLA", "HINS4"]}