{"id_test": 0.8204042628594572, "id_test_conf": [0.8185026231024884, 0.8222941393082394], "id_test_balanced": 0.7816741466522217, "id_test_balanced_conf": [0.7802840005909093, 0.7830642927135341], "ood_test": 0.8013067934818405, "ood_test_conf": [0.798450229915818, 0.8041403105859171], "ood_test_balanced": 0.7743025422096252, "ood_test_balanced_conf": [0.7723078318266198, 0.7762972525926307], "validation": 0.821744771066038, "validation_conf": [0.8198486371749645, 0.8236290922821319], "validation_balanced": 0.7840580940246582, "validation_balanced_conf": [0.782672619598452, 0.7854435684508644], "features": ["DIVISION", "AGEP", "SEX", "RAC1P", "POBP", "ST", "FER", "ENG", "CIT", "SCHL", "OCCP", "COW", "WKHP", "WKW", "WRK", "NWLA", "HINS4"]}