{"id_test": 0.821309234507898, "id_test_conf": [0.8194113114923844, 0.8231953609386052], "id_test_balanced": 0.7829753160476685, "id_test_balanced_conf": [0.7815873445989564, 0.7843632874963805], "ood_test": 0.8022157526577176, "ood_test_conf": [0.7993640483451161, 0.8050443408613026], "ood_test_balanced": 0.7754052877426147, "ood_test_balanced_conf": [0.7734128351416438, 0.7773977403435857], "validation": 0.8216371863430687, "validation_conf": [0.8197406086307683, 0.823521955336483], "validation_balanced": 0.7841367721557617, "validation_balanced_conf": [0.7827510006469675, 0.785522543664556], "features": ["DIVISION", "AGEP", "SEX", "RAC1P", "POBP", "ST", "FER", "ENG", "CIT", "SCHL", "OCCP", "COW", "WKHP", "WKW", "WRK", "NWLA", "HINS4"]}