{"validation": 0.800082270670506, "id_test": 0.7996721850951802, "ood_test": 0.8025582590138451, "ood_validation": 0.8045050385299348, "train": 0.8027913422981783, "id_test_conf": [0.7976900897548137, 0.8016432792800183], "id_test_balanced": 0.806482195854187, "id_test_balanced_conf": [0.8051064274949021, 0.8078579642134719], "ood_test_conf": [0.7997083917479918, 0.805384983926407], "ood_test_balanced": 0.8094346523284912, "ood_test_balanced_conf": [0.807466325708665, 0.8114029789483175], "features": ["DIVISION", "AGEP", "SEX", "RAC1P", "POBP", "ST", "FER", "ENG", "CIT", "SCHL", "OCCP", "COW", "WKHP", "WKW", "WRK", "NWLA", "HINS4"]}