{"validation": 0.7502262443438914, "id_test": 0.7492532401782098, "ood_test": 0.775447563594209, "ood_validation": 0.7736810906935389, "0": 0.8726871030102181, "2": 0.73902925911139, "3": 0.7515980023704124, "4": 0.7317130899740718, "5": 0.7523459812321501, "6": 0.7561431514605761, "7": 0.7516520517256235, "8": 0.7502271976206213, "9": 0.7642172939525982, "id_test_conf": [0.7471083919863768, 0.7513889396116105], "id_test_balanced": 0.7892490029335022, "id_test_balanced_conf": [0.7878813388594427, 0.7906166670075617], "ood_test_conf": [0.7724620230825907, 0.7784120383991648], "ood_test_balanced": 0.7962596416473389, "ood_test_balanced_conf": [0.7942995959194377, 0.7982196873752401], "features": ["DIVISION", "AGEP", "SEX", "RAC1P", "POBP", "ST", "FER", "ENG", "CIT", "SCHL", "OCCP", "COW", "WKHP", "WKW", "WRK", "NWLA", "HINS4"]}