{"validation": 0.8229725026105117, "id_test": 0.821663628999595, "ood_test": 0.8123592101276494, "ood_validation": 0.8096028452874926, "train": 0.823943556125472, "id_test_conf": [0.8197671663776577, 0.8235482820051186], "id_test_balanced": 0.7836316823959351, "id_test_balanced_conf": [0.7822445532516576, 0.7850188115402125], "ood_test_conf": [0.8095633381528942, 0.8151311886491811], "ood_test_balanced": 0.7966768145561218, "ood_test_balanced_conf": [0.7946895378548652, 0.7986640912573785], "features": ["DIVISION", "AGEP", "SEX", "RAC1P", "POBP", "ST", "FER", "ENG", "CIT", "SCHL", "OCCP", "COW", "WKHP", "WKW", "WRK", "NWLA", "HINS4"]}