{"validation": 0.7154953643641426, "id_test": 0.7124594977723775, "ood_test": 0.7656202658376257, "ood_validation": 0.7627741553052756, "0": 0.8450704225352113, "2": 0.6963098157759653, "3": 0.7149781699200746, "4": 0.6879579124035762, "5": 0.7247552019583844, "6": 0.7071753100568949, "7": 0.7119762979459545, "8": 0.7208360872438864, "9": 0.7319641745561306, "id_test_conf": [0.7102207943159193, 0.7146904036194914], "id_test_balanced": 0.7701085805892944, "id_test_balanced_conf": [0.7687530422536656, 0.7714641189249233], "ood_test_conf": [0.7625901212432831, 0.7686300971866019], "ood_test_balanced": 0.7904317378997803, "ood_test_balanced_conf": [0.7884779140213505, 0.7923855617782101], "features": ["DIVISION", "AGEP", "SEX", "RAC1P", "POBP", "ST", "FER", "ENG", "CIT", "SCHL", "OCCP", "COW", "WKHP", "WKW", "WRK", "NWLA", "HINS4"]}