{"validation": 0.4727525867797361, "id_test": 0.46830067841231265, "ood_test": 0.5649378877896484, "ood_validation": 0.5681090693538826, "0": 0.38580502623584645, "2": 0.504448753778589, "3": 0.46243808057376135, "4": 0.42886959515433193, "5": 0.47043592882026175, "6": 0.41376393379995363, "7": 0.44559994167279765, "8": 0.4665916226040978, "9": 0.5170626109092936, "id_test_conf": [0.46583778666546666, 0.470764733373043], "id_test_balanced": 0.6076712012290955, "id_test_balanced_conf": [0.6066419370402582, 0.6087004654179328], "ood_test_conf": [0.5614021490980765, 0.5684686624580697], "ood_test_balanced": 0.6379830837249756, "ood_test_balanced_conf": [0.6363699858519248, 0.6395961815980263], "features": ["DIVISION", "AGEP", "SEX", "RAC1P", "POBP", "ST", "FER", "ENG", "CIT", "SCHL", "OCCP", "COW", "WKHP", "WKW", "WRK", "NWLA", "HINS4"]}