{"validation": 0.8202702275100465, "id_test": 0.8195878898339408, "ood_test": 0.8015175666240729, "ood_validation": 0.8013040901007706, "train": 0.8207793070769221, "id_test_conf": [0.8176829125282802, 0.8214811338495509], "id_test_balanced": 0.7768787145614624, "id_test_balanced_conf": [0.7754878904810175, 0.7782695386419073], "ood_test_conf": [0.7986621277774768, 0.8043499428588331], "ood_test_balanced": 0.7735069990158081, "ood_test_balanced_conf": [0.7715179644618183, 0.7754960335697979], "features": ["DIVISION", "AGEP", "SEX", "RAC1P", "POBP", "ST", "FER", "ENG", "CIT", "SCHL", "OCCP", "COW", "WKHP", "WKW", "WRK", "NWLA", "HINS4"]}