{"validation": 0.8185488719425371, "id_test": 0.8180184285135682, "ood_test": 0.8061940957173532, "ood_validation": 0.8061647895672792, "train": 0.8193561860673368, "id_test_conf": [0.8161070753567499, 0.8199181060879693], "id_test_balanced": 0.7893993854522705, "id_test_balanced_conf": [0.7880053491378203, 0.7907934217667207], "ood_test_conf": [0.8033639345994439, 0.8090008358733336], "ood_test_balanced": 0.7845382690429688, "ood_test_balanced_conf": [0.7825402035890147, 0.7865363344969228], "features": ["DIVISION", "AGEP", "SEX", "RAC1P", "POBP", "ST", "FER", "ENG", "CIT", "SCHL", "OCCP", "COW", "WKHP", "WKW", "WRK", "NWLA", "HINS4"]}