{"validation": 0.8200803721165713, "id_test": 0.819619532199271, "ood_test": 0.8076826810343692, "ood_validation": 0.8060462359217546, "train": 0.8210672537403402, "id_test_conf": [0.817714683986322, 0.8215126459586869], "id_test_balanced": 0.7791866064071655, "id_test_balanced_conf": [0.7777949506323785, 0.7805782621819526], "ood_test_conf": [0.804860697376932, 0.8104811296534467], "ood_test_balanced": 0.7894997000694275, "ood_test_balanced_conf": [0.7874986336706207, 0.7915007664682343], "features": ["DIVISION", "AGEP", "SEX", "RAC1P", "POBP", "ST", "FER", "ENG", "CIT", "SCHL", "OCCP", "COW", "WKHP", "WKW", "WRK", "NWLA", "HINS4"]}