{"validation": 0.8193082935164383, "id_test": 0.8185626771972458, "ood_test": 0.8075904677846425, "ood_validation": 0.804742145820984, "train": 0.8200183051807458, "id_test_conf": [0.8166535290068133, 0.8204601297939899], "id_test_balanced": 0.7765767574310303, "id_test_balanced_conf": [0.7751831214479171, 0.7779703934141434], "ood_test_conf": [0.8047679756945486, 0.8103894319032056], "ood_test_balanced": 0.7876895666122437, "ood_test_balanced_conf": [0.7856918304134161, 0.7896873028110712], "features": ["DIVISION", "AGEP", "SEX", "RAC1P", "POBP", "ST", "FER", "ENG", "CIT", "SCHL", "OCCP", "COW", "WKHP", "WKW", "WRK", "NWLA", "HINS4"]}