{"validation": 0.8213840458184349, "id_test": 0.8210244532199271, "ood_test": 0.8044288706511573, "ood_validation": 0.8018968583283936, "train": 0.8221937264016239, "id_test_conf": [0.8191253586694589, 0.822911761657334], "id_test_balanced": 0.7827291488647461, "id_test_balanced_conf": [0.7813404666539282, 0.784117831075564], "ood_test_conf": [0.8015890950138314, 0.8072453605966535], "ood_test_balanced": 0.7794368863105774, "ood_test_balanced_conf": [0.777444273759611, 0.7814294988615438], "features": ["DIVISION", "AGEP", "SEX", "RAC1P", "POBP", "ST", "FER", "ENG", "CIT", "SCHL", "OCCP", "COW", "WKHP", "WKW", "WRK", "NWLA", "HINS4"]}