{"validation": 0.6752080498686833, "id_test": 0.6779123633049817, "ood_test": 0.6041285189234762, "ood_validation": 0.5990515708358032, "0": 0.895747031206849, "2": 0.6336337192722296, "3": 0.69473342990569, "4": 0.7172212718802784, "5": 0.675740670997709, "6": 0.7226610999686192, "7": 0.6962345814029017, "8": 0.6930043787177792, "9": 0.6295606366077319, "id_test_conf": [0.6756020097030506, 0.6802161876178441], "id_test_balanced": 0.501227855682373, "id_test_balanced_conf": [0.500938068331452, 0.501517643033294], "ood_test_conf": [0.6006391420847654, 0.6076099356337654], "ood_test_balanced": 0.5032655596733093, "ood_test_balanced_conf": [0.5028859674447449, 0.5036451519018738], "features": ["DIVISION", "AGEP", "SEX", "RAC1P", "POBP", "ST", "FER", "ENG", "CIT", "SCHL", "OCCP", "COW", "WKHP", "WKW", "WRK", "NWLA", "HINS4"]}