{"validation": 0.40268456375838924, "id_test": 0.3959731543624161, "ood_test": 0.4591120788725579, "ood_validation": 0.4678824169842134, "train": 0.4161073825503356, "id_test_conf": [0.3400494821989344, 0.45398691047856726], "id_test_balanced": 0.45181363821029663, "id_test_balanced_conf": [0.41292004942893984, 0.4907072269916534], "ood_test_conf": [0.4537295601256172, 0.464501781948968], "ood_test_balanced": 0.4554656147956848, "ood_test_balanced_conf": [0.4517002235073596, 0.45923100608401], "features": ["MARITAL_STATUS", "EDUCATION", "RACE", "GENDER", "AGE", "ORIGIN", "HEALTHDISAB", "HEALTH_HEARING", "HEALTH_SEEING", "HEALTH_COGNITIVE", "HEALTH_AMBULATORY", "HEALTH_SELF_CARE", "HEALTH_ERRANDS_DIFFICULTY", "HEALTH_CORE_DISABILITY", "CITIZENSHIP_STATUS"]}