{"validation": 0.6342281879194631, "id_test": 0.610738255033557, "ood_test": 0.5730962317788665, "ood_validation": 0.5691344583560153, "train": 0.6044463087248322, "id_test_conf": [0.5528230966360843, 0.6664282361906216], "id_test_balanced": 0.6781649589538574, "id_test_balanced_conf": [0.6423219182342291, 0.7140079996734857], "ood_test_conf": [0.5677435470070811, 0.5784360726113021], "ood_test_balanced": 0.550173282623291, "ood_test_balanced_conf": [0.5478661123197526, 0.5524804529268295], "features": ["MARITAL_STATUS", "EDUCATION", "RACE", "GENDER", "AGE", "ORIGIN", "HEALTHDISAB", "HEALTH_HEARING", "HEALTH_SEEING", "HEALTH_COGNITIVE", "HEALTH_AMBULATORY", "HEALTH_SELF_CARE", "HEALTH_ERRANDS_DIFFICULTY", "HEALTH_CORE_DISABILITY", "CITIZENSHIP_STATUS"]}