{"validation": 0.7751677852348994, "id_test": 0.7751677852348994, "ood_test": 0.47604790419161674, "ood_validation": 0.47278170930865543, "train": 0.7487416107382551, "id_test_conf": [0.7234731579947753, 0.8212988735489352], "id_test_balanced": 0.567863941192627, "id_test_balanced_conf": [0.5471825646609068, 0.5885453177243472], "ood_test_conf": [0.47065203572554715, 0.4814479811949712], "ood_test_balanced": 0.5046539306640625, "ood_test_balanced_conf": [0.5040038416872267, 0.5053040196408983], "features": ["MARITAL_STATUS", "EDUCATION", "RACE", "GENDER", "AGE", "ORIGIN", "HEALTHDISAB", "HEALTH_HEARING", "HEALTH_SEEING", "HEALTH_COGNITIVE", "HEALTH_AMBULATORY", "HEALTH_SELF_CARE", "HEALTH_ERRANDS_DIFFICULTY", "HEALTH_CORE_DISABILITY", "CITIZENSHIP_STATUS"]}