{"validation": 0.7818791946308725, "id_test": 0.7651006711409396, "ood_test": 0.5478739490715538, "ood_validation": 0.5435492651061513, "train": 0.7483221476510067, "id_test_conf": [0.7127824359961468, 0.8120624034731051], "id_test_balanced": 0.6043741106987, "id_test_balanced_conf": [0.5752623134106397, 0.6334859079867602], "ood_test_conf": [0.5424903420225948, 0.5532491442519132], "ood_test_balanced": 0.5699093341827393, "ood_test_balanced_conf": [0.5674859322560951, 0.5723327361093834], "features": ["MARITAL_STATUS", "EDUCATION", "RACE", "GENDER", "AGE", "ORIGIN", "HEALTHDISAB", "HEALTH_HEARING", "HEALTH_SEEING", "HEALTH_COGNITIVE", "HEALTH_AMBULATORY", "HEALTH_SELF_CARE", "HEALTH_ERRANDS_DIFFICULTY", "HEALTH_CORE_DISABILITY", "CITIZENSHIP_STATUS"]}