{"validation": 0.47315436241610737, "id_test": 0.4261744966442953, "ood_test": 0.5825016633399867, "ood_validation": 0.5792052259118128, "train": 0.46308724832214765, "id_test_conf": [0.3693323218406431, 0.48449935060445437], "id_test_balanced": 0.5802512764930725, "id_test_balanced_conf": [0.549715775474906, 0.610786777511239], "ood_test_conf": [0.5771641200925579, 0.5878247098310696], "ood_test_balanced": 0.5604650974273682, "ood_test_balanced_conf": [0.5580271692574024, 0.562903025597334], "features": ["MARITAL_STATUS", "EDUCATION", "RACE", "GENDER", "AGE", "ORIGIN", "HEALTHDISAB", "HEALTH_HEARING", "HEALTH_SEEING", "HEALTH_COGNITIVE", "HEALTH_AMBULATORY", "HEALTH_SELF_CARE", "HEALTH_ERRANDS_DIFFICULTY", "HEALTH_CORE_DISABILITY", "CITIZENSHIP_STATUS"]}