{"validation": 0.7651006711409396, "id_test": 0.7449664429530202, "ood_test": 0.5584890824411782, "ood_validation": 0.5658682634730539, "train": 0.7210570469798657, "id_test_conf": [0.6915107411919637, 0.7934781826306941], "id_test_balanced": 0.5778805017471313, "id_test_balanced_conf": [0.549198797903955, 0.6065622055903077], "ood_test_conf": [0.5531167814835742, 0.563851106271742], "ood_test_balanced": 0.5726437568664551, "ood_test_balanced_conf": [0.5693628999777138, 0.5759246137551963], "features": ["MARITAL_STATUS", "EDUCATION", "RACE", "GENDER", "AGE", "ORIGIN", "HEALTHDISAB", "HEALTH_HEARING", "HEALTH_SEEING", "HEALTH_COGNITIVE", "HEALTH_AMBULATORY", "HEALTH_SELF_CARE", "HEALTH_ERRANDS_DIFFICULTY", "HEALTH_CORE_DISABILITY", "CITIZENSHIP_STATUS"]}