{"validation": 0.7583892617449665, "id_test": 0.7315436241610739, "ood_test": 0.6138329401802456, "ood_validation": 0.6086009798584648, "train": 0.7168624161073825, "id_test_conf": [0.6774062564646433, 0.7810110852968843], "id_test_balanced": 0.6640588045120239, "id_test_balanced_conf": [0.6277872018516064, 0.7003304071724414], "ood_test_conf": [0.6085602934340346, 0.6190855838367814], "ood_test_balanced": 0.6066678762435913, "ood_test_balanced_conf": [0.6030655134748667, 0.6102702390123159], "features": ["MARITAL_STATUS", "EDUCATION", "RACE", "GENDER", "AGE", "ORIGIN", "HEALTHDISAB", "HEALTH_HEARING", "HEALTH_SEEING", "HEALTH_COGNITIVE", "HEALTH_AMBULATORY", "HEALTH_SELF_CARE", "HEALTH_ERRANDS_DIFFICULTY", "HEALTH_CORE_DISABILITY", "CITIZENSHIP_STATUS"]}