{"validation": 0.7684563758389261, "id_test": 0.7416107382550335, "ood_test": 0.6135305147281195, "ood_validation": 0.6066956995100707, "train": 0.7265100671140939, "id_test_conf": [0.6879790431119375, 0.790367052200284], "id_test_balanced": 0.6535087823867798, "id_test_balanced_conf": [0.6181380801647901, 0.6888794846087695], "ood_test_conf": [0.6082571335519846, 0.6187839459687388], "ood_test_balanced": 0.6163936853408813, "ood_test_balanced_conf": [0.612706646276638, 0.6200807244051247], "features": ["MARITAL_STATUS", "EDUCATION", "RACE", "GENDER", "AGE", "ORIGIN", "HEALTHDISAB", "HEALTH_HEARING", "HEALTH_SEEING", "HEALTH_COGNITIVE", "HEALTH_AMBULATORY", "HEALTH_SELF_CARE", "HEALTH_ERRANDS_DIFFICULTY", "HEALTH_CORE_DISABILITY", "CITIZENSHIP_STATUS"]}