{"validation": 0.7181208053691275, "id_test": 0.7449664429530202, "ood_test": 0.4707857013246235, "ood_validation": 0.4711486118671747, "train": 0.7030201342281879, "id_test_conf": [0.6915107411919637, 0.7934781826306941], "id_test_balanced": 0.5, "id_test_balanced_conf": [0.5, 0.5], "ood_test_conf": [0.4653933147680312, 0.4761832210320576], "ood_test_balanced": 0.4997967779636383, "ood_test_balanced_conf": [0.499649277414137, 0.4999442785131396], "features": ["MARITAL_STATUS", "EDUCATION", "RACE", "GENDER", "AGE", "ORIGIN", "HEALTHDISAB", "HEALTH_HEARING", "HEALTH_SEEING", "HEALTH_COGNITIVE", "HEALTH_AMBULATORY", "HEALTH_SELF_CARE", "HEALTH_ERRANDS_DIFFICULTY", "HEALTH_CORE_DISABILITY", "CITIZENSHIP_STATUS"]}