{"validation": 0.2966199126235916, "id_test": 0.2944827586206897, "ood_test": 0.4037963355470774, "ood_validation": 0.4116150911403137, "0": 0.31363636363636366, "1": 0.2969849246231156, "3": 0.3090570476377181, "id_test_conf": [0.28096422387255404, 0.3082777526624224], "id_test_balanced": 0.49651163816452026, "id_test_balanced_conf": [0.4952748738811351, 0.4977484024479054], "ood_test_conf": [0.39718637174064936, 0.410432651394005], "ood_test_balanced": 0.49783286452293396, "ood_test_balanced_conf": [0.4973830311722122, 0.4982826978736557], "features": ["VCF0004", "VCF0901b", "VCF0218", "VCF0224", "VCF0302", "VCF9201", "VCF9202", "VCF9203", "VCF9206", "VCF0428", "VCF0429", "VCF0822", "VCF0870", "VCF0803", "VCF0601", "VCF0612", "VCF0615", "VCF0616", "VCF0617", "VCF0310", "VCF0743", "VCF0717", "VCF0718", "VCF0720", "VCF0721", "VCF0701", "VCF0675", "VCF0724", "VCF0725", "VCF0726", "VCF0745", "VCF0101", "VCF0104", "VCF0105a", "VCF0115", "VCF0140a", "VCF0112", "VCF0809"]}