{"validation": 0.7640836974017016, "id_test": 0.7560919540229885, "ood_test": 0.6582826998257265, "ood_validation": 0.6612971598134803, "train": 0.7516381193240602, "id_test_conf": [0.7430460369272052, 0.7687931461125739], "id_test_balanced": 0.5923468470573425, "id_test_balanced_conf": [0.5864209666848182, 0.5982727274298668], "ood_test_conf": [0.6518580787045551, 0.6646639572343521], "ood_test_balanced": 0.579739511013031, "ood_test_balanced_conf": [0.5772086544055491, 0.5822703676205129], "features": ["VCF0004", "VCF0901b", "VCF0218", "VCF0224", "VCF0302", "VCF9201", "VCF9202", "VCF9203", "VCF9206", "VCF0428", "VCF0429", "VCF0822", "VCF0870", "VCF0803", "VCF0601", "VCF0612", "VCF0615", "VCF0616", "VCF0617", "VCF0310", "VCF0743", "VCF0717", "VCF0718", "VCF0720", "VCF0721", "VCF0701", "VCF0675", "VCF0724", "VCF0725", "VCF0726", "VCF0745", "VCF0101", "VCF0104", "VCF0105a", "VCF0115", "VCF0140a", "VCF0112", "VCF0809"]}