{"validation": 0.7758105311565877, "id_test": 0.7708045977011494, "ood_test": 0.6739673119495078, "ood_validation": 0.6740144128868164, "train": 0.7629612599149328, "id_test_conf": [0.7580196584941593, 0.7832249147573864], "id_test_balanced": 0.6182740330696106, "id_test_balanced_conf": [0.6117806241009385, 0.6247674420382827], "ood_test_conf": [0.6676148627868088, 0.6802720976575125], "ood_test_balanced": 0.600000262260437, "ood_test_balanced_conf": [0.597199398195371, 0.602801126325503], "features": ["VCF0004", "VCF0901b", "VCF0218", "VCF0224", "VCF0302", "VCF9201", "VCF9202", "VCF9203", "VCF9206", "VCF0428", "VCF0429", "VCF0822", "VCF0870", "VCF0803", "VCF0601", "VCF0612", "VCF0615", "VCF0616", "VCF0617", "VCF0310", "VCF0743", "VCF0717", "VCF0718", "VCF0720", "VCF0721", "VCF0701", "VCF0675", "VCF0724", "VCF0725", "VCF0726", "VCF0745", "VCF0101", "VCF0104", "VCF0105a", "VCF0115", "VCF0140a", "VCF0112", "VCF0809"]}