{"validation": 0.7123476661301449, "id_test": 0.712183908045977, "ood_test": 0.6077904950308511, "ood_validation": 0.6019499788045782, "train": 0.7028968846993907, "id_test_conf": [0.698475444794564, 0.7256069227769495], "id_test_balanced": 0.5149528980255127, "id_test_balanced_conf": [0.5123945535207167, 0.5175112425303087], "ood_test_conf": [0.6011850673339871, 0.6143663961451556], "ood_test_balanced": 0.5164528489112854, "ood_test_balanced_conf": [0.5152501591108739, 0.5176555387116969], "features": ["VCF0004", "VCF0901b", "VCF0218", "VCF0224", "VCF0302", "VCF9201", "VCF9202", "VCF9203", "VCF9206", "VCF0428", "VCF0429", "VCF0822", "VCF0870", "VCF0803", "VCF0601", "VCF0612", "VCF0615", "VCF0616", "VCF0617", "VCF0310", "VCF0743", "VCF0717", "VCF0718", "VCF0720", "VCF0721", "VCF0701", "VCF0675", "VCF0724", "VCF0725", "VCF0726", "VCF0745", "VCF0101", "VCF0104", "VCF0105a", "VCF0115", "VCF0140a", "VCF0112", "VCF0809"]}