{"validation": 0.5973787077489078, "id_test": 0.5917241379310345, "ood_test": 0.6245584287127314, "ood_validation": 0.6396778295888088, "0": 0.5902173913043478, "1": 0.5734386216798277, "3": 0.633699274652029, "id_test_conf": [0.5769453244445846, 0.6063796641034618], "id_test_balanced": 0.6477010250091553, "id_test_balanced_conf": [0.6380884811468422, 0.6573135688714683], "ood_test_conf": [0.6180045866042652, 0.6310781497395721], "ood_test_balanced": 0.6509969234466553, "ood_test_balanced_conf": [0.6466629535052926, 0.655330893388018], "features": ["VCF0004", "VCF0901b", "VCF0218", "VCF0224", "VCF0302", "VCF9201", "VCF9202", "VCF9203", "VCF9206", "VCF0428", "VCF0429", "VCF0822", "VCF0870", "VCF0803", "VCF0601", "VCF0612", "VCF0615", "VCF0616", "VCF0617", "VCF0310", "VCF0743", "VCF0717", "VCF0718", "VCF0720", "VCF0721", "VCF0701", "VCF0675", "VCF0724", "VCF0725", "VCF0726", "VCF0745", "VCF0101", "VCF0104", "VCF0105a", "VCF0115", "VCF0140a", "VCF0112", "VCF0809"]}