{"validation": 0.3235226488848011, "id_test": 0.3177011494252874, "ood_test": 0.4150534595638453, "ood_validation": 0.4188215345485375, "0": 0.34071146245059286, "1": 0.3241923905240488, "3": 0.3271907469123701, "id_test_conf": [0.30387673139071664, 0.33177073688607805], "id_test_balanced": 0.5080825686454773, "id_test_balanced_conf": [0.5043817670363933, 0.5117833702545613], "ood_test_conf": [0.40841406352461407, 0.4217161236402855], "ood_test_balanced": 0.5053080320358276, "ood_test_balanced_conf": [0.5039055504300631, 0.5067105136415921], "features": ["VCF0004", "VCF0901b", "VCF0218", "VCF0224", "VCF0302", "VCF9201", "VCF9202", "VCF9203", "VCF9206", "VCF0428", "VCF0429", "VCF0822", "VCF0870", "VCF0803", "VCF0601", "VCF0612", "VCF0615", "VCF0616", "VCF0617", "VCF0310", "VCF0743", "VCF0717", "VCF0718", "VCF0720", "VCF0721", "VCF0701", "VCF0675", "VCF0724", "VCF0725", "VCF0726", "VCF0745", "VCF0101", "VCF0104", "VCF0105a", "VCF0115", "VCF0140a", "VCF0112", "VCF0809"]}