{"validation": 0.6406070361002529, "id_test": 0.6406896551724138, "ood_test": 0.6861664547124487, "ood_validation": 0.6880033912674862, "0": 0.6573122529644269, "1": 0.6371859296482412, "3": 0.6884924524603019, "id_test_conf": [0.6262258808417093, 0.6549642798640407], "id_test_balanced": 0.6948358416557312, "id_test_balanced_conf": [0.685572501718998, 0.7040991815924644], "ood_test_conf": [0.6798756777791569, 0.6924062233347634], "ood_test_balanced": 0.7036458253860474, "ood_test_balanced_conf": [0.6993924250639975, 0.7078992257080973], "features": ["VCF0004", "VCF0901b", "VCF0218", "VCF0224", "VCF0302", "VCF9201", "VCF9202", "VCF9203", "VCF9206", "VCF0428", "VCF0429", "VCF0822", "VCF0870", "VCF0803", "VCF0601", "VCF0612", "VCF0615", "VCF0616", "VCF0617", "VCF0310", "VCF0743", "VCF0717", "VCF0718", "VCF0720", "VCF0721", "VCF0701", "VCF0675", "VCF0724", "VCF0725", "VCF0726", "VCF0745", "VCF0101", "VCF0104", "VCF0105a", "VCF0115", "VCF0140a", "VCF0112", "VCF0809"]}