{"validation": 0.7445389744768912, "id_test": 0.7406896551724138, "ood_test": 0.645753850501625, "ood_validation": 0.6401017380245867, "0": 0.725592885375494, "1": 0.7391241923905241, "3": 0.74387375024505, "id_test_conf": [0.7273922543298119, 0.7536631402360074], "id_test_balanced": 0.5641358494758606, "id_test_balanced_conf": [0.5590919972676783, 0.5691797016840429], "ood_test_conf": [0.6392771627411733, 0.6521906086203941], "ood_test_balanced": 0.5638309717178345, "ood_test_balanced_conf": [0.5615424847602845, 0.5661194586753845], "features": ["VCF0004", "VCF0901b", "VCF0218", "VCF0224", "VCF0302", "VCF9201", "VCF9202", "VCF9203", "VCF9206", "VCF0428", "VCF0429", "VCF0822", "VCF0870", "VCF0803", "VCF0601", "VCF0612", "VCF0615", "VCF0616", "VCF0617", "VCF0310", "VCF0743", "VCF0717", "VCF0718", "VCF0720", "VCF0721", "VCF0701", "VCF0675", "VCF0724", "VCF0725", "VCF0726", "VCF0745", "VCF0101", "VCF0104", "VCF0105a", "VCF0115", "VCF0140a", "VCF0112", "VCF0809"]}