{"validation": 0.7806392274085997, "id_test": 0.7749425287356322, "ood_test": 0.6815976637935095, "ood_validation": 0.6841882153454854, "train": 0.7694849982756639, "id_test_conf": [0.7622348263390201, 0.7872800089882495], "id_test_balanced": 0.6254749894142151, "id_test_balanced_conf": [0.618852574955672, 0.6320974038727581], "ood_test_conf": [0.675283211304049, 0.6878623607463803], "ood_test_balanced": 0.6097032427787781, "ood_test_balanced_conf": [0.6068003025511279, 0.6126061830064282], "features": ["VCF0004", "VCF0901b", "VCF0218", "VCF0224", "VCF0302", "VCF9201", "VCF9202", "VCF9203", "VCF9206", "VCF0428", "VCF0429", "VCF0822", "VCF0870", "VCF0803", "VCF0601", "VCF0612", "VCF0615", "VCF0616", "VCF0617", "VCF0310", "VCF0743", "VCF0717", "VCF0718", "VCF0720", "VCF0721", "VCF0701", "VCF0675", "VCF0724", "VCF0725", "VCF0726", "VCF0745", "VCF0101", "VCF0104", "VCF0105a", "VCF0115", "VCF0140a", "VCF0112", "VCF0809"]}