{"validation": 0.7631639457346516, "id_test": 0.7563218390804598, "ood_test": 0.6585653054495785, "ood_validation": 0.6596015260703688, "train": 0.7525577652603748, "id_test_conf": [0.7432798404241958, 0.7690188019938227], "id_test_balanced": 0.5929586291313171, "id_test_balanced_conf": [0.5870089077670128, 0.5989083504956215], "ood_test_conf": [0.652141915337251, 0.6649452543836859], "ood_test_balanced": 0.5799956917762756, "ood_test_balanced_conf": [0.5774676494672895, 0.5825237340852618], "features": ["VCF0004", "VCF0901b", "VCF0218", "VCF0224", "VCF0302", "VCF9201", "VCF9202", "VCF9203", "VCF9206", "VCF0428", "VCF0429", "VCF0822", "VCF0870", "VCF0803", "VCF0601", "VCF0612", "VCF0615", "VCF0616", "VCF0617", "VCF0310", "VCF0743", "VCF0717", "VCF0718", "VCF0720", "VCF0721", "VCF0701", "VCF0675", "VCF0724", "VCF0725", "VCF0726", "VCF0745", "VCF0101", "VCF0104", "VCF0105a", "VCF0115", "VCF0140a", "VCF0112", "VCF0809"]}