{"validation": 0.8277765003449069, "id_test": 0.833103448275862, "ood_test": 0.7870095614902737, "ood_validation": 0.8007630351844002, "train": 0.8251810552937119, "id_test_conf": [0.8216848139780006, 0.8440728982111281], "id_test_balanced": 0.7571667432785034, "id_test_balanced_conf": [0.7490544610098004, 0.7652790255472064], "ood_test_conf": [0.7814396738087734, 0.7925007585078712], "ood_test_balanced": 0.7512400150299072, "ood_test_balanced_conf": [0.7475435350369662, 0.7549364950228482], "features": ["VCF0004", "VCF0901b", "VCF0218", "VCF0224", "VCF0302", "VCF9201", "VCF9202", "VCF9203", "VCF9206", "VCF0428", "VCF0429", "VCF0822", "VCF0870", "VCF0803", "VCF0601", "VCF0612", "VCF0615", "VCF0616", "VCF0617", "VCF0310", "VCF0743", "VCF0717", "VCF0718", "VCF0720", "VCF0721", "VCF0701", "VCF0675", "VCF0724", "VCF0725", "VCF0726", "VCF0745", "VCF0101", "VCF0104", "VCF0105a", "VCF0115", "VCF0140a", "VCF0112", "VCF0809"]}