{"validation": 0.8309956311795815, "id_test": 0.8326436781609196, "ood_test": 0.7945928123969667, "ood_validation": 0.8066977532852904, "train": 0.827020347166341, "id_test_conf": [0.8212131754186853, 0.843625623145887], "id_test_balanced": 0.7662562727928162, "id_test_balanced_conf": [0.7580506016314029, 0.7744619439542294], "ood_test_conf": [0.7890948062960078, 0.8000100426128047], "ood_test_balanced": 0.762785792350769, "ood_test_balanced_conf": [0.7590701774554327, 0.7665014072461054], "features": ["VCF0004", "VCF0901b", "VCF0218", "VCF0224", "VCF0302", "VCF9201", "VCF9202", "VCF9203", "VCF9206", "VCF0428", "VCF0429", "VCF0822", "VCF0870", "VCF0803", "VCF0601", "VCF0612", "VCF0615", "VCF0616", "VCF0617", "VCF0310", "VCF0743", "VCF0717", "VCF0718", "VCF0720", "VCF0721", "VCF0701", "VCF0675", "VCF0724", "VCF0725", "VCF0726", "VCF0745", "VCF0101", "VCF0104", "VCF0105a", "VCF0115", "VCF0140a", "VCF0112", "VCF0809"]}