{"validation": 0.8130604736721085, "id_test": 0.8068965517241379, "ood_test": 0.7465969572794499, "ood_validation": 0.7566765578635015, "train": 0.8050638004368318, "id_test_conf": [0.7948468692292078, 0.8185326968538119], "id_test_balanced": 0.7015465497970581, "id_test_balanced_conf": [0.6936185034550726, 0.7094745961390436], "ood_test_conf": [0.7406891372922197, 0.7524371890024647], "ood_test_balanced": 0.6985536217689514, "ood_test_balanced_conf": [0.6949203881947323, 0.7021868553431705], "features": ["VCF0004", "VCF0901b", "VCF0218", "VCF0224", "VCF0302", "VCF9201", "VCF9202", "VCF9203", "VCF9206", "VCF0428", "VCF0429", "VCF0822", "VCF0870", "VCF0803", "VCF0601", "VCF0612", "VCF0615", "VCF0616", "VCF0617", "VCF0310", "VCF0743", "VCF0717", "VCF0718", "VCF0720", "VCF0721", "VCF0701", "VCF0675", "VCF0724", "VCF0725", "VCF0726", "VCF0745", "VCF0101", "VCF0104", "VCF0105a", "VCF0115", "VCF0140a", "VCF0112", "VCF0809"]}