{"validation": 0.8119107840882962, "id_test": 0.8068965517241379, "ood_test": 0.748198389147944, "ood_validation": 0.7579482831708351, "train": 0.8065007472123232, "id_test_conf": [0.7948468692292078, 0.8185326968538119], "id_test_balanced": 0.6968384385108948, "id_test_balanced_conf": [0.689029640480876, 0.7046472365409135], "ood_test_conf": [0.7423026129132444, 0.7540261374356958], "ood_test_balanced": 0.6987009644508362, "ood_test_balanced_conf": [0.6951182878529653, 0.7022836410487071], "features": ["VCF0004", "VCF0901b", "VCF0218", "VCF0224", "VCF0302", "VCF9201", "VCF9202", "VCF9203", "VCF9206", "VCF0428", "VCF0429", "VCF0822", "VCF0870", "VCF0803", "VCF0601", "VCF0612", "VCF0615", "VCF0616", "VCF0617", "VCF0310", "VCF0743", "VCF0717", "VCF0718", "VCF0720", "VCF0721", "VCF0701", "VCF0675", "VCF0724", "VCF0725", "VCF0726", "VCF0745", "VCF0101", "VCF0104", "VCF0105a", "VCF0115", "VCF0140a", "VCF0112", "VCF0809"]}