{"validation": 0.8091515290871465, "id_test": 0.8052873563218391, "ood_test": 0.7409448448024115, "ood_validation": 0.7431114879186096, "train": 0.8035406368548109, "id_test_conf": [0.7932017675470998, 0.8169615925192742], "id_test_balanced": 0.6891928911209106, "id_test_balanced_conf": [0.6815352328307926, 0.6968505494110286], "ood_test_conf": [0.7349953506013696, 0.7468283024092723], "ood_test_balanced": 0.6877647042274475, "ood_test_balanced_conf": [0.6842633554711938, 0.6912660529837013], "features": ["VCF0004", "VCF0901b", "VCF0218", "VCF0224", "VCF0302", "VCF9201", "VCF9202", "VCF9203", "VCF9206", "VCF0428", "VCF0429", "VCF0822", "VCF0870", "VCF0803", "VCF0601", "VCF0612", "VCF0615", "VCF0616", "VCF0617", "VCF0310", "VCF0743", "VCF0717", "VCF0718", "VCF0720", "VCF0721", "VCF0701", "VCF0675", "VCF0724", "VCF0725", "VCF0726", "VCF0745", "VCF0101", "VCF0104", "VCF0105a", "VCF0115", "VCF0140a", "VCF0112", "VCF0809"]}