{"validation": 0.7843182340767992, "id_test": 0.78, "ood_test": 0.6931373934341294, "ood_validation": 0.7002967359050445, "train": 0.7749741349580411, "id_test_conf": [0.7673890704874314, 0.7922338603757347], "id_test_balanced": 0.6355714797973633, "id_test_balanced_conf": [0.6287419645488262, 0.6424009950459003], "ood_test_conf": [0.6868840962106059, 0.6993377707311713], "ood_test_balanced": 0.6232664585113525, "ood_test_balanced_conf": [0.6202884830255061, 0.626244433997199], "features": ["VCF0004", "VCF0901b", "VCF0218", "VCF0224", "VCF0302", "VCF9201", "VCF9202", "VCF9203", "VCF9206", "VCF0428", "VCF0429", "VCF0822", "VCF0870", "VCF0803", "VCF0601", "VCF0612", "VCF0615", "VCF0616", "VCF0617", "VCF0310", "VCF0743", "VCF0717", "VCF0718", "VCF0720", "VCF0721", "VCF0701", "VCF0675", "VCF0724", "VCF0725", "VCF0726", "VCF0745", "VCF0101", "VCF0104", "VCF0105a", "VCF0115", "VCF0140a", "VCF0112", "VCF0809"]}