{"validation": 0.826856748677857, "id_test": 0.8264367816091954, "ood_test": 0.7932268852150158, "ood_validation": 0.8011869436201781, "train": 0.8232842855500633, "id_test_conf": [0.8148489651390044, 0.8375844948320593], "id_test_balanced": 0.7620687484741211, "id_test_balanced_conf": [0.7537612733617425, 0.7703762235864997], "ood_test_conf": [0.7877157184246242, 0.7986576517720954], "ood_test_balanced": 0.7639069557189941, "ood_test_balanced_conf": [0.7601469383854419, 0.7676669730525464], "features": ["VCF0004", "VCF0901b", "VCF0218", "VCF0224", "VCF0302", "VCF9201", "VCF9202", "VCF9203", "VCF9206", "VCF0428", "VCF0429", "VCF0822", "VCF0870", "VCF0803", "VCF0601", "VCF0612", "VCF0615", "VCF0616", "VCF0617", "VCF0310", "VCF0743", "VCF0717", "VCF0718", "VCF0720", "VCF0721", "VCF0701", "VCF0675", "VCF0724", "VCF0725", "VCF0726", "VCF0745", "VCF0101", "VCF0104", "VCF0105a", "VCF0115", "VCF0140a", "VCF0112", "VCF0809"]}