{"validation": 0.8169694182570706, "id_test": 0.8170114942528736, "ood_test": 0.7563939522396496, "ood_validation": 0.7655786350148368, "train": 0.8121335785722497, "id_test_conf": [0.8051947835882576, 0.8284009246274328], "id_test_balanced": 0.7085119485855103, "id_test_balanced_conf": [0.7007791361585259, 0.7162447610124946], "ood_test_conf": [0.7505614768926138, 0.7621561491855608], "ood_test_balanced": 0.7052251100540161, "ood_test_balanced_conf": [0.7017364628333599, 0.7087137572746723], "features": ["VCF0004", "VCF0901b", "VCF0218", "VCF0224", "VCF0302", "VCF9201", "VCF9202", "VCF9203", "VCF9206", "VCF0428", "VCF0429", "VCF0822", "VCF0870", "VCF0803", "VCF0601", "VCF0612", "VCF0615", "VCF0616", "VCF0617", "VCF0310", "VCF0743", "VCF0717", "VCF0718", "VCF0720", "VCF0721", "VCF0701", "VCF0675", "VCF0724", "VCF0725", "VCF0726", "VCF0745", "VCF0101", "VCF0104", "VCF0105a", "VCF0115", "VCF0140a", "VCF0112", "VCF0809"]}