{"validation": 0.6921131294550471, "id_test": 0.696551724137931, "ood_test": 0.5907870566624276, "ood_validation": 0.586265366680797, "0": 0.6778656126482213, "1": 0.6959798994974874, "3": 0.6870221525191139, "id_test_conf": [0.6826458413607233, 0.7101932328976497], "id_test_balanced": 0.497115820646286, "id_test_balanced_conf": [0.495040343045257, 0.499191298247315], "ood_test_conf": [0.5841376154295955, 0.5974116298130067], "ood_test_balanced": 0.49820178747177124, "ood_test_balanced_conf": [0.4972589106555097, 0.4991446642880328], "features": ["VCF0004", "VCF0901b", "VCF0218", "VCF0224", "VCF0302", "VCF9201", "VCF9202", "VCF9203", "VCF9206", "VCF0428", "VCF0429", "VCF0822", "VCF0870", "VCF0803", "VCF0601", "VCF0612", "VCF0615", "VCF0616", "VCF0617", "VCF0310", "VCF0743", "VCF0717", "VCF0718", "VCF0720", "VCF0721", "VCF0701", "VCF0675", "VCF0724", "VCF0725", "VCF0726", "VCF0745", "VCF0101", "VCF0104", "VCF0105a", "VCF0115", "VCF0140a", "VCF0112", "VCF0809"]}