{"validation": 0.5368917478495823, "id_test": 0.5356366002540823, "ood_test": 0.4678719645989573, "ood_validation": 0.4656765676567657, "15": 0.5081554792880517, "16": 0.5176675753009499, "17": 0.49360077838485145, "18": 0.43293151071772107, "19": 0.5800950757634991, "20": 0.572938030493421, "21": 0.6614214177270401, "22": 0.6731520298111721, "23": 0.7051901193449903, "id_test_conf": [0.5331995131328315, 0.5380724068435608], "id_test_balanced": 0.603219211101532, "id_test_balanced_conf": [0.6015499308495782, 0.6048884913534858], "ood_test_conf": [0.46545173446113114, 0.47029333333309303], "ood_test_balanced": 0.5764206647872925, "ood_test_balanced_conf": [0.5747791671194136, 0.5780621624551714], "features": ["SCHL", "AGEP", "SEX", "RAC1P", "ACS_YEAR", "POBP", "DIS", "ANC", "NATIVITY", "DEAR", "DEYE", "DREM", "DPHY"]}