{"validation": 0.9584789668079621, "id_test": 0.9576921885167168, "ood_test": 0.9260502044483562, "ood_validation": 0.9278877887788779, "15": 0.9418820336818581, "16": 0.9380661327734792, "17": 0.9437729211885338, "18": 0.9481984168306609, "19": 0.9682715914244163, "20": 0.9733619116423511, "21": 0.9807077730898598, "22": 0.9849152603102942, "23": 0.9844573966139328, "id_test_conf": [0.9566987085724638, 0.9586691812821418], "id_test_balanced": 0.5124058723449707, "id_test_balanced_conf": [0.511897055779118, 0.5129146889108234], "ood_test_conf": [0.9247715592523902, 0.9273137278245963], "ood_test_balanced": 0.508257269859314, "ood_test_balanced_conf": [0.5076350174867548, 0.5088795222318732], "features": ["SCHL", "AGEP", "SEX", "RAC1P", "ACS_YEAR", "POBP", "DIS", "ANC", "NATIVITY", "DEAR", "DEYE", "DREM", "DPHY"]}