{"validation": 0.7360873552961007, "id_test": 0.7351780125801753, "ood_test": 0.6941403695350558, "ood_validation": 0.6899339933993399, "15": 0.7005954186287813, "16": 0.7466434146589235, "17": 0.67350871940723, "18": 0.627483078443658, "19": 0.784367230136515, "20": 0.7907403539647267, "21": 0.8504936293711572, "22": 0.8536672757891719, "23": 0.8674437968359701, "id_test_conf": [0.7330178370062645, 0.737329735635629], "id_test_balanced": 0.6018152236938477, "id_test_balanced_conf": [0.6002000083657912, 0.6034304390219041], "ood_test_conf": [0.6919012074591643, 0.6963726504509147], "ood_test_balanced": 0.5839399099349976, "ood_test_balanced_conf": [0.5823043406847864, 0.5855754791852087], "features": ["SCHL", "AGEP", "SEX", "RAC1P", "ACS_YEAR", "POBP", "DIS", "ANC", "NATIVITY", "DEAR", "DEYE", "DREM", "DPHY"]}