{"validation": 0.8005193227733571, "id_test": 0.7999938028692716, "ood_test": 0.7416738483353809, "ood_validation": 0.7407040704070407, "15": 0.751625828078857, "16": 0.8058852411831434, "17": 0.731691115934436, "18": 0.7007862897888225, "19": 0.8505215093277455, "20": 0.8695692367742576, "21": 0.9190900779238209, "22": 0.9178759539933354, "23": 0.9287260616153206, "id_test_conf": [0.79803364318924, 0.80194317837493], "id_test_balanced": 0.5932784676551819, "id_test_balanced_conf": [0.5917661337158643, 0.5947908015944995], "ood_test_conf": [0.7395455619394131, 0.7437935679657919], "ood_test_balanced": 0.5793184041976929, "ood_test_balanced_conf": [0.5777447081007995, 0.5808921002945863], "features": ["SCHL", "AGEP", "SEX", "RAC1P", "ACS_YEAR", "POBP", "DIS", "ANC", "NATIVITY", "DEAR", "DEYE", "DREM", "DPHY"]}