{"validation": 0.8944931955082918, "id_test": 0.8935394912155672, "ood_test": 0.8379754417490266, "ood_validation": 0.8378437843784379, "15": 0.8587373293958017, "16": 0.8825999356619203, "17": 0.8506099842826136, "18": 0.8423890501866446, "19": 0.9264335642465089, "20": 0.9366335345456288, "21": 0.9640158028502168, "22": 0.9679673223691282, "23": 0.9719122953094643, "id_test_conf": [0.8920244615708137, 0.8950403650914722], "id_test_balanced": 0.5592100620269775, "id_test_balanced_conf": [0.558025355648715, 0.56039476840524], "ood_test_conf": [0.8361809497702766, 0.839757949009171], "ood_test_balanced": 0.5477796196937561, "ood_test_balanced_conf": [0.5464837101916783, 0.5490755291958339], "features": ["SCHL", "AGEP", "SEX", "RAC1P", "ACS_YEAR", "POBP", "DIS", "ANC", "NATIVITY", "DEAR", "DEYE", "DREM", "DPHY"]}