{"validation": 0.6422312287746957, "id_test": 0.6412852849130852, "ood_test": 0.6329158797391373, "ood_validation": 0.6287128712871287, "15": 0.6176965440178785, "16": 0.656739413846232, "17": 0.5866140258962652, "18": 0.5278863718594738, "19": 0.6884704999296314, "20": 0.6768060315753793, "21": 0.777141227488907, "22": 0.7840481565086531, "23": 0.8200943658062726, "id_test_conf": [0.6389395147922354, 0.643625977881883], "id_test_balanced": 0.6069735288619995, "id_test_balanced_conf": [0.6052931938064284, 0.6086538639175706], "ood_test_conf": [0.6305748894382035, 0.6352521593121294], "ood_test_balanced": 0.5962678790092468, "ood_test_balanced_conf": [0.5945925844321027, 0.5979431735863909], "features": ["SCHL", "AGEP", "SEX", "RAC1P", "ACS_YEAR", "POBP", "DIS", "ANC", "NATIVITY", "DEAR", "DEYE", "DREM", "DPHY"]}