{"validation": 0.9208603896103896, "id_test": 0.9196428571428571, "ood_test": 0.7928994082840237, "ood_validation": 0.7615894039735099, "train": 0.9215268476805065, "id_test_conf": [0.9147022183701204, 0.9243841459158729], "id_test_balanced": 0.7104599475860596, "id_test_balanced_conf": [0.7060090078786015, 0.7149108872935176], "ood_test_conf": [0.7703035612382337, 0.8142143531016528], "ood_test_balanced": 0.7294502258300781, "ood_test_balanced_conf": [0.7139421843364835, 0.7449582673236728], "features": ["AccredAgency", "HIGHDEG", "CONTROL", "region", "LOCALE", "locale2", "CCBASIC", "HBCU", "DISTANCEONLY", "median_hh_inc", "poverty_rate", "unemp_rate", "TUITIONFEE_IN", "TUITIONFEE_OUT", "TUITIONFEE_PROG", "ADM_RATE", "ADM_RATE_ALL", "SATVRMID", "SATMTMID", "SATWRMID", "ACTCMMID", "ACTENMID", "ACTMTMID", "ACTWRMID", "NPT4_PROG", "COSTT4_A", "COSTT4_P", "loan_ever", "pell_ever", "PCIP49"]}