{"validation": 0.7317708333333334, "id_test": 0.7198612315698178, "ood_test": 0.6599515991889594, "ood_validation": 0.6780459093584461, "train": 0.7224210868857793, "id_test_conf": [0.6929684694400869, 0.7456273206414602], "id_test_balanced": 0.7207553386688232, "id_test_balanced_conf": [0.7024946841597557, 0.7390159931778908], "ood_test_conf": [0.6523799591923016, 0.6674623359414489], "ood_test_balanced": 0.6613000631332397, "ood_test_balanced_conf": [0.6559972717333585, 0.666602854533121], "features": ["SEX", "WHTLGSPK", "BORNUSA", "OTHLGSPK", "HIDEG", "EDUCYR", "YRSINUS", "HISPNCAT", "RACETHX", "RACEWX", "RACEBX", "RACEAX", "RACEV2X", "RACEV1X", "HISPANX", "SICPAY31", "PAYDR31", "REGION31", "AGE31X", "INSCOV19"]}