{"id_test": 0.5824074074074074, "id_test_conf": [0.5523409118910991, 0.6120236699915753], "id_test_balanced": 0.5165116190910339, "id_test_balanced_conf": [0.5004482385143638, 0.532574999667704], "ood_test": 0.5253907900295733, "ood_test_conf": [0.5163467307829779, 0.5344223547064881], "ood_test_balanced": 0.5096908211708069, "ood_test_balanced_conf": [0.5037403203640133, 0.5156413219776005], "features": ["age", "ethnicity", "height_mean_0", "weight_mean_0", "insurance"]}