{"validation": 0.06811308594234154, "id_test": 0.06779661016949153, "ood_test": 0.05887745933953096, "ood_validation": 0.0588008800880088, "15": 0.07243036156117806, "16": 0.07114437126458188, "17": 0.07215028815208442, "18": 0.0646019573409109, "19": 0.07509108821091807, "20": 0.06018906879680069, "21": 0.07012305085598772, "22": 0.0618438496542334, "23": 0.06572300860394116, "id_test_conf": [0.06657468493193694, 0.0690340915188497], "id_test_balanced": 0.5175809860229492, "id_test_balanced_conf": [0.5171316354314331, 0.5180303366144653], "ood_test_conf": [0.05774161108350116, 0.06002896993911621], "ood_test_balanced": 0.5038825273513794, "ood_test_balanced_conf": [0.503669861125818, 0.5040951935769408], "features": ["ENG", "POBP", "OCCP", "DIS", "ESP", "MIG", "MIL", "ANC", "NATIVITY", "DEAR", "DEYE", "DREM", "DPHY", "FER", "AGEP", "SEX", "ST", "MAR", "CIT", "RAC1P", "SCHL", "DIVISION", "WRK"]}