{"validation": 0.972509357725391, "id_test": 0.9721315031140582, "ood_test": 0.9604549816332643, "ood_validation": 0.9605610561056106, "train": 0.9715922207056396, "id_test_conf": [0.9713167853233476, 0.9729291978381243], "id_test_balanced": 0.6023569703102112, "id_test_balanced_conf": [0.6013676265371032, 0.6033463140833192], "ood_test_conf": [0.9594993960226389, 0.9613942064879256], "ood_test_balanced": 0.6325427889823914, "ood_test_balanced_conf": [0.6314658660837449, 0.6336197118810378], "features": ["ENG", "POBP", "OCCP", "DIS", "ESP", "MIG", "MIL", "ANC", "NATIVITY", "DEAR", "DEYE", "DREM", "DPHY", "FER", "AGEP", "SEX", "ST", "MAR", "CIT", "RAC1P", "SCHL", "DIVISION", "WRK"]}