{"validation": 0.9711645720234997, "id_test": 0.9702661667647879, "ood_test": 0.9580284944166346, "ood_validation": 0.9568756875687568, "train": 0.9703667324082007, "id_test_conf": [0.9694258399530422, 0.971089540427967], "id_test_balanced": 0.652576208114624, "id_test_balanced_conf": [0.6514287247927859, 0.6537236914364621], "ood_test_conf": [0.9570456426393906, 0.958995073604657], "ood_test_balanced": 0.6822622418403625, "ood_test_balanced_conf": [0.6810641813487746, 0.6834603023319505], "features": ["ENG", "POBP", "OCCP", "DIS", "ESP", "MIG", "MIL", "ANC", "NATIVITY", "DEAR", "DEYE", "DREM", "DPHY", "FER", "AGEP", "SEX", "ST", "MAR", "CIT", "RAC1P", "SCHL", "DIVISION", "WRK"]}