{"validation": 0.9723234426513968, "id_test": 0.9716853097016082, "ood_test": 0.9602227234110176, "ood_validation": 0.9608360836083608, "train": 0.9714194748836871, "id_test_conf": [0.9708643829256508, 0.9724892301616063], "id_test_balanced": 0.586125373840332, "id_test_balanced_conf": [0.585202363851713, 0.5870483838289511], "ood_test_conf": [0.9592644875413578, 0.9611646069725873], "ood_test_balanced": 0.6211434602737427, "ood_test_balanced_conf": [0.620101813308429, 0.6221851072390564], "features": ["ENG", "POBP", "OCCP", "DIS", "ESP", "MIG", "MIL", "ANC", "NATIVITY", "DEAR", "DEYE", "DREM", "DPHY", "FER", "AGEP", "SEX", "ST", "MAR", "CIT", "RAC1P", "SCHL", "DIVISION", "WRK"]}