{"id_test": 0.9719084064078332, "id_test_conf": [0.9710905773974199, 0.9727092207290947], "id_test_balanced": 0.5963186025619507, "id_test_balanced_conf": [0.5953523068758659, 0.5972848982480354], "ood_test": 0.9604977660426255, "ood_test_conf": [0.9595426695981302, 0.961436500174757], "ood_test_balanced": 0.630994439125061, "ood_test_balanced_conf": [0.629922389909625, 0.6320664883404971], "validation": 0.9724969633871248, "validation_conf": [0.9716873691028466, 0.9732895207660117], "validation_balanced": 0.6000284552574158, "validation_balanced_conf": [0.5990484484797344, 0.6010084620350972], "features": ["ENG", "POBP", "OCCP", "DIS", "ESP", "MIG", "MIL", "ANC", "NATIVITY", "DEAR", "DEYE", "DREM", "DPHY", "FER", "AGEP", "SEX", "ST", "MAR", "CIT", "RAC1P", "SCHL", "DIVISION", "WRK"]}