{"validation": 0.24549465804020723, "id_test": 0.24705481362129333, "ood_test": 0.09555592227906437, "ood_validation": 0.09515951595159516, "15": 0.16253172639476415, "16": 0.13201158085434198, "17": 0.18637265174762369, "18": 0.17657986003865264, "19": 0.2692301677899576, "20": 0.3106418820596926, "21": 0.42510841392731025, "22": 0.4865813895159268, "23": 0.5003053011379406, "id_test_conf": [0.244951905381653, 0.24916681334710436], "id_test_balanced": 0.6103478670120239, "id_test_balanced_conf": [0.6093361201998778, 0.61135961382417], "ood_test_conf": [0.09413554422528293, 0.09699065027023278], "ood_test_balanced": 0.5232177376747131, "ood_test_balanced_conf": [0.5227079141198192, 0.5237275612296071], "features": ["ENG", "POBP", "OCCP", "DIS", "ESP", "MIG", "MIL", "ANC", "NATIVITY", "DEAR", "DEYE", "DREM", "DPHY", "FER", "AGEP", "SEX", "ST", "MAR", "CIT", "RAC1P", "SCHL", "DIVISION", "WRK"]}