{"validation": 0.841464019236013, "id_test": 0.8396244538778546, "ood_test": 0.7867074952173142, "ood_validation": 0.787018701870187, "15": 0.8235996488147498, "16": 0.7792526624113235, "17": 0.799416211361425, "18": 0.8065074084206253, "19": 0.8585748017951805, "20": 0.8717639687327734, "21": 0.8893968243316921, "22": 0.9041169515210147, "23": 0.9154593394393561, "id_test_conf": [0.837824836601182, 0.8414118600298849], "id_test_balanced": 0.9170050024986267, "id_test_balanced_conf": [0.916097290723119, 0.9179127142741345], "ood_test_conf": [0.7847144785904361, 0.7886903474148451], "ood_test_balanced": 0.8875617980957031, "ood_test_balanced_conf": [0.8865502714714967, 0.8885733247199096], "features": ["ENG", "POBP", "OCCP", "DIS", "ESP", "MIG", "MIL", "ANC", "NATIVITY", "DEAR", "DEYE", "DREM", "DPHY", "FER", "AGEP", "SEX", "ST", "MAR", "CIT", "RAC1P", "SCHL", "DIVISION", "WRK"]}