{"validation": 0.8375721970204011, "id_test": 0.8358504012642146, "ood_test": 0.7749112223505754, "ood_validation": 0.7755225522552255, "15": 0.8171825365152845, "16": 0.7752907911890693, "17": 0.7948974627647631, "18": 0.7988474809604914, "19": 0.8559711645217283, "20": 0.8700246179762585, "21": 0.8886754628037478, "22": 0.9030420294528647, "23": 0.9147932278656675, "id_test_conf": [0.8340339837280761, 0.8376547436287662], "id_test_balanced": 0.9150519371032715, "id_test_balanced_conf": [0.9141357600141782, 0.9159681141923648], "ood_test_conf": [0.7728796114395718, 0.7769330874172684], "ood_test_balanced": 0.8813433051109314, "ood_test_balanced_conf": [0.8803125535696745, 0.8823740566521883], "features": ["ENG", "POBP", "OCCP", "DIS", "ESP", "MIG", "MIL", "ANC", "NATIVITY", "DEAR", "DEYE", "DREM", "DPHY", "FER", "AGEP", "SEX", "ST", "MAR", "CIT", "RAC1P", "SCHL", "DIVISION", "WRK"]}