{"validation": 0.8866413822166035, "id_test": 0.8849130852415331, "ood_test": 0.8620325039269976, "ood_validation": 0.8593509350935093, "train": 0.8860017011202915, "id_test_conf": [0.8833460023391945, 0.8864663239326649], "id_test_balanced": 0.9222313165664673, "id_test_balanced_conf": [0.9213177229207941, 0.9231449102121405], "ood_test_conf": [0.8603519730815067, 0.8637001949946674], "ood_test_balanced": 0.9072966575622559, "ood_test_balanced_conf": [0.9063181118969805, 0.9082752032275312], "features": ["ENG", "POBP", "OCCP", "DIS", "ESP", "MIG", "MIL", "ANC", "NATIVITY", "DEAR", "DEYE", "DREM", "DPHY", "FER", "AGEP", "SEX", "ST", "MAR", "CIT", "RAC1P", "SCHL", "DIVISION", "WRK"]}