{"validation": 0.833847698371384, "id_test": 0.8321135314349456, "ood_test": 0.7709628325723821, "ood_validation": 0.771012101210121, "15": 0.8117104317982281, "16": 0.7635914193318999, "17": 0.7890502207918569, "18": 0.7958735229488956, "19": 0.8525543792709815, "20": 0.8683777130276686, "21": 0.8875850325870877, "22": 0.9029703679816546, "23": 0.9144046627810158, "id_test_conf": [0.830280816041113, 0.833934306255507], "id_test_balanced": 0.9131180644035339, "id_test_balanced_conf": [0.9121936786395963, 0.9140424501674715], "ood_test_conf": [0.76891882710029, 0.7729972322914794], "ood_test_balanced": 0.8792619109153748, "ood_test_balanced_conf": [0.8782249997020699, 0.8802988221286796], "features": ["ENG", "POBP", "OCCP", "DIS", "ESP", "MIG", "MIL", "ANC", "NATIVITY", "DEAR", "DEYE", "DREM", "DPHY", "FER", "AGEP", "SEX", "ST", "MAR", "CIT", "RAC1P", "SCHL", "DIVISION", "WRK"]}