{"validation": 0.9721375275774027, "id_test": 0.971710098224522, "ood_test": 0.9597826552004449, "ood_validation": 0.9589658965896589, "train": 0.9714442635218148, "id_test_conf": [0.9708895149851507, 0.9725136742177891], "id_test_balanced": 0.6257421374320984, "id_test_balanced_conf": [0.6246703939698637, 0.6268138808943331], "ood_test_conf": [0.9588194217305178, 0.9607295523635235], "ood_test_balanced": 0.654573917388916, "ood_test_balanced_conf": [0.6534358297032304, 0.6557120050746016], "features": ["ENG", "POBP", "OCCP", "DIS", "ESP", "MIG", "MIL", "ANC", "NATIVITY", "DEAR", "DEYE", "DREM", "DPHY", "FER", "AGEP", "SEX", "ST", "MAR", "CIT", "RAC1P", "SCHL", "DIVISION", "WRK"]}