{"validation": 0.9722676681291986, "id_test": 0.9717472810088928, "ood_test": 0.9603816369315021, "ood_validation": 0.9609460946094609, "train": 0.9713791933467295, "id_test_conf": [0.9709272133827254, 0.972550339993641], "id_test_balanced": 0.5824445486068726, "id_test_balanced_conf": [0.5815392195957247, 0.5833498776180204], "ood_test_conf": [0.9594252134469368, 0.9613217023280626], "ood_test_balanced": 0.6157851219177246, "ood_test_balanced_conf": [0.6147629219968803, 0.6168073218385689], "features": ["ENG", "POBP", "OCCP", "DIS", "ESP", "MIG", "MIL", "ANC", "NATIVITY", "DEAR", "DEYE", "DREM", "DPHY", "FER", "AGEP", "SEX", "ST", "MAR", "CIT", "RAC1P", "SCHL", "DIVISION", "WRK"]}