{"validation": 0.9722614709600654, "id_test": 0.9717039010937936, "ood_test": 0.9603816369315021, "ood_validation": 0.961001100110011, "train": 0.971378418701788, "id_test_conf": [0.970883231954871, 0.9725075632191531], "id_test_balanced": 0.581714928150177, "id_test_balanced_conf": [0.5808128623128869, 0.5826169939874671], "ood_test_conf": [0.9594252134469368, 0.9613217023280626], "ood_test_balanced": 0.6154484748840332, "ood_test_balanced_conf": [0.6144274855405092, 0.6164694642275572], "features": ["ENG", "POBP", "OCCP", "DIS", "ESP", "MIG", "MIL", "ANC", "NATIVITY", "DEAR", "DEYE", "DREM", "DPHY", "FER", "AGEP", "SEX", "ST", "MAR", "CIT", "RAC1P", "SCHL", "DIVISION", "WRK"]}