{"validation": 0.9722552737909324, "id_test": 0.9717286896167074, "ood_test": 0.9603633007560617, "ood_validation": 0.9610561056105611, "train": 0.9713869397961444, "id_test_conf": [0.9709083641376547, 0.9725320071520129], "id_test_balanced": 0.582169771194458, "id_test_balanced_conf": [0.5812656548712403, 0.5830738875176757], "ood_test_conf": [0.9594066679402685, 0.9613035761508095], "ood_test_balanced": 0.6155510544776917, "ood_test_balanced_conf": [0.6145296054775826, 0.6165725034778007], "features": ["ENG", "POBP", "OCCP", "DIS", "ESP", "MIG", "MIL", "ANC", "NATIVITY", "DEAR", "DEYE", "DREM", "DPHY", "FER", "AGEP", "SEX", "ST", "MAR", "CIT", "RAC1P", "SCHL", "DIVISION", "WRK"]}