{"validation": 0.966398948960115, "id_test": 0.9660583150001549, "ood_test": 0.9484570108366797, "ood_validation": 0.9493949394939494, "15": 0.9550291324128023, "16": 0.9477168447251241, "17": 0.9573853005014594, "18": 0.9619386323323067, "19": 0.9721262255860138, "20": 0.9751663168562947, "21": 0.9813452553703688, "22": 0.982192124404314, "23": 0.984623924507355, "id_test_conf": [0.965163290757886, 0.9669365429105076], "id_test_balanced": 0.5008230805397034, "id_test_balanced_conf": [0.5007135744673724, 0.5009325866120343], "ood_test_conf": [0.947374622006981, 0.949523473271596], "ood_test_balanced": 0.49998387694358826, "ood_test_balanced_conf": [0.49997011906383704, 0.4999976348233395], "features": ["ENG", "POBP", "OCCP", "DIS", "ESP", "MIG", "MIL", "ANC", "NATIVITY", "DEAR", "DEYE", "DREM", "DPHY", "FER", "AGEP", "SEX", "ST", "MAR", "CIT", "RAC1P", "SCHL", "DIVISION", "WRK"]}