{"validation": 0.7088985973787078, "id_test": 0.7133333333333334, "ood_test": 0.608214403466629, "ood_validation": 0.6040695209834676, "train": 0.6992757788251523, "id_test_conf": [0.6996401464020592, 0.7267395216280703], "id_test_balanced": 0.5189086198806763, "id_test_balanced_conf": [0.5158398498408496, 0.5219773899205029], "ood_test_conf": [0.6016101790078843, 0.6147889851965487], "ood_test_balanced": 0.5172708034515381, "ood_test_balanced_conf": [0.5159956454648637, 0.5185459614382125], "features": ["VCF0004", "VCF0701", "VCF0101", "VCF0104", "VCF0105a", "VCF0115", "VCF0140a", "VCF0112"]}