{"validation": 0.7169464244653944, "id_test": 0.7179310344827586, "ood_test": 0.6330836983655975, "ood_validation": 0.6358626536668079, "0": 0.7058300395256917, "1": 0.7211773151471644, "3": 0.7122132915114684, "id_test_conf": [0.7043000170466416, 0.7312688520538916], "id_test_balanced": 0.5513224005699158, "id_test_balanced_conf": [0.545389807773754, 0.5572549933660775], "ood_test_conf": [0.6265592633021309, 0.6395716761482605], "ood_test_balanced": 0.5527496933937073, "ood_test_balanced_conf": [0.5502986682625487, 0.5552007185248659], "features": ["VCF0004", "VCF0701", "VCF0101", "VCF0104", "VCF0105a", "VCF0115", "VCF0140a", "VCF0112"]}