{"validation": 0.6877443090365601, "id_test": 0.6866666666666666, "ood_test": 0.6233809052800151, "ood_validation": 0.6328952946163628, "0": 0.6872529644268774, "1": 0.6843503230437904, "3": 0.6859439325622427, "id_test_conf": [0.6726456333142155, 0.7004366462839009], "id_test_balanced": 0.5840287208557129, "id_test_balanced_conf": [0.5751305606774986, 0.5929268810339272], "ood_test_conf": [0.6168231712599158, 0.6299048408849532], "ood_test_balanced": 0.5715890526771545, "ood_test_balanced_conf": [0.567670530602336, 0.5755075747519731], "features": ["VCF0004", "VCF0701", "VCF0101", "VCF0104", "VCF0105a", "VCF0115", "VCF0140a", "VCF0112"]}