{"validation": 0.6734881581972867, "id_test": 0.6857471264367816, "ood_test": 0.6132542037586548, "ood_validation": 0.6066129715981348, "train": 0.6721174847683642, "id_test_conf": [0.6717157537922014, 0.6995286842167348], "id_test_balanced": 0.5277739763259888, "id_test_balanced_conf": [0.5211790130287409, 0.5343689396232366], "ood_test_conf": [0.6066646832790987, 0.619812700633453], "ood_test_balanced": 0.5404819846153259, "ood_test_balanced_conf": [0.5374743752554059, 0.543489593975246], "features": ["VCF0004", "VCF0701", "VCF0101", "VCF0104", "VCF0105a", "VCF0115", "VCF0140a", "VCF0112"]}