{"validation": 0.7013106461255461, "id_test": 0.7045977011494253, "ood_test": 0.5974753897602563, "ood_validation": 0.5883849088596863, "train": 0.6925221289803426, "id_test_conf": [0.6907910467560732, 0.7181291359543538], "id_test_balanced": 0.501937985420227, "id_test_balanced_conf": [0.5010147162829526, 0.5028612545575015], "ood_test_conf": [0.5908422763840309, 0.6040818026816996], "ood_test_balanced": 0.5037534832954407, "ood_test_balanced_conf": [0.5031608071830124, 0.504346159407869], "features": ["VCF0004", "VCF0701", "VCF0101", "VCF0104", "VCF0105a", "VCF0115", "VCF0140a", "VCF0112"]}