{"validation": 0.6578523798574385, "id_test": 0.6595402298850574, "ood_test": 0.6016202722434176, "ood_validation": 0.6083086053412463, "0": 0.6632411067193675, "1": 0.6600861450107681, "3": 0.6554597137816115, "id_test_conf": [0.6452400202680985, 0.6736259181130658], "id_test_balanced": 0.5674380660057068, "id_test_balanced_conf": [0.55817745776847, 0.5766986742429435], "ood_test_conf": [0.5949979169484828, 0.6082147914926292], "ood_test_balanced": 0.5539690852165222, "ood_test_balanced_conf": [0.5498949343059212, 0.5580432361271233], "features": ["VCF0004", "VCF0701", "VCF0101", "VCF0104", "VCF0105a", "VCF0115", "VCF0140a", "VCF0112"]}