{"validation": 0.6849850540354104, "id_test": 0.6889655172413793, "ood_test": 0.593707314775564, "ood_validation": 0.593047901653243, "0": 0.6725296442687747, "1": 0.688872936109117, "3": 0.6814350127425995, "id_test_conf": [0.6749706075713453, 0.7027062758359504], "id_test_balanced": 0.5040545463562012, "id_test_balanced_conf": [0.49967357256449757, 0.5084355201479047], "ood_test_conf": [0.5870648464068495, 0.6003241150206156], "ood_test_balanced": 0.5035185813903809, "ood_test_balanced_conf": [0.5021048921043985, 0.5049322706763633], "features": ["VCF0004", "VCF0701", "VCF0101", "VCF0104", "VCF0105a", "VCF0115", "VCF0140a", "VCF0112"]}