{"validation": 0.3527247643136353, "id_test": 0.3505747126436782, "ood_test": 0.431491686684565, "ood_validation": 0.4281475201356507, "0": 0.37559288537549407, "1": 0.3545585068198134, "3": 0.34748088610076455, "id_test_conf": [0.3363846204989351, 0.36496571070680395], "id_test_balanced": 0.5244984030723572, "id_test_balanced_conf": [0.519071602281183, 0.5299252038635314], "ood_test_conf": [0.4248157004551171, 0.4381864378402581], "ood_test_balanced": 0.5179715156555176, "ood_test_balanced_conf": [0.5160659084864893, 0.5198771228245459], "features": ["VCF0004", "VCF0701", "VCF0101", "VCF0104", "VCF0105a", "VCF0115", "VCF0140a", "VCF0112"]}