{"validation": 0.6750977236146241, "id_test": 0.6848275862068965, "ood_test": 0.674061513824125, "ood_validation": 0.685459940652819, "train": 0.6765720197723877, "id_test_conf": [0.6707859370054137, 0.6986206593774056], "id_test_balanced": 0.6591731309890747, "id_test_balanced_conf": [0.6493015548400581, 0.6690447071380913], "ood_test_conf": [0.6677095220975175, 0.680365816269189], "ood_test_balanced": 0.666722297668457, "ood_test_balanced_conf": [0.6622539021912962, 0.6711906931456179], "features": ["VCF0004", "VCF0701", "VCF0101", "VCF0104", "VCF0105a", "VCF0115", "VCF0140a", "VCF0112"]}