{"validation": 0.6976316394573465, "id_test": 0.7114942528735633, "ood_test": 0.6489096133013047, "ood_validation": 0.6506994489190335, "0": 0.6823122529644269, "1": 0.7014357501794688, "3": 0.6971182121152715, "id_test_conf": [0.6977766745695851, 0.724927312690856], "id_test_balanced": 0.5788075923919678, "id_test_balanced_conf": [0.5710169789195061, 0.5865982058644295], "ood_test_conf": [0.6424455808832306, 0.6553328511479082], "ood_test_balanced": 0.5901637077331543, "ood_test_balanced_conf": [0.5865395518345758, 0.5937878636317327], "features": ["VCF0004", "VCF0701", "VCF0101", "VCF0104", "VCF0105a", "VCF0115", "VCF0140a", "VCF0112"]}