{"validation": 0.7026902736261209, "id_test": 0.7075862068965517, "ood_test": 0.5998775375629976, "ood_validation": 0.5934718100890207, "train": 0.6943614208529716, "id_test_conf": [0.6938176912116389, 0.721075473786938], "id_test_balanced": 0.5069767236709595, "id_test_balanced_conf": [0.5052338274032809, 0.508719619938638], "ood_test_conf": [0.5932505991512296, 0.6064771173969103], "ood_test_balanced": 0.5068259239196777, "ood_test_balanced_conf": [0.5060100520204287, 0.5076417958189268], "features": ["VCF0004", "VCF0701", "VCF0101", "VCF0104", "VCF0105a", "VCF0115", "VCF0140a", "VCF0112"]}