{"validation": 0.5953092664980455, "id_test": 0.604367816091954, "ood_test": 0.6092506240874194, "ood_validation": 0.6299279355659178, "0": 0.5928853754940712, "1": 0.5944005743000718, "3": 0.627818074887277, "id_test_conf": [0.5896556009166699, 0.6189397420312246], "id_test_balanced": 0.5735104084014893, "id_test_balanced_conf": [0.5632407817430795, 0.5837800350598991], "ood_test_conf": [0.6026493627506264, 0.6158219587808933], "ood_test_balanced": 0.5858555436134338, "ood_test_balanced_conf": [0.581320832092315, 0.5903902551345527], "features": ["VCF0004", "VCF0701", "VCF0101", "VCF0104", "VCF0105a", "VCF0115", "VCF0140a", "VCF0112"]}