{"validation": 0.6944125086226719, "id_test": 0.6993103448275862, "ood_test": 0.5965333710140832, "ood_validation": 0.58965663416702, "0": 0.6816205533596837, "1": 0.6994256999282125, "3": 0.6894726524210939, "id_test_conf": [0.6854379204891793, 0.7129146770334751], "id_test_balanced": 0.5042331218719482, "id_test_balanced_conf": [0.5012515957700089, 0.5072146479738876], "ood_test_conf": [0.5898978810141201, 0.6031424186441673], "ood_test_balanced": 0.5034041404724121, "ood_test_balanced_conf": [0.5026090462715365, 0.5041992346732878], "features": ["VCF0004", "VCF0701", "VCF0101", "VCF0104", "VCF0105a", "VCF0115", "VCF0140a", "VCF0112"]}