{"validation": 0.7484479190618533, "id_test": 0.748735632183908, "ood_test": 0.6900758325090669, "ood_validation": 0.695633743111488, "train": 0.7402000229911484, "id_test_conf": [0.7355669140896863, 0.7615695664313171], "id_test_balanced": 0.6234381794929504, "id_test_balanced_conf": [0.615577383339405, 0.6312989756464958], "ood_test_conf": [0.6838058713223122, 0.6962937133555729], "ood_test_balanced": 0.6380764842033386, "ood_test_balanced_conf": [0.6343296138010919, 0.6418233546055854], "features": ["VCF0004", "VCF0701", "VCF0101", "VCF0104", "VCF0105a", "VCF0115", "VCF0140a", "VCF0112"]}