{"validation": 0.7397102782248793, "id_test": 0.7422988505747127, "ood_test": 0.6758042485045452, "ood_validation": 0.6807969478592624, "train": 0.7337050235659272, "id_test_conf": [0.7290267240668494, 0.7552448880939461], "id_test_balanced": 0.5935286283493042, "id_test_balanced_conf": [0.5866365774441511, 0.6004206792544573], "ood_test_conf": [0.6694607716735954, 0.6820995582514047], "ood_test_balanced": 0.6088906526565552, "ood_test_balanced_conf": [0.6056975912023336, 0.6120837141107768], "features": ["VCF0004", "VCF0701", "VCF0101", "VCF0104", "VCF0105a", "VCF0115", "VCF0140a", "VCF0112"]}