{"validation": 0.7461485398942286, "id_test": 0.7494252873563219, "ood_test": 0.6844237200320287, "ood_validation": 0.6875794828317083, "train": 0.7374698241177147, "id_test_conf": [0.7362678705374698, 0.7622469885387926], "id_test_balanced": 0.6104764938354492, "id_test_balanced_conf": [0.6031614315509796, 0.6177915561199189], "ood_test_conf": [0.678123829810109, 0.6906730798152405], "ood_test_balanced": 0.6237994432449341, "ood_test_balanced_conf": [0.62034762468189, 0.6272512618079782], "features": ["VCF0004", "VCF0701", "VCF0101", "VCF0104", "VCF0105a", "VCF0115", "VCF0140a", "VCF0112"]}