{"validation": 0.7404000919751667, "id_test": 0.7480459770114942, "ood_test": 0.6845650228439546, "ood_validation": 0.6926663840610429, "train": 0.7366651339234395, "id_test_conf": [0.7348660008941713, 0.7608921010325471], "id_test_balanced": 0.6077025532722473, "id_test_balanced_conf": [0.6004404223430901, 0.6149646842014045], "ood_test_conf": [0.6782658677415132, 0.6908136087617472], "ood_test_balanced": 0.6221096515655518, "ood_test_balanced_conf": [0.6187360225385055, 0.6254832805925981], "features": ["VCF0004", "VCF0701", "VCF0101", "VCF0104", "VCF0105a", "VCF0115", "VCF0140a", "VCF0112"]}