{"validation": 0.9470575840955852, "id_test": 0.9458680630867908, "ood_test": 0.9085147086687325, "ood_validation": 0.9074807480748075, "15": 0.9266405938223322, "16": 0.9223710275468567, "17": 0.9296927625177757, "18": 0.9335139475983304, "19": 0.9580603293249308, "20": 0.9654218439172371, "21": 0.9762118454273229, "22": 0.9798989573255938, "23": 0.9794615598112684, "id_test_conf": [0.9447528869616181, 0.9469671853380941], "id_test_balanced": 0.5199890732765198, "id_test_balanced_conf": [0.5192908718658146, 0.520687274687225], "ood_test_conf": [0.907107445954781, 0.9099074762073451], "ood_test_balanced": 0.5153957009315491, "ood_test_balanced_conf": [0.5145727948262356, 0.5162186070368625], "features": ["AGEP", "SEX", "RAC1P", "ACS_YEAR", "POBP", "DIS", "NATIVITY", "DEAR", "DEYE", "DREM", "DPHY", "SCHL"]}