{"validation": 0.8609912991745371, "id_test": 0.8600378024974437, "ood_test": 0.799200542750793, "ood_validation": 0.7964796479647965, "15": 0.8122340170803736, "16": 0.8598953659651558, "17": 0.7912862061222963, "18": 0.7805360184261849, "19": 0.9043691066318472, "20": 0.9236294908975118, "21": 0.9588488412081967, "22": 0.963990110716973, "23": 0.9673605328892589, "id_test_conf": [0.8583354284888749, 0.8617272297164755], "id_test_balanced": 0.5783826112747192, "id_test_balanced_conf": [0.5770348601765, 0.5797303623729385], "ood_test_conf": [0.7972510791431474, 0.8011393985352929], "ood_test_balanced": 0.5631897449493408, "ood_test_balanced_conf": [0.561749136147555, 0.5646303537511267], "features": ["AGEP", "SEX", "RAC1P", "ACS_YEAR", "POBP", "DIS", "NATIVITY", "DEAR", "DEYE", "DREM", "DPHY", "SCHL"]}