{"validation": 0.9066892243623113, "id_test": 0.9049484088866855, "ood_test": 0.8464345306855896, "ood_validation": 0.8442794279427943, "15": 0.8651831750339213, "16": 0.8997680442916886, "17": 0.8500205822917446, "18": 0.8545628634715003, "19": 0.9406401976575083, "20": 0.9535922044216487, "21": 0.974223907263104, "22": 0.9782507434877638, "23": 0.9790729947266167, "id_test_conf": [0.9035070412225157, 0.9063752083542566], "id_test_balanced": 0.5565392374992371, "id_test_balanced_conf": [0.5554098229366354, 0.5576686520618387], "ood_test_conf": [0.8446783691270634, 0.8481784069513015], "ood_test_balanced": 0.5455064177513123, "ood_test_balanced_conf": [0.5442457437957637, 0.5467670917068608], "features": ["AGEP", "SEX", "RAC1P", "ACS_YEAR", "POBP", "DIS", "NATIVITY", "DEAR", "DEYE", "DREM", "DPHY", "SCHL"]}