{"validation": 0.9321905753451823, "id_test": 0.9306850928020327, "ood_test": 0.8799041629230309, "ood_validation": 0.8801430143014302, "15": 0.9044201452629899, "16": 0.910925621793678, "17": 0.8999607065339421, "18": 0.9050230768551938, "19": 0.9521806439506482, "20": 0.9610700431071378, "21": 0.975733733716941, "22": 0.9798272958543839, "23": 0.97985012489592, "id_test_conf": [0.9294349910863173, 0.9319196935805799], "id_test_balanced": 0.5367958545684814, "id_test_balanced_conf": [0.5358819482673425, 0.5377097608696204], "ood_test_conf": [0.8783192165140828, 0.8814756337389538], "ood_test_balanced": 0.5302169919013977, "ood_test_balanced_conf": [0.5291492889449, 0.5312846948578954], "features": ["AGEP", "SEX", "RAC1P", "ACS_YEAR", "POBP", "DIS", "NATIVITY", "DEAR", "DEYE", "DREM", "DPHY", "SCHL"]}