{"validation": 0.9478136387298283, "id_test": 0.9465497474669228, "ood_test": 0.9098960338852522, "ood_validation": 0.9101760176017601, "15": 0.9274674754569399, "16": 0.9323942231176879, "17": 0.9257634159119826, "18": 0.9299796147091787, "19": 0.9613207399646594, "20": 0.9682260334242955, "21": 0.9785269126565397, "22": 0.981905478519474, "23": 0.9816264224257563, "id_test_conf": [0.9454411370618537, 0.9476422790969193], "id_test_balanced": 0.5207838416099548, "id_test_balanced_conf": [0.520084972162731, 0.5214827110571787], "ood_test_conf": [0.9084982791272591, 0.9112792441662467], "ood_test_balanced": 0.5187047123908997, "ood_test_balanced_conf": [0.5178693021205254, 0.5195401226612739], "features": ["AGEP", "SEX", "RAC1P", "ACS_YEAR", "POBP", "DIS", "NATIVITY", "DEAR", "DEYE", "DREM", "DPHY", "SCHL"]}