{"validation": 0.6730063706898689, "id_test": 0.674055712205249, "ood_test": 0.593211947851917, "ood_validation": 0.5918591859185919, "train": 0.6736157482218026, "id_test_conf": [0.671762518712458, 0.6763426506708107], "id_test_balanced": 0.6140313148498535, "id_test_balanced_conf": [0.6123664594627917, 0.6156961702369154], "ood_test_conf": [0.5908269618897479, 0.5955936303573857], "ood_test_balanced": 0.5817897319793701, "ood_test_balanced_conf": [0.5801001843973063, 0.583479279561434], "features": ["AGEP", "SEX", "RAC1P", "ACS_YEAR", "POBP", "DIS", "NATIVITY", "DEAR", "DEYE", "DREM", "DPHY", "SCHL"]}