{"validation": 0.757039984135247, "id_test": 0.7560003718278437, "ood_test": 0.7314972709658886, "ood_validation": 0.7308580858085808, "15": 0.7158240881155719, "16": 0.7891404093933596, "17": 0.6901429533717536, "18": 0.644192839556289, "19": 0.811748424525794, "20": 0.8049153778465605, "21": 0.8893548847079744, "22": 0.8980257264681644, "23": 0.9150707743547044, "id_test_conf": [0.7538971306312069, 0.7580944116519008], "id_test_balanced": 0.6011870503425598, "id_test_balanced_conf": [0.599597776348237, 0.6027763243368827], "ood_test_conf": [0.7293426781661632, 0.7336436579285168], "ood_test_balanced": 0.5781055092811584, "ood_test_balanced_conf": [0.576518039687071, 0.5796929788752458], "features": ["AGEP", "SEX", "RAC1P", "ACS_YEAR", "POBP", "DIS", "NATIVITY", "DEAR", "DEYE", "DREM", "DPHY", "SCHL"]}