{"validation": 0.5131999702535882, "id_test": 0.5111889195302575, "ood_test": 0.4845823324837572, "ood_validation": 0.47645764576457644, "15": 0.5055056269454865, "16": 0.5204950645920458, "17": 0.48592919691639846, "18": 0.427045368303079, "19": 0.557553675585232, "20": 0.5297384468419485, "21": 0.5927410899269412, "22": 0.6101974273531836, "23": 0.5946155981126838, "id_test_conf": [0.508746678402912, 0.5136307586071372], "id_test_balanced": 0.5967555642127991, "id_test_balanced_conf": [0.5950929856603033, 0.5984181427652948], "ood_test_conf": [0.4821579515941896, 0.4870072597638022], "ood_test_balanced": 0.5813584327697754, "ood_test_balanced_conf": [0.5797089965851047, 0.5830078689544461], "features": ["AGEP", "SEX", "RAC1P", "ACS_YEAR", "POBP", "DIS", "NATIVITY", "DEAR", "DEYE", "DREM", "DPHY", "SCHL"]}