{"validation": 0.3743028184725217, "id_test": 0.3712019335047873, "ood_test": 0.2921013868260692, "ood_validation": 0.2812981298129813, "15": 0.3708069279272089, "16": 0.3539779557421736, "17": 0.3634832722101639, "18": 0.3073457645366538, "19": 0.40961547483150634, "20": 0.37966123747273706, "21": 0.4362811296857045, "22": 0.45021319287684974, "23": 0.42264779350541215, "id_test_conf": [0.36884392438265107, 0.37356457098622853], "id_test_balanced": 0.5705457925796509, "id_test_balanced_conf": [0.569005509375129, 0.5720860757841728], "ood_test_conf": [0.2898986255736604, 0.2943115170664324], "ood_test_balanced": 0.5433448553085327, "ood_test_balanced_conf": [0.5419335186108947, 0.5447561920061708], "features": ["AGEP", "SEX", "RAC1P", "ACS_YEAR", "DIS", "ANC", "NATIVITY", "DEAR", "DEYE", "DREM", "DPHY", "SCHL"]}