{"validation": 0.6745928459879527, "id_test": 0.673479379047501, "ood_test": 0.6430618968162287, "ood_validation": 0.6431243124312431, "15": 0.6451273046532046, "16": 0.7109188493642382, "17": 0.6144375421001422, "18": 0.5591923541922218, "19": 0.7274937841092121, "20": 0.7070118433351709, "21": 0.809669599644352, "22": 0.8255043176036404, "23": 0.8364140993616431, "id_test_conf": [0.6711851536912363, 0.6757673700932685], "id_test_balanced": 0.6006497144699097, "id_test_balanced_conf": [0.5989815887785517, 0.6023178401612677], "ood_test_conf": [0.6407348434019233, 0.6453838798599204], "ood_test_balanced": 0.5786137580871582, "ood_test_balanced_conf": [0.576939885946922, 0.5802876302273944], "features": ["AGEP", "SEX", "RAC1P", "ACS_YEAR", "DIS", "ANC", "NATIVITY", "DEAR", "DEYE", "DREM", "DPHY", "SCHL"]}