{"validation": 0.6135631243647902, "id_test": 0.6136027019489976, "ood_test": 0.56093416701811, "ood_validation": 0.556930693069307, "15": 0.5885417830632932, "16": 0.638775544757293, "17": 0.5705317715739839, "18": 0.5100867477960059, "19": 0.6662496677039516, "20": 0.6391121093736626, "21": 0.738112213657219, "22": 0.7423770110000358, "23": 0.747210657785179, "id_test_conf": [0.611221811262074, 0.6159795103775039], "id_test_balanced": 0.6013110280036926, "id_test_balanced_conf": [0.5996223546704278, 0.6029997013369575], "ood_test_conf": [0.5585253394966675, 0.5633408350534019], "ood_test_balanced": 0.573582649230957, "ood_test_balanced_conf": [0.5718888042191975, 0.5752764942427165], "features": ["AGEP", "SEX", "RAC1P", "ACS_YEAR", "DIS", "ANC", "NATIVITY", "DEAR", "DEYE", "DREM", "DPHY", "SCHL"]}