{"validation": 0.725074985746511, "id_test": 0.7241595141449508, "ood_test": 0.651288727530545, "ood_validation": 0.6535753575357536, "train": 0.7247190750119683, "id_test_conf": [0.7219717336604712, 0.726339238321688], "id_test_balanced": 0.6077821254730225, "id_test_balanced_conf": [0.6061535924253986, 0.6094106585206464], "ood_test_conf": [0.6489738063634138, 0.6535982867037573], "ood_test_balanced": 0.5816601514816284, "ood_test_balanced_conf": [0.5799910258175806, 0.5833292771456763], "features": ["AGEP", "SEX", "RAC1P", "ACS_YEAR", "DIS", "ANC", "NATIVITY", "DEAR", "DEYE", "DREM", "DPHY", "SCHL"]}