{"validation": 0.5762189831684886, "id_test": 0.5744864127908779, "ood_test": 0.5589049636026917, "ood_validation": 0.557920792079208, "15": 0.5684699497166573, "16": 0.6080964393952221, "17": 0.5397893121772323, "18": 0.47882930186997535, "19": 0.62273843218815, "20": 0.5843191366246323, "21": 0.6760835101787467, "22": 0.6943996560249381, "23": 0.7071329447682487, "id_test_conf": [0.5720696455489885, 0.5769005034694112], "id_test_balanced": 0.5968036651611328, "id_test_balanced_conf": [0.5951132523431443, 0.5984940779791214], "ood_test_conf": [0.5564949851738629, 0.5613128544613805], "ood_test_balanced": 0.5809846520423889, "ood_test_balanced_conf": [0.5792961912532337, 0.5826731128315441], "features": ["AGEP", "SEX", "RAC1P", "ACS_YEAR", "DIS", "ANC", "NATIVITY", "DEAR", "DEYE", "DREM", "DPHY", "SCHL"]}