{"validation": 0.30833395305024663, "id_test": 0.3071421931645648, "ood_test": 0.2710208971279437, "ood_validation": 0.2647414741474147, "15": 0.3319658392529332, "16": 0.3239253001032795, "17": 0.3144506399221615, "18": 0.2570841091804407, "19": 0.3352906222145772, "20": 0.29223831844499304, "21": 0.32985514053967907, "22": 0.3254505715002329, "23": 0.31912295309464334, "id_test_conf": [0.3048917841652911, 0.3093995330802889], "id_test_balanced": 0.5622354745864868, "id_test_balanced_conf": [0.5608076478657312, 0.5636633013072424], "ood_test_conf": [0.2688681359088844, 0.27318177487820533], "ood_test_balanced": 0.5501293540000916, "ood_test_balanced_conf": [0.5487993972818367, 0.5514593107183464], "features": ["AGEP", "SEX", "RAC1P", "ACS_YEAR", "DIS", "ANC", "NATIVITY", "DEAR", "DEYE", "DREM", "DPHY", "SCHL"]}