{"validation": 0.6627376614362559, "id_test": 0.6627645400179717, "ood_test": 0.6348961866867142, "ood_validation": 0.6343234323432343, "15": 0.6294389017479448, "16": 0.6810016423141392, "17": 0.6007222513284933, "18": 0.5469435300969846, "19": 0.7149212653833523, "20": 0.6996915049150354, "21": 0.8134190020047141, "22": 0.8201297072628901, "23": 0.8378018318068277, "id_test_conf": [0.660451840810184, 0.6650713900581219], "id_test_balanced": 0.6019116044044495, "id_test_balanced_conf": [0.6002378286677412, 0.6035853801411577], "ood_test_conf": [0.6325578285155153, 0.6372297639356046], "ood_test_balanced": 0.5811538696289062, "ood_test_balanced_conf": [0.5794759106636047, 0.5828318285942078], "features": ["AGEP", "SEX", "RAC1P", "ACS_YEAR", "DIS", "ANC", "NATIVITY", "DEAR", "DEYE", "DREM", "DPHY", "SCHL"]}