{"validation": 0.13238636363636364, "id_test": 0.13579545454545455, "ood_test": 0.3698224852071006, "ood_validation": 0.3708609271523179, "33": 0.12799127544661404, "id_test_conf": [0.1297922845614491, 0.14197124579605036], "id_test_balanced": 0.5042018890380859, "id_test_balanced_conf": [0.5032295741210692, 0.5051742039551027], "ood_test_conf": [0.3440263814648679, 0.396185886249286], "ood_test_balanced": 0.5043327212333679, "ood_test_balanced_conf": [0.4910694996640086, 0.5175959428027272], "features": ["AccredAgency", "HIGHDEG", "region", "LOCALE", "locale2", "CCSIZSET", "HBCU", "DISTANCEONLY", "poverty_rate", "unemp_rate", "CCBASIC"]}