{"validation": 0.8718344155844155, "id_test": 0.8711038961038962, "ood_test": 0.6730769230769231, "ood_validation": 0.6225165562913907, "train": 0.8730163561832867, "id_test_conf": [0.8650586113113143, 0.8769732551437508], "id_test_balanced": 0.5011147260665894, "id_test_balanced_conf": [0.5003270089603029, 0.5019024431728758], "ood_test_conf": [0.647346995918497, 0.6980521986015455], "ood_test_balanced": 0.5228592157363892, "ood_test_balanced_conf": [0.5114184110239148, 0.5343000204488635], "features": ["AccredAgency", "HIGHDEG", "region", "LOCALE", "locale2", "CCSIZSET", "HBCU", "DISTANCEONLY", "poverty_rate", "unemp_rate", "CCBASIC"]}