{"validation": 0.13133116883116883, "id_test": 0.1344155844155844, "ood_test": 0.35798816568047337, "ood_validation": 0.37748344370860926, "33": 0.127471956792688, "id_test_conf": [0.12843874736130018, 0.14056570330409812], "id_test_balanced": 0.5036845803260803, "id_test_balanced_conf": [0.502808365522651, 0.5045607951295097], "ood_test_conf": [0.3323960036708601, 0.3841992769548836], "ood_test_balanced": 0.5068669319152832, "ood_test_balanced_conf": [0.49522499544546006, 0.5185088683851063], "features": ["AccredAgency", "HIGHDEG", "region", "LOCALE", "locale2", "CCSIZSET", "HBCU", "DISTANCEONLY", "poverty_rate", "unemp_rate", "CCBASIC"]}