{"validation": 0.1601461038961039, "id_test": 0.16298701298701299, "ood_test": 0.34245562130177515, "ood_validation": 0.36423841059602646, "33": 0.15734316576651433, "id_test_conf": [0.15650454055751148, 0.16962911728062738], "id_test_balanced": 0.5186840891838074, "id_test_balanced_conf": [0.5168206667155028, 0.520547511652112], "ood_test_conf": [0.31715687117222247, 0.3684411489430726], "ood_test_balanced": 0.5041028261184692, "ood_test_balanced_conf": [0.4942895986326039, 0.5139160536043346], "features": ["AccredAgency", "HIGHDEG", "CONTROL", "LOCALE", "locale2", "HBCU", "DISTANCEONLY", "median_hh_inc", "poverty_rate", "unemp_rate", "CCBASIC"]}