{"validation": 0.1872103799814643, "id_test": 0.20277777777777778, "ood_test": 0.14313476975073933, "ood_validation": 0.12917933130699089, "3": 0.18647573587907718, "id_test_conf": [0.17917139582460553, 0.22801539990366207], "id_test_balanced": 0.5350579023361206, "id_test_balanced_conf": [0.5220399076119066, 0.5480758970603347], "ood_test_conf": [0.1368713849476195, 0.14957422483372335], "ood_test_balanced": 0.5019705891609192, "ood_test_balanced_conf": [0.5004603592143394, 0.503480819107499], "features": ["age", "ethnicity", "height_mean_0", "weight_mean_0", "insurance"]}