{"validation": 0.08897126969416126, "id_test": 0.09722222222222222, "ood_test": 0.13113645965356993, "ood_validation": 0.11550151975683891, "3": 0.09896579156722354, "id_test_conf": [0.0802066829137517, 0.1164674783139404], "id_test_balanced": 0.5059264898300171, "id_test_balanced_conf": [0.5003066063486039, 0.5115463733114303], "ood_test_conf": [0.12510410034123384, 0.13735086863705157], "ood_test_balanced": 0.5002915859222412, "ood_test_balanced_conf": [0.5000741134246346, 0.5005090584198478], "features": ["age", "ethnicity", "height_mean_0", "weight_mean_0", "insurance"]}