{"validation": 0.9240037071362373, "id_test": 0.9194444444444444, "ood_test": 0.8227291930713984, "ood_validation": 0.8366261398176292, "3": 0.9175815433571997, "id_test_conf": [0.9015824270907958, 0.9349778113324352], "id_test_balanced": 0.5086880922317505, "id_test_balanced_conf": [0.5034580071177334, 0.5139181773457676], "ood_test_conf": [0.8157274758711589, 0.8295717975706721], "ood_test_balanced": 0.5176960229873657, "ood_test_balanced_conf": [0.5141109396098181, 0.5212811063649133], "features": ["age", "ethnicity", "height_mean_0", "weight_mean_0", "insurance"]}