{"validation": 0.8220574606116775, "id_test": 0.8240740740740741, "ood_test": 0.7533586818757921, "ood_validation": 0.7743161094224924, "train": 0.8151494093120223, "id_test_conf": [0.8000291213255801, 0.8463379901704571], "id_test_balanced": 0.46827802062034607, "id_test_balanced_conf": [0.4568824299611151, 0.47967361127957703], "ood_test_conf": [0.7454886862141713, 0.7611038804468844], "ood_test_balanced": 0.47615012526512146, "ood_test_balanced_conf": [0.4719514022860676, 0.48034884824417534], "features": ["age", "ethnicity", "height_mean_0", "weight_mean_0", "insurance"]}