{"validation": 0.37812789620018533, "id_test": 0.3814814814814815, "ood_test": 0.36425855513307986, "ood_validation": 0.3586626139817629, "3": 0.3719968178202068, "id_test_conf": [0.35240497559158696, 0.4112057116647197], "id_test_balanced": 0.5086270570755005, "id_test_balanced_conf": [0.48851415514945984, 0.5287399590015411], "ood_test_conf": [0.3555807725022233, 0.37300315036268833], "ood_test_balanced": 0.4818418622016907, "ood_test_balanced_conf": [0.4758078455924988, 0.48787587881088257], "features": ["age", "ethnicity", "height_mean_0", "weight_mean_0", "insurance"]}