{"validation": 0.8909090909090909, "id_test": 0.8853084415584416, "ood_test": 0.6294378698224852, "ood_validation": 0.6754966887417219, "train": 0.8873432363326433, "id_test_conf": [0.8795498881882187, 0.8908842510482575], "id_test_balanced": 0.817466139793396, "id_test_balanced_conf": [0.8127784544695169, 0.8221538251172751], "ood_test_conf": [0.6030655035380025, 0.6552461663586451], "ood_test_balanced": 0.6978694200515747, "ood_test_balanced_conf": [0.6819583337754012, 0.7137805063277483], "features": ["AccredAgency", "HIGHDEG", "CONTROL", "region", "LOCALE", "locale2", "CCBASIC", "HBCU", "DISTANCEONLY", "median_hh_inc", "poverty_rate", "unemp_rate", "TUITIONFEE_IN", "TUITIONFEE_OUT", "TUITIONFEE_PROG", "ADM_RATE", "ADM_RATE_ALL", "SATVRMID", "SATMTMID", "SATWRMID", "ACTCMMID", "ACTENMID", "ACTMTMID", "ACTWRMID", "NPT4_PROG", "COSTT4_A", "COSTT4_P", "loan_ever", "pell_ever", "PCIP31"]}