{"validation": 0.8719967532467533, "id_test": 0.8616071428571429, "ood_test": 0.6775147928994083, "ood_validation": 0.6423841059602649, "33": 0.8636061487328625, "id_test_conf": [0.8553835918161506, 0.8676593156313628], "id_test_balanced": 0.8268229961395264, "id_test_balanced_conf": [0.8221341694891453, 0.8315118227899074], "ood_test_conf": [0.6518635511945542, 0.7023919809149624], "ood_test_balanced": 0.6745350360870361, "ood_test_balanced_conf": [0.6568768595904112, 0.6921932125836611], "features": ["AccredAgency", "HIGHDEG", "CONTROL", "region", "LOCALE", "locale2", "CCBASIC", "HBCU", "DISTANCEONLY", "median_hh_inc", "poverty_rate", "unemp_rate", "TUITIONFEE_IN", "TUITIONFEE_OUT", "TUITIONFEE_PROG", "ADM_RATE", "ADM_RATE_ALL", "SATVRMID", "SATMTMID", "SATWRMID", "ACTCMMID", "ACTENMID", "ACTMTMID", "ACTWRMID", "NPT4_PROG", "COSTT4_A", "COSTT4_P", "loan_ever", "pell_ever", "PCIP31"]}