{"validation": 0.4087117701575533, "id_test": 0.4212962962962963, "ood_test": 0.45694972539079004, "ood_validation": 0.44072948328267475, "3": 0.41607000795544946, "id_test_conf": [0.39163393617547787, 0.4513886435932456], "id_test_balanced": 0.5097852945327759, "id_test_balanced_conf": [0.49935237467288973, 0.520218214392662], "ood_test_conf": [0.4479443309178869, 0.4659763048176237], "ood_test_balanced": 0.5006016492843628, "ood_test_balanced_conf": [0.49973232003161683, 0.5014709785371088], "features": ["gender", "age", "height_mean_0", "weight_mean_0", "insurance"]}