{"validation": 0.5254865616311399, "id_test": 0.5296296296296297, "ood_test": 0.5106041402619349, "ood_validation": 0.5007598784194529, "3": 0.5307875894988067, "id_test_conf": [0.49935276027243647, 0.5597446562795978], "id_test_balanced": 0.5072987675666809, "id_test_balanced_conf": [0.4867278765514493, 0.5278696585819125], "ood_test_conf": [0.5015541249439717, 0.5196489374161698], "ood_test_balanced": 0.4992687404155731, "ood_test_balanced_conf": [0.4931133032776415, 0.5054241775535047], "features": ["gender", "age", "height_mean_0", "weight_mean_0", "insurance"]}