{"validation": 0.5125115848007414, "id_test": 0.5018518518518519, "ood_test": 0.4991128010139417, "ood_validation": 0.49544072948328266, "train": 0.5053277739170721, "id_test_conf": [0.4715987673551319, 0.5320948215307018], "id_test_balanced": 0.5011448860168457, "id_test_balanced_conf": [0.48005920700728894, 0.5222305650264025], "ood_test_conf": [0.4900636015613296, 0.508162437045389], "ood_test_balanced": 0.503237247467041, "ood_test_balanced_conf": [0.49689552905038, 0.509578965883702], "features": ["gender", "age", "height_mean_0", "weight_mean_0", "insurance"]}