{"validation": 0.5792400370713624, "id_test": 0.5685185185185185, "ood_test": 0.5273341782847486, "ood_validation": 0.5296352583586627, "3": 0.5673826571201273, "id_test_conf": [0.5383637971710429, 0.598298921061831], "id_test_balanced": 0.508908748626709, "id_test_balanced_conf": [0.49181517872959374, 0.5260023185238242], "ood_test_conf": [0.5182914890855146, 0.536363416574133], "ood_test_balanced": 0.5078145265579224, "ood_test_balanced_conf": [0.5021046612784267, 0.513524391837418], "features": ["gender", "age", "height_mean_0", "weight_mean_0", "insurance"]}