{"validation": 0.6246524559777572, "id_test": 0.600925925925926, "ood_test": 0.5359526827207436, "ood_validation": 0.5364741641337386, "3": 0.5864757358790772, "id_test_conf": [0.5710143310203732, 0.6302860339002403], "id_test_balanced": 0.5106440186500549, "id_test_balanced_conf": [0.5008932734280824, 0.5203947638720274], "ood_test_conf": [0.5269177176736962, 0.5449699556478662], "ood_test_balanced": 0.5035923719406128, "ood_test_balanced_conf": [0.49926924346014856, 0.507915500421077], "features": ["gender", "age", "height_mean_0", "weight_mean_0", "insurance"]}