{"validation": 0.6051899907321594, "id_test": 0.5787037037037037, "ood_test": 0.5365441487114491, "ood_validation": 0.5577507598784195, "train": 0.5736622654621265, "id_test_conf": [0.5486113564067544, 0.6083660638245221], "id_test_balanced": 0.492576003074646, "id_test_balanced_conf": [0.48132473522797226, 0.5038272709213197], "ood_test_conf": [0.5275098125303275, 0.5455605017058782], "ood_test_balanced": 0.49834227561950684, "ood_test_balanced_conf": [0.4951677580969408, 0.5015167931420729], "features": ["gender", "age", "height_mean_0", "weight_mean_0", "insurance"]}