{"validation": 0.629286376274328, "id_test": 0.5972222222222222, "ood_test": 0.5340937896070976, "ood_validation": 0.5433130699088146, "train": 0.5941626129256428, "id_test_conf": [0.567276204879062, 0.6266370070746969], "id_test_balanced": 0.4969409704208374, "id_test_balanced_conf": [0.493254458210431, 0.5006274826312438], "ood_test_conf": [0.5250569307939983, 0.5431138710785617], "ood_test_balanced": 0.4949796795845032, "ood_test_balanced_conf": [0.4920470963558182, 0.4979122628131881], "features": ["gender", "age", "height_mean_0", "weight_mean_0", "insurance"]}