{"validation": 0.5097312326227988, "id_test": 0.5055555555555555, "ood_test": 0.5046894803548796, "ood_validation": 0.506838905775076, "train": 0.5053277739170721, "id_test_conf": [0.47529398869450734, 0.5357867779300227], "id_test_balanced": 0.5081574320793152, "id_test_balanced_conf": [0.4870808782055974, 0.529233985953033], "ood_test_conf": [0.49563929074284824, 0.513737362335323], "ood_test_balanced": 0.505240261554718, "ood_test_balanced_conf": [0.4988712918572128, 0.5116092312522232], "features": ["age", "ethnicity", "height_mean_0", "weight_mean_0", "insurance"]}