{"validation": 0.4633920296570899, "id_test": 0.4666666666666667, "ood_test": 0.47629911280101395, "ood_validation": 0.4764437689969605, "3": 0.4614160700079554, "id_test_conf": [0.43657565920022784, 0.49693974887071163], "id_test_balanced": 0.4955277442932129, "id_test_balanced_conf": [0.47530665136873723, 0.5157488372176886], "ood_test_conf": [0.46726563620680484, 0.4853442523676157], "ood_test_balanced": 0.49415868520736694, "ood_test_balanced_conf": [0.4883359988220036, 0.49998137159273026], "features": ["age", "ethnicity", "height_mean_0", "weight_mean_0", "insurance"]}