{"validation": 0.8123926895341295, "id_test": 0.8081217886757898, "ood_test": 0.7771185400384631, "ood_validation": 0.7889891364389615, "0": 0.5268990529921419, "1": 0.8273596641268854, "2": 0.8152724099239497, "3": 0.8116567501885528, "4": 0.8466421981946235, "5": 0.7985195537160891, "7": 0.793371930525055, "8": 0.8270503368375032, "9": 0.8292123763041239, "id_test_conf": [0.805351687066881, 0.8108691372295362], "id_test_balanced": 0.5344418287277222, "id_test_balanced_conf": [0.5333058144594542, 0.5355778429959901], "ood_test_conf": [0.7734023734027369, 0.7808017679578868], "ood_test_balanced": 0.5539371371269226, "ood_test_balanced_conf": [0.5520732785039582, 0.5558009957498871], "features": ["DIVISION", "AGEP", "SEX", "RAC1P", "POBP", "DIS", "ANC", "NATIVITY", "DEAR", "DEYE", "DREM", "ST", "MAR"]}