{"validation": 0.8144657687562796, "id_test": 0.8117718878770921, "ood_test": 0.777977822333156, "ood_validation": 0.788252623826183, "train": 0.8123281050780741, "id_test_conf": [0.8090218059743741, 0.8144989466675574], "id_test_balanced": 0.5294691920280457, "id_test_balanced_conf": [0.528473275930155, 0.5304651081259363], "ood_test_conf": [0.7742666880070264, 0.7816559156407938], "ood_test_balanced": 0.5201404094696045, "ood_test_balanced_conf": [0.5189216975169256, 0.5213591214222834], "features": ["DIVISION", "AGEP", "SEX", "RAC1P", "POBP", "DIS", "ANC", "NATIVITY", "DEAR", "DEYE", "DREM", "ST"]}