{"validation": 0.8178742671092627, "id_test": 0.8155110138881824, "ood_test": 0.7829493841810221, "ood_validation": 0.7908304179709078, "train": 0.8157540801694069, "id_test_conf": [0.8127818442203198, 0.8182168837685511], "id_test_balanced": 0.5421386957168579, "id_test_balanced_conf": [0.5410042851697654, 0.5432731062639504], "ood_test_conf": [0.7792678158002243, 0.7865973196073361], "ood_test_balanced": 0.539765477180481, "ood_test_balanced_conf": [0.5382298228284345, 0.5413011315325275], "features": ["DIVISION", "AGEP", "SEX", "RAC1P", "POBP", "DIS", "ANC", "NATIVITY", "DEAR", "DEYE", "DREM", "ST", "MAR"]}