{"validation": 0.8146438246403908, "id_test": 0.8114920893320445, "ood_test": 0.7799214370473424, "ood_validation": 0.78972564905174, "train": 0.8119227112737633, "id_test_conf": [0.8087404591336511, 0.8142207171204779], "id_test_balanced": 0.5165449976921082, "id_test_balanced_conf": [0.5158102748030796, 0.5172797205811367], "ood_test_conf": [0.7762217695597597, 0.7835878321103169], "ood_test_balanced": 0.5110284686088562, "ood_test_balanced_conf": [0.5101524871704168, 0.5119044500472956], "features": ["DIVISION", "AGEP", "SEX", "RAC1P", "POBP", "DIS", "ANC", "NATIVITY", "DEAR", "DEYE", "DREM", "ST"]}