{"validation": 0.8182812519872309, "id_test": 0.8156000406979702, "ood_test": 0.781046687671345, "ood_validation": 0.7930399558092432, "train": 0.8158621851838898, "id_test_conf": [0.8128713740039064, 0.8183054010166331], "id_test_balanced": 0.5453243255615234, "id_test_balanced_conf": [0.5441463241912424, 0.5465023269318044], "ood_test_conf": [0.7773537126150654, 0.7847062563257005], "ood_test_balanced": 0.5513761639595032, "ood_test_balanced_conf": [0.5496107585518621, 0.5531415693671442], "features": ["DIVISION", "AGEP", "SEX", "RAC1P", "POBP", "DIS", "ANC", "NATIVITY", "DEAR", "DEYE", "DREM", "ST", "MAR"]}