{"validation": 0.8182049423226119, "id_test": 0.8155364501195503, "ood_test": 0.780596587421744, "ood_validation": 0.7924875713496594, "train": 0.8162500914123284, "id_test_conf": [0.8128074241342663, 0.8182421744350826], "id_test_balanced": 0.5564837455749512, "id_test_balanced_conf": [0.5551647809124551, 0.5578027102374472], "ood_test_conf": [0.7769009306440255, 0.7842588913889397], "ood_test_balanced": 0.5547964572906494, "ood_test_balanced_conf": [0.5529735229350626, 0.5566193916462362], "features": ["DIVISION", "AGEP", "SEX", "RAC1P", "POBP", "DIS", "ANC", "NATIVITY", "DEAR", "DEYE", "DREM", "ST", "MAR"]}