{"id_test": 0.8124459480083431, "id_test_conf": [0.8096996055027739, 0.8151692175272233], "id_test_balanced": 0.5247445106506348, "id_test_balanced_conf": [0.5238493005873169, 0.5256397207139526], "ood_test": 0.7791235320594132, "ood_test_conf": [0.7754191429521073, 0.7827947437418199], "ood_test_balanced": 0.5193712115287781, "ood_test_balanced_conf": [0.5182040089508518, 0.5205384141067043], "features": ["DIVISION", "AGEP", "SEX", "RAC1P", "POBP", "DIS", "ANC", "NATIVITY", "DEAR", "DEYE", "DREM", "ST"]}