{"id_test": 0.8123442030828713, "id_test_conf": [0.8095972952860944, 0.8150680454212434], "id_test_balanced": 0.5240962505340576, "id_test_balanced_conf": [0.523211912335828, 0.5249805887322873], "ood_test": 0.7796554687180327, "ood_test_conf": [0.7759542251565912, 0.7833234715216513], "ood_test_balanced": 0.5172396898269653, "ood_test_balanced_conf": [0.5161482217465527, 0.5183311579073779], "validation": 0.8154832309512, "validation_conf": [0.812753886896463, 0.8181892769775911], "validation_balanced": 0.5218795537948608, "validation_balanced_conf": [0.5210348152567167, 0.522724292333005], "features": ["DIVISION", "AGEP", "SEX", "RAC1P", "POBP", "DIS", "ANC", "NATIVITY", "DEAR", "DEYE", "DREM", "ST"]}