{"id_test": 0.8155491682352343, "id_test_conf": [0.8128202140985042, 0.8182548197610823], "id_test_balanced": 0.5506631731987, "id_test_balanced_conf": [0.54941435710527, 0.5519119892921299], "ood_test": 0.784013257498261, "ood_test_conf": [0.7803381168918173, 0.7876546384705992], "ood_test_balanced": 0.5502704381942749, "ood_test_balanced_conf": [0.5485719678667373, 0.5519689085218125], "validation": 0.8191969679626592, "validation_conf": [0.8164888055219401, 0.821881557542127], "validation_balanced": 0.5500937700271606, "validation_balanced_conf": [0.5488589696376585, 0.5513285704166628], "features": ["DIVISION", "AGEP", "SEX", "RAC1P", "POBP", "DIS", "ANC", "NATIVITY", "DEAR", "DEYE", "DREM", "ST", "MAR"]}