{"id_test": 0.8125731291651829, "id_test_conf": [0.8098274937012773, 0.815295682232013], "id_test_balanced": 0.5251030325889587, "id_test_balanced_conf": [0.5242033262422774, 0.5260027389356401], "ood_test": 0.7797782233315602, "ood_test_conf": [0.7760777069150799, 0.7834454843748028], "ood_test_balanced": 0.5178863406181335, "ood_test_balanced_conf": [0.5167796329082921, 0.518993048327975], "validation": 0.8153814847317079, "validation_conf": [0.8126515662140061, 0.8180881127502614], "validation_balanced": 0.5219737887382507, "validation_balanced_conf": [0.521124868625775, 0.5228227088507265], "features": ["DIVISION", "AGEP", "SEX", "RAC1P", "POBP", "DIS", "ANC", "NATIVITY", "DEAR", "DEYE", "DREM", "ST"]}