{"id_test": 0.8121407132319276, "id_test_conf": [0.8093926757642496, 0.8148657002976942], "id_test_balanced": 0.5238686800003052, "id_test_balanced_conf": [0.5229846923914738, 0.5247526676091365], "ood_test": 0.7803306190924342, "ood_test_conf": [0.7766333806393795, 0.7839945364023141], "ood_test_balanced": 0.5157679319381714, "ood_test_balanced_conf": [0.5147424739203416, 0.5167933899560012], "validation": 0.8155722588932555, "validation_conf": [0.8128434177478223, 0.818277795422276], "validation_balanced": 0.5221434235572815, "validation_balanced_conf": [0.5212950674339664, 0.5229917796805966], "features": ["DIVISION", "AGEP", "SEX", "RAC1P", "POBP", "DIS", "ANC", "NATIVITY", "DEAR", "DEYE", "DREM", "ST"]}