{"validation": 0.721838554186221, "id_test": 0.7172890064608027, "ood_test": 0.6767666434796841, "ood_validation": 0.6821948075860799, "0": 0.5741487003828329, "1": 0.775268232001244, "2": 0.7107343224036903, "3": 0.7390534651805917, "4": 0.761085209800615, "5": 0.6781718638419424, "7": 0.6802931194438246, "8": 0.7089485503070289, "9": 0.7638472216003224, "id_test_conf": [0.7141270821011045, 0.720434891397649], "id_test_balanced": 0.6318346858024597, "id_test_balanced_conf": [0.629550857017748, 0.6341185145871714], "ood_test_conf": [0.6725996297804115, 0.6809126548991099], "ood_test_balanced": 0.6284793615341187, "ood_test_balanced_conf": [0.6254987825825811, 0.6314599404856562], "features": ["DIVISION", "AGEP", "SEX", "RAC1P", "POBP", "DIS", "ANC", "NATIVITY", "DEAR", "DEYE", "DREM", "ST", "MAR"]}