{"validation": 0.5555597949813678, "id_test": 0.5549676959861627, "ood_test": 0.5223004214575064, "ood_validation": 0.5203461609280059, "0": 0.5278057626435624, "1": 0.611996579070129, "2": 0.5484228899139758, "3": 0.5854248722031342, "4": 0.5931207221505803, "5": 0.5037049550414264, "7": 0.5326529893250972, "8": 0.5685896544186324, "9": 0.5825370527918328, "id_test_conf": [0.551485687730468, 0.5584456477584068], "id_test_balanced": 0.6233038902282715, "id_test_balanced_conf": [0.6209720832901076, 0.6256356971664354], "ood_test_conf": [0.5178607595089322, 0.5267374343618404], "ood_test_balanced": 0.6071946620941162, "ood_test_balanced_conf": [0.6042842350201681, 0.6101050891680643], "features": ["DIVISION", "AGEP", "SEX", "RAC1P", "POBP", "DIS", "ANC", "NATIVITY", "DEAR", "DEYE", "DREM", "ST", "MAR"]}