{"validation": 0.6056189349714475, "id_test": 0.6042122399145342, "ood_test": 0.5887106673759156, "ood_validation": 0.5858957834652918, "0": 0.5521861777150917, "1": 0.6812315347535376, "2": 0.5712754020695674, "3": 0.6057571440543031, "4": 0.6383047316734451, "5": 0.5536546597968226, "7": 0.5957746644275598, "8": 0.6116134417042587, "9": 0.6583172883177361, "id_test_conf": [0.6007839818424885, 0.6076328070720735], "id_test_balanced": 0.6006177663803101, "id_test_balanced_conf": [0.5981972093274817, 0.6030383234331385], "ood_test_conf": [0.5843329701414253, 0.5930778262755827], "ood_test_balanced": 0.5975690484046936, "ood_test_balanced_conf": [0.5944965036818758, 0.6006415931275114], "features": ["DIVISION", "AGEP", "SEX", "RAC1P", "POBP", "DIS", "ANC", "NATIVITY", "DEAR", "DEYE", "DREM", "ST"]}