{"validation": 0.6761926564666082, "id_test": 0.6738439232843262, "ood_test": 0.6596219157903351, "ood_validation": 0.6580740195175843, "train": 0.6753383845931277, "id_test_conf": [0.6705543810049956, 0.6771206344369732], "id_test_balanced": 0.645302414894104, "id_test_balanced_conf": [0.642948820986785, 0.647656008801423], "ood_test_conf": [0.6554016212287481, 0.6638232458967439], "ood_test_balanced": 0.6265455484390259, "ood_test_balanced_conf": [0.6235358672589064, 0.6295552296191453], "features": ["DIVISION", "AGEP", "SEX", "RAC1P", "POBP", "DIS", "ANC", "NATIVITY", "DEAR", "DEYE", "DREM", "ST"]}