{"validation": 0.7850611113230824, "id_test": 0.7821005239863662, "ood_test": 0.7460820819182454, "ood_validation": 0.7547412999447616, "0": 0.5021156558533145, "1": 0.8125874669569274, "2": 0.7927315796035407, "3": 0.7944146484538674, "4": 0.822066263267533, "5": 0.7601032012347291, "7": 0.7635550127417707, "8": 0.7903658512350709, "9": 0.8093673039896118, "id_test_conf": [0.7791982989117928, 0.7849819204593163], "id_test_balanced": 0.5998578667640686, "id_test_balanced_conf": [0.59792378495913, 0.6017919485690072], "ood_test_conf": [0.7421986954608697, 0.7499362233832013], "ood_test_balanced": 0.5739056468009949, "ood_test_balanced_conf": [0.5714770016632974, 0.5763342919386923], "features": ["DIVISION", "AGEP", "SEX", "RAC1P", "POBP", "DIS", "ANC", "NATIVITY", "DEAR", "DEYE", "DREM", "ST"]}