{"validation": 0.8179887316061912, "id_test": 0.8154347051940785, "ood_test": 0.7818241335570195, "ood_validation": 0.7917510587368809, "train": 0.8160322916037379, "id_test_conf": [0.8127051045946936, 0.8181410116527301], "id_test_balanced": 0.5622747540473938, "id_test_balanced_conf": [0.5608906284719706, 0.563658879622817], "ood_test_conf": [0.7781358055256458, 0.7854789626179977], "ood_test_balanced": 0.5638693571090698, "ood_test_balanced_conf": [0.5619414953282102, 0.5657972188899294], "features": ["DIVISION", "AGEP", "SEX", "RAC1P", "POBP", "DIS", "ANC", "NATIVITY", "DEAR", "DEYE", "DREM", "ST", "MAR"]}