{"validation": 0.8180268864385007, "id_test": 0.8152948059215547, "ood_test": 0.7828470886697492, "ood_validation": 0.794144724728411, "train": 0.8157365925935347, "id_test_conf": [0.812564415733583, 0.8180019123211545], "id_test_balanced": 0.557505190372467, "id_test_balanced_conf": [0.5561715664411895, 0.5588388143037446], "ood_test_conf": [0.7791649041235489, 0.7864956524420033], "ood_test_balanced": 0.555904746055603, "ood_test_balanced_conf": [0.5541009936062619, 0.5577084985049442], "features": ["DIVISION", "AGEP", "SEX", "RAC1P", "POBP", "DIS", "ANC", "NATIVITY", "DEAR", "DEYE", "DREM", "ST", "MAR"]}