{"validation": 0.7800882648454094, "id_test": 0.7765045530854149, "ood_test": 0.7320880559761037, "ood_validation": 0.7444301233658627, "0": 0.4850896635099738, "1": 0.8125485927538485, "2": 0.8036778456551552, "3": 0.7907588200787732, "4": 0.8339202460073405, "5": 0.7424115609954619, "7": 0.740091364954846, "8": 0.7891933785099661, "9": 0.8119912237496082, "id_test_conf": [0.7735761923664773, 0.779412498912837], "id_test_balanced": 0.5993776321411133, "id_test_balanced_conf": [0.5974128105025739, 0.6013424537796527], "ood_test_conf": [0.7281379500298948, 0.7360105816731275], "ood_test_balanced": 0.5817761421203613, "ood_test_balanced_conf": [0.5791813488677144, 0.5843709353730082], "features": ["DIVISION", "AGEP", "SEX", "RAC1P", "POBP", "DIS", "ANC", "NATIVITY", "DEAR", "DEYE", "DREM", "ST"]}