{"validation": 0.6585524056621771, "id_test": 0.6569415475403164, "ood_test": 0.6765211342526289, "ood_validation": 0.6722518873135702, "0": 0.48126133387064274, "1": 0.7494168869538175, "2": 0.6728462785188879, "3": 0.6819219810609235, "4": 0.745089772839996, "5": 0.5785796008630818, "7": 0.6088452550115674, "8": 0.6077184475666223, "9": 0.7294944700667174, "id_test_conf": [0.65361121199991, 0.6602602998605382], "id_test_balanced": 0.6270690560340881, "id_test_balanced_conf": [0.624690872952342, 0.6294472391158342], "ood_test_conf": [0.6723533132542673, 0.6806679821545032], "ood_test_balanced": 0.619200587272644, "ood_test_balanced_conf": [0.6162248983187602, 0.6221762762265279], "features": ["DIVISION", "AGEP", "SEX", "RAC1P", "POBP", "DIS", "ANC", "NATIVITY", "DEAR", "DEYE", "DREM", "ST"]}