{"validation": 0.8192478410724051, "id_test": 0.8158798392430178, "ood_test": 0.7819878063750563, "ood_validation": 0.7908304179709078, "train": 0.8158621851838898, "id_test_conf": [0.8131527548701252, 0.8185835965355367], "id_test_balanced": 0.5492131114006042, "id_test_balanced_conf": [0.5479873148724437, 0.5504389079287648], "ood_test_conf": [0.7783004590849466, 0.7856416352064268], "ood_test_balanced": 0.5481704473495483, "ood_test_balanced_conf": [0.5464708714047447, 0.549870023294352], "features": ["DIVISION", "AGEP", "SEX", "RAC1P", "POBP", "DIS", "ANC", "NATIVITY", "DEAR", "DEYE", "DREM", "ST", "MAR"]}