{"validation": 0.8148345988019383, "id_test": 0.8119626596123518, "ood_test": 0.7799009779450877, "ood_validation": 0.7891732645921561, "train": 0.8124775443628004, "id_test_conf": [0.809213634678623, 0.8146886473185266], "id_test_balanced": 0.5220025181770325, "id_test_balanced_conf": [0.5211533250543289, 0.5228517112997361], "ood_test_conf": [0.7762011891428258, 0.7835674967586561], "ood_test_balanced": 0.5163612365722656, "ood_test_balanced_conf": [0.515303667508997, 0.5174188056355342], "features": ["DIVISION", "AGEP", "SEX", "RAC1P", "POBP", "DIS", "ANC", "NATIVITY", "DEAR", "DEYE", "DREM", "ST"]}