{"validation": 0.8147201343050098, "id_test": 0.8113776262908887, "ood_test": 0.7804329146037072, "ood_validation": 0.7886208801325723, "train": 0.8116747056523025, "id_test_conf": [0.8086253633579947, 0.8141068952828913], "id_test_balanced": 0.5153543949127197, "id_test_balanced_conf": [0.5146472219843418, 0.5160615678410977], "ood_test_conf": [0.7767362842257608, 0.7840962116587586], "ood_test_balanced": 0.5075138807296753, "ood_test_balanced_conf": [0.5068090393405873, 0.5082187221187633], "features": ["DIVISION", "AGEP", "SEX", "RAC1P", "POBP", "DIS", "ANC", "NATIVITY", "DEAR", "DEYE", "DREM", "ST"]}