{"validation": 0.8155722588932555, "id_test": 0.811848196571196, "ood_test": 0.7801874053766521, "ood_validation": 0.7891732645921561, "train": 0.8126603690196464, "id_test_conf": [0.8090985373282444, 0.8145748270557842], "id_test_balanced": 0.5282437801361084, "id_test_balanced_conf": [0.5272709037968889, 0.5292166564753279], "ood_test_conf": [0.7764893161673585, 0.7838521904943294], "ood_test_balanced": 0.5184826850891113, "ood_test_balanced_conf": [0.5173708305717446, 0.5195945396064781], "features": ["DIVISION", "AGEP", "SEX", "RAC1P", "POBP", "DIS", "ANC", "NATIVITY", "DEAR", "DEYE", "DREM", "ST"]}