{"validation": 0.8154832309512, "id_test": 0.8116319886045683, "ood_test": 0.7786529727075576, "ood_validation": 0.7899097772049346, "train": 0.8122851810282059, "id_test_conf": [0.8088811322679814, 0.8143598321800721], "id_test_balanced": 0.5290518403053284, "id_test_balanced_conf": [0.5280606650933624, 0.5300430155172944], "ood_test_conf": [0.7749458083244422, 0.782327015690319], "ood_test_balanced": 0.5216423273086548, "ood_test_balanced_conf": [0.5204029387957416, 0.522881715821568], "features": ["DIVISION", "AGEP", "SEX", "RAC1P", "POBP", "DIS", "ANC", "NATIVITY", "DEAR", "DEYE", "DREM", "ST"]}