{"validation": 0.8150508095183588, "id_test": 0.8116447067202524, "ood_test": 0.7808830148533082, "ood_validation": 0.7884367519793777, "train": 0.8122374876394635, "id_test_conf": [0.8088939207630992, 0.8143724789753088], "id_test_balanced": 0.518420934677124, "id_test_balanced_conf": [0.5176443999807816, 0.5191974693734664], "ood_test_conf": [0.7771890638918256, 0.7845435789007228], "ood_test_balanced": 0.509539783000946, "ood_test_balanced_conf": [0.5087633683811873, 0.5103161976207048], "features": ["DIVISION", "AGEP", "SEX", "RAC1P", "POBP", "DIS", "ANC", "NATIVITY", "DEAR", "DEYE", "DREM", "ST"]}