{"validation": 0.8150889643506684, "id_test": 0.8113649081752048, "ood_test": 0.7801055689676337, "ood_validation": 0.7895415208985453, "train": 0.8121055359306093, "id_test_conf": [0.8086125749620856, 0.8140942483884394], "id_test_balanced": 0.521454930305481, "id_test_balanced_conf": [0.5206043004849925, 0.5223055601259694], "ood_test_conf": [0.7764069938992858, 0.7837708496880822], "ood_test_balanced": 0.5159912109375, "ood_test_balanced_conf": [0.5149515179404989, 0.5170309039345011], "features": ["DIVISION", "AGEP", "SEX", "RAC1P", "POBP", "DIS", "ANC", "NATIVITY", "DEAR", "DEYE", "DREM", "ST"]}