{"validation": 0.20843984890686407, "id_test": 0.21151498194027574, "ood_test": 0.2219812594623348, "ood_validation": 0.2172712207696557, "0": 0.47410840217610317, "1": 0.1772663660394962, "2": 0.18957735943149234, "3": 0.1931722953155116, "4": 0.1706923916278147, "5": 0.20096597584292528, "7": 0.20615832677650817, "8": 0.20343395401522227, "9": 0.2522545112613621, "id_test_conf": [0.20866482719535304, 0.2143864373524978], "id_test_balanced": 0.4880264699459076, "id_test_balanced_conf": [0.48692355448845775, 0.48912938540335743], "ood_test_conf": [0.21830341122786678, 0.2256921535868832], "ood_test_balanced": 0.49513599276542664, "ood_test_balanced_conf": [0.49444174880511127, 0.495830236725742], "features": ["DIVISION", "AGEP", "SEX", "RAC1P", "POBP", "DIS", "ANC", "NATIVITY", "DEAR", "DEYE", "DREM", "ST"]}