{"validation": 0.6217584290383711, "id_test": 0.6208856895762324, "ood_test": 0.6493514464585294, "ood_validation": 0.6639661204198122, "0": 0.48005238766874875, "1": 0.6437956771886176, "2": 0.5293728961476125, "3": 0.6540266487890724, "4": 0.6181678404920147, "5": 0.606414755319394, "7": 0.6471527720690992, "8": 0.6101627551121798, "9": 0.6707473245869341, "id_test_conf": [0.6174837439441514, 0.6242787136108994], "id_test_balanced": 0.4743475914001465, "id_test_balanced_conf": [0.4721753666410223, 0.4765198161592707], "ood_test_conf": [0.6451021824216747, 0.6535829666588931], "ood_test_balanced": 0.47726064920425415, "ood_test_balanced_conf": [0.4747915734536946, 0.4797297249548137], "features": ["DIVISION", "AGEP", "SEX", "RAC1P", "POBP", "DIS", "ANC", "NATIVITY", "DEAR", "DEYE", "DREM", "ST", "MAR"]}