{"validation": 0.4161260426320667, "id_test": 0.43796296296296294, "ood_test": 0.5012251795521757, "ood_validation": 0.49164133738601823, "3": 0.4537788385043755, "id_test_conf": [0.4081140653135201, 0.468150759226744], "id_test_balanced": 0.5078890919685364, "id_test_balanced_conf": [0.4925612112134695, 0.5232169727236032], "ood_test_conf": [0.4921754732227166, 0.5102742829870467], "ood_test_balanced": 0.5163004398345947, "ood_test_balanced_conf": [0.5103186070825905, 0.522282272586599], "features": ["gender", "age", "ethnicity", "height_mean_0", "insurance"]}