{"validation": 0.6209453197405005, "id_test": 0.6018518518518519, "ood_test": 0.5286016054076891, "ood_validation": 0.5311550151975684, "train": 0.5934676858929813, "id_test_conf": [0.5719491335546075, 0.6311980192997668], "id_test_balanced": 0.5027549266815186, "id_test_balanced_conf": [0.49788520639762285, 0.5076246469654143], "ood_test_conf": [0.5195598833422137, 0.5376292528611841], "ood_test_balanced": 0.49637138843536377, "ood_test_balanced_conf": [0.4920280058588833, 0.5007147710118443], "features": ["gender", "age", "ethnicity", "height_mean_0", "insurance"]}