{"validation": 0.603336422613531, "id_test": 0.5796296296296296, "ood_test": 0.4958174904942966, "ood_validation": 0.4749240121580547, "train": 0.5882557331480195, "id_test_conf": [0.549543586208077, 0.6092806245789983], "id_test_balanced": 0.5043649673461914, "id_test_balanced_conf": [0.49015937607735394, 0.5185705586150289], "ood_test_conf": [0.4867694027567957, 0.5048676363895861], "ood_test_balanced": 0.5129818320274353, "ood_test_balanced_conf": [0.5071174728497863, 0.5188461912050844], "features": ["gender", "age", "ethnicity", "height_mean_0", "insurance"]}