{"validation": 0.41797961075069506, "id_test": 0.43703703703703706, "ood_test": 0.4785804816223067, "ood_validation": 0.4635258358662614, "train": 0.4506601806810285, "id_test_conf": [0.4071976104143788, 0.4672204220765743], "id_test_balanced": 0.5094812512397766, "id_test_balanced_conf": [0.4946647294797003, 0.5242977729998529], "ood_test_conf": [0.4695445876760018, 0.4876269158885576], "ood_test_balanced": 0.5076924562454224, "ood_test_balanced_conf": [0.5029117968492209, 0.5124731156416238], "features": ["gender", "age", "ethnicity", "height_mean_0", "insurance"]}