{"validation": 0.5848007414272475, "id_test": 0.55, "ood_test": 0.4719053654414871, "ood_validation": 0.4627659574468085, "3": 0.5338106603023071, "id_test_conf": [0.5197643322517902, 0.5799625404522657], "id_test_balanced": 0.5096601247787476, "id_test_balanced_conf": [0.4903025446087122, 0.529017704948783], "ood_test_conf": [0.46287707467640926, 0.48094748133749476], "ood_test_balanced": 0.5018131136894226, "ood_test_balanced_conf": [0.4971352603845298, 0.5064909669943154], "features": ["gender", "age", "ethnicity", "height_mean_0", "insurance"]}