{"validation": 0.4531974050046339, "id_test": 0.4740740740740741, "ood_test": 0.48001689902830585, "ood_validation": 0.46504559270516715, "3": 0.48337311058074783, "id_test_conf": [0.443936669570028, 0.5043530897873036], "id_test_balanced": 0.5249016284942627, "id_test_balanced_conf": [0.5066588646546006, 0.5431443923339248], "ood_test_conf": [0.4709795795108746, 0.48906405201255215], "ood_test_balanced": 0.5086072683334351, "ood_test_balanced_conf": [0.503761525945738, 0.5134530107211321], "features": ["gender", "age", "ethnicity", "height_mean_0", "insurance"]}