{"validation": 0.7207153905921433, "id_test": 0.7176593864051095, "ood_test": 0.6500647311795955, "ood_validation": 0.6521360653542253, "train": 0.7187416187664785, "id_test_conf": [0.7152958374646433, 0.7200139362792897], "id_test_balanced": 0.5530855655670166, "id_test_balanced_conf": [0.5513549784896895, 0.5548161526443437], "ood_test_conf": [0.6475079288442285, 0.6526150578823814], "ood_test_balanced": 0.5334699749946594, "ood_test_balanced_conf": [0.5316569721419364, 0.5352829778473824], "features": ["Age", "Gender", "Unit1", "Unit2", "HospAdmTime", "ICULOS"]}