{"id_test": 0.8836038961038961, "id_test_conf": [0.8778095640588176, 0.8892163036365535], "id_test_balanced": 0.5945417881011963, "id_test_balanced_conf": [0.5907772917114198, 0.5983062844909728], "ood_test": 0.6723372781065089, "ood_test_conf": [0.6465944839106181, 0.6973286539165422], "ood_test_balanced": 0.6622777581214905, "ood_test_balanced_conf": [0.6444799500703812, 0.6800755661725998], "features": ["AccredAgency", "HIGHDEG", "CONTROL", "region", "locale2", "HBCU", "DISTANCEONLY", "median_hh_inc", "poverty_rate", "unemp_rate", "CCBASIC"]}