{"id_test": 0.6426336849763551, "id_test_conf": [0.6369356640233641, 0.6483015451416541], "id_test_balanced": 0.5749529004096985, "id_test_balanced_conf": [0.5719234176026657, 0.5779823832167312], "ood_test": 0.5654930225072994, "ood_test_conf": [0.564146959548856, 0.5668383584597848], "ood_test_balanced": 0.6046577095985413, "ood_test_balanced_conf": [0.6038344993372448, 0.6054809198598378], "features": ["SMOKE100", "DIABETES", "PRACE1", "SEX", "BMI5CAT", "IYEAR"]}