{"validation": 0.8128887023541531, "id_test": 0.8092155466246121, "ood_test": 0.7802487826834158, "ood_validation": 0.7864113422942368, "train": 0.8100261041814384, "id_test_conf": [0.8064514035646222, 0.8119568557094978], "id_test_balanced": 0.5002998113632202, "id_test_balanced_conf": [0.5002142577955965, 0.500385364930844], "ood_test_conf": [0.7765510580055446, 0.783913195961867], "ood_test_balanced": 0.5002791285514832, "ood_test_balanced_conf": [0.5001744204941496, 0.5003838366088167], "features": ["DIVISION", "AGEP", "SEX", "RAC1P", "POBP", "DIS", "ANC", "NATIVITY", "DEAR", "DEYE", "DREM", "ST", "MAR", "ENG", "FER", "CIT", "SCHL", "HUPAC", "OCCP", "MIL", "WIF", "WKHP", "WKW", "WRK", "NWLA", "NWLK", "ACS_YEAR"]}