{"validation": 0.8259122184491332, "id_test": 0.8208271862440861, "ood_test": 0.7955931093743607, "ood_validation": 0.8029828760817529, "0": 0.6729800523876688, "1": 0.8418208676722128, "2": 0.8286123924697668, "3": 0.8236822257604961, "4": 0.8520484078960421, "5": 0.8129247260636868, "7": 0.809272720867145, "8": 0.8339858110927844, "9": 0.8350512694219316, "id_test_conf": [0.8181284721008438, 0.8235022071736964], "id_test_balanced": 0.5842887163162231, "id_test_balanced_conf": [0.582753375703469, 0.5858240569289773], "ood_test_conf": [0.7919903032553424, 0.799160776751061], "ood_test_balanced": 0.603600263595581, "ood_test_balanced_conf": [0.6014121884992346, 0.6057883386919275], "features": ["DIVISION", "AGEP", "SEX", "RAC1P", "POBP", "DIS", "ANC", "NATIVITY", "DEAR", "DEYE", "DREM", "ST", "MAR", "ENG", "FER", "CIT", "SCHL", "HUPAC", "OCCP", "MIL", "WIF", "WKHP", "WKW", "WRK", "NWLA", "NWLK", "ACS_YEAR"]}