{"validation": 0.8127615195797881, "id_test": 0.8091265198148242, "ood_test": 0.7801260280698883, "ood_validation": 0.7867795986006261, "0": 0.5260930888575458, "1": 0.8239776084590266, "2": 0.811046004238873, "3": 0.8078123690605883, "4": 0.8434431108024998, "5": 0.8006772581029095, "7": 0.7991027914459855, "8": 0.8292760477732954, "9": 0.8312900192540187, "id_test_conf": [0.8063618904714802, 0.8118683217696685], "id_test_balanced": 0.5000666379928589, "id_test_balanced_conf": [0.5000262982431741, 0.5001069777425436], "ood_test_conf": [0.7764275744467167, 0.7837911849092328], "ood_test_balanced": 0.5000668168067932, "ood_test_balanced_conf": [0.4999983586008602, 0.5001352750127261], "features": ["DIVISION", "AGEP", "SEX", "RAC1P", "POBP", "DIS", "ANC", "NATIVITY", "DEAR", "DEYE", "DREM", "ST", "MAR", "ENG", "FER", "CIT", "SCHL", "HUPAC", "OCCP", "MIL", "WIF", "WKHP", "WKW", "WRK", "NWLA", "NWLK", "ACS_YEAR"]}