{"validation": 0.6313734467803681, "id_test": 0.6296103169354429, "ood_test": 0.6023159703752199, "ood_validation": 0.6000736512612779, "0": 0.5863389079185977, "1": 0.676372259368683, "2": 0.6615509288118688, "3": 0.6500146652141121, "4": 0.6675429024898324, "5": 0.6239067503129055, "7": 0.591147698847956, "8": 0.6378052900379563, "9": 0.6052299288049076, "id_test_conf": [0.6262238284564816, 0.6329872398118435], "id_test_balanced": 0.694220781326294, "id_test_balanced_conf": [0.6920029224455356, 0.6964386402070523], "ood_test_conf": [0.5979609388878544, 0.6066588470897799], "ood_test_balanced": 0.686978816986084, "ood_test_balanced_conf": [0.6842305148625747, 0.6897271191095933], "features": ["DIVISION", "AGEP", "SEX", "RAC1P", "POBP", "DIS", "ANC", "NATIVITY", "DEAR", "DEYE", "DREM", "ST", "MAR", "ENG", "FER", "CIT", "SCHL", "HUPAC", "OCCP", "MIL", "WIF", "WKHP", "WKW", "WRK", "NWLA", "NWLK", "ACS_YEAR"]}