{"validation": 0.8348531674869956, "id_test": 0.8314213766088416, "ood_test": 0.8060886288309669, "ood_validation": 0.8125575400478733, "train": 0.8328267235595802, "id_test_conf": [0.8287859976456796, 0.8340322781072852], "id_test_balanced": 0.6157019138336182, "id_test_balanced_conf": [0.6140269056148827, 0.6173769220523536], "ood_test_conf": [0.802555293334074, 0.80958557518228], "ood_test_balanced": 0.6313431262969971, "ood_test_balanced_conf": [0.6290358663210646, 0.6336503862729296], "features": ["DIVISION", "AGEP", "SEX", "RAC1P", "POBP", "DIS", "ANC", "NATIVITY", "DEAR", "DEYE", "DREM", "ST", "MAR", "ENG", "FER", "CIT", "SCHL", "HUPAC", "OCCP", "MIL", "WIF", "WKHP", "WKW", "WRK", "NWLA", "NWLK", "ACS_YEAR"]}