{"validation": 0.834636956770575, "id_test": 0.8310143969069542, "ood_test": 0.8038995048897254, "ood_validation": 0.8064813109924508, "train": 0.8323640976887784, "id_test_conf": [0.8283765176002071, 0.833627828882163], "id_test_balanced": 0.6417420506477356, "id_test_balanced_conf": [0.6399181721080095, 0.6435659291874617], "ood_test_conf": [0.800351361217379, 0.8074115202588417], "ood_test_balanced": 0.6688649654388428, "ood_test_balanced_conf": [0.6663310074899346, 0.671398923387751], "features": ["DIVISION", "AGEP", "SEX", "RAC1P", "POBP", "DIS", "ANC", "NATIVITY", "DEAR", "DEYE", "DREM", "ST", "MAR", "ENG", "FER", "CIT", "SCHL", "HUPAC", "OCCP", "MIL", "WIF", "WKHP", "WKW", "WRK", "NWLA", "NWLK", "ACS_YEAR"]}