{"validation": 0.8357943200172968, "id_test": 0.8312560411049499, "ood_test": 0.808646016612791, "ood_validation": 0.8105321303627324, "train": 0.8332782209730087, "id_test_conf": [0.828619645712932, 0.8338679712739139], "id_test_balanced": 0.6189084649085999, "id_test_balanced_conf": [0.6172115447954275, 0.6206053850217722], "ood_test_conf": [0.8051301981892355, 0.8121251411422901], "ood_test_balanced": 0.6574063301086426, "ood_test_balanced_conf": [0.654959485353902, 0.6598531748633831], "features": ["DIVISION", "AGEP", "SEX", "RAC1P", "POBP", "DIS", "ANC", "NATIVITY", "DEAR", "DEYE", "DREM", "ST", "MAR", "ENG", "FER", "CIT", "SCHL", "HUPAC", "OCCP", "MIL", "WIF", "WKHP", "WKW", "WRK", "NWLA", "NWLK", "ACS_YEAR"]}