{"validation": 0.8341409439505514, "id_test": 0.8306201353207509, "ood_test": 0.8075616841932975, "ood_validation": 0.8112686429755109, "train": 0.8322019401670541, "id_test_conf": [0.827979839050627, 0.8332360134503842], "id_test_balanced": 0.6053569912910461, "id_test_balanced_conf": [0.6037468677805736, 0.6069671148015187], "ood_test_conf": [0.8040384096641784, 0.8110483940452051], "ood_test_balanced": 0.6376665830612183, "ood_test_balanced_conf": [0.6353286590054631, 0.6400045071169734], "features": ["DIVISION", "AGEP", "SEX", "RAC1P", "POBP", "DIS", "ANC", "NATIVITY", "DEAR", "DEYE", "DREM", "ST", "MAR", "ENG", "FER", "CIT", "SCHL", "HUPAC", "OCCP", "MIL", "WIF", "WKHP", "WKW", "WRK", "NWLA", "NWLK", "ACS_YEAR"]}