{"validation": 0.8356162641331858, "id_test": 0.8315612758813654, "ood_test": 0.8075207659887884, "ood_validation": 0.8086908488307862, "train": 0.833251194719388, "id_test_conf": [0.8289267576842997, 0.8341713062553152], "id_test_balanced": 0.6241365671157837, "id_test_balanced_conf": [0.6224101291550324, 0.625863005076535], "ood_test_conf": [0.8039972109316572, 0.8110077612447146], "ood_test_balanced": 0.66627436876297, "ood_test_balanced_conf": [0.6637763311108574, 0.6687724064150825], "features": ["DIVISION", "AGEP", "SEX", "RAC1P", "POBP", "DIS", "ANC", "NATIVITY", "DEAR", "DEYE", "DREM", "ST", "MAR", "ENG", "FER", "CIT", "SCHL", "HUPAC", "OCCP", "MIL", "WIF", "WKHP", "WKW", "WRK", "NWLA", "NWLK", "ACS_YEAR"]}