{"id_test": 0.83499516711604, "id_test_conf": [0.8323819829508574, 0.8375836091878612], "id_test_balanced": 0.6296436786651611, "id_test_balanced_conf": [0.6279112965427339, 0.6313760607875883], "ood_test": 0.8116535046442163, "ood_test_conf": [0.8081585912426518, 0.8151113657302713], "ood_test_balanced": 0.649343729019165, "ood_test_balanced_conf": [0.6469668253092096, 0.6517206327291205], "validation": 0.8377529347425184, "validation_conf": [0.8351571586077169, 0.8403237642341392], "validation_balanced": 0.6302276849746704, "validation_balanced_conf": [0.6284944307710976, 0.6319609391782433], "features": ["DIVISION", "AGEP", "SEX", "RAC1P", "POBP", "DIS", "ANC", "NATIVITY", "DEAR", "DEYE", "DREM", "ST", "MAR", "ENG", "FER", "CIT", "SCHL", "HUPAC", "OCCP", "MIL", "WIF", "WKHP", "WKW", "WRK", "NWLA", "NWLK", "ACS_YEAR"]}