{"validation": 0.8136899538326529, "id_test": 0.8103220226891183, "ood_test": 0.7819673472728017, "ood_validation": 0.7902780335113239, "0": 0.6707636510175298, "1": 0.8366117244596486, "2": 0.8238623613015833, "3": 0.8189474566328668, "4": 0.8404920146810833, "5": 0.7991031321267593, "7": 0.7916926003781428, "8": 0.8151268853957592, "9": 0.8219674920521202, "id_test_conf": [0.8075639425263386, 0.8130571870132505], "id_test_balanced": 0.6181632280349731, "id_test_balanced_conf": [0.6163177295494825, 0.6200087265204638], "ood_test_conf": [0.778279877343927, 0.7856213011789849], "ood_test_balanced": 0.6410424709320068, "ood_test_balanced_conf": [0.6384819489624352, 0.6436029929015785], "features": ["DIVISION", "AGEP", "SEX", "RAC1P", "POBP", "DIS", "ANC", "NATIVITY", "DEAR", "DEYE", "DREM", "ST", "MAR", "ENG", "FER", "CIT", "SCHL", "HUPAC", "OCCP", "MIL", "WIF", "WKHP", "WKW", "WRK", "NWLA", "NWLK", "ACS_YEAR"]}