{"validation": 0.7373802892136289, "id_test": 0.7382866154550541, "ood_test": 0.7142068006055894, "ood_validation": 0.7201252071441724, "train": 0.7387419755873441, "id_test_conf": [0.7351990503806434, 0.7413565899976755], "id_test_balanced": 0.7372257113456726, "id_test_balanced_conf": [0.7350503026461229, 0.7394011200452223], "ood_test_conf": [0.7101786849989355, 0.7182094626140656], "ood_test_balanced": 0.739881157875061, "ood_test_balanced_conf": [0.7371460859663784, 0.7426162297837436], "features": ["DIVISION", "AGEP", "SEX", "RAC1P", "POBP", "DIS", "ANC", "NATIVITY", "DEAR", "DEYE", "DREM", "ST", "MAR", "ENG", "FER", "CIT", "SCHL", "HUPAC", "OCCP", "MIL", "WIF", "WKHP", "WKW", "WRK", "NWLA", "NWLK", "ACS_YEAR"]}