{"validation": 0.81730194462462, "id_test": 0.8140865849315765, "ood_test": 0.7837472891689513, "ood_validation": 0.7915669305836862, "0": 0.6866814426758009, "1": 0.841743119266055, "2": 0.8260940032414911, "3": 0.8249182938070896, "4": 0.8451790496974506, "5": 0.8044474817823714, "7": 0.7944405951639989, "8": 0.8208302696687267, "9": 0.8218868938342363, "id_test_conf": [0.811349399866129, 0.8168005756134675], "id_test_balanced": 0.6629431247711182, "id_test_balanced_conf": [0.660943523477763, 0.6649427260644734], "ood_test_conf": [0.780070538251962, 0.7873903121220853], "ood_test_balanced": 0.6894611120223999, "ood_test_balanced_conf": [0.6867591057252139, 0.6921631183195859], "features": ["DIVISION", "AGEP", "SEX", "RAC1P", "POBP", "DIS", "ANC", "NATIVITY", "DEAR", "DEYE", "DREM", "ST", "MAR", "ENG", "FER", "CIT", "SCHL", "HUPAC", "OCCP", "MIL", "WIF", "WKHP", "WKW", "WRK", "NWLA", "NWLK", "ACS_YEAR"]}