{"validation": 0.724967250435601, "id_test": 0.7233937019891133, "ood_test": 0.6995376242890462, "ood_validation": 0.6995028539863745, "0": 0.5889582913560346, "1": 0.771925050536464, "2": 0.7311058471512281, "3": 0.7547766697393782, "4": 0.7789157821644678, "5": 0.7026821570900937, "7": 0.6861766467417472, "8": 0.7265157687645317, "9": 0.7284646039493127, "id_test_conf": [0.7202524997538438, 0.7265184138820369], "id_test_balanced": 0.710766077041626, "id_test_balanced_conf": [0.7085273598600179, 0.713004794223234], "ood_test_conf": [0.6954512730017783, 0.703600266237271], "ood_test_balanced": 0.7108331918716431, "ood_test_balanced_conf": [0.7079938834486529, 0.7136725002946332], "features": ["DIVISION", "AGEP", "SEX", "RAC1P", "POBP", "DIS", "ANC", "NATIVITY", "DEAR", "DEYE", "DREM", "ST", "MAR", "ENG", "FER", "CIT", "SCHL", "HUPAC", "OCCP", "MIL", "WIF", "WKHP", "WKW", "WRK", "NWLA", "NWLK", "ACS_YEAR"]}