{"validation": 0.736350108741272, "id_test": 0.7341659459734445, "ood_test": 0.7145955235484267, "ood_validation": 0.7171791566930583, "0": 0.5857344348176506, "1": 0.7739853832996424, "2": 0.7338985163944646, "3": 0.7594590631023213, "4": 0.79262969943458, "5": 0.7189993165989664, "7": 0.7108146512747643, "8": 0.7365314679755967, "9": 0.7339900595531277, "id_test_conf": [0.7310630938957623, 0.7372515119470994], "id_test_balanced": 0.7126381397247314, "id_test_balanced_conf": [0.7104081036522985, 0.7148681757971644], "ood_test_conf": [0.7105690204617532, 0.7185965268109596], "ood_test_balanced": 0.7155057191848755, "ood_test_balanced_conf": [0.7126774231251329, 0.718334015244618], "features": ["DIVISION", "AGEP", "SEX", "RAC1P", "POBP", "DIS", "ANC", "NATIVITY", "DEAR", "DEYE", "DREM", "ST", "MAR", "ENG", "FER", "CIT", "SCHL", "HUPAC", "OCCP", "MIL", "WIF", "WKHP", "WKW", "WRK", "NWLA", "NWLK", "ACS_YEAR"]}