{"validation": 0.8366845994378521, "id_test": 0.8324896983262959, "ood_test": 0.8074184704775155, "ood_validation": 0.812189283741484, "train": 0.8344737352508196, "id_test_conf": [0.8298609090469509, 0.8350939310389522], "id_test_balanced": 0.6274081468582153, "id_test_balanced_conf": [0.6256696796766482, 0.6291466140397824], "ood_test_conf": [0.8038942143652174, 0.8109061789785919], "ood_test_balanced": 0.6520087122917175, "ood_test_balanced_conf": [0.6495812479546293, 0.6544361766288057], "features": ["DIVISION", "AGEP", "SEX", "RAC1P", "POBP", "DIS", "ANC", "NATIVITY", "DEAR", "DEYE", "DREM", "ST", "MAR", "ENG", "FER", "CIT", "SCHL", "HUPAC", "OCCP", "MIL", "WIF", "WKHP", "WKW", "WRK", "NWLA", "NWLK", "ACS_YEAR"]}