{"validation": 0.818586490645707, "id_test": 0.8147987994098794, "ood_test": 0.7877572732108515, "ood_validation": 0.7959860062603572, "0": 0.6126334878097924, "1": 0.8298087389208522, "2": 0.8183019573619249, "3": 0.8122852593647867, "4": 0.8474853685150283, "5": 0.8065514355261036, "7": 0.8033891935692224, "8": 0.833906321416506, "9": 0.8341288675950387, "id_test_conf": [0.8120656144833736, 0.8175087372514591], "id_test_balanced": 0.5230679512023926, "id_test_balanced_conf": [0.5222591755725443, 0.5238767268322408], "ood_test_conf": [0.7841050409582021, 0.7913752999849037], "ood_test_balanced": 0.5381025075912476, "ood_test_balanced_conf": [0.5367010622378439, 0.5395039529446513], "features": ["DIVISION", "AGEP", "SEX", "RAC1P", "POBP", "DIS", "ANC", "NATIVITY", "DEAR", "DEYE", "DREM", "ST", "MAR", "ENG", "FER", "CIT", "SCHL", "HUPAC", "OCCP", "MIL", "WIF", "WKHP", "WKW", "WRK", "NWLA", "NWLK", "ACS_YEAR"]}