{"validation": 0.836404797334249, "id_test": 0.8327949331027115, "ood_test": 0.8097712672367936, "ood_validation": 0.8125575400478733, "train": 0.833990442244896, "id_test_conf": [0.830168033611028, 0.8353972534265102], "id_test_balanced": 0.6236517429351807, "id_test_balanced_conf": [0.6219377519818954, 0.625365733888466], "ood_test_conf": [0.8062632315446105, 0.8132424749364453], "ood_test_balanced": 0.6406865119934082, "ood_test_balanced_conf": [0.6383482974721119, 0.6430247265147045], "features": ["DIVISION", "AGEP", "SEX", "RAC1P", "POBP", "DIS", "ANC", "NATIVITY", "DEAR", "DEYE", "DREM", "ST", "MAR", "ENG", "FER", "CIT", "SCHL", "HUPAC", "OCCP", "MIL", "WIF", "WKHP", "WKW", "WRK", "NWLA", "NWLK", "ACS_YEAR"]}