{"validation": 0.8348786040418685, "id_test": 0.8311161418324261, "ood_test": 0.8104259585089406, "ood_validation": 0.8145829497330141, "train": 0.8326009748528659, "id_test_conf": [0.8284788870953866, 0.8337289417046783], "id_test_balanced": 0.6150805950164795, "id_test_balanced_conf": [0.6134071459108964, 0.6167540441220626], "ood_test_conf": [0.806922472287617, 0.8138925387141808], "ood_test_balanced": 0.6426096558570862, "ood_test_balanced_conf": [0.6402645890414714, 0.6449547226727009], "features": ["DIVISION", "AGEP", "SEX", "RAC1P", "POBP", "DIS", "ANC", "NATIVITY", "DEAR", "DEYE", "DREM", "ST", "MAR", "ENG", "FER", "CIT", "SCHL", "HUPAC", "OCCP", "MIL", "WIF", "WKHP", "WKW", "WRK", "NWLA", "NWLK", "ACS_YEAR"]}