{"validation": 0.8342172536151704, "id_test": 0.8304166454698072, "ood_test": 0.8082368345676991, "ood_validation": 0.8101638740563433, "train": 0.8321892219300561, "id_test_conf": [0.8277751037493216, 0.8330337841159721], "id_test_balanced": 0.6084890365600586, "id_test_balanced_conf": [0.6068545692763291, 0.6101235038437881], "ood_test_conf": [0.8047181975055145, 0.8117188264975098], "ood_test_balanced": 0.6374644041061401, "ood_test_balanced_conf": [0.635134026906453, 0.6397947813058272], "features": ["DIVISION", "AGEP", "SEX", "RAC1P", "POBP", "DIS", "ANC", "NATIVITY", "DEAR", "DEYE", "DREM", "ST", "MAR", "ENG", "FER", "CIT", "SCHL", "HUPAC", "OCCP", "MIL", "WIF", "WKHP", "WKW", "WRK", "NWLA", "NWLK", "ACS_YEAR"]}