{"validation": 0.8334160021366707, "id_test": 0.8302640280815994, "ood_test": 0.8032448136175785, "ood_validation": 0.8074019517584239, "train": 0.8311097615648518, "id_test_conf": [0.827621553171898, 0.8328821112165223], "id_test_balanced": 0.632472038269043, "id_test_balanced_conf": [0.6306893880385905, 0.6342546884994954], "ood_test_conf": [0.7996922743882552, 0.8067613025486855], "ood_test_balanced": 0.6606269478797913, "ood_test_balanced_conf": [0.6581241489201785, 0.6631297468394041], "features": ["DIVISION", "AGEP", "SEX", "RAC1P", "POBP", "DIS", "ANC", "NATIVITY", "DEAR", "DEYE", "DREM", "ST", "MAR", "ENG", "FER", "CIT", "SCHL", "HUPAC", "OCCP", "MIL", "WIF", "WKHP", "WKW", "WRK", "NWLA", "NWLK", "ACS_YEAR"]}