{"id_test": 0.8771398385525859, "id_test_conf": [0.8752781820432685, 0.8789834225971419], "id_test_balanced": 0.5590010285377502, "id_test_balanced_conf": [0.5579903420503252, 0.5600117150251753], "ood_test": 0.8328597014925373, "ood_test_conf": [0.8312545780555812, 0.8344556041502293], "ood_test_balanced": 0.5557076930999756, "ood_test_balanced_conf": [0.5549296371103264, 0.5564857490896248], "validation": 0.8795499942222296, "validation_conf": [0.8777039873178707, 0.881377812708252], "validation_balanced": 0.5627379417419434, "validation_balanced_conf": [0.5617059571482241, 0.5637699263356626], "features": ["PHYSHLTH", "HIGH_BLOOD_PRESS", "CHOL_CHK_PAST_5_YEARS", "TOLDHI", "BMI5", "BMI5CAT", "SMOKE100", "SMOKDAY2", "CVDSTRK3", "MICHD", "FRUIT_ONCE_PER_DAY", "VEG_ONCE_PER_DAY", "DRNK_PER_WEEK", "RFBING5", "TOTINDA", "INCOME", "MARITAL", "CHECKUP1", "EDUCA", "HEALTH_COV", "MENTHLTH", "IYEAR", "STATE", "MEDCOST", "PRACE1", "SEX"]}