{"id_test": 0.8771563464681315, "id_test_conf": [0.8752947963550192, 0.8789998233223487], "id_test_balanced": 0.557597279548645, "id_test_balanced_conf": [0.5565981552097946, 0.5585964038874954], "ood_test": 0.832964776119403, "ood_test_conf": [0.8313600528630527, 0.8345602756811629], "ood_test_balanced": 0.5552845597267151, "ood_test_balanced_conf": [0.5545103056868538, 0.5560588137665764], "validation": 0.8794096769400928, "validation_conf": [0.8775627524866153, 0.88123841972652], "validation_balanced": 0.5611364841461182, "validation_balanced_conf": [0.5601157413446345, 0.5621572269476018], "features": ["PHYSHLTH", "HIGH_BLOOD_PRESS", "CHOL_CHK_PAST_5_YEARS", "TOLDHI", "BMI5", "BMI5CAT", "SMOKE100", "SMOKDAY2", "CVDSTRK3", "MICHD", "FRUIT_ONCE_PER_DAY", "VEG_ONCE_PER_DAY", "DRNK_PER_WEEK", "RFBING5", "TOTINDA", "INCOME", "MARITAL", "CHECKUP1", "EDUCA", "HEALTH_COV", "MENTHLTH", "IYEAR", "STATE", "MEDCOST", "PRACE1", "SEX"]}