{"validation": 0.8747131749673969, "id_test": 0.872278257424435, "ood_test": 0.8274483582089552, "ood_validation": 0.8293500687757909, "train": 0.8748520731426732, "id_test_conf": [0.870385731226073, 0.8741529449908704], "id_test_balanced": 0.5158154964447021, "id_test_balanced_conf": [0.5152364482544363, 0.516394544634968], "ood_test_conf": [0.8258229293686399, 0.8290647163991282], "ood_test_balanced": 0.5158578157424927, "ood_test_balanced_conf": [0.5154179785534506, 0.5162976529315347], "features": ["PHYSHLTH", "HIGH_BLOOD_PRESS", "CHOL_CHK_PAST_5_YEARS", "TOLDHI", "BMI5", "BMI5CAT", "SMOKE100", "SMOKDAY2", "CVDSTRK3", "MICHD", "FRUIT_ONCE_PER_DAY", "VEG_ONCE_PER_DAY", "DRNK_PER_WEEK", "RFBING5", "TOTINDA", "INCOME", "MARITAL", "CHECKUP1", "EDUCA", "HEALTH_COV", "MENTHLTH", "IYEAR", "STATE", "MEDCOST", "PRACE1", "SEX"]}