{"validation": 0.8774617429057233, "id_test": 0.8754807930402628, "ood_test": 0.8295880597014925, "ood_validation": 0.8314133425034388, "train": 0.8780267614774218, "id_test_conf": [0.8736084987001804, 0.8773350947212747], "id_test_balanced": 0.5231643915176392, "id_test_balanced_conf": [0.5225205132097471, 0.5238082698255312], "ood_test_conf": [0.8279705891272844, 0.8311964002653033], "ood_test_balanced": 0.5215884447097778, "ood_test_balanced_conf": [0.5210989960690494, 0.5220778933505063], "features": ["PHYSHLTH", "HIGH_BLOOD_PRESS", "CHOL_CHK_PAST_5_YEARS", "TOLDHI", "BMI5", "BMI5CAT", "SMOKE100", "SMOKDAY2", "CVDSTRK3", "MICHD", "FRUIT_ONCE_PER_DAY", "VEG_ONCE_PER_DAY", "DRNK_PER_WEEK", "RFBING5", "TOTINDA", "INCOME", "MARITAL", "CHECKUP1", "EDUCA", "HEALTH_COV", "MENTHLTH", "IYEAR", "STATE", "MEDCOST", "PRACE1", "SEX"]}