{"validation": 0.878336662429635, "id_test": 0.8759265067599914, "ood_test": 0.8315653731343283, "ood_validation": 0.8331757221458047, "train": 0.8784239844247335, "id_test_conf": [0.8740570596926642, 0.8777779397288251], "id_test_balanced": 0.5522098541259766, "id_test_balanced_conf": [0.5512447926332242, 0.5531749156187289], "ood_test_conf": [0.8299553388189338, 0.8331662225813614], "ood_test_balanced": 0.546940803527832, "ood_test_balanced_conf": [0.5462176677724346, 0.5476639392832294], "features": ["PHYSHLTH", "HIGH_BLOOD_PRESS", "CHOL_CHK_PAST_5_YEARS", "TOLDHI", "BMI5", "BMI5CAT", "SMOKE100", "SMOKDAY2", "CVDSTRK3", "MICHD", "FRUIT_ONCE_PER_DAY", "VEG_ONCE_PER_DAY", "DRNK_PER_WEEK", "RFBING5", "TOTINDA", "INCOME", "MARITAL", "CHECKUP1", "EDUCA", "HEALTH_COV", "MENTHLTH", "IYEAR", "STATE", "MEDCOST", "PRACE1", "SEX"]}