{"validation": 0.1255839675124222, "id_test": 0.12736682239133665, "ood_test": 0.17438567164179106, "ood_validation": 0.17146664374140302, "0": 0.12486729142442085, "id_test_conf": [0.125494374724058, 0.129257125758945], "id_test_balanced": 0.5000526905059814, "id_test_balanced_conf": [0.5000095253628387, 0.5000958556491242], "ood_test_conf": [0.17276251358208697, 0.17601784947379617], "ood_test_balanced": 0.5001048445701599, "ood_test_balanced_conf": [0.500070013490622, 0.5001396756496979], "features": ["PHYSHLTH", "HIGH_BLOOD_PRESS", "CHOL_CHK_PAST_5_YEARS", "TOLDHI", "BMI5", "BMI5CAT", "SMOKE100", "SMOKDAY2", "CVDSTRK3", "MICHD", "FRUIT_ONCE_PER_DAY", "VEG_ONCE_PER_DAY", "DRNK_PER_WEEK", "RFBING5", "TOTINDA", "INCOME", "MARITAL", "CHECKUP1", "EDUCA", "HEALTH_COV", "MENTHLTH", "IYEAR", "STATE", "MEDCOST", "PRACE1", "SEX"]}