{"validation": 0.4384511750910633, "id_test": 0.4365733348540146, "ood_test": 0.37502418118777997, "ood_validation": 0.373510111155752, "train": 0.43727830105880877, "id_test_conf": [0.43397581851977746, 0.4391734730611197], "id_test_balanced": 0.5765175223350525, "id_test_balanced_conf": [0.5747678952757269, 0.5782671493943781], "ood_test_conf": [0.3724349285150988, 0.3776188266953925], "ood_test_balanced": 0.5373497009277344, "ood_test_balanced_conf": [0.5356090586772189, 0.5390903431782499], "features": ["Age", "Unit1", "Unit2", "HospAdmTime", "ICULOS"]}