{"validation": 0.12978896103896104, "id_test": 0.13206168831168832, "ood_test": 0.34615384615384615, "ood_validation": 0.3708609271523179, "33": 0.12676568342334857, "id_test_conf": [0.12613026248040646, 0.13816752320070566], "id_test_balanced": 0.5028823614120483, "id_test_balanced_conf": [0.5022139314073137, 0.5035507914167829], "ood_test_conf": [0.3207825457161485, 0.3721957706196028], "ood_test_balanced": 0.5015532374382019, "ood_test_balanced_conf": [0.49078555250540373, 0.512320922371], "features": ["AccredAgency", "HIGHDEG", "CONTROL", "region", "LOCALE", "CCSIZSET", "HBCU", "DISTANCEONLY", "poverty_rate", "unemp_rate", "CCBASIC"]}