{"validation": 0.8739448051948052, "id_test": 0.8728896103896104, "ood_test": 0.6767751479289941, "ood_validation": 0.6291390728476821, "train": 0.8750152197735298, "id_test_conf": [0.8668789980514626, 0.8787234409935091], "id_test_balanced": 0.4999535083770752, "id_test_balanced_conf": [0.4998683744072332, 0.5000386423469172], "ood_test_conf": [0.651110614783659, 0.7016688613710398], "ood_test_balanced": 0.4974198043346405, "ood_test_balanced_conf": [0.4913788366317749, 0.503460772037506], "features": ["AccredAgency", "HIGHDEG", "CONTROL", "region", "LOCALE", "CCSIZSET", "HBCU", "DISTANCEONLY", "poverty_rate", "unemp_rate", "CCBASIC"]}