{"validation": 0.8733766233766234, "id_test": 0.8715909090909091, "ood_test": 0.6568047337278107, "ood_validation": 0.6357615894039735, "train": 0.8745992126303828, "id_test_conf": [0.8655550430654431, 0.8774506159441577], "id_test_balanced": 0.4992096722126007, "id_test_balanced_conf": [0.4988589236914413, 0.4995604207337601], "ood_test_conf": [0.6308077910640879, 0.6821181297812341], "ood_test_balanced": 0.49536073207855225, "ood_test_balanced_conf": [0.4855147670954466, 0.5052066970616579], "features": ["AccredAgency", "HIGHDEG", "CONTROL", "region", "LOCALE", "CCSIZSET", "HBCU", "DISTANCEONLY", "poverty_rate", "unemp_rate", "CCBASIC"]}