{"id_test": 0.8846590909090909, "id_test_conf": [0.8788868612779142, 0.8902488888420912], "id_test_balanced": 0.5973301529884338, "id_test_balanced_conf": [0.5935396477254108, 0.6011206582514569], "ood_test": 0.7344674556213018, "ood_test_conf": [0.7100646261772461, 0.7578467560865269], "ood_test_balanced": 0.6962242126464844, "ood_test_balanced_conf": [0.679313094355166, 0.7131353309378028], "validation": 0.8892045454545454, "validation_conf": [0.8835292719165109, 0.8946952008871438], "validation_balanced": 0.6015563607215881, "validation_balanced_conf": [0.5977753488672897, 0.6053373725758866], "features": ["AccredAgency", "HIGHDEG", "CONTROL", "region", "LOCALE", "CCSIZSET", "HBCU", "DISTANCEONLY", "poverty_rate", "unemp_rate", "CCBASIC"]}