{"id_test": 0.882711038961039, "id_test_conf": [0.8768981212405365, 0.8883424612215168], "id_test_balanced": 0.5934844017028809, "id_test_balanced_conf": [0.5897193296300247, 0.597249473775737], "ood_test": 0.7381656804733728, "ood_test_conf": [0.7138602467632271, 0.7614313472394589], "ood_test_balanced": 0.6930206418037415, "ood_test_balanced_conf": [0.6762261186167597, 0.7098151649907232], "validation": 0.8885551948051948, "validation_conf": [0.8828658935873458, 0.8940601904270299], "validation_balanced": 0.599532961845398, "validation_balanced_conf": [0.5957728381827474, 0.6032930855080485], "features": ["AccredAgency", "HIGHDEG", "CONTROL", "region", "LOCALE", "CCSIZSET", "HBCU", "DISTANCEONLY", "poverty_rate", "unemp_rate", "CCBASIC"]}