{"validation": 0.27069805194805197, "id_test": 0.27516233766233766, "ood_test": 0.3742603550295858, "ood_validation": 0.36423841059602646, "train": 0.26691424164941757, "id_test_conf": [0.26728959115505774, 0.28314143239699924], "id_test_balanced": 0.5531764030456543, "id_test_balanced_conf": [0.5490679297409952, 0.5572848763503134], "ood_test_conf": [0.34839206240308396, 0.40067658080693264], "ood_test_balanced": 0.5036276578903198, "ood_test_balanced_conf": [0.48986665459349754, 0.5173886611871421], "features": ["AccredAgency", "HIGHDEG", "CONTROL", "region", "LOCALE", "CCSIZSET", "HBCU", "DISTANCEONLY", "poverty_rate", "unemp_rate", "CCBASIC"]}