{"validation": 0.8683441558441558, "id_test": 0.868262987012987, "ood_test": 0.6826923076923077, "ood_validation": 0.6556291390728477, "33": 0.8753219775654342, "id_test_conf": [0.8621633093711853, 0.8741881000801224], "id_test_balanced": 0.5210545063018799, "id_test_balanced_conf": [0.5187896691262722, 0.5233193434774875], "ood_test_conf": [0.6571361062032843, 0.7074518140074296], "ood_test_balanced": 0.6253167986869812, "ood_test_balanced_conf": [0.6079889415204525, 0.6426446558535099], "features": ["AccredAgency", "HIGHDEG", "CONTROL", "region", "LOCALE", "CCSIZSET", "HBCU", "DISTANCEONLY", "poverty_rate", "unemp_rate", "CCBASIC"]}