{"validation": 0.12613636363636363, "id_test": 0.1275974025974026, "ood_test": 0.3106508875739645, "ood_validation": 0.3576158940397351, "33": 0.12324470294972996, "id_test_conf": [0.12175384493193579, 0.13361750851743956], "id_test_balanced": 0.5003254413604736, "id_test_balanced_conf": [0.5001002648234134, 0.5005506178975339], "ood_test_conf": [0.286047893361511, 0.3360796970354022], "ood_test_balanced": 0.5, "ood_test_balanced_conf": [0.5, 0.5], "features": ["AccredAgency", "HIGHDEG", "CONTROL", "region", "LOCALE", "CCSIZSET", "HBCU", "DISTANCEONLY", "poverty_rate", "unemp_rate", "CCBASIC"]}