{"validation": 0.13628246753246753, "id_test": 0.1385551948051948, "ood_test": 0.36168639053254437, "ood_validation": 0.3708609271523179, "33": 0.13181346073950975, "id_test_conf": [0.13249998355208, 0.14478170665542642], "id_test_balanced": 0.505509614944458, "id_test_balanced_conf": [0.5043948912527412, 0.5066243386361748], "ood_test_conf": [0.3360286964918632, 0.3879468902772492], "ood_test_balanced": 0.5010474324226379, "ood_test_balanced_conf": [0.48828900391235946, 0.5138058609329164], "features": ["AccredAgency", "HIGHDEG", "CONTROL", "region", "LOCALE", "CCSIZSET", "HBCU", "DISTANCEONLY", "poverty_rate", "unemp_rate", "CCBASIC"]}