{"validation": 0.8531655844155844, "id_test": 0.8484577922077922, "ood_test": 0.6893491124260355, "ood_validation": 0.6423841059602649, "train": 0.8519521896180852, "id_test_conf": [0.8420032146052667, 0.8547472765787383], "id_test_balanced": 0.5864235758781433, "id_test_balanced_conf": [0.5821138206776232, 0.5907333310786634], "ood_test_conf": [0.6639203029645981, 0.7139521066384891], "ood_test_balanced": 0.5, "ood_test_balanced_conf": [0.5, 0.5], "features": ["AccredAgency", "HIGHDEG", "CONTROL", "region", "LOCALE", "CCSIZSET", "HBCU", "DISTANCEONLY", "poverty_rate", "unemp_rate", "CCBASIC"]}