{"validation": 0.8745941558441559, "id_test": 0.8732142857142857, "ood_test": 0.6893491124260355, "ood_validation": 0.6423841059602649, "train": 0.875573278136288, "id_test_conf": [0.8672100181486373, 0.8790416158798222], "id_test_balanced": 0.5045074820518494, "id_test_balanced_conf": [0.5035678316163831, 0.5054471324873157], "ood_test_conf": [0.6639203029645981, 0.7139521066384891], "ood_test_balanced": 0.5, "ood_test_balanced_conf": [0.5, 0.5], "features": ["AccredAgency", "HIGHDEG", "CONTROL", "region", "LOCALE", "CCSIZSET", "HBCU", "DISTANCEONLY", "poverty_rate", "unemp_rate", "CCBASIC"]}