{"id_test": 0.8737392079502121, "id_test_conf": [0.8718558623132385, 0.8756046446943948], "id_test_balanced": 0.524549663066864, "id_test_balanced_conf": [0.5238596650259569, 0.5252396611077711], "ood_test": 0.8276202985074627, "ood_test_conf": [0.8259955057950445, 0.8292360157998294], "ood_test_balanced": 0.5223117470741272, "ood_test_balanced_conf": [0.5217874111374841, 0.5228360830107703], "validation": 0.8761411096620829, "validation_conf": [0.874273036285329, 0.8779911586174199], "validation_balanced": 0.5272087454795837, "validation_balanced_conf": [0.5264936145825777, 0.5279238763765898], "features": ["IYEAR", "MEDCOST", "PRACE1", "SEX", "PHYSHLTH", "BMI5", "BMI5CAT", "SMOKE100", "SMOKDAY2", "FRUIT_ONCE_PER_DAY", "VEG_ONCE_PER_DAY", "DRNK_PER_WEEK", "RFBING5", "TOTINDA", "INCOME", "MARITAL", "CHECKUP1", "EDUCA", "MENTHLTH", "CHOL_CHK_PAST_5_YEARS"]}