{"validation": 0.7107483038116778, "id_test": 0.7108638592204962, "ood_test": 0.6657194029850746, "ood_validation": 0.6664803988995873, "train": 0.7120071727115057, "id_test_conf": [0.7083018665785179, 0.7134157555282612], "id_test_balanced": 0.6779379844665527, "id_test_balanced_conf": [0.6760857819998637, 0.6797901869332418], "ood_test_conf": [0.6636941011146404, 0.6677401160436447], "ood_test_balanced": 0.6560582518577576, "ood_test_balanced_conf": [0.6546201797807589, 0.6574963239347562], "features": ["IYEAR", "MEDCOST", "PRACE1", "SEX", "PHYSHLTH", "BMI5", "BMI5CAT", "SMOKE100", "SMOKDAY2", "FRUIT_ONCE_PER_DAY", "VEG_ONCE_PER_DAY", "DRNK_PER_WEEK", "RFBING5", "TOTINDA", "INCOME", "MARITAL", "CHECKUP1", "EDUCA", "MENTHLTH", "CHOL_CHK_PAST_5_YEARS"]}