{"validation": 0.12550968189246745, "id_test": 0.12726777489806362, "ood_test": 0.17423761194029852, "ood_validation": 0.17133768913342504, "0": 0.12476102138916603, "id_test_conf": [0.12539595317232388, 0.1291574570874789], "id_test_balanced": 0.5000236630439758, "id_test_balanced_conf": [0.5000043027359424, 0.5000430233520092], "ood_test_conf": [0.17261500037083197, 0.1758692473893119], "ood_test_balanced": 0.5000260472297668, "ood_test_balanced_conf": [0.5000105956694461, 0.5000414987900876], "features": ["IYEAR", "MEDCOST", "PRACE1", "SEX", "PHYSHLTH", "BMI5", "BMI5CAT", "SMOKE100", "SMOKDAY2", "FRUIT_ONCE_PER_DAY", "VEG_ONCE_PER_DAY", "DRNK_PER_WEEK", "RFBING5", "TOTINDA", "INCOME", "MARITAL", "CHECKUP1", "EDUCA", "MENTHLTH", "CHOL_CHK_PAST_5_YEARS"]}