{"validation": 0.8745315878963963, "id_test": 0.8725506380309358, "ood_test": 0.8259343283582089, "ood_validation": 0.828619325997249, "train": 0.8752296928795981, "id_test_conf": [0.8706598172995352, 0.8744236070314357], "id_test_balanced": 0.5092104077339172, "id_test_balanced_conf": [0.5087668794591446, 0.5096539360086899], "ood_test_conf": [0.8243033233131192, 0.8275563047540283], "ood_test_balanced": 0.5091754794120789, "ood_test_balanced_conf": [0.5088221744861221, 0.5095287843380356], "features": ["IYEAR", "MEDCOST", "PRACE1", "SEX", "PHYSHLTH", "BMI5", "BMI5CAT", "SMOKE100", "SMOKDAY2", "FRUIT_ONCE_PER_DAY", "VEG_ONCE_PER_DAY", "DRNK_PER_WEEK", "RFBING5", "TOTINDA", "INCOME", "MARITAL", "CHECKUP1", "EDUCA", "MENTHLTH", "CHOL_CHK_PAST_5_YEARS"]}