{"validation": 0.8742344454165772, "id_test": 0.8723195272132988, "ood_test": 0.8255474626865672, "ood_validation": 0.828619325997249, "train": 0.874946993950862, "id_test_conf": [0.8704272592383113, 0.874193954571681], "id_test_balanced": 0.501541018486023, "id_test_balanced_conf": [0.5013354139472358, 0.5017466230248101], "ood_test_conf": [0.8239150400482734, 0.827170867407438], "ood_test_balanced": 0.5017693042755127, "ood_test_balanced_conf": [0.501600710163475, 0.5019378983875504], "features": ["IYEAR", "MEDCOST", "PRACE1", "SEX", "PHYSHLTH", "BMI5", "BMI5CAT", "SMOKE100", "SMOKDAY2", "FRUIT_ONCE_PER_DAY", "VEG_ONCE_PER_DAY", "DRNK_PER_WEEK", "RFBING5", "TOTINDA", "INCOME", "MARITAL", "CHECKUP1", "EDUCA", "MENTHLTH", "CHOL_CHK_PAST_5_YEARS"]}