{"validation": 0.8759677765488552, "id_test": 0.8734750813014841, "ood_test": 0.8273910447761194, "ood_validation": 0.828447386519945, "train": 0.8763089011987879, "id_test_conf": [0.8715900698653851, 0.8753421965478234], "id_test_balanced": 0.5216550827026367, "id_test_balanced_conf": [0.5210026852891315, 0.5223074801161419], "ood_test_conf": [0.8257654040236015, 0.8290076164684601], "ood_test_balanced": 0.5192522406578064, "ood_test_balanced_conf": [0.518763792217942, 0.5197406890976708], "features": ["IYEAR", "MEDCOST", "PRACE1", "SEX", "PHYSHLTH", "BMI5", "BMI5CAT", "SMOKE100", "SMOKDAY2", "FRUIT_ONCE_PER_DAY", "VEG_ONCE_PER_DAY", "DRNK_PER_WEEK", "RFBING5", "TOTINDA", "INCOME", "MARITAL", "CHECKUP1", "EDUCA", "MENTHLTH", "CHOL_CHK_PAST_5_YEARS"]}