{"validation": 0.7777211994864023, "id_test": 0.7766513173396807, "ood_test": 0.36660524748831425, "ood_validation": 0.36360535234825475, "train": 0.7764956696401047, "id_test_conf": [0.7754951913895263, 0.7778042417743108], "id_test_balanced": 0.5081607699394226, "id_test_balanced_conf": [0.507931407991855, 0.5083901318869902], "ood_test_conf": [0.36556077306338, 0.3676506667604932], "ood_test_balanced": 0.5012972950935364, "ood_test_balanced_conf": [0.5011810239963234, 0.5014135661907494], "features": ["AGEP", "SEX", "RAC1P", "DEAR", "DEYE", "ANC", "NATIVITY", "DIS"]}