{"validation": 0.5779552339246098, "id_test": 0.5775507106884832, "ood_test": 0.5649602568601391, "ood_validation": 0.5650446762621594, "train": 0.5768615480465643, "id_test_conf": [0.5761812039019276, 0.5789193201897114], "id_test_balanced": 0.5927361845970154, "id_test_balanced_conf": [0.5917754474584944, 0.5936969217355363], "ood_test_conf": [0.5638849885705219, 0.5660350650403077], "ood_test_balanced": 0.5483413934707642, "ood_test_balanced_conf": [0.5475844857341144, 0.5490983012074139], "features": ["AGEP", "SEX", "RAC1P", "DEAR", "DEYE", "ANC", "NATIVITY", "DIS"]}