{"validation": 0.9137987012987013, "id_test": 0.9142045454545454, "ood_test": 0.7285502958579881, "ood_validation": 0.7218543046357616, "train": 0.9130646535979544, "id_test_conf": [0.9091201904635288, 0.9190921973443344], "id_test_balanced": 0.756757915019989, "id_test_balanced_conf": [0.7520938908867538, 0.7614219391532242], "ood_test_conf": [0.7039960078971649, 0.7521070241822257], "ood_test_balanced": 0.7004343271255493, "ood_test_balanced_conf": [0.683396990261972, 0.7174716639891267], "features": ["AccredAgency", "HIGHDEG", "CONTROL", "region", "LOCALE", "locale2", "CCBASIC", "HBCU", "DISTANCEONLY", "median_hh_inc", "poverty_rate", "unemp_rate", "TUITIONFEE_IN", "TUITIONFEE_OUT", "TUITIONFEE_PROG", "ADM_RATE", "ADM_RATE_ALL", "SATVRMID", "SATMTMID", "SATWRMID", "ACTCMMID", "ACTENMID", "ACTMTMID", "ACTWRMID", "NPT4_PROG", "COSTT4_A", "COSTT4_P", "loan_ever", "pell_ever", "PCIP30"]}