{"validation": 0.9668141592920354, "id_test": 0.9662938059678369, "ood_test": 0.949477724602869, "ood_validation": 0.9491749174917492, "15": 0.9536243914119243, "16": 0.9454480808628075, "17": 0.9553083601526832, "18": 0.9619606943353601, "19": 0.9725093433830083, "20": 0.9771350701732161, "21": 0.9829892886201025, "22": 0.9868142892973593, "23": 0.9865667499306133, "id_test_conf": [0.9654017402022098, 0.9671690666536906], "id_test_balanced": 0.5942086577415466, "id_test_balanced_conf": [0.5932215439132414, 0.5951957715698518], "ood_test_conf": [0.9484054076419453, 0.9505340783490086], "ood_test_balanced": 0.6319737434387207, "ood_test_balanced_conf": [0.6308514458523132, 0.6330960410251282], "features": ["ENG", "POBP", "OCCP", "DIS", "ESP", "MIG", "MIL", "ANC", "NATIVITY", "DEAR", "DEYE", "DREM", "DPHY", "FER", "AGEP", "SEX", "ST", "MAR", "CIT", "RAC1P", "SCHL", "DIVISION", "RELP"]}