{"validation": 0.037641605314692246, "id_test": 0.03744926099216063, "ood_test": 0.06686591977312038, "ood_validation": 0.06892189218921892, "15": 0.04984914997206481, "16": 0.08091360073142238, "17": 0.04619788937953746, "18": 0.042032528217301905, "19": 0.029750269746204008, "20": 0.025326727452638642, "21": 0.01909091671629522, "22": 0.015013078218495826, "23": 0.01520954759922287, "id_test_conf": [0.03652812675241746, 0.03838706159540972], "id_test_balanced": 0.5018761157989502, "id_test_balanced_conf": [0.5017269565383322, 0.5020252750595682], "ood_test_conf": [0.06566018132172348, 0.06808703380134824], "ood_test_balanced": 0.5080936551094055, "ood_test_balanced_conf": [0.5077879069850314, 0.5083994032337796], "features": ["ENG", "POBP", "OCCP", "DIS", "ESP", "MIG", "MIL", "ANC", "NATIVITY", "DEAR", "DEYE", "DREM", "DPHY", "FER", "AGEP", "SEX", "ST", "MAR", "CIT", "RAC1P", "SCHL", "DIVISION", "RELP"]}