{"validation": 0.6502689571403782, "id_test": 0.6519629411582437, "ood_test": 0.6389729296929914, "ood_validation": 0.6375137513751375, "train": 0.6520806188483509, "id_test_conf": [0.6496329601188515, 0.6542874612732916], "id_test_balanced": 0.7120394706726074, "id_test_balanced_conf": [0.7104931032075547, 0.7135858381376602], "ood_test_conf": [0.6366401243109119, 0.6413008096462698], "ood_test_balanced": 0.7457241415977478, "ood_test_balanced_conf": [0.7442889213538728, 0.7471593618416228], "features": ["ENG", "POBP", "OCCP", "DIS", "ESP", "MIG", "MIL", "ANC", "NATIVITY", "DEAR", "DEYE", "DREM", "DPHY", "FER", "AGEP", "SEX", "ST", "MAR", "CIT", "RAC1P", "SCHL", "DIVISION", "RELP"]}