{"validation": 0.7048102426811432, "id_test": 0.7055929104824467, "ood_test": 0.6554510393555446, "ood_validation": 0.6553905390539054, "train": 0.7056403447479848, "id_test_conf": [0.7033623379340654, 0.7078160942773654], "id_test_balanced": 0.7160131335258484, "id_test_balanced_conf": [0.7144578392081894, 0.7175684278435074], "ood_test_conf": [0.653142544238042, 0.6577540249307214], "ood_test_balanced": 0.7383087873458862, "ood_test_balanced_conf": [0.7368363395961933, 0.7397812350955791], "features": ["ENG", "POBP", "OCCP", "DIS", "ESP", "MIG", "MIL", "ANC", "NATIVITY", "DEAR", "DEYE", "DREM", "DPHY", "FER", "AGEP", "SEX", "ST", "MAR", "CIT", "RAC1P", "SCHL", "DIVISION", "RELP"]}