{"validation": 0.7194045759896879, "id_test": 0.71982152263502, "ood_test": 0.6917750029032278, "ood_validation": 0.6919691969196919, "train": 0.7205491612919218, "id_test_conf": [0.7176233326839452, 0.7220118122571211], "id_test_balanced": 0.7171000242233276, "id_test_balanced_conf": [0.7155460864002816, 0.7186539620463737], "ood_test_conf": [0.689531088245367, 0.6940121202660716], "ood_test_balanced": 0.7471339702606201, "ood_test_balanced_conf": [0.7456597699061968, 0.7486081706150435], "features": ["ENG", "POBP", "OCCP", "DIS", "ESP", "MIG", "MIL", "ANC", "NATIVITY", "DEAR", "DEYE", "DREM", "DPHY", "FER", "AGEP", "SEX", "ST", "MAR", "CIT", "RAC1P", "SCHL", "DIVISION", "RELP"]}