{"validation": 0.8770357700602365, "id_test": 0.876429213274254, "ood_test": 0.8599360678682973, "ood_validation": 0.8567656765676568, "15": 0.8225460930640913, "16": 0.8517176574166568, "17": 0.8238810717760646, "18": 0.8348173707387241, "19": 0.8999984362538899, "20": 0.9283887380462434, "21": 0.964703612679187, "22": 0.9734494249166935, "23": 0.9772966971967805, "id_test_conf": [0.8748136665876045, 0.8780312219676196], "id_test_balanced": 0.6794217228889465, "id_test_balanced_conf": [0.6779860365996138, 0.6808574091782793], "ood_test_conf": [0.8582449749802054, 0.8616143955248164], "ood_test_balanced": 0.7139790654182434, "ood_test_balanced_conf": [0.7125345540419221, 0.7154235767945647], "features": ["ENG", "POBP", "OCCP", "DIS", "ESP", "MIG", "MIL", "ANC", "NATIVITY", "DEAR", "DEYE", "DREM", "DPHY", "FER", "AGEP", "SEX", "ST", "MAR", "CIT", "RAC1P", "SCHL", "DIVISION", "RELP"]}