{"validation": 0.9722614709600654, "id_test": 0.9716977039630651, "ood_test": 0.960375524873022, "ood_validation": 0.961001100110011, "15": 0.9641152526139357, "16": 0.9555390007280362, "17": 0.9635225656762219, "18": 0.9680012707713759, "19": 0.9758948537115514, "20": 0.9784498549970383, "21": 0.9835345037284325, "22": 0.9873517503314343, "23": 0.9867332778240355, "id_test_conf": [0.9708769489348634, 0.9725014522102418], "id_test_balanced": 0.5817117094993591, "id_test_balanced_conf": [0.5808096223848406, 0.5826137966138777], "ood_test_conf": [0.9594190316052863, 0.961315660275074], "ood_test_balanced": 0.6153891682624817, "ood_test_balanced_conf": [0.6143683624849655, 0.6164099740399979], "features": ["ENG", "POBP", "OCCP", "DIS", "ESP", "MIG", "MIL", "ANC", "NATIVITY", "DEAR", "DEYE", "DREM", "DPHY", "FER", "AGEP", "SEX", "ST", "MAR", "CIT", "RAC1P", "SCHL", "DIVISION", "RELP"]}