{"validation": 0.16379737735802286, "id_test": 0.16341214017909708, "ood_test": 0.3967765003575554, "ood_validation": 0.3954345434543454, "15": 0.2288801979407774, "16": 0.3261094085975992, "17": 0.19669186438140857, "18": 0.186728381443208, "19": 0.13223037107695196, "20": 0.10087207212142586, "21": 0.07816707068504182, "22": 0.0818015693862195, "23": 0.06278101582014987, "id_test_conf": [0.1616110800146749, 0.1652253020793962], "id_test_balanced": 0.5665320158004761, "id_test_balanced_conf": [0.5656966064998414, 0.5673674251011107], "ood_test_conf": [0.39440471434512364, 0.3991519446642716], "ood_test_balanced": 0.6819515824317932, "ood_test_balanced_conf": [0.680785535783507, 0.6831176290800794], "features": ["ENG", "POBP", "OCCP", "DIS", "ESP", "MIG", "MIL", "ANC", "NATIVITY", "DEAR", "DEYE", "DREM", "DPHY", "FER", "AGEP", "SEX", "ST", "MAR", "CIT", "RAC1P", "SCHL", "DIVISION", "RELP"]}