{"validation": 0.9721871049304678, "id_test": 0.9716605211786943, "ood_test": 0.9603327404636608, "ood_validation": 0.9608360836083608, "15": 0.9640801340889137, "16": 0.9555220696544368, "17": 0.9635225656762219, "18": 0.9679792087683224, "19": 0.9758792162504496, "20": 0.9784224636465421, "21": 0.983526115803689, "22": 0.9873517503314343, "23": 0.9867332778240355, "id_test_conf": [0.9708392510303462, 0.972464785941176], "id_test_balanced": 0.5818693041801453, "id_test_balanced_conf": [0.5809662352898158, 0.5827723730704747], "ood_test_conf": [0.9593757588843138, 0.961273365733535], "ood_test_balanced": 0.6156471371650696, "ood_test_balanced_conf": [0.6146251923427917, 0.6166690819873475], "features": ["ENG", "POBP", "OCCP", "DIS", "ESP", "MIG", "MIL", "ANC", "NATIVITY", "DEAR", "DEYE", "DREM", "DPHY", "FER", "AGEP", "SEX", "ST", "MAR", "CIT", "RAC1P", "SCHL", "DIVISION", "RELP"]}