{"validation": 0.9722428794526661, "id_test": 0.9716419297865089, "ood_test": 0.9603449645806211, "ood_validation": 0.9609460946094609, "train": 0.9713598272231923, "id_test_conf": [0.9708204022164952, 0.972446452668192], "id_test_balanced": 0.5818596482276917, "id_test_balanced_conf": [0.5809565159049817, 0.5827627805504016], "ood_test_conf": [0.9593881224884298, 0.9612854499187142], "ood_test_balanced": 0.6155974864959717, "ood_test_balanced_conf": [0.614575780229643, 0.6166191927623004], "features": ["ENG", "POBP", "OCCP", "DIS", "ESP", "MIG", "MIL", "ANC", "NATIVITY", "DEAR", "DEYE", "DREM", "DPHY", "FER", "AGEP", "SEX", "ST", "MAR", "CIT", "RAC1P", "SCHL", "DIVISION", "RELP"]}