{"validation": 0.9239550430287433, "id_test": 0.9250767164604639, "ood_test": 0.4627492130115425, "ood_validation": 0.5707547169811321, "train": 0.9241828704550378, "id_test_conf": [0.9240708037447171, 0.9260733755058048], "id_test_balanced": 0.8814713954925537, "id_test_balanced_conf": [0.8806571253179573, 0.8822856656671502], "ood_test_conf": [0.440174313073484, 0.48543890678892665], "ood_test_balanced": 0.5226004123687744, "ood_test_balanced_conf": [0.5173570776451379, 0.5278437470924109], "features": ["school_id", "Average_confidence(BORED)", "Average_confidence(CONCENTRATING)", "Average_confidence(CONFUSED)", "Average_confidence(FRUSTRATED)", "attempt_count", "hint_count", "skill_id", "problem_type", "bottom_hint", "tutor_mode", "position", "type", "first_action", "overlap_time"]}