{"validation": 0.9239550430287433, "id_test": 0.9252417787714863, "ood_test": 0.45697796432318993, "ood_validation": 0.5566037735849056, "train": 0.9241514523152355, "id_test_conf": [0.9242368766685155, 0.9262374235874631], "id_test_balanced": 0.8786093592643738, "id_test_balanced_conf": [0.8777933885087259, 0.8794253300200217], "ood_test_conf": [0.43443279616499797, 0.4796557131499382], "ood_test_balanced": 0.5181564092636108, "ood_test_balanced_conf": [0.5139572454523296, 0.5223555730748921], "features": ["school_id", "Average_confidence(BORED)", "Average_confidence(CONCENTRATING)", "Average_confidence(CONFUSED)", "Average_confidence(FRUSTRATED)", "attempt_count", "hint_count", "skill_id", "problem_type", "bottom_hint", "tutor_mode", "position", "type", "first_action", "overlap_time"]}