{"validation": 0.9254706151572218, "id_test": 0.9267048310737304, "ood_test": 0.48163693599160545, "ood_validation": 0.5707547169811321, "train": 0.9255704268083953, "id_test_conf": [0.9257089493069233, 0.9276914234930794], "id_test_balanced": 0.8815771341323853, "id_test_balanced_conf": [0.8807671504351311, 0.8823871178296394], "ood_test_conf": [0.4589857557559857, 0.5043447029397341], "ood_test_balanced": 0.5400372743606567, "ood_test_balanced_conf": [0.5339448794256896, 0.5461296692956239], "features": ["school_id", "Average_confidence(BORED)", "Average_confidence(CONCENTRATING)", "Average_confidence(CONFUSED)", "Average_confidence(FRUSTRATED)", "attempt_count", "hint_count", "skill_id", "problem_type", "bottom_hint", "tutor_mode", "position", "type", "first_action", "overlap_time"]}