{"validation": 0.924071336929691, "id_test": 0.925178004696773, "ood_test": 0.4527806925498426, "ood_validation": 0.5518867924528302, "train": 0.9242602434858942, "id_test_conf": [0.9241727119615281, 0.9261740415423543], "id_test_balanced": 0.878632664680481, "id_test_balanced_conf": [0.8778165370551869, 0.879448792305775], "ood_test_conf": [0.43025904421898586, 0.47544785792931754], "ood_test_balanced": 0.5144320130348206, "ood_test_balanced_conf": [0.5106737832166255, 0.5181902428530156], "features": ["school_id", "Average_confidence(BORED)", "Average_confidence(CONCENTRATING)", "Average_confidence(CONFUSED)", "Average_confidence(FRUSTRATED)", "attempt_count", "hint_count", "skill_id", "problem_type", "bottom_hint", "tutor_mode", "position", "type", "first_action", "overlap_time"]}