{"id_test": 0.9378277799869451, "id_test_conf": [0.9369044804096963, 0.9387415461771507], "id_test_balanced": 0.9015680551528931, "id_test_balanced_conf": [0.9008082168060355, 0.9023278934997506], "ood_test": 0.5813221406086044, "ood_test_conf": [0.5588007115994633, 0.6035929229358237], "ood_test_balanced": 0.6280853748321533, "ood_test_balanced_conf": [0.6181504228897393, 0.6380203267745673], "validation": 0.9369612028540775, "validation_conf": [0.9360319732351537, 0.9378809181205914], "validation_balanced": 0.9006339311599731, "validation_balanced_conf": [0.8998715867777355, 0.9013962755422108], "features": ["school_id", "Average_confidence(BORED)", "Average_confidence(CONCENTRATING)", "Average_confidence(CONFUSED)", "Average_confidence(FRUSTRATED)", "attempt_count", "hint_count", "skill_id", "problem_type", "bottom_hint", "tutor_mode", "position", "type", "first_action", "overlap_time"]}