{"id_test": 0.937602695017369, "id_test_conf": [0.936677850342977, 0.9385180112491821], "id_test_balanced": 0.9011641144752502, "id_test_balanced_conf": [0.9004031437006779, 0.9019250852498226], "ood_test": 0.5818467995802729, "ood_test_conf": [0.5593284520165969, 0.6041128827094999], "ood_test_balanced": 0.6286863088607788, "ood_test_balanced_conf": [0.6187817004136741, 0.6385909173078835], "validation": 0.9365748069896386, "validation_conf": [0.9356429493001549, 0.9374971588126788], "validation_balanced": 0.9000416994094849, "validation_balanced_conf": [0.8992775905574671, 0.9008058082615026], "features": ["school_id", "Average_confidence(BORED)", "Average_confidence(CONCENTRATING)", "Average_confidence(CONFUSED)", "Average_confidence(FRUSTRATED)", "attempt_count", "hint_count", "skill_id", "problem_type", "bottom_hint", "tutor_mode", "position", "type", "first_action", "overlap_time"]}