{"id_test": 0.9378953054778179, "id_test_conf": [0.9369724700948137, 0.9388086059903826], "id_test_balanced": 0.9016891717910767, "id_test_balanced_conf": [0.9009296742221341, 0.9024486693600192], "ood_test": 0.580797481636936, "ood_test_conf": [0.5582729968708784, 0.6030729374602706], "ood_test_balanced": 0.6276198625564575, "ood_test_balanced_conf": [0.6176962846331299, 0.6375434404797852], "validation": 0.9369799599348754, "validation_conf": [0.9360508581427083, 0.9378995469626715], "validation_balanced": 0.9006679058074951, "validation_balanced_conf": [0.8999056550336536, 0.9014301565813366], "features": ["school_id", "Average_confidence(BORED)", "Average_confidence(CONCENTRATING)", "Average_confidence(CONFUSED)", "Average_confidence(FRUSTRATED)", "attempt_count", "hint_count", "skill_id", "problem_type", "bottom_hint", "tutor_mode", "position", "type", "first_action", "overlap_time"]}