{"validation": 0.9141713496845059, "id_test": 0.9145427398843063, "ood_test": 0.5199370409233998, "ood_validation": 0.5943396226415094, "train": 0.9142205065729562, "id_test_conf": [0.9134750908239885, 0.915601365896984], "id_test_balanced": 0.8846156597137451, "id_test_balanced_conf": [0.8837830805126577, 0.8854482389148325], "ood_test_conf": [0.49722955355864484, 0.5425830911741883], "ood_test_balanced": 0.5703662037849426, "ood_test_balanced_conf": [0.5609868108853697, 0.5797455966845155], "features": ["school_id", "Average_confidence(BORED)", "Average_confidence(CONCENTRATING)", "Average_confidence(CONFUSED)", "Average_confidence(FRUSTRATED)", "attempt_count", "hint_count", "skill_id", "problem_type", "bottom_hint", "tutor_mode", "position", "type", "first_action", "overlap_time"]}