{"validation": 0.9232647824553769, "id_test": 0.9243714502224589, "ood_test": 0.46065057712486884, "ood_validation": 0.5613207547169812, "train": 0.9234016373071184, "id_test_conf": [0.9233612353428613, 0.9253724268832493], "id_test_balanced": 0.880276083946228, "id_test_balanced_conf": [0.8794590363802854, 0.8810931315121706], "ood_test_conf": [0.43808613981272115, 0.4833362761272839], "ood_test_balanced": 0.5212798714637756, "ood_test_balanced_conf": [0.5166225492581725, 0.5259371936693787], "features": ["school_id", "Average_confidence(BORED)", "Average_confidence(CONCENTRATING)", "Average_confidence(CONFUSED)", "Average_confidence(FRUSTRATED)", "attempt_count", "hint_count", "skill_id", "problem_type", "bottom_hint", "tutor_mode", "position", "type", "first_action", "overlap_time"]}