{"validation": 0.9206913109698911, "id_test": 0.9218767584763248, "ood_test": 0.4527806925498426, "ood_validation": 0.5518867924528302, "train": 0.9208867793405567, "id_test_conf": [0.9208515285831186, 0.922892804792944], "id_test_balanced": 0.8787966966629028, "id_test_balanced_conf": [0.8779721729177982, 0.8796212204080075], "ood_test_conf": [0.43025904421898586, 0.47544785792931754], "ood_test_balanced": 0.5144320130348206, "ood_test_balanced_conf": [0.5106737832166255, 0.5181902428530156], "features": ["school_id", "Average_confidence(BORED)", "Average_confidence(CONCENTRATING)", "Average_confidence(CONFUSED)", "Average_confidence(FRUSTRATED)", "attempt_count", "hint_count", "skill_id", "problem_type", "bottom_hint", "tutor_mode", "position", "type", "first_action", "overlap_time"]}