{"validation": 0.9188043486416122, "id_test": 0.9195696375381707, "ood_test": 0.4590766002098636, "ood_validation": 0.5518867924528302, "train": 0.9188342838492942, "id_test_conf": [0.9185307939246189, 0.9205993480909846], "id_test_balanced": 0.8817539215087891, "id_test_balanced_conf": [0.880927030572202, 0.8825808124453761], "ood_test_conf": [0.4365202714756758, 0.48175904158656435], "ood_test_balanced": 0.5181228518486023, "ood_test_balanced_conf": [0.5123211971763522, 0.5239245065208524], "features": ["school_id", "Average_confidence(BORED)", "Average_confidence(CONCENTRATING)", "Average_confidence(CONFUSED)", "Average_confidence(FRUSTRATED)", "attempt_count", "hint_count", "skill_id", "problem_type", "bottom_hint", "tutor_mode", "position", "type", "first_action", "overlap_time"]}