{"validation": 0.9239700486933817, "id_test": 0.9251705018644538, "ood_test": 0.4879328436516264, "ood_validation": 0.5754716981132075, "train": 0.924079706413896, "id_test_conf": [0.9241651631864068, 0.9261665848172287], "id_test_balanced": 0.881493866443634, "id_test_balanced_conf": [0.8806798527936917, 0.8823078800935764], "ood_test_conf": [0.4652633688688948, 0.5106395037733713], "ood_test_balanced": 0.5454884171485901, "ood_test_balanced_conf": [0.5389484844077379, 0.5520283498894423], "features": ["school_id", "Average_confidence(BORED)", "Average_confidence(CONCENTRATING)", "Average_confidence(CONFUSED)", "Average_confidence(FRUSTRATED)", "attempt_count", "hint_count", "skill_id", "problem_type", "bottom_hint", "tutor_mode", "position", "type", "first_action", "overlap_time"]}