{"validation": 0.9239250316994666, "id_test": 0.9251629990321346, "ood_test": 0.45487932843651624, "ood_validation": 0.5518867924528302, "train": 0.9241430116209604, "id_test_conf": [0.9241576144142192, 0.9261591280891677], "id_test_balanced": 0.8789710998535156, "id_test_balanced_conf": [0.8781551555660553, 0.879787044140976], "ood_test_conf": [0.43234572026297297, 0.47755198541216654], "ood_test_balanced": 0.5162942409515381, "ood_test_balanced_conf": [0.5123085636086762, 0.5202799182944], "features": ["school_id", "Average_confidence(BORED)", "Average_confidence(CONCENTRATING)", "Average_confidence(CONFUSED)", "Average_confidence(FRUSTRATED)", "attempt_count", "hint_count", "skill_id", "problem_type", "bottom_hint", "tutor_mode", "position", "type", "first_action", "overlap_time"]}