{"validation": 0.9244577327941298, "id_test": 0.9255156321511371, "ood_test": 0.4522560335781742, "ood_validation": 0.5518867924528302, "train": 0.9246578939717499, "id_test_conf": [0.9245124098838768, 0.9265095911309404], "id_test_balanced": 0.8794045448303223, "id_test_balanced_conf": [0.8785898370749783, 0.8802192525856662], "ood_test_conf": [0.4297374377405798, 0.4749217635443068], "ood_test_balanced": 0.5139665007591248, "ood_test_balanced_conf": [0.5102676123892889, 0.5176653891289607], "features": ["school_id", "Average_confidence(BORED)", "Average_confidence(CONCENTRATING)", "Average_confidence(CONFUSED)", "Average_confidence(FRUSTRATED)", "attempt_count", "hint_count", "skill_id", "problem_type", "bottom_hint", "tutor_mode", "position", "type", "first_action", "overlap_time"]}