{"validation": 0.9303061905869465, "id_test": 0.9312853102046023, "ood_test": 0.583420776495278, "ood_validation": 0.6745283018867925, "train": 0.9303605208095939, "id_test_conf": [0.9303184262344154, 0.9322428043991319], "id_test_balanced": 0.8882460594177246, "id_test_balanced_conf": [0.8874537350214087, 0.8890383838140405], "ood_test_conf": [0.560911827534833, 0.6056726076827481], "ood_test_balanced": 0.6303538084030151, "ood_test_balanced_conf": [0.6204989674501121, 0.6402086493559181], "features": ["school_id", "Average_confidence(BORED)", "Average_confidence(CONCENTRATING)", "Average_confidence(CONFUSED)", "Average_confidence(FRUSTRATED)", "attempt_count", "hint_count", "skill_id", "problem_type", "bottom_hint", "tutor_mode", "position", "type", "first_action", "overlap_time"]}