{"validation": 0.7683613063931635, "id_test": 0.7697530817883751, "ood_test": 0.44438614900314793, "ood_validation": 0.5471698113207547, "train": 0.7684656599731962, "id_test_conf": [0.7681501253412306, 0.7713501713269776], "id_test_balanced": 0.6222452521324158, "id_test_balanced_conf": [0.6214291812083684, 0.6230613230564631], "ood_test_conf": [0.4219163483901063, 0.46702734089063613], "ood_test_balanced": 0.50698322057724, "ood_test_balanced_conf": [0.5043489890405908, 0.5096174521138892], "features": ["school_id", "Average_confidence(BORED)", "Average_confidence(CONCENTRATING)", "Average_confidence(CONFUSED)", "Average_confidence(FRUSTRATED)", "attempt_count", "hint_count", "skill_id", "problem_type", "bottom_hint", "tutor_mode", "position", "type", "first_action", "overlap_time"]}