{"validation": 0.6951681802360535, "id_test": 0.6971888922640745, "ood_test": 0.6320164403050941, "ood_validation": 0.6320094842916419, "train": 0.6962233896543295, "id_test_conf": [0.6949166532974893, 0.6994538942799928], "id_test_balanced": 0.5286630988121033, "id_test_balanced_conf": [0.5280794848024379, 0.5292467128217686], "ood_test_conf": [0.628574228234781, 0.6354485599935542], "ood_test_balanced": 0.5379669666290283, "ood_test_balanced_conf": [0.5370105023344514, 0.5389234309236053], "features": ["DIVISION", "AGEP", "SEX", "RAC1P", "POBP", "FER", "ENG", "MAR", "CIT", "SCHL", "OCCP", "COW", "WKHP", "WKW", "WRK", "NWLA"]}