{"validation": 0.6901433408220738, "id_test": 0.6925058221952207, "ood_test": 0.6222154891912898, "ood_validation": 0.622525192649674, "train": 0.6912610560839412, "id_test_conf": [0.6902238986456208, 0.6947806807216893], "id_test_balanced": 0.5211303234100342, "id_test_balanced_conf": [0.5206268552434631, 0.5216337915766053], "ood_test_conf": [0.6187553239252148, 0.6256663114637435], "ood_test_balanced": 0.525557816028595, "ood_test_balanced_conf": [0.52476249302621, 0.5263531390309799], "features": ["DIVISION", "AGEP", "SEX", "RAC1P", "POBP", "FER", "ENG", "MAR", "CIT", "SCHL", "OCCP", "COW", "WKHP", "WKW", "WRK", "NWLA"]}