{"validation": 0.6890738221054963, "id_test": 0.6912527845281491, "ood_test": 0.6238753276863696, "ood_validation": 0.6235921754593954, "train": 0.690057059320968, "id_test_conf": [0.6889683164968312, 0.693530233537756], "id_test_balanced": 0.5191410779953003, "id_test_balanced_conf": [0.5186609572800808, 0.5196211987105198], "ood_test_conf": [0.6204180968068743, 0.6273230886619726], "ood_test_balanced": 0.5276432037353516, "ood_test_balanced_conf": [0.5268188199750148, 0.5284675874956883], "features": ["DIVISION", "AGEP", "SEX", "RAC1P", "POBP", "FER", "ENG", "MAR", "CIT", "SCHL", "OCCP", "COW", "WKHP", "WKW", "WRK", "NWLA"]}