{"validation": 0.6937442647849887, "id_test": 0.6957649858242203, "ood_test": 0.6305410283094677, "ood_validation": 0.6315352697095435, "train": 0.6947551780958023, "id_test_conf": [0.6934897729021214, 0.6980330140714248], "id_test_balanced": 0.5263606905937195, "id_test_balanced_conf": [0.5258002942043822, 0.5269210869830567], "ood_test_conf": [0.6270960168333866, 0.6339760602169237], "ood_test_balanced": 0.5361581444740295, "ood_test_balanced_conf": [0.5352200375217945, 0.5370962514262646], "features": ["DIVISION", "AGEP", "SEX", "RAC1P", "POBP", "FER", "ENG", "MAR", "CIT", "SCHL", "OCCP", "COW", "WKHP", "WKW", "WRK", "NWLA"]}