{"validation": 0.7570673670221182, "id_test": 0.7553222458485217, "ood_test": 0.7754080436300405, "ood_validation": 0.7726141078838175, "0": 0.8742060204363435, "2": 0.7607825243825929, "3": 0.7528845082407285, "4": 0.7321972264360025, "5": 0.7527814392869473, "6": 0.7436180808535604, "7": 0.7499884008404419, "8": 0.7568365829477859, "9": 0.7853539342023357, "id_test_conf": [0.7531947746942406, 0.7574403453321042], "id_test_balanced": 0.7866967916488647, "id_test_balanced_conf": [0.785301579895895, 0.7880920034018345], "ood_test_conf": [0.7724223190839269, 0.7783727054957585], "ood_test_balanced": 0.7943081855773926, "ood_test_balanced_conf": [0.7923290250264108, 0.7962873461283744], "features": ["DIVISION", "AGEP", "SEX", "RAC1P", "POBP", "FER", "ENG", "MAR", "CIT", "SCHL", "OCCP", "COW", "WKHP", "WKW", "WRK", "NWLA"]}