{"validation": 0.697978040059488, "id_test": 0.6943410793843662, "ood_test": 0.7407490350542082, "ood_validation": 0.7389448725548311, "0": 0.8465893399613367, "2": 0.6823361660868077, "3": 0.695716036751522, "4": 0.6756178119183638, "5": 0.7064581175658287, "6": 0.701212939844187, "7": 0.6899511509680327, "8": 0.694770323859881, "9": 0.7118866890265997, "id_test_conf": [0.6920629181683222, 0.6966121082008452], "id_test_balanced": 0.7590389847755432, "id_test_balanced_conf": [0.7576872997288592, 0.7603906698222272], "ood_test_conf": [0.7376158931759893, 0.7438637674800987], "ood_test_balanced": 0.7737588882446289, "ood_test_balanced_conf": [0.7718179060006514, 0.7756998704886064], "features": ["DIVISION", "AGEP", "SEX", "RAC1P", "POBP", "ST", "FER", "ENG", "CIT", "SCHL", "OCCP", "COW", "WKHP", "WKW", "WRK", "NWLA"]}