{"validation": 0.708325159003892, "id_test": 0.7049855710814095, "ood_test": 0.7415394343375795, "ood_validation": 0.7391819798458803, "0": 0.8267053300193317, "2": 0.7168539325842697, "3": 0.6946523901658276, "4": 0.6733585084293537, "5": 0.6983805668016194, "6": 0.6806925627276821, "7": 0.7074625678550834, "8": 0.7047980006609386, "9": 0.7441212267613093, "id_test_conf": [0.7027300756988517, 0.707233543266129], "id_test_balanced": 0.7645387053489685, "id_test_balanced_conf": [0.7631776180490851, 0.7658997926488519], "ood_test_conf": [0.7384093576626339, 0.7446510410691993], "ood_test_balanced": 0.7738655805587769, "ood_test_balanced_conf": [0.771917997924611, 0.7758131631929427], "features": ["DIVISION", "AGEP", "SEX", "RAC1P", "POBP", "FER", "ENG", "MAR", "CIT", "SCHL", "OCCP", "COW", "WKHP", "WKW", "WRK", "NWLA"]}