{"validation": 0.7726987944182514, "id_test": 0.7711244430943702, "ood_test": 0.7859993940272161, "ood_validation": 0.7825726141078838, "0": 0.87986743993372, "2": 0.7727998631152684, "3": 0.7715591032952784, "4": 0.7471946981678125, "5": 0.7698309951981923, "6": 0.7625967009127748, "7": 0.7705487396684629, "8": 0.7692291804362195, "9": 0.7950721433017754, "id_test_conf": [0.7690449364870511, 0.7731939975494724], "id_test_balanced": 0.7915596961975098, "id_test_balanced_conf": [0.7901575260492973, 0.7929618663457222], "ood_test_conf": [0.7830643817418937, 0.7889125325034365], "ood_test_balanced": 0.7991942167282104, "ood_test_balanced_conf": [0.7972055084630847, 0.8011829249933362], "features": ["DIVISION", "AGEP", "SEX", "RAC1P", "POBP", "FER", "ENG", "MAR", "CIT", "SCHL", "OCCP", "COW", "WKHP", "WKW", "WRK", "NWLA"]}