{"validation": 0.651457140144923, "id_test": 0.6478331308221952, "ood_test": 0.6866988973929997, "ood_validation": 0.6826318909306461, "0": 0.7888704777685722, "2": 0.6630753436377117, "3": 0.6354275352776118, "4": 0.6095278055707969, "5": 0.6425987822866648, "6": 0.6185311011965672, "7": 0.6420764484036242, "8": 0.6461810145406477, "9": 0.6939460945992401, "id_test_conf": [0.6454722035273721, 0.6501886329337614], "id_test_balanced": 0.7308372259140015, "id_test_balanced_conf": [0.729518495358061, 0.7321559564699419], "ood_test_conf": [0.683385632748182, 0.6899978878583689], "ood_test_balanced": 0.7345860004425049, "ood_test_balanced_conf": [0.7327045097853988, 0.736467491099611], "features": ["DIVISION", "AGEP", "SEX", "RAC1P", "POBP", "FER", "ENG", "MAR", "CIT", "SCHL", "OCCP", "COW", "WKHP", "WKW", "WRK", "NWLA"]}