{"validation": 0.7252159605100782, "id_test": 0.7217180538679627, "ood_test": 0.7466638563581036, "ood_validation": 0.7433313574392413, "0": 0.8286384976525821, "2": 0.7185592881993954, "3": 0.7244192996140483, "4": 0.6955534755618673, "5": 0.7240372846247999, "6": 0.7268770551075819, "7": 0.7192009173278188, "8": 0.7191630865829478, "9": 0.7451060548344839, "id_test_conf": [0.719501183722314, 0.7239267864482206], "id_test_balanced": 0.7725844383239746, "id_test_balanced_conf": [0.7712093671504409, 0.7739595094975084], "ood_test_conf": [0.743553975393011, 0.7497548751803755], "ood_test_balanced": 0.7769153118133545, "ood_test_balanced_conf": [0.7749584110081196, 0.7788722126185894], "features": ["DIVISION", "AGEP", "SEX", "RAC1P", "POBP", "ST", "FER", "ENG", "CIT", "SCHL", "OCCP", "COW", "WKHP", "WKW", "WRK", "NWLA"]}