{"validation": 0.8039553206974022, "id_test": 0.8039185905224787, "ood_test": 0.7980266364558496, "ood_validation": 0.790515708358032, "train": 0.8041757012569188, "id_test_conf": [0.8019522677066895, 0.8058737561030036], "id_test_balanced": 0.7631315588951111, "id_test_balanced_conf": [0.761703335265629, 0.7645597825245932], "ood_test_conf": [0.795152728785085, 0.8008777489855479], "ood_test_balanced": 0.7844142913818359, "ood_test_balanced_conf": [0.7823731110757217, 0.7864554716879502], "features": ["DIVISION", "AGEP", "SEX", "RAC1P", "POBP", "FER", "ENG", "MAR", "CIT", "SCHL", "OCCP", "COW", "WKHP", "WKW", "WRK", "NWLA"]}