{"validation": 0.8030060437300256, "id_test": 0.8032794147428108, "ood_test": 0.7981715429911344, "ood_validation": 0.7920569057498518, "train": 0.8035847777471021, "id_test_conf": [0.8013106953276924, 0.8052370004168503], "id_test_balanced": 0.7729649543762207, "id_test_balanced_conf": [0.7715344913327136, 0.7743954174197278], "ood_test_conf": [0.7952983952433004, 0.8010218844958359], "ood_test_balanced": 0.7889105081558228, "ood_test_balanced_conf": [0.7868704919936136, 0.7909505243180319], "features": ["DIVISION", "AGEP", "SEX", "RAC1P", "POBP", "FER", "ENG", "MAR", "CIT", "SCHL", "OCCP", "COW", "WKHP", "WKW", "WRK", "NWLA"]}