{"validation": 0.8005632376673101, "id_test": 0.8008745949777237, "ood_test": 0.7969464241019089, "ood_validation": 0.791108476585655, "train": 0.8008492844446308, "id_test_conf": [0.7988969302322875, 0.8028412143734521], "id_test_balanced": 0.7736091613769531, "id_test_balanced_conf": [0.772174392233137, 0.7750439305207693], "ood_test_conf": [0.7940668697037953, 0.7998032661185016], "ood_test_balanced": 0.7897443771362305, "ood_test_balanced_conf": [0.7877023062668741, 0.7917864480055868], "features": ["DIVISION", "AGEP", "SEX", "RAC1P", "POBP", "FER", "ENG", "MAR", "CIT", "SCHL", "OCCP", "COW", "WKHP", "WKW", "WRK", "NWLA"]}