{"validation": 0.8184096446539886, "id_test": 0.817594420818145, "ood_test": 0.8076168144274216, "ood_validation": 0.8075874333135744, "train": 0.8193300810126862, "id_test_conf": [0.8156813542450265, 0.8194958273988453], "id_test_balanced": 0.777326226234436, "id_test_balanced_conf": [0.7759296056209132, 0.7787228468479589], "ood_test_conf": [0.8047944675786041, 0.8104156312856146], "ood_test_balanced": 0.7874253988265991, "ood_test_balanced_conf": [0.7854284721892327, 0.7894223254639655], "features": ["DIVISION", "AGEP", "SEX", "RAC1P", "POBP", "FER", "ENG", "MAR", "CIT", "SCHL", "OCCP", "COW", "WKHP", "WKW", "WRK", "NWLA"]}