{"validation": 0.7998797582507989, "id_test": 0.7991342648845686, "ood_test": 0.8050875367206334, "ood_validation": 0.804742145820984, "train": 0.8015058661222049, "id_test_conf": [0.7971501964454706, 0.8011073519388996], "id_test_balanced": 0.8038276433944702, "id_test_balanced_conf": [0.8024439032049849, 0.8052113835839555], "ood_test_conf": [0.8022513381562243, 0.8079003991200959], "ood_test_balanced": 0.8094651699066162, "ood_test_balanced_conf": [0.8074926284560934, 0.811437711357139], "features": ["DIVISION", "AGEP", "SEX", "RAC1P", "POBP", "FER", "ENG", "MAR", "CIT", "SCHL", "OCCP", "COW", "WKHP", "WKW", "WRK", "NWLA"]}