{"validation": 0.7619972787393602, "id_test": 0.7610495139732685, "ood_test": 0.7820605709317491, "ood_validation": 0.7812685240071132, "0": 0.8674399337199669, "2": 0.7389665202760509, "3": 0.7643668263824873, "4": 0.7502393785839546, "5": 0.7740404230612309, "6": 0.7731297668263, "7": 0.7675064458186687, "8": 0.7598108063450099, "9": 0.7646446721730324, "id_test_conf": [0.7589389652769951, 0.7631504806247547], "id_test_balanced": 0.7929373979568481, "id_test_balanced_conf": [0.7915591488895006, 0.7943156470241957], "ood_test_conf": [0.7791063695679891, 0.7849932001588802], "ood_test_balanced": 0.7970842123031616, "ood_test_balanced_conf": [0.7950953840184957, 0.7990730405878276], "features": ["DIVISION", "AGEP", "SEX", "RAC1P", "POBP", "ST", "FER", "ENG", "CIT", "SCHL", "OCCP", "COW", "WKHP", "WKW", "WRK", "NWLA"]}