{"validation": 0.7758630509761731, "id_test": 0.7749341838801134, "ood_test": 0.7855778477427514, "ood_validation": 0.7861292234736218, "0": 0.8609500138083402, "2": 0.7815775965322534, "3": 0.7692444057254576, "4": 0.7454410483168189, "5": 0.7732165834981013, "6": 0.7677677267951919, "7": 0.7738097605270658, "8": 0.7761070720423001, "9": 0.8029693495489302, "id_test_conf": [0.772866851144219, 0.7769914244985968], "id_test_balanced": 0.7956913709640503, "id_test_balanced_conf": [0.7943002088437788, 0.7970825330843218], "ood_test_conf": [0.7826407628065004, 0.7884930911571754], "ood_test_balanced": 0.800745964050293, "ood_test_balanced_conf": [0.7987717813439668, 0.8027201467566192], "features": ["DIVISION", "AGEP", "SEX", "RAC1P", "POBP", "FER", "ENG", "MAR", "CIT", "SCHL", "OCCP", "COW", "WKHP", "WKW", "WRK", "NWLA"]}