{"validation": 0.7748758029301016, "id_test": 0.7733583940866747, "ood_test": 0.7885550183767833, "ood_validation": 0.791701244813278, "0": 0.8688207677437172, "2": 0.758906062852906, "3": 0.779891001549885, "4": 0.7581254236194042, "5": 0.7826044314722406, "6": 0.7734299319170999, "7": 0.7793972413884526, "8": 0.7803205551883675, "9": 0.7795750373955943, "id_test_conf": [0.7712859964431731, 0.7754207575062158], "id_test_balanced": 0.7963058948516846, "id_test_balanced_conf": [0.794919587133918, 0.7976922025694512], "ood_test_conf": [0.7856326699618947, 0.7914552972343301], "ood_test_balanced": 0.8010754585266113, "ood_test_balanced_conf": [0.799091290240176, 0.8030596268130467], "features": ["DIVISION", "AGEP", "SEX", "RAC1P", "POBP", "ST", "FER", "ENG", "CIT", "SCHL", "OCCP", "COW", "WKHP", "WKW", "WRK", "NWLA"]}