{"validation": 0.7940258836186438, "id_test": 0.7935019238558121, "ood_test": 0.7998577281289931, "ood_validation": 0.7989330171902786, "0": 0.863849765258216, "2": 0.7931500598870701, "3": 0.7922647568301305, "4": 0.7725419315968972, "5": 0.7939891096255846, "6": 0.7917945779269507, "7": 0.7978167067666183, "8": 0.7946856411103768, "9": 0.8130824189607276, "id_test_conf": [0.7914975258447848, 0.795495547482042], "id_test_balanced": 0.7960644960403442, "id_test_balanced_conf": [0.7946599282394163, 0.7974690638412721], "ood_test_conf": [0.7969934657011796, 0.8026990551228637], "ood_test_balanced": 0.8042353391647339, "ood_test_balanced_conf": [0.8022423181822523, 0.8062283601472154], "features": ["DIVISION", "AGEP", "SEX", "RAC1P", "POBP", "FER", "ENG", "MAR", "CIT", "SCHL", "OCCP", "COW", "WKHP", "WKW", "WRK", "NWLA"]}