{"validation": 0.7666993639844318, "id_test": 0.7672007897934386, "ood_test": 0.7832856898209746, "ood_validation": 0.7824540604623592, "0": 0.8123446561723281, "2": 0.7722523241886727, "3": 0.764463061073574, "4": 0.7352849412043163, "5": 0.7628244358660515, "6": 0.7544513118578855, "7": 0.7674335368157325, "8": 0.7688987111698612, "9": 0.7968095286761495, "id_test_conf": [0.765108997496996, 0.7692827740805235], "id_test_balanced": 0.7938439249992371, "id_test_balanced_conf": [0.7924575042212382, 0.795230345777236], "ood_test_conf": [0.7803374145934486, 0.7862122990834305], "ood_test_balanced": 0.8008562326431274, "ood_test_balanced_conf": [0.7988946193596348, 0.8028178459266201], "features": ["DIVISION", "AGEP", "SEX", "RAC1P", "POBP", "FER", "ENG", "MAR", "CIT", "SCHL", "OCCP", "COW", "WKHP", "WKW", "WRK", "NWLA"]}