{"validation": 0.7998924152770307, "id_test": 0.799589914945322, "ood_test": 0.8046264704720001, "ood_validation": 0.8039122703023118, "0": 0.864264015465341, "2": 0.8010950778531911, "3": 0.7970916863356868, "4": 0.7821601093072545, "5": 0.7989988387785205, "6": 0.8003356391469854, "7": 0.8044447979426405, "8": 0.8023277428949108, "9": 0.8158650228089898, "id_test_conf": [0.797607517477015, 0.8015613142818765], "id_test_balanced": 0.7943692207336426, "id_test_balanced_conf": [0.792961023596581, 0.7957774178707041], "ood_test_conf": [0.8017877666562295, 0.8074418734541053], "ood_test_balanced": 0.8049588203430176, "ood_test_balanced_conf": [0.8029656930314377, 0.8069519476545974], "features": ["DIVISION", "AGEP", "SEX", "RAC1P", "POBP", "FER", "ENG", "MAR", "CIT", "SCHL", "OCCP", "COW", "WKHP", "WKW", "WRK", "NWLA"]}