{"validation": 0.7774325222289024, "id_test": 0.777199777237748, "ood_test": 0.7858149675277628, "ood_validation": 0.7900414937759336, "0": 0.8606738470035902, "2": 0.7763474590771687, "3": 0.7765734371992666, "4": 0.7547687441500177, "5": 0.7736598876439758, "6": 0.7682725499024463, "7": 0.7809680989971698, "8": 0.7718109715796431, "9": 0.8011204742040081, "id_test_conf": [0.7751398002969253, 0.7792495788225822], "id_test_balanced": 0.7959802150726318, "id_test_balanced_conf": [0.7945871419948526, 0.7973732881504111], "ood_test_conf": [0.7828790478945937, 0.7887290274775497], "ood_test_balanced": 0.8001910448074341, "ood_test_balanced_conf": [0.798211132879369, 0.8021709567354992], "features": ["DIVISION", "AGEP", "SEX", "RAC1P", "POBP", "FER", "ENG", "MAR", "CIT", "SCHL", "OCCP", "COW", "WKHP", "WKW", "WRK", "NWLA"]}