{"validation": 0.8194854918836819, "id_test": 0.8185120494127177, "ood_test": 0.807550947820474, "ood_validation": 0.8055720213396562, "train": 0.8206313784339024, "id_test_conf": [0.8166026958403825, 0.820409709252886], "id_test_balanced": 0.7699356079101562, "id_test_balanced_conf": [0.768546419609338, 0.7713247962109745], "ood_test_conf": [0.8047282379062469, 0.8103501327918019], "ood_test_balanced": 0.7846161127090454, "ood_test_balanced_conf": [0.7826270197425038, 0.786605205675587], "features": ["DIVISION", "AGEP", "SEX", "RAC1P", "POBP", "FER", "ENG", "MAR", "CIT", "SCHL", "OCCP", "COW", "WKHP", "WKW", "WRK", "NWLA"]}