{"validation": 0.8199854444198336, "id_test": 0.8191955245038477, "ood_test": 0.8150202210483329, "ood_validation": 0.8169531713100178, "train": 0.8213971267036515, "id_test_conf": [0.81728894825041, 0.821090381894346], "id_test_balanced": 0.7857749462127686, "id_test_balanced_conf": [0.7843819345138036, 0.7871679579117336], "ood_test_conf": [0.8122394975265027, 0.8177768471504848], "ood_test_balanced": 0.800912082195282, "ood_test_balanced_conf": [0.7989337690826506, 0.8028903953079134], "features": ["DIVISION", "AGEP", "SEX", "RAC1P", "POBP", "FER", "ENG", "MAR", "CIT", "SCHL", "OCCP", "COW", "WKHP", "WKW", "WRK", "NWLA"]}