{"validation": 0.8172958263456, "id_test": 0.8164869380315918, "ood_test": 0.8049821501495172, "ood_validation": 0.8067575577949022, "train": 0.8180596350196935, "id_test_conf": [0.8145694142410529, 0.8183928425491295], "id_test_balanced": 0.7794251441955566, "id_test_balanced_conf": [0.7780252104951069, 0.7808250778960064], "ood_test_conf": [0.8021453784206636, 0.8077955937891879], "ood_test_balanced": 0.784272313117981, "ood_test_balanced_conf": [0.7822672084951773, 0.7862774177407846], "features": ["DIVISION", "AGEP", "SEX", "RAC1P", "POBP", "FER", "ENG", "MAR", "CIT", "SCHL", "OCCP", "COW", "WKHP", "WKW", "WRK", "NWLA"]}