{"validation": 0.8100496788279594, "id_test": 0.8100382239773187, "ood_test": 0.7992254087022961, "ood_validation": 0.8021339656194428, "train": 0.8112066626427966, "id_test_conf": [0.8080952585101903, 0.8119698072545639], "id_test_balanced": 0.7641968727111816, "id_test_balanced_conf": [0.762785650328733, 0.7656080950936303], "ood_test_conf": [0.796357805068943, 0.8020701253489335], "ood_test_balanced": 0.7753117084503174, "ood_test_balanced_conf": [0.7732966524735093, 0.7773267644271254], "features": ["DIVISION", "AGEP", "SEX", "RAC1P", "POBP", "FER", "ENG", "MAR", "CIT", "SCHL", "OCCP", "COW", "WKHP", "WKW", "WRK", "NWLA"]}