{"validation": 0.8105939309559219, "id_test": 0.8103293337383556, "ood_test": 0.8037702045816811, "ood_validation": 0.8028452874925904, "train": 0.8113348147292629, "id_test_conf": [0.8083874982108764, 0.8122597763741968], "id_test_balanced": 0.7780300378799438, "id_test_balanced_conf": [0.7766156347515062, 0.7794444410083815], "ood_test_conf": [0.8009268642349401, 0.8065903097087681], "ood_test_balanced": 0.7870132923126221, "ood_test_balanced_conf": [0.7849956666398793, 0.7890309179853648], "features": ["DIVISION", "AGEP", "SEX", "RAC1P", "POBP", "FER", "ENG", "MAR", "CIT", "SCHL", "OCCP", "COW", "WKHP", "WKW", "WRK", "NWLA"]}