{"validation": 0.8069170648356169, "id_test": 0.8066018631024706, "ood_test": 0.8057330294687199, "ood_validation": 0.8049792531120332, "train": 0.8081231019449848, "id_test_conf": [0.8046456893963043, 0.80854678094108], "id_test_balanced": 0.7904191017150879, "id_test_balanced_conf": [0.7890088216913864, 0.7918293817387894], "ood_test_conf": [0.802900348476587, 0.8085423248313282], "ood_test_balanced": 0.7940965294837952, "ood_test_balanced_conf": [0.7920828265789897, 0.7961102323886007], "features": ["DIVISION", "AGEP", "SEX", "RAC1P", "POBP", "ST", "FER", "ENG", "CIT", "SCHL", "OCCP", "COW", "WKHP", "WKW", "WRK", "NWLA"]}