{"validation": 0.8182134607473974, "id_test": 0.817607077764277, "ood_test": 0.8073665213210207, "ood_validation": 0.8045050385299348, "train": 0.8191734506847831, "id_test_conf": [0.8156940622821478, 0.8195084327886173], "id_test_balanced": 0.7705599665641785, "id_test_balanced_conf": [0.7691672769328579, 0.771952656195499], "ood_test_conf": [0.8045427954933908, 0.8101667363393293], "ood_test_balanced": 0.7850688099861145, "ood_test_balanced_conf": [0.7830769574828446, 0.7870606624893844], "features": ["DIVISION", "AGEP", "SEX", "RAC1P", "POBP", "FER", "ENG", "MAR", "CIT", "SCHL", "OCCP", "COW", "WKHP", "WKW", "WRK", "NWLA"]}