{"validation": 0.8173654399898744, "id_test": 0.8170754860267315, "ood_test": 0.8094479061005652, "ood_validation": 0.8110254890337878, "train": 0.8187684268065687, "id_test_conf": [0.8151603276718716, 0.8189790034692596], "id_test_balanced": 0.7837353944778442, "id_test_balanced_conf": [0.7823371421918273, 0.7851336467638612], "ood_test_conf": [0.8066357030760258, 0.8122364388037483], "ood_test_balanced": 0.7920933961868286, "ood_test_balanced_conf": [0.7900974034657702, 0.794089388907887], "features": ["DIVISION", "AGEP", "SEX", "RAC1P", "POBP", "FER", "ENG", "MAR", "CIT", "SCHL", "OCCP", "COW", "WKHP", "WKW", "WRK", "NWLA"]}