{"validation": 0.8200677150903395, "id_test": 0.8190309842041312, "ood_test": 0.7981451963483553, "ood_validation": 0.7957320687611144, "train": 0.8207935461976406, "id_test_conf": [0.8171237384154064, 0.8209265171799565], "id_test_balanced": 0.7692040205001831, "id_test_balanced_conf": [0.767817301270552, 0.7705907397298142], "ood_test_conf": [0.7952719103897734, 0.8009956780823645], "ood_test_balanced": 0.7681480050086975, "ood_test_balanced_conf": [0.7661581090977415, 0.7701379009196535], "features": ["DIVISION", "AGEP", "SEX", "RAC1P", "POBP", "ST", "FER", "ENG", "CIT", "SCHL", "OCCP", "COW", "WKHP", "WKW", "WRK", "NWLA"]}