{"validation": 0.8170237002816189, "id_test": 0.8166008505467801, "ood_test": 0.8086970267813623, "ood_validation": 0.8069946650859514, "train": 0.8189377141306661, "id_test_conf": [0.8146837840071399, 0.818506293625183], "id_test_balanced": 0.781679093837738, "id_test_balanced_conf": [0.7802794429589994, 0.7830787447164766], "ood_test_conf": [0.8058806522149841, 0.8114897885730108], "ood_test_balanced": 0.7912061214447021, "ood_test_balanced_conf": [0.789207573630847, 0.7932046692585573], "features": ["DIVISION", "AGEP", "SEX", "RAC1P", "POBP", "FER", "ENG", "MAR", "CIT", "SCHL", "OCCP", "COW", "WKHP", "WKW", "WRK", "NWLA"]}