{"validation": 0.3253108882068158, "id_test": 0.322334447144593, "ood_test": 0.40027137042062416, "ood_validation": 0.4037937166567872, "0": 0.3015741507870754, "2": 0.36994809787258315, "3": 0.3040965588500461, "4": 0.27927142841773445, "5": 0.32407102281643285, "6": 0.2604205040044752, "7": 0.3033080803059527, "8": 0.3068820224719101, "9": 0.37206990421153363, "id_test_conf": [0.3200301553439462, 0.324645259174109], "id_test_balanced": 0.4998228847980499, "id_test_balanced_conf": [0.49958404943550705, 0.5000617201605928], "ood_test_conf": [0.39678326817509585, 0.40376709640836184], "ood_test_balanced": 0.5012245774269104, "ood_test_balanced_conf": [0.5008595292107202, 0.5015896256431006], "features": ["DIVISION", "AGEP", "SEX", "RAC1P", "POBP", "FER", "ENG", "MAR", "CIT", "SCHL", "OCCP", "COW", "WKHP", "WKW", "WRK", "NWLA"]}