{"validation": 0.71875, "id_test": 0.6981786643538594, "ood_test": 0.633396559618026, "ood_validation": 0.6486168334314303, "1": 0.707800851970181, "id_test_conf": [0.6707668827266234, 0.7245753546337554], "id_test_balanced": 0.6990804076194763, "id_test_balanced_conf": [0.6804101241379976, 0.717750691100955], "ood_test_conf": [0.6257007846872642, 0.6410415473278488], "ood_test_balanced": 0.6257233619689941, "ood_test_balanced_conf": [0.6203589266166091, 0.6310877973213792], "features": ["SEX", "WHTLGSPK", "BORNUSA", "HWELLSPK", "OTHLGSPK", "HIDEG", "EDUCYR", "YRSINUS", "HISPNCAT", "RACETHX", "RACEWX", "RACEBX", "RACEAX", "RACEV2X", "RACEV1X", "HISPANX", "SICPAY31", "PAYDR31", "AGE31X", "INSCOV19"]}