{"validation": 0.7222328207867527, "id_test": 0.7193239049702396, "ood_test": 0.680940300339621, "ood_validation": 0.6855091143435831, "0": 0.4836792262744308, "1": 0.767415642979319, "2": 0.7263682832564519, "3": 0.7346748512528283, "4": 0.7968703501636742, "5": 0.6939899102364261, "7": 0.6752198983007058, "8": 0.7477593847499056, "9": 0.7356109792683473, "id_test_conf": [0.7161688080500996, 0.7224628121643502], "id_test_balanced": 0.6372407674789429, "id_test_balanced_conf": [0.6349568143393844, 0.6395247206185013], "ood_test_conf": [0.6767872111168877, 0.6850718911553397], "ood_test_balanced": 0.6222333908081055, "ood_test_balanced_conf": [0.6192659320915118, 0.6252008495246991], "features": ["AGEP", "SEX", "RAC1P", "POBP", "DIS", "ANC", "NATIVITY", "DEAR", "DEYE", "ST", "MAR", "DIVISION"]}