{"validation": 0.7002429190990372, "id_test": 0.6956173373353004, "ood_test": 0.6504971561847867, "ood_validation": 0.6516295341557724, "0": 0.4820672980052388, "1": 0.7361996579070129, "2": 0.708440344096746, "3": 0.7150863152602028, "4": 0.7735343715901201, "5": 0.6716833933548848, "7": 0.6860004932298334, "8": 0.7121082649390911, "9": 0.6899834325885461, "id_test_conf": [0.6923875179970734, 0.6988327177913312], "id_test_balanced": 0.6398216485977173, "id_test_balanced_conf": [0.6374912720825523, 0.6421520251128823], "ood_test_conf": [0.6462510163636428, 0.6547254160092504], "ood_test_balanced": 0.6400094032287598, "ood_test_balanced_conf": [0.6370026860293001, 0.6430161204282194], "features": ["AGEP", "SEX", "RAC1P", "POBP", "DIS", "ANC", "NATIVITY", "DEAR", "DEYE", "ST", "MAR", "DIVISION"]}