{"validation": 0.8179251402190088, "id_test": 0.8159815841684896, "ood_test": 0.781599083432219, "ood_validation": 0.7919351868900755, "train": 0.8159289559281292, "id_test_conf": [0.8132550757673985, 0.8186847579600813], "id_test_balanced": 0.552915632724762, "id_test_balanced_conf": [0.5516447026887908, 0.5541865627607331], "ood_test_conf": [0.7779094082573931, 0.7852552864329826], "ood_test_balanced": 0.5593816041946411, "ood_test_balanced_conf": [0.5575098478980363, 0.561253360491246], "features": ["AGEP", "SEX", "RAC1P", "POBP", "DIS", "ANC", "NATIVITY", "DEAR", "DEYE", "ST", "MAR", "DIVISION"]}