{"validation": 0.8180268864385007, "id_test": 0.8153583964999745, "ood_test": 0.7809853103645812, "ood_validation": 0.7915669305836862, "train": 0.8158876216578858, "id_test_conf": [0.8126283651433295, 0.8180651393626331], "id_test_balanced": 0.5482546091079712, "id_test_balanced_conf": [0.5470339757017791, 0.5494752425141632], "ood_test_conf": [0.7772919692455149, 0.7846452523896792], "ood_test_balanced": 0.5471603870391846, "ood_test_balanced_conf": [0.5454598281206563, 0.5488609459577128], "features": ["AGEP", "SEX", "RAC1P", "POBP", "DIS", "ANC", "NATIVITY", "DEAR", "DEYE", "ST", "MAR", "DIVISION"]}