{"validation": 0.6683073244559757, "id_test": 0.6648649336114362, "ood_test": 0.6495151192765661, "ood_validation": 0.6551279690664703, "train": 0.6662384860210677, "id_test_conf": [0.6615531293744938, 0.6681645696593934], "id_test_balanced": 0.6690740585327148, "id_test_balanced_conf": [0.6667485952889547, 0.671399521776475], "ood_test_conf": [0.6452662999155812, 0.6537461753496727], "ood_test_balanced": 0.6570214629173279, "ood_test_balanced_conf": [0.6540468221949414, 0.6599961036397144], "features": ["AGEP", "SEX", "RAC1P", "POBP", "DIS", "ANC", "NATIVITY", "DEAR", "DEYE", "ST", "MAR", "DIVISION"]}