{"validation": 0.6809874470601702, "id_test": 0.6789820420206543, "ood_test": 0.6473669135398339, "ood_validation": 0.6549438409132756, "train": 0.6794543240416013, "id_test_conf": [0.6757058521450429, 0.6822450213931632], "id_test_balanced": 0.6688898801803589, "id_test_balanced_conf": [0.6665652463492006, 0.6712145140115172], "ood_test_conf": [0.6431123012349649, 0.6516040178545686], "ood_test_balanced": 0.6551434993743896, "ood_test_balanced_conf": [0.6521650752983987, 0.6581219234503806], "features": ["AGEP", "SEX", "RAC1P", "POBP", "DIS", "ANC", "NATIVITY", "DEAR", "DEYE", "ST", "MAR", "DIVISION"]}