{"validation": 0.6850191410075419, "id_test": 0.6805972427125198, "ood_test": 0.6570031507017472, "ood_validation": 0.6637819922666176, "train": 0.6822904908921525, "id_test_conf": [0.6773253436342741, 0.683855812025353], "id_test_balanced": 0.6712624430656433, "id_test_balanced_conf": [0.6689418508810923, 0.6735830352501944], "ood_test_conf": [0.6527752626563226, 0.6612123855341496], "ood_test_balanced": 0.6559401750564575, "ood_test_balanced_conf": [0.6529621388763189, 0.6589182112365961], "features": ["AGEP", "SEX", "RAC1P", "POBP", "DIS", "ANC", "NATIVITY", "DEAR", "DEYE", "ST", "MAR", "DIVISION"]}