{"validation": 0.8177343660574612, "id_test": 0.8156127588136541, "ood_test": 0.7830312205900405, "ood_validation": 0.7930399558092432, "train": 0.8161101908053505, "id_test_conf": [0.8128841639923696, 0.8183180463184055], "id_test_balanced": 0.5568108558654785, "id_test_balanced_conf": [0.5554890897963196, 0.5581326219346374], "ood_test_conf": [0.779350145379886, 0.7866786531012531], "ood_test_balanced": 0.5524476170539856, "ood_test_balanced_conf": [0.5506984259211458, 0.5541968081868254], "features": ["AGEP", "SEX", "RAC1P", "POBP", "DIS", "ANC", "NATIVITY", "DEAR", "DEYE", "ST", "MAR", "DIVISION"]}