{"validation": 0.8175181553410407, "id_test": 0.8155237320038663, "ood_test": 0.7841360121117885, "ood_validation": 0.7924875713496594, "train": 0.8158192611340216, "id_test_conf": [0.8127946341748709, 0.8182295291042386], "id_test_balanced": 0.5500620603561401, "id_test_balanced_conf": [0.5488204865064472, 0.5513036342058331], "ood_test_conf": [0.7804616154841683, 0.7877766344881882], "ood_test_balanced": 0.5532894134521484, "ood_test_balanced_conf": [0.5515455744834616, 0.5550332524208352], "features": ["AGEP", "SEX", "RAC1P", "POBP", "DIS", "ANC", "NATIVITY", "DEAR", "DEYE", "ST", "MAR", "DIVISION"]}