{"validation": 0.8172383532374375, "id_test": 0.8148496718726154, "ood_test": 0.7839109619869881, "ood_validation": 0.7948812373411894, "train": 0.8154790482943255, "id_test_conf": [0.8121167732480812, 0.8175593196477939], "id_test_balanced": 0.5379377007484436, "id_test_balanced_conf": [0.5368557583633811, 0.5390196431335061], "ood_test_conf": [0.7802352017642709, 0.7875529747564949], "ood_test_balanced": 0.5390787124633789, "ood_test_balanced_conf": [0.5375754994386807, 0.5405819254880772], "features": ["AGEP", "SEX", "RAC1P", "POBP", "DIS", "ANC", "NATIVITY", "DEAR", "DEYE", "ST", "MAR", "DIVISION"]}