{"validation": 0.8176199015605327, "id_test": 0.8148623899882993, "ood_test": 0.7811899013871272, "ood_validation": 0.7935923402688271, "train": 0.8157445414916584, "id_test_conf": [0.8121295629513143, 0.8175719652348217], "id_test_balanced": 0.5616411566734314, "id_test_balanced_conf": [0.5602570555126295, 0.5630252578342333], "ood_test_conf": [0.7774977809364801, 0.7848485983839067], "ood_test_balanced": 0.5653005242347717, "ood_test_balanced_conf": [0.5633456400316209, 0.5672554084379225], "features": ["AGEP", "SEX", "RAC1P", "POBP", "DIS", "ANC", "NATIVITY", "DEAR", "DEYE", "ST", "MAR", "DIVISION"]}