{"validation": 0.8176071832830961, "id_test": 0.8152566515745027, "ood_test": 0.7849952944064814, "ood_validation": 0.7937764684220218, "train": 0.8158383384895186, "id_test_conf": [0.8125260461457713, 0.8179639760382229], "id_test_balanced": 0.5428978204727173, "id_test_balanced_conf": [0.5417486195708625, 0.5440470213745721], "ood_test_conf": [0.7813261190735199, 0.7886305931670303], "ood_test_balanced": 0.5415445566177368, "ood_test_balanced_conf": [0.5400160638499074, 0.5430730493855662], "features": ["AGEP", "SEX", "RAC1P", "POBP", "DIS", "ANC", "NATIVITY", "DEAR", "DEYE", "ST", "MAR", "DIVISION"]}