{"validation": 0.47626133516476526, "id_test": 0.47470366790456325, "ood_test": 0.4507549408731945, "ood_validation": 0.44853618118210276, "0": 0.4849889179931493, "1": 0.4973954283937179, "2": 0.472360054856003, "3": 0.4507772563479427, "4": 0.48740204344807064, "5": 0.45319470786525484, "7": 0.48820358648550255, "8": 0.4482820293714354, "9": 0.5252764966641293, "id_test_conf": [0.4712079141766724, 0.47820128841916143], "id_test_balanced": 0.4636244773864746, "id_test_balanced_conf": [0.4611613353015855, 0.46608761947136373], "ood_test_conf": [0.44633666783394665, 0.4551790637519193], "ood_test_balanced": 0.4670845866203308, "ood_test_balanced_conf": [0.46396232802420856, 0.47020684521645306], "features": ["AGEP", "SEX", "RAC1P", "POBP", "DIS", "ANC", "NATIVITY", "DEAR", "DEYE", "ST", "MAR", "DIVISION"]}