{"validation": 0.5286458333333334, "id_test": 0.5368603642671292, "ood_test": 0.5730263588200667, "ood_validation": 0.5656268393172454, "train": 0.5285822757348954, "id_test_conf": [0.5075817189167227, 0.5659505196756538], "id_test_balanced": 0.5247175693511963, "id_test_balanced_conf": [0.5160193443857133, 0.5334157943166793], "ood_test_conf": [0.5651398283932955, 0.5808850904210878], "ood_test_balanced": 0.5246903896331787, "ood_test_balanced_conf": [0.5222971128392965, 0.527083666427061], "features": ["SEX", "WHTLGSPK", "BORNUSA", "HWELLSPK", "OTHLGSPK", "HIDEG", "EDUCYR", "YRSINUS", "HISPNCAT", "RACETHX", "RACEWX", "RACEBX", "RACEAX", "RACEV2X", "RACEV1X", "HISPANX", "SICPAY31", "REGION31", "AGE31X", "INSCOV19"]}