{"validation": 0.7770043192533264, "id_test": 0.7761700700105035, "ood_test": 0.3692633488898697, "ood_validation": 0.3658391654562261, "train": 0.7759869643649209, "id_test_conf": [0.7750130625999022, 0.7773238814775663], "id_test_balanced": 0.5024147629737854, "id_test_balanced_conf": [0.5022845360540669, 0.5025449898935039], "ood_test_conf": [0.3682172874398907, 0.37031033635843413], "ood_test_balanced": 0.5017057657241821, "ood_test_balanced_conf": [0.5015254416558309, 0.5018860897925334], "features": ["AGEP", "SEX", "RAC1P", "DIS", "DEAR", "DEYE", "DREM", "ANC", "NATIVITY"]}