{"validation": 0.7770881882499536, "id_test": 0.7762120044250792, "ood_test": 0.37040288454131853, "ood_validation": 0.36710462608389455, "train": 0.7760952951251907, "id_test_conf": [0.7750550737340849, 0.7773657386870135], "id_test_balanced": 0.5, "id_test_balanced_conf": [0.5, 0.5], "ood_test_conf": [0.3693561531680003, 0.37145053386135035], "ood_test_balanced": 0.501724362373352, "ood_test_balanced_conf": [0.50151975350047, 0.5019289712462341], "features": ["AGEP", "SEX", "RAC1P", "DIS", "DEAR", "DEYE", "DREM", "ANC", "NATIVITY"]}