{"id_test": 0.7762080106713101, "id_test_conf": [0.775051072672962, 0.777361752286835], "id_test_balanced": 0.5000958442687988, "id_test_balanced_conf": [0.5000695172942141, 0.5001221712433835], "ood_test": 0.3639275832429571, "ood_test_conf": [0.36288474211431804, 0.3649713881861462], "ood_test_balanced": 0.5000959038734436, "ood_test_balanced_conf": [0.5000662370727877, 0.5001255706740995], "validation": 0.7770941788925698, "validation_conf": [0.7759388648997554, 0.7782462862358874], "validation_balanced": 0.5000964999198914, "validation_balanced_conf": [0.5000714754571527, 0.50012152438263], "features": ["AGEP", "SEX", "RAC1P", "DIS", "DEAR", "DEYE", "DREM", "ANC", "NATIVITY"]}