{"validation": 0.7769583909932685, "id_test": 0.7759364354150109, "ood_test": 0.3660636012505548, "ood_validation": 0.36287908798802765, "train": 0.7758122373322277, "id_test_conf": [0.7747790008743118, 0.7770906767172393], "id_test_balanced": 0.5067191123962402, "id_test_balanced_conf": [0.5065005316145834, 0.506937693177897], "ood_test_conf": [0.36501945440758476, 0.3671086967775289], "ood_test_balanced": 0.49957001209259033, "ood_test_balanced_conf": [0.4994164657584042, 0.49972355842677646], "features": ["AGEP", "SEX", "RAC1P", "DIS", "DEAR", "DEYE", "DREM", "ANC", "NATIVITY"]}