{"validation": 0.7770881882499536, "id_test": 0.7762120044250792, "ood_test": 0.3639520367977092, "ood_validation": 0.3604472027818126, "train": 0.7760952951251907, "id_test_conf": [0.7750550737340849, 0.7773657386870135], "id_test_balanced": 0.5, "id_test_balanced_conf": [0.5, 0.5], "ood_test_conf": [0.36290918059555755, 0.3649958566411866], "ood_test_balanced": 0.5000625252723694, "ood_test_balanced_conf": [0.5000254084202607, 0.5000996421244781], "features": ["AGEP", "SEX", "RAC1P", "DIS", "DEAR", "DEYE", "DREM", "ANC", "NATIVITY"]}