{"validation": 0.7769424159462919, "id_test": 0.7761121605808515, "ood_test": 0.3728250091395161, "ood_validation": 0.36916237510453803, "train": 0.7759420345565141, "id_test_conf": [0.7749550472517684, 0.7772660786368861], "id_test_balanced": 0.5046318769454956, "id_test_balanced_conf": [0.5044516282030963, 0.5048121256878949], "ood_test_conf": [0.37177687455687664, 0.3738740445118327], "ood_test_balanced": 0.5005154609680176, "ood_test_balanced_conf": [0.5002478661370696, 0.5007830557989655], "features": ["AGEP", "SEX", "RAC1P", "DIS", "DEAR", "DEYE", "DREM", "ANC", "NATIVITY"]}