{"validation": 0.28523489932885904, "id_test": 0.25838926174496646, "ood_test": 0.5414020443960563, "ood_validation": 0.5421883505715841, "train": 0.30453020134228187, "id_test_conf": [0.209632947799716, 0.3120209568880625], "id_test_balanced": 0.5022522807121277, "id_test_balanced_conf": [0.4984507272625342, 0.5060538341617211], "ood_test_conf": [0.5360127536747622, 0.5467840604500754], "ood_test_balanced": 0.5144637823104858, "ood_test_balanced_conf": [0.5130468481616117, 0.51588071645936], "features": ["MARITAL_STATUS", "EDUCATION", "RACE", "GENDER", "AGE", "HEALTHDISAB", "HEALTH_HEARING", "HEALTH_SEEING", "HEALTH_COGNITIVE", "HEALTH_AMBULATORY", "HEALTH_SELF_CARE", "HEALTH_ERRANDS_DIFFICULTY", "HEALTH_CORE_DISABILITY", "HEALTH_SUPPLEMENTAL_DISABILITY", "CITIZENSHIP_STATUS"]}