{"validation": 0.35570469798657717, "id_test": 0.32550335570469796, "ood_test": 0.5993165184781951, "ood_validation": 0.5971692977681001, "train": 0.3598993288590604, "id_test_conf": [0.2725975919243024, 0.38192073504231744], "id_test_balanced": 0.5386438965797424, "id_test_balanced_conf": [0.5191020941734314, 0.5581856989860534], "ood_test_conf": [0.5940110112225341, 0.6046045739447863], "ood_test_balanced": 0.5850297212600708, "ood_test_balanced_conf": [0.5817761375568807, 0.5882833049632609], "features": ["MARITAL_STATUS", "EDUCATION", "RACE", "GENDER", "AGE", "HEALTHDISAB", "HEALTH_HEARING", "HEALTH_SEEING", "HEALTH_COGNITIVE", "HEALTH_AMBULATORY", "HEALTH_SELF_CARE", "HEALTH_ERRANDS_DIFFICULTY", "HEALTH_CORE_DISABILITY", "HEALTH_SUPPLEMENTAL_DISABILITY", "CITIZENSHIP_STATUS"]}