{"validation": 0.761744966442953, "id_test": 0.7449664429530202, "ood_test": 0.48847759027399745, "ood_validation": 0.48720740337506807, "train": 0.736996644295302, "id_test_conf": [0.6915107411919637, 0.7934781826306941], "id_test_balanced": 0.5951873064041138, "id_test_balanced_conf": [0.5643556135892868, 0.6260189992189408], "ood_test_conf": [0.48307587418858805, 0.49388133091428615], "ood_test_balanced": 0.5123629570007324, "ood_test_balanced_conf": [0.5101986517058685, 0.5145272622955963], "features": ["MARITAL_STATUS", "EDUCATION", "RACE", "GENDER", "AGE", "HEALTHDISAB", "HEALTH_HEARING", "HEALTH_SEEING", "HEALTH_COGNITIVE", "HEALTH_AMBULATORY", "HEALTH_SELF_CARE", "HEALTH_ERRANDS_DIFFICULTY", "HEALTH_CORE_DISABILITY", "HEALTH_SUPPLEMENTAL_DISABILITY", "CITIZENSHIP_STATUS"]}