{"validation": 0.7449664429530202, "id_test": 0.7550335570469798, "ood_test": 0.5911207887255792, "ood_validation": 0.5827436037016875, "train": 0.7302852348993288, "id_test_conf": [0.7021288104453476, 0.8027883082068612], "id_test_balanced": 0.6452109813690186, "id_test_balanced_conf": [0.6112754353880883, 0.6791465273499488], "ood_test_conf": [0.5857988659793253, 0.5964267000227474], "ood_test_balanced": 0.6078120470046997, "ood_test_balanced_conf": [0.604804179808125, 0.6108199142012745], "features": ["MARITAL_STATUS", "EDUCATION", "RACE", "GENDER", "AGE", "HEALTHDISAB", "HEALTH_HEARING", "HEALTH_SEEING", "HEALTH_COGNITIVE", "HEALTH_AMBULATORY", "HEALTH_SELF_CARE", "HEALTH_ERRANDS_DIFFICULTY", "HEALTH_CORE_DISABILITY", "HEALTH_SUPPLEMENTAL_DISABILITY", "CITIZENSHIP_STATUS"]}