{"validation": 0.714765100671141, "id_test": 0.7449664429530202, "ood_test": 0.47105788423153694, "ood_validation": 0.47060424605334783, "train": 0.7042785234899329, "id_test_conf": [0.6915107411919637, 0.7934781826306941], "id_test_balanced": 0.5, "id_test_balanced_conf": [0.5, 0.5], "ood_test_conf": [0.46566530287174546, 0.4764555509171851], "ood_test_balanced": 0.5000187754631042, "ood_test_balanced_conf": [0.4997506798186805, 0.500286871107528], "features": ["MARITAL_STATUS", "EDUCATION", "RACE", "GENDER", "AGE", "HEALTHDISAB", "HEALTH_HEARING", "HEALTH_SEEING", "HEALTH_COGNITIVE", "HEALTH_AMBULATORY", "HEALTH_SELF_CARE", "HEALTH_ERRANDS_DIFFICULTY", "HEALTH_CORE_DISABILITY", "HEALTH_SUPPLEMENTAL_DISABILITY", "CITIZENSHIP_STATUS"]}