{"validation": 0.9014610389610389, "id_test": 0.8997564935064936, "ood_test": 0.7071005917159763, "ood_validation": 0.6754966887417219, "33": 0.8977149979227254, "id_test_conf": [0.8943179489669638, 0.9050053329863884], "id_test_balanced": 0.7924355268478394, "id_test_balanced_conf": [0.7877008755505085, 0.7971701781451702], "ood_test_conf": [0.6820408369314057, 0.7312568196039813], "ood_test_balanced": 0.6888003349304199, "ood_test_balanced_conf": [0.6714447044208646, 0.7061559654399753], "features": ["AccredAgency", "HIGHDEG", "CONTROL", "region", "LOCALE", "locale2", "CCBASIC", "HBCU", "DISTANCEONLY", "median_hh_inc", "poverty_rate", "unemp_rate", "TUITIONFEE_IN", "TUITIONFEE_OUT", "TUITIONFEE_PROG", "ADM_RATE", "ADM_RATE_ALL", "SATVRMID", "SATMTMID", "SATWRMID", "ACTCMMID", "ACTENMID", "ACTMTMID", "ACTWRMID", "NPT4_PROG", "COSTT4_A", "COSTT4_P", "loan_ever", "pell_ever", "PCIP10"]}