{"validation": 0.5771812080536913, "id_test": 0.5469798657718121, "ood_test": 0.6085404947680397, "ood_validation": 0.5944474686989657, "train": 0.5939597315436241, "id_test_conf": [0.4885567541542414, 0.6044596812129519], "id_test_balanced": 0.6137387752532959, "id_test_balanced_conf": [0.5762108062207699, 0.6512667442858219], "ood_test_conf": [0.6032553029613228, 0.6138066136697261], "ood_test_balanced": 0.5919326543807983, "ood_test_balanced_conf": [0.5888864466454834, 0.5949788621161133], "features": ["MARITAL_STATUS", "CITIZENSHIP_STATUS", "EDUCATION", "RACE", "GENDER", "AGE", "ORIGIN", "HEALTHDISAB", "HEALTH_HEARING", "HEALTH_SEEING", "HEALTH_COGNITIVE", "HEALTH_AMBULATORY", "HEALTH_SELF_CARE", "HEALTH_ERRANDS_DIFFICULTY", "HEALTH_CORE_DISABILITY", "HEALTH_SUPPLEMENTAL_DISABILITY"]}