{"id_test": 0.8808441558441559, "id_test_conf": [0.8749927170274132, 0.8865149960082582], "id_test_balanced": 0.5891391634941101, "id_test_balanced_conf": [0.5854114197799936, 0.5928669072082267], "ood_test": 0.7366863905325444, "ood_test_conf": [0.7123417436782433, 0.7599977663050911], "ood_test_balanced": 0.6965256929397583, "ood_test_balanced_conf": [0.6796636521443724, 0.7133877337351442], "validation": 0.8873376623376623, "validation_conf": [0.8816222197210255, 0.8928693851618271], "validation_balanced": 0.6010388135910034, "validation_balanced_conf": [0.5972272051963955, 0.6048504219856113], "features": ["AccredAgency", "HIGHDEG", "CONTROL", "region", "LOCALE", "locale2", "CCSIZSET", "HBCU", "DISTANCEONLY", "unemp_rate", "CCBASIC"]}