{"id_test": 0.8813311688311688, "id_test_conf": [0.8754897350352364, 0.8869917700635], "id_test_balanced": 0.588326096534729, "id_test_balanced_conf": [0.5846239922801033, 0.5920282007893547], "ood_test": 0.7329881656804734, "ood_test_conf": [0.7085469699485697, 0.7564123260615858], "ood_test_balanced": 0.6866493225097656, "ood_test_balanced_conf": [0.6697848393395543, 0.7035138056799769], "validation": 0.8870941558441559, "validation_conf": [0.8813735098636052, 0.892631199169575], "validation_balanced": 0.5981464385986328, "validation_balanced_conf": [0.5943790437141433, 0.6019138334831223], "features": ["AccredAgency", "HIGHDEG", "CONTROL", "region", "LOCALE", "locale2", "CCSIZSET", "HBCU", "DISTANCEONLY", "unemp_rate", "CCBASIC"]}