{"validation": 0.1265422077922078, "id_test": 0.12881493506493508, "ood_test": 0.34245562130177515, "ood_validation": 0.36423841059602646, "33": 0.12362899875363523, "id_test_conf": [0.12294718278663004, 0.13485865199766855], "id_test_balanced": 0.5010227560997009, "id_test_balanced_conf": [0.5006238394131651, 0.5014216727862367], "ood_test_conf": [0.31715687117222247, 0.3684411489430726], "ood_test_balanced": 0.5041028261184692, "ood_test_balanced_conf": [0.4942895986326039, 0.5139160536043346], "features": ["AccredAgency", "HIGHDEG", "CONTROL", "region", "LOCALE", "locale2", "CCSIZSET", "HBCU", "DISTANCEONLY", "unemp_rate", "CCBASIC"]}