{"validation": 0.13230519480519481, "id_test": 0.1354707792207792, "ood_test": 0.3624260355029586, "ood_validation": 0.3708609271523179, "train": 0.13188441089329925, "id_test_conf": [0.12947378631050205, 0.14164054881109558], "id_test_balanced": 0.5040159821510315, "id_test_balanced_conf": [0.5030583855998703, 0.5049735787021927], "ood_test_conf": [0.33675543230872496, 0.3886962159487516], "ood_test_balanced": 0.5009298920631409, "ood_test_balanced_conf": [0.48807931592687964, 0.513780468199402], "features": ["AccredAgency", "HIGHDEG", "CONTROL", "region", "LOCALE", "locale2", "CCSIZSET", "HBCU", "DISTANCEONLY", "unemp_rate", "CCBASIC"]}