{"validation": 0.6954545454545454, "id_test": 0.6975649350649351, "ood_test": 0.617603550295858, "ood_validation": 0.6291390728476821, "33": 0.6952326547569588, "id_test_conf": [0.6893677971471915, 0.705668642208332], "id_test_balanced": 0.6528780460357666, "id_test_balanced_conf": [0.6469811077136547, 0.6587749843578785], "ood_test_conf": [0.5910964670871572, 0.6435981943534888], "ood_test_balanced": 0.6284641027450562, "ood_test_balanced_conf": [0.6102827104181051, 0.6466454950720072], "features": ["AccredAgency", "HIGHDEG", "CONTROL", "region", "LOCALE", "locale2", "CCSIZSET", "HBCU", "DISTANCEONLY", "unemp_rate", "CCBASIC"]}