{"validation": 0.13157467532467532, "id_test": 0.13417207792207791, "ood_test": 0.35355029585798814, "ood_validation": 0.3708609271523179, "33": 0.12755504777731616, "id_test_conf": [0.1281999097631486, 0.1403176445025479], "id_test_balanced": 0.5032721161842346, "id_test_balanced_conf": [0.5023759271402377, 0.5041683052282315], "ood_test_conf": [0.3280389539367259, 0.3796999622608021], "ood_test_balanced": 0.5023400783538818, "ood_test_balanced_conf": [0.4906843355298042, 0.5139958211779594], "features": ["AccredAgency", "HIGHDEG", "CONTROL", "region", "LOCALE", "locale2", "CCSIZSET", "HBCU", "DISTANCEONLY", "unemp_rate", "CCBASIC"]}