{"validation": 0.3753475440222428, "id_test": 0.3972222222222222, "ood_test": 0.45602027883396706, "ood_validation": 0.44148936170212766, "train": 0.4043317118369238, "id_test_conf": [0.36789010407770023, 0.42711595526011054], "id_test_balanced": 0.4988372027873993, "id_test_balanced_conf": [0.4974008020851761, 0.5002736034896225], "ood_test_conf": [0.4470165756300985, 0.4650456243923458], "ood_test_balanced": 0.5000026226043701, "ood_test_balanced_conf": [0.499614459873992, 0.5003907853347482], "features": ["gender", "age", "height_mean_0", "weight_mean_0", "insurance"]}