{"validation": 0.47544022242817424, "id_test": 0.4703703703703704, "ood_test": 0.46734262779890157, "ood_validation": 0.46200607902735563, "train": 0.46502200602270094, "id_test_conf": [0.44025534372040215, 0.5006472397275635], "id_test_balanced": 0.49978530406951904, "id_test_balanced_conf": [0.47959756836295125, 0.5199730397760868], "ood_test_conf": [0.45832046195408727, 0.4763808641141967], "ood_test_balanced": 0.5005918145179749, "ood_test_balanced_conf": [0.4964117602817714, 0.5047718687541782], "features": ["gender", "age", "height_mean_0", "weight_mean_0", "insurance"]}