{"validation": 0.9240113142711374, "id_test": 0.9252830443492418, "ood_test": 0.45120671563483733, "ood_validation": 0.5518867924528302, "train": 0.9242067857554843, "id_test_conf": [0.924278395121373, 0.9262784353859553], "id_test_balanced": 0.8782309889793396, "id_test_balanced_conf": [0.8774148917582352, 0.879047086200444], "ood_test_conf": [0.4286942998756706, 0.4738694997049344], "ood_test_balanced": 0.5130353569984436, "ood_test_balanced_conf": [0.5094584700884297, 0.5166122439084575], "features": ["hint_count", "attempt_count", "school_id", "skill_id", "problem_type", "bottom_hint", "tutor_mode", "position", "type", "first_action"]}