{"validation": 0.9240188171034566, "id_test": 0.9252792929330822, "ood_test": 0.45120671563483733, "ood_validation": 0.5518867924528302, "train": 0.9242011586259675, "id_test_conf": [0.9242746207128953, 0.9262747070443107], "id_test_balanced": 0.8782490491867065, "id_test_balanced_conf": [0.8774329529923852, 0.8790651453810279], "ood_test_conf": [0.4286942998756706, 0.4738694997049344], "ood_test_balanced": 0.5130353569984436, "ood_test_balanced_conf": [0.5094584700884297, 0.5166122439084575], "features": ["hint_count", "attempt_count", "school_id", "skill_id", "problem_type", "bottom_hint", "tutor_mode", "position", "type", "first_action"]}