{"validation": 0.9237374608914866, "id_test": 0.925046705131187, "ood_test": 0.45120671563483733, "ood_validation": 0.5518867924528302, "train": 0.9239263671345624, "id_test_conf": [0.9240406088200261, 0.9260435484294921], "id_test_balanced": 0.8783791661262512, "id_test_balanced_conf": [0.877562521173386, 0.8791958110791165], "ood_test_conf": [0.4286942998756706, 0.4738694997049344], "ood_test_balanced": 0.5130353569984436, "ood_test_balanced_conf": [0.5094584700884297, 0.5166122439084575], "features": ["hint_count", "attempt_count", "school_id", "skill_id", "problem_type", "bottom_hint", "tutor_mode", "position", "type", "first_action"]}