{"validation": 0.9201848697883451, "id_test": 0.9207888477900408, "ood_test": 0.45120671563483733, "ood_validation": 0.5518867924528302, "train": 0.9202696708035447, "id_test_conf": [0.9197571664903894, 0.9218113693356529], "id_test_balanced": 0.8794252276420593, "id_test_balanced_conf": [0.8785986371536274, 0.8802518181304912], "ood_test_conf": [0.4286942998756706, 0.4738694997049344], "ood_test_balanced": 0.5130353569984436, "ood_test_balanced_conf": [0.5094584700884297, 0.5166122439084575], "features": ["hint_count", "attempt_count", "school_id", "skill_id", "problem_type", "bottom_hint", "tutor_mode", "position", "type", "first_action"]}