{"validation": 0.9240675855135314, "id_test": 0.9253393155916358, "ood_test": 0.45120671563483733, "ood_validation": 0.5518867924528302, "train": 0.9242307010559309, "id_test_conf": [0.9243350113367306, 0.9263343604224276], "id_test_balanced": 0.878288745880127, "id_test_balanced_conf": [0.8774728375300765, 0.8791046542301774], "ood_test_conf": [0.4286942998756706, 0.4738694997049344], "ood_test_balanced": 0.5130353569984436, "ood_test_balanced_conf": [0.5094584700884297, 0.5166122439084575], "features": ["hint_count", "attempt_count", "school_id", "skill_id", "problem_type", "bottom_hint", "tutor_mode", "position", "type", "first_action"]}