{"validation": 0.8900974025974026, "id_test": 0.8856331168831169, "ood_test": 0.6804733727810651, "ood_validation": 0.6423841059602649, "train": 0.8873127967855838, "id_test_conf": [0.879881423171869, 0.8912019106031542], "id_test_balanced": 0.7570463418960571, "id_test_balanced_conf": [0.7521429755259306, 0.7619497082661837], "ood_test_conf": [0.6548760098696198, 0.7052837447888736], "ood_test_balanced": 0.6806049346923828, "ood_test_balanced_conf": [0.6630311935395002, 0.6981786758452654], "features": ["AccredAgency", "HIGHDEG", "CONTROL", "region", "LOCALE", "locale2", "CCBASIC", "HBCU", "DISTANCEONLY", "median_hh_inc", "poverty_rate", "unemp_rate", "TUITIONFEE_IN", "TUITIONFEE_OUT", "TUITIONFEE_PROG", "ADM_RATE", "ADM_RATE_ALL", "SATVRMID", "SATMTMID", "SATWRMID", "ACTCMMID", "ACTENMID", "ACTMTMID", "ACTWRMID", "NPT4_PROG", "COSTT4_A", "COSTT4_P", "loan_ever", "pell_ever", "pct_white"]}