{"validation": 0.7785234899328859, "id_test": 0.7651006711409396, "ood_test": 0.5093751890159076, "ood_validation": 0.49891126837234623, "train": 0.75251677852349, "id_test_conf": [0.7127824359961468, 0.8120624034731051], "id_test_balanced": 0.6000474095344543, "id_test_balanced_conf": [0.5714931235462427, 0.628601695522666], "ood_test_conf": [0.5039711532964176, 0.5147775774603212], "ood_test_balanced": 0.5341259241104126, "ood_test_balanced_conf": [0.5321510023484006, 0.5361008458724246], "features": ["MARITAL_STATUS", "EDUCATION", "RACE", "AGE", "ORIGIN", "HEALTHDISAB", "HEALTH_HEARING", "HEALTH_SEEING", "HEALTH_COGNITIVE", "HEALTH_AMBULATORY", "HEALTH_SELF_CARE", "HEALTH_ERRANDS_DIFFICULTY", "HEALTH_CORE_DISABILITY", "HEALTH_SUPPLEMENTAL_DISABILITY", "CITIZENSHIP_STATUS"]}