{"validation": 0.7181208053691275, "id_test": 0.7449664429530202, "ood_test": 0.4710276416863243, "ood_validation": 0.47005988023952094, "train": 0.7051174496644296, "id_test_conf": [0.6915107411919637, 0.7934781826306941], "id_test_balanced": 0.5, "id_test_balanced_conf": [0.5, 0.5], "ood_test_conf": [0.46563508189207253, 0.47642529212032025], "ood_test_balanced": 0.5000430941581726, "ood_test_balanced_conf": [0.4999111217499012, 0.500175066566444], "features": ["MARITAL_STATUS", "EDUCATION", "RACE", "AGE", "ORIGIN", "HEALTHDISAB", "HEALTH_HEARING", "HEALTH_SEEING", "HEALTH_COGNITIVE", "HEALTH_AMBULATORY", "HEALTH_SELF_CARE", "HEALTH_ERRANDS_DIFFICULTY", "HEALTH_CORE_DISABILITY", "HEALTH_SUPPLEMENTAL_DISABILITY", "CITIZENSHIP_STATUS"]}