{"id_test": 0.6632781310069495, "id_test_conf": [0.6576107403393407, 0.668910433208465], "id_test_balanced": 0.6325327157974243, "id_test_balanced_conf": [0.6286911203153431, 0.6363743112795055], "ood_test": 0.5964421100531794, "ood_test_conf": [0.5951053691773924, 0.5977777734598602], "ood_test_balanced": 0.621387243270874, "ood_test_balanced_conf": [0.6204982815252151, 0.6222762050165329], "validation": 0.6581272411371114, "validation_conf": [0.6524394666537197, 0.6637810333629237], "validation_balanced": 0.6277173757553101, "validation_balanced_conf": [0.6238603027723729, 0.6315744487382472], "features": ["AGEG5YR", "SMOKE100", "DIABETES", "PRACE1", "BMI5CAT", "IYEAR"]}