{"validation": 0.6546523233891538, "id_test": 0.6600621026171817, "ood_test": 0.60447300731554, "ood_validation": 0.6049804772234273, "train": 0.6543752397059299, "id_test_conf": [0.6543819638028341, 0.6657078444346838], "id_test_balanced": 0.6367784142494202, "id_test_balanced_conf": [0.6328514177910983, 0.640705410707742], "ood_test_conf": [0.6031407044840661, 0.60580414295148], "ood_test_balanced": 0.6243082284927368, "ood_test_balanced_conf": [0.6234041190717835, 0.6252123379136901], "features": ["AGEG5YR", "SMOKE100", "DIABETES", "PRACE1", "BMI5CAT", "IYEAR"]}