{"validation": 0.6521755203134819, "id_test": 0.6578071861599881, "ood_test": 0.5914905268191477, "ood_validation": 0.5937006507592191, "train": 0.6517090166396348, "id_test_conf": [0.6521182819784899, 0.6634621781542374], "id_test_balanced": 0.6317726373672485, "id_test_balanced_conf": [0.627865442764014, 0.6356798319704831], "ood_test_conf": [0.5901512350244895, 0.5928287964665971], "ood_test_balanced": 0.6161884069442749, "ood_test_balanced_conf": [0.6152959794062189, 0.6170808344823309], "features": ["AGEG5YR", "SMOKE100", "DIABETES", "PRACE1", "BMI5CAT", "IYEAR"]}