{"validation": 0.6523603563639052, "id_test": 0.652816797279314, "ood_test": 0.5822487283609257, "ood_validation": 0.5822646420824295, "train": 0.6498791651071341, "id_test_conf": [0.647108997620805, 0.65849175765113], "id_test_balanced": 0.6056057214736938, "id_test_balanced_conf": [0.6020221057115123, 0.6091893372358754], "ood_test_conf": [0.5809050505712242, 0.5835914872572072], "ood_test_balanced": 0.6144734621047974, "ood_test_balanced_conf": [0.6136120337201283, 0.6153348904894664], "features": ["AGEG5YR", "SMOKE100", "DIABETES", "PRACE1", "BMI5CAT", "IYEAR"]}