{"validation": 0.6575357657757569, "id_test": 0.6604317610527872, "ood_test": 0.5942844692280698, "ood_validation": 0.594117136659436, "train": 0.6546340065893138, "id_test_conf": [0.6547530727607378, 0.666075972869943], "id_test_balanced": 0.6288565397262573, "id_test_balanced_conf": [0.6250184982828796, 0.6326945811696351], "ood_test_conf": [0.5929465994773314, 0.5956212856161249], "ood_test_balanced": 0.6195307970046997, "ood_test_balanced_conf": [0.6186420117516537, 0.6204195822577457], "features": ["AGEG5YR", "SMOKE100", "DIABETES", "PRACE1", "BMI5CAT", "IYEAR"]}