{"validation": 0.6036131774707758, "id_test": 0.6157112526539278, "ood_test": 0.6018052194388123, "ood_validation": 0.6191877575044143, "train": 0.6078873987518257, "id_test_conf": [0.5837950559148027, 0.6469015450241472], "id_test_balanced": 0.6605984568595886, "id_test_balanced_conf": [0.6424043068662286, 0.6787926068529486], "ood_test_conf": [0.5939942340863282, 0.6095774485455281], "ood_test_balanced": 0.6270689964294434, "ood_test_balanced_conf": [0.6223377061355859, 0.6318002867233008], "features": ["SEX", "WHTLGSPK", "BORNUSA", "HWELLSPK", "OTHLGSPK", "HIDEG", "EDUCYR", "YRSINUS", "RACETHX", "RACEWX", "RACEBX", "RACEAX", "RACEV2X", "RACEV1X", "HISPANX", "SICPAY31", "PAYDR31", "REGION31", "AGE31X", "INSCOV19"]}