{"validation": 0.6184909670563231, "id_test": 0.6348195329087049, "ood_test": 0.6166524952580287, "ood_validation": 0.6374337845791642, "train": 0.6313902536183774, "id_test_conf": [0.6031582938186146, 0.6656348049165027], "id_test_balanced": 0.674805223941803, "id_test_balanced_conf": [0.6561677190288902, 0.6934427288547158], "ood_test_conf": [0.6088913661236814, 0.6243692142537997], "ood_test_balanced": 0.6386383771896362, "ood_test_balanced_conf": [0.6337705037463457, 0.6435062506329268], "features": ["SEX", "WHTLGSPK", "BORNUSA", "HWELLSPK", "OTHLGSPK", "HIDEG", "EDUCYR", "YRSINUS", "RACETHX", "RACEWX", "RACEBX", "RACEAX", "RACEV2X", "RACEV1X", "HISPANX", "SICPAY31", "PAYDR31", "REGION31", "AGE31X", "INSCOV19"]}