{"validation": 0.61211477151966, "id_test": 0.6252653927813163, "ood_test": 0.6021976584472497, "ood_validation": 0.6191877575044143, "train": 0.6193068649581729, "id_test_conf": [0.5934702729273841, 0.6562745875986251], "id_test_balanced": 0.666711688041687, "id_test_balanced_conf": [0.6481228225305676, 0.6853005535528064], "ood_test_conf": [0.5943878944390677, 0.6099685167760035], "ood_test_balanced": 0.629463791847229, "ood_test_balanced_conf": [0.6248643076512963, 0.6340632760431617], "features": ["SEX", "WHTLGSPK", "BORNUSA", "HWELLSPK", "OTHLGSPK", "HIDEG", "EDUCYR", "YRSINUS", "RACETHX", "RACEWX", "RACEBX", "RACEAX", "RACEV2X", "RACEV1X", "HISPANX", "SICPAY31", "PAYDR31", "REGION31", "AGE31X", "INSCOV19"]}