{"validation": 0.5515409139213603, "id_test": 0.5721868365180467, "ood_test": 0.5324089214467919, "ood_validation": 0.544437904649794, "train": 0.5664586376311247, "id_test_conf": [0.5398764127785068, 0.6040445681454669], "id_test_balanced": 0.6284806132316589, "id_test_balanced_conf": [0.6118162715435028, 0.645144954919815], "ood_test_conf": [0.5244618129278723, 0.5403436934980712], "ood_test_balanced": 0.574727475643158, "ood_test_balanced_conf": [0.5713986725453287, 0.5780562787409872], "features": ["SEX", "WHTLGSPK", "BORNUSA", "HWELLSPK", "OTHLGSPK", "HIDEG", "EDUCYR", "YRSINUS", "RACETHX", "RACEWX", "RACEBX", "RACEAX", "RACEV2X", "RACEV1X", "HISPANX", "SICPAY31", "PAYDR31", "REGION31", "AGE31X", "INSCOV19"]}