{"validation": 0.6811902231668437, "id_test": 0.721868365180467, "ood_test": 0.6314343645758388, "ood_validation": 0.6450853443201884, "train": 0.708538042756606, "id_test_conf": [0.6920600091576523, 0.7502822660022566], "id_test_balanced": 0.7184459567070007, "id_test_balanced_conf": [0.6981547833234072, 0.7387371300905943], "ood_test_conf": [0.6237304227388887, 0.6390882665601826], "ood_test_balanced": 0.6186093091964722, "ood_test_balanced_conf": [0.6133331123925746, 0.6238855060003697], "features": ["SEX", "WHTLGSPK", "BORNUSA", "HWELLSPK", "OTHLGSPK", "HIDEG", "EDUCYR", "YRSINUS", "RACETHX", "RACEWX", "RACEBX", "RACEAX", "RACEV2X", "RACEV1X", "HISPANX", "SICPAY31", "PAYDR31", "REGION31", "AGE31X", "INSCOV19"]}