{"validation": 0.6567481402763018, "id_test": 0.7006369426751592, "ood_test": 0.6328079011053699, "ood_validation": 0.6486168334314303, "train": 0.6879564466870269, "id_test_conf": [0.6702651679835356, 0.7297483430196934], "id_test_balanced": 0.7131341695785522, "id_test_balanced_conf": [0.6929509772732854, 0.7333173618838191], "ood_test_conf": [0.6251096618095064, 0.6404555773923845], "ood_test_balanced": 0.6278553009033203, "ood_test_balanced_conf": [0.6224621863570065, 0.6332484154496342], "features": ["SEX", "WHTLGSPK", "BORNUSA", "HWELLSPK", "OTHLGSPK", "HIDEG", "EDUCYR", "YRSINUS", "RACETHX", "RACEWX", "RACEBX", "RACEAX", "RACEV2X", "RACEV1X", "HISPANX", "SICPAY31", "PAYDR31", "REGION31", "AGE31X", "INSCOV19"]}