{"validation": 0.6981934112646121, "id_test": 0.7420382165605095, "ood_test": 0.6507946889920858, "ood_validation": 0.6550912301353737, "train": 0.7254016730845837, "id_test_conf": [0.7128388424968819, 0.7697155045710924], "id_test_balanced": 0.7351362705230713, "id_test_balanced_conf": [0.7152856811136007, 0.7549868599325419], "ood_test_conf": [0.6431773457851646, 0.6583546176063615], "ood_test_balanced": 0.6431390047073364, "ood_test_balanced_conf": [0.6378294045943766, 0.6484486048202962], "features": ["SEX", "WHTLGSPK", "BORNUSA", "HWELLSPK", "OTHLGSPK", "HIDEG", "EDUCYR", "YRSINUS", "RACETHX", "RACEWX", "RACEBX", "RACEAX", "RACEV2X", "RACEV1X", "HISPANX", "SICPAY31", "PAYDR31", "REGION31", "AGE31X", "INSCOV19"]}