{"validation": 0.7003188097768331, "id_test": 0.7484076433121019, "ood_test": 0.6441886323500556, "ood_validation": 0.6409652736904061, "train": 0.7248705351214978, "id_test_conf": [0.719416344591882, 0.7758364912031193], "id_test_balanced": 0.740135908126831, "id_test_balanced_conf": [0.7204407453909516, 0.7598310708627105], "ood_test_conf": [0.636540224929898, 0.6517821417415743], "ood_test_balanced": 0.6317452788352966, "ood_test_balanced_conf": [0.6264982997160405, 0.6369922579545527], "features": ["SEX", "WHTLGSPK", "BORNUSA", "HWELLSPK", "OTHLGSPK", "HIDEG", "EDUCYR", "YRSINUS", "RACETHX", "RACEWX", "RACEBX", "RACEAX", "RACEV2X", "RACEV1X", "HISPANX", "SICPAY31", "PAYDR31", "REGION31", "AGE31X", "INSCOV19"]}