{"validation": 0.6928799149840595, "id_test": 0.7377919320594479, "ood_test": 0.6419648113022435, "ood_validation": 0.6468510888758093, "train": 0.7178329571106095, "id_test_conf": [0.7084581269580248, 0.7656305440002691], "id_test_balanced": 0.7398563027381897, "id_test_balanced_conf": [0.7200525145605207, 0.7596600909158587], "ood_test_conf": [0.6343063020811626, 0.6495692696106539], "ood_test_balanced": 0.6428850889205933, "ood_test_balanced_conf": [0.6375153603870422, 0.6482548174541444], "features": ["SEX", "WHTLGSPK", "BORNUSA", "HWELLSPK", "OTHLGSPK", "HIDEG", "EDUCYR", "YRSINUS", "RACETHX", "RACEWX", "RACEBX", "RACEAX", "RACEV2X", "RACEV1X", "HISPANX", "SICPAY31", "PAYDR31", "REGION31", "AGE31X", "INSCOV19"]}