{"validation": 0.7045696068012752, "id_test": 0.7367303609341825, "ood_test": 0.6521682255216168, "ood_validation": 0.6562683931724543, "train": 0.7224804142876112, "id_test_conf": [0.7073634760210197, 0.7646087738743949], "id_test_balanced": 0.7342043519020081, "id_test_balanced_conf": [0.714266428425908, 0.7541422753781081], "ood_test_conf": [0.6445575409267413, 0.6597209722523453], "ood_test_balanced": 0.6454848647117615, "ood_test_balanced_conf": [0.6401688907854259, 0.650800838638097], "features": ["SEX", "WHTLGSPK", "BORNUSA", "HWELLSPK", "OTHLGSPK", "HIDEG", "EDUCYR", "YRSINUS", "RACETHX", "RACEWX", "RACEBX", "RACEAX", "RACEV2X", "RACEV1X", "HISPANX", "SICPAY31", "PAYDR31", "REGION31", "AGE31X", "INSCOV19"]}