{"validation": 0.956880097171612, "id_test": 0.9565829021163201, "ood_test": 0.9263558073723649, "ood_validation": 0.9287678767876788, "15": 0.9411796631814191, "16": 0.9395729983238237, "17": 0.9424070054636629, "18": 0.9462790225650167, "19": 0.9661918090978748, "20": 0.97159516953534, "21": 0.9799109202392237, "22": 0.9838403382421441, "23": 0.9830141548709409, "id_test_conf": [0.9555772273153315, 0.9575721305372927], "id_test_balanced": 0.5140418410301208, "id_test_balanced_conf": [0.5135016980522777, 0.514581984007964], "ood_test_conf": [0.9250795706804028, 0.927616911306033], "ood_test_balanced": 0.5099892616271973, "ood_test_balanced_conf": [0.5093535028921906, 0.5106250203622039], "features": ["AGEP", "RAC1P", "ACS_YEAR", "POBP", "DIS", "ANC", "NATIVITY", "DEAR", "DEYE", "DREM", "DPHY", "SCHL"]}