{"validation": 0.8214905431199029, "id_test": 0.8194032163108481, "ood_test": 0.7682551906656643, "ood_validation": 0.7654015401540154, "15": 0.7738207358927288, "16": 0.8243401114064642, "17": 0.7497099767981439, "18": 0.718197622598551, "19": 0.8667844688736337, "20": 0.8851617630442747, "21": 0.9429788875934205, "22": 0.9492636783833172, "23": 0.956480710519012, "id_test_conf": [0.8175174587789323, 0.8212774909791183], "id_test_balanced": 0.5888250470161438, "id_test_balanced_conf": [0.5873574245767668, 0.5902926694555208], "ood_test_conf": [0.76620283291313, 0.770298038729869], "ood_test_balanced": 0.5705526471138, "ood_test_balanced_conf": [0.5690340184234083, 0.5720712758041918], "features": ["AGEP", "RAC1P", "ACS_YEAR", "POBP", "DIS", "ANC", "NATIVITY", "DEAR", "DEYE", "DREM", "DPHY", "SCHL"]}