{"validation": 0.9180486353833569, "id_test": 0.9181111145539615, "ood_test": 0.869709249378098, "ood_validation": 0.8686468646864687, "15": 0.8867012530928247, "16": 0.911061070382473, "17": 0.8752713120275428, "18": 0.876373359690073, "19": 0.945073417879873, "20": 0.956286828526722, "21": 0.9732676838423405, "22": 0.9784657279013939, "23": 0.9790174854288093, "id_test_conf": [0.9167626532204404, 0.9194445311630234], "id_test_balanced": 0.5486763715744019, "id_test_balanced_conf": [0.5476377435796894, 0.5497149995691143], "ood_test_conf": [0.8680685221351846, 0.8713368638053043], "ood_test_balanced": 0.5378588438034058, "ood_test_balanced_conf": [0.5367137383972295, 0.5390039492095821], "features": ["AGEP", "RAC1P", "ACS_YEAR", "POBP", "DIS", "ANC", "NATIVITY", "DEAR", "DEYE", "DREM", "DPHY", "SCHL"]}