{"validation": 0.9422857638630674, "id_test": 0.9413255662628203, "ood_test": 0.9004040070655396, "ood_validation": 0.9026952695269527, "15": 0.9187804294037832, "16": 0.9279413507610518, "17": 0.9133579073422649, "18": 0.9184941359195884, "19": 0.9593504198658306, "20": 0.9677980435727908, "21": 0.9788372658720506, "22": 0.982442939553549, "23": 0.9816819317235637, "id_test_conf": [0.9401678477400487, 0.9424673966538761], "id_test_balanced": 0.5293956995010376, "id_test_balanced_conf": [0.5285944584629033, 0.5301969405391719], "ood_test_conf": [0.8989428015914097, 0.9018510066829214], "ood_test_balanced": 0.5225092768669128, "ood_test_balanced_conf": [0.5215898809838109, 0.5234286727500148], "features": ["AGEP", "RAC1P", "ACS_YEAR", "POBP", "DIS", "ANC", "NATIVITY", "DEAR", "DEYE", "DREM", "DPHY", "SCHL"]}