{"validation": 0.5742730720606827, "id_test": 0.5723793883431971, "ood_test": 0.5239806614469688, "ood_validation": 0.5226622662266227, "train": 0.5745278151759141, "id_test_conf": [0.569961132578299, 0.5747950432604629], "id_test_balanced": 0.606763482093811, "id_test_balanced_conf": [0.6050830083084293, 0.6084439558791928], "ood_test_conf": [0.5215572184658805, 0.5264032545705906], "ood_test_balanced": 0.5858572721481323, "ood_test_balanced_conf": [0.5841861644503661, 0.5875283798458986], "features": ["AGEP", "RAC1P", "ACS_YEAR", "POBP", "DIS", "ANC", "NATIVITY", "DEAR", "DEYE", "DREM", "DPHY", "SCHL"]}