{"validation": 0.7003358865670162, "id_test": 0.6999659157809934, "ood_test": 0.6448038334830788, "ood_validation": 0.6427392739273927, "train": 0.7006020540485268, "id_test_conf": [0.697723262971673, 0.7022013821362032], "id_test_balanced": 0.6111741065979004, "id_test_balanced_conf": [0.6095246277446859, 0.6128235854511149], "ood_test_conf": [0.6424792863204164, 0.647123248527987], "ood_test_balanced": 0.5857595205307007, "ood_test_balanced_conf": [0.5840868593100459, 0.5874321817513555], "features": ["AGEP", "RAC1P", "ACS_YEAR", "POBP", "DIS", "ANC", "NATIVITY", "DEAR", "DEYE", "DREM", "DPHY", "SCHL"]}