{"validation": 0.8168674549465804, "id_test": 0.8161931025934992, "ood_test": 0.7797275244329538, "ood_validation": 0.7765676567656765, "15": 0.7774028254449676, "16": 0.8369537612380001, "17": 0.749466731532071, "18": 0.7159031742809994, "19": 0.8627265477177125, "20": 0.8718769580535707, "21": 0.9342806096343703, "22": 0.9361137984162815, "23": 0.9480988065500972, "id_test_conf": [0.814294508063747, 0.8180803298356658], "id_test_balanced": 0.5883130431175232, "id_test_balanced_conf": [0.5868392951181158, 0.5897867911169306], "ood_test_conf": [0.7777113840726031, 0.7817337480534482], "ood_test_balanced": 0.5735146403312683, "ood_test_balanced_conf": [0.5720142854144796, 0.575014995248057], "features": ["AGEP", "RAC1P", "ACS_YEAR", "POBP", "DIS", "ANC", "NATIVITY", "DEAR", "DEYE", "DREM", "DPHY", "SCHL"]}