{"validation": 0.5896544458491361, "id_test": 0.5880209463018622, "ood_test": 0.5719664325748268, "ood_validation": 0.5681518151815181, "15": 0.5730034320376726, "16": 0.5983272099283815, "17": 0.5482186962053739, "18": 0.488933699268424, "19": 0.637648751348731, "20": 0.6250124117056937, "21": 0.6853773307945881, "22": 0.7018882797663836, "23": 0.690646683319456, "id_test_conf": [0.5856148128113403, 0.5904239168604603], "id_test_balanced": 0.6038962602615356, "id_test_balanced_conf": [0.6022098676417954, 0.6055826528812759], "ood_test_conf": [0.569564577983698, 0.5743657366872359], "ood_test_balanced": 0.5857381224632263, "ood_test_balanced_conf": [0.5840511305443943, 0.5874251143820584], "features": ["AGEP", "RAC1P", "ACS_YEAR", "POBP", "DIS", "ANC", "NATIVITY", "DEAR", "DEYE", "DREM", "DPHY", "SCHL"]}