{"validation": 0.9724349916957934, "id_test": 0.9715427756948533, "ood_test": 0.9602777319373392, "ood_validation": 0.9611111111111111, "train": 0.9714156016589796, "id_test_conf": [0.9707198767635301, 0.9723486736575442], "id_test_balanced": 0.6087708473205566, "id_test_balanced_conf": [0.6077545178611763, 0.609787176779937], "ood_test_conf": [0.9593201229668658, 0.9612189865990854], "ood_test_balanced": 0.6400794982910156, "ood_test_balanced_conf": [0.6389801384694874, 0.6411788581125438], "features": ["ENG", "POBP", "OCCP", "DIS", "ESP", "MIG", "MIL", "ANC", "NATIVITY", "DEAR", "DEYE", "DREM", "DPHY", "FER", "AGEP", "SEX", "ST", "MAR", "CIT", "RAC1P", "SCHL", "DIVISION", "WRK"]}