{"validation": 0.6640625, "id_test": 0.6366001734605378, "ood_test": 0.6041598534894369, "ood_validation": 0.6174220129487934, "train": 0.6348844777090791, "id_test_conf": [0.608083429664741, 0.6644179022459149], "id_test_balanced": 0.6352871656417847, "id_test_balanced_conf": [0.6157419552281499, 0.6548323760554194], "ood_test_conf": [0.5963562743161017, 0.6119237798085002], "ood_test_balanced": 0.5853723287582397, "ood_test_balanced_conf": [0.5802124468609691, 0.5905322106555104], "features": ["SEX", "WHTLGSPK", "BORNUSA", "HWELLSPK", "OTHLGSPK", "HIDEG", "EDUCYR", "YRSINUS", "HISPNCAT", "RACETHX", "RACEWX", "RACEBX", "RACEAX", "RACEV2X", "RACEV1X", "HISPANX", "SICPAY31", "PAYDR31", "REGION31", "INSCOV19"]}