{"validation": 0.7999165303795471, "id_test": 0.7985330942406077, "ood_test": 0.6716401121440021, "ood_validation": 0.6708812007570756, "train": 0.7992304023040006, "id_test_conf": [0.7974194777003485, 0.7996432558890003], "id_test_balanced": 0.6111722588539124, "id_test_balanced_conf": [0.6104864859685768, 0.6118580317392479], "ood_test_conf": [0.6706211294540572, 0.6726578790666864], "ood_test_balanced": 0.7112232446670532, "ood_test_balanced_conf": [0.7105653611512389, 0.7118811281828675], "features": ["DIS", "ESP", "MIG", "ANC", "NATIVITY", "DEAR", "DEYE", "DREM", "PINCP", "ESR", "FER", "AGEP", "SEX", "MAR", "CIT", "RAC1P", "SCHL", "ACS_YEAR"]}