{"validation": 0.7410322396704756, "id_test": 0.7430767614774577, "ood_test": 0.5713536201469045, "ood_validation": 0.4528301886792453, "train": 0.7423206094556408, "id_test_conf": [0.7414135626008942, 0.7447346739332912], "id_test_balanced": 0.8031610250473022, "id_test_balanced_conf": [0.8021768244309351, 0.8041452256636694], "ood_test_conf": [0.5487785096897091, 0.593708818797914], "ood_test_balanced": 0.5130767822265625, "ood_test_balanced_conf": [0.5067949836794287, 0.5193585807736963], "features": ["hint_count", "attempt_count", "skill_id", "problem_type", "bottom_hint", "tutor_mode", "position", "type", "school_id"]}