{"validation": 0.8617415574379328, "id_test": 0.8633021465603266, "ood_test": 0.4438614900314795, "ood_validation": 0.4481132075471698, "train": 0.8619374394497418, "id_test_conf": [0.8619922298760304, 0.8646041589533616], "id_test_balanced": 0.8596831560134888, "id_test_balanced_conf": [0.8587511725106742, 0.8606151395163033], "ood_test_conf": [0.42139514333085065, 0.46650084521670354], "ood_test_balanced": 0.46900850534439087, "ood_test_balanced_conf": [0.45446747908368706, 0.4835495316050947], "features": ["hint_count", "attempt_count", "skill_id", "problem_type", "bottom_hint", "tutor_mode", "position", "type", "school_id"]}