{"id_test": 0.9256244232197655, "id_test_conf": [0.9246218693746897, 0.926617711393563], "id_test_balanced": 0.8795933723449707, "id_test_balanced_conf": [0.8787790846580174, 0.880407660031924], "ood_test": 0.45068205666316896, "ood_test_conf": [0.42817276850460056, 0.4733433302353122], "ood_test_balanced": 0.5125698447227478, "ood_test_balanced_conf": [0.5090557328239084, 0.5160839566215872], "validation": 0.9245327611173217, "validation_conf": [0.9235235279789061, 0.9255327525029438], "validation_balanced": 0.8784567713737488, "validation_balanced_conf": [0.8776401317259297, 0.8792734110215679], "features": ["hint_count", "attempt_count", "skill_id", "problem_type", "bottom_hint", "tutor_mode", "position", "type", "school_id"]}