{"id_test": 0.9254968750703391, "id_test_conf": [0.9244935376206278, 0.9264909496435928], "id_test_balanced": 0.8794566988945007, "id_test_balanced_conf": [0.8786419766501058, 0.8802714211388957], "ood_test": 0.45068205666316896, "ood_test_conf": [0.42817276850460056, 0.4733433302353122], "ood_test_balanced": 0.5125698447227478, "ood_test_balanced_conf": [0.5090557330520824, 0.5160839563934132], "validation": 0.9243264332285438, "validation_conf": [0.9233159446132637, 0.9253276846112294], "validation_balanced": 0.8782023191452026, "validation_balanced_conf": [0.8773849615477957, 0.8790196767426096], "features": ["hint_count", "attempt_count", "skill_id", "problem_type", "bottom_hint", "tutor_mode", "position", "type", "school_id"]}