{"validation": 0.9228671323424593, "id_test": 0.924221393576075, "ood_test": 0.45120671563483733, "ood_validation": 0.5518867924528302, "train": 0.9229786647384369, "id_test_conf": [0.9232102666483369, 0.9252232855723559], "id_test_balanced": 0.8761535286903381, "id_test_balanced_conf": [0.875333319316851, 0.8769737380638253], "ood_test_conf": [0.4286942998756706, 0.4738694997049344], "ood_test_balanced": 0.5130353569984436, "ood_test_balanced_conf": [0.5094584700884297, 0.5166122439084575], "features": ["hint_count", "attempt_count", "skill_id", "problem_type", "bottom_hint", "tutor_mode", "position", "type", "school_id"]}