{"validation": 0.7284647767306396, "id_test": 0.7269674924963118, "ood_test": 0.6949957035885266, "ood_validation": 0.6971091879948444, "train": 0.7292732481423425, "id_test_conf": [0.7238387580281985, 0.7300794726320619], "id_test_balanced": 0.7328523397445679, "id_test_balanced_conf": [0.7306659084139392, 0.7350387710751966], "ood_test_conf": [0.6908923345724027, 0.6990759032688025], "ood_test_balanced": 0.7371575832366943, "ood_test_balanced_conf": [0.7344388248585164, 0.7398763416148723], "features": ["DIVISION", "AGEP", "SEX", "RAC1P", "POBP", "DIS", "ANC", "NATIVITY", "DEAR", "DEYE", "DREM", "ENG", "FER", "MAR", "CIT", "SCHL", "HUPAC", "OCCP", "MIL", "WIF", "WKHP", "WKW", "WRK", "NWLA", "NWLK"]}