{"validation": 0.9283404485193161, "id_test": 0.9293495794662485, "ood_test": 0.5839454354669464, "ood_validation": 0.6745283018867925, "train": 0.9284880934628699, "id_test_conf": [0.9283702971397039, 0.9303195144690565], "id_test_balanced": 0.8851284980773926, "id_test_balanced_conf": [0.8843283231253736, 0.8859286730294116], "ood_test_conf": [0.5614396708422, 0.6061924645119001], "ood_test_balanced": 0.6308193802833557, "ood_test_balanced_conf": [0.6209531762637198, 0.6406855843029916], "features": ["school_id", "Average_confidence(BORED)", "Average_confidence(CONCENTRATING)", "Average_confidence(CONFUSED)", "Average_confidence(FRUSTRATED)", "attempt_count", "hint_count", "skill_id", "problem_type", "bottom_hint", "tutor_mode", "position", "type", "first_action", "overlap_time"]}