{"validation": 0.9199675324675325, "id_test": 0.9199675324675325, "ood_test": 0.7448224852071006, "ood_validation": 0.7417218543046358, "train": 0.9194468119647713, "id_test_conf": [0.9150356733715411, 0.9246998832731127], "id_test_balanced": 0.7417677640914917, "id_test_balanced_conf": [0.7371888493280858, 0.7463466788548976], "ood_test_conf": [0.7206977696962807, 0.7678781908294716], "ood_test_balanced": 0.7259707450866699, "ood_test_balanced_conf": [0.7092641163617373, 0.7426773738116026], "features": ["AccredAgency", "HIGHDEG", "CONTROL", "region", "LOCALE", "locale2", "CCBASIC", "HBCU", "DISTANCEONLY", "median_hh_inc", "poverty_rate", "unemp_rate", "TUITIONFEE_IN", "TUITIONFEE_OUT", "TUITIONFEE_PROG", "ADM_RATE", "ADM_RATE_ALL", "SATVRMID", "SATMTMID", "SATWRMID", "ACTCMMID", "ACTENMID", "ACTMTMID", "ACTWRMID", "NPT4_PROG", "COSTT4_A", "COSTT4_P", "loan_ever", "pell_ever", "PCIP04"]}