{"validation": 0.7453546491663169, "id_test": 0.7429668820267589, "ood_test": 0.7055730594541512, "ood_validation": 0.7105505431780519, "0": 0.6241184767277856, "1": 0.7925672523713264, "2": 0.7511656900635831, "3": 0.743704433084723, "4": 0.7938448566610455, "5": 0.7254493937695325, "7": 0.7026646154568835, "8": 0.7643727270920689, "9": 0.7650651502261228, "id_test_conf": [0.7398971039941178, 0.7460187237378767], "id_test_balanced": 0.6929305195808411, "id_test_balanced_conf": [0.6906859917193651, 0.6951750474423171], "ood_test_conf": [0.7015100569933708, 0.7096116349612054], "ood_test_balanced": 0.6992316842079163, "ood_test_balanced_conf": [0.6963577378261835, 0.702105630589649], "features": ["DIVISION", "AGEP", "SEX", "RAC1P", "POBP", "DIS", "ANC", "NATIVITY", "DEAR", "DEYE", "DREM", "ST", "MAR", "ENG", "FER", "CIT", "SCHL", "HUPAC", "OCCP", "MIL", "WIF", "WKHP", "WKW", "WRK", "NWLA", "NWLK"]}