{"validation": 0.8348022943772495, "id_test": 0.829297451289617, "ood_test": 0.806436433569295, "ood_validation": 0.8123734118946787, "train": 0.8318092645997411, "id_test_conf": [0.8266490840118488, 0.831921498354812], "id_test_balanced": 0.5937989950180054, "id_test_balanced_conf": [0.5922669127304107, 0.5953310773056001], "ood_test_conf": [0.8029054665365887, 0.8099309700123005], "ood_test_balanced": 0.6000919938087463, "ood_test_balanced_conf": [0.5980671425489709, 0.6021168450685218], "features": ["DIVISION", "AGEP", "SEX", "RAC1P", "POBP", "DIS", "ANC", "NATIVITY", "DEAR", "DEYE", "DREM", "ST", "MAR", "ENG", "FER", "CIT", "SCHL", "HUPAC", "OCCP", "MIL", "WIF", "WKHP", "WKW", "WRK", "NWLA", "NWLK"]}