{"validation": 0.8338102687372022, "id_test": 0.8313705041461057, "ood_test": 0.8061909243422398, "ood_validation": 0.8085067206775916, "train": 0.8327170287654725, "id_test_conf": [0.8287348123387046, 0.833981722255462], "id_test_balanced": 0.6396714448928833, "id_test_balanced_conf": [0.6378599063470028, 0.6414829834387638], "ood_test_conf": [0.8026582850017792, 0.80968716234773], "ood_test_balanced": 0.6718705296516418, "ood_test_balanced_conf": [0.6693397627165542, 0.6744012965867295], "features": ["DIVISION", "AGEP", "SEX", "RAC1P", "POBP", "DIS", "ANC", "NATIVITY", "DEAR", "DEYE", "DREM", "ST", "MAR", "ENG", "FER", "CIT", "SCHL", "HUPAC", "OCCP", "MIL", "WIF", "WKHP", "WKW", "WRK", "NWLA", "NWLK"]}