{"validation": 0.8337085225177102, "id_test": 0.8306710077834868, "ood_test": 0.8088096894308278, "ood_validation": 0.812741668201068, "train": 0.83251194719388, "id_test_conf": [0.8280310230901013, 0.8332865705698217], "id_test_balanced": 0.6060755848884583, "id_test_balanced_conf": [0.6044606580864638, 0.6076905116904527], "ood_test_conf": [0.8052950001686368, 0.812287665294081], "ood_test_balanced": 0.642375648021698, "ood_test_balanced_conf": [0.6400177242839709, 0.6447335717594251], "features": ["DIVISION", "AGEP", "SEX", "RAC1P", "POBP", "DIS", "ANC", "NATIVITY", "DEAR", "DEYE", "DREM", "ST", "MAR", "ENG", "FER", "CIT", "SCHL", "HUPAC", "OCCP", "MIL", "WIF", "WKHP", "WKW", "WRK", "NWLA", "NWLK"]}