{"id_test": 0.8342320801750013, "id_test_conf": [0.8316141206489142, 0.836825354115381], "id_test_balanced": 0.6279758214950562, "id_test_balanced_conf": [0.6262472842191346, 0.6297043587709777], "ood_test": 0.8124309505298908, "ood_test_conf": [0.8089414954501437, 0.8158832606342289], "ood_test_balanced": 0.651846706867218, "ood_test_balanced_conf": [0.6494613757776097, 0.6542320379568264], "validation": 0.8376766250778994, "validation_conf": [0.8350803632432293, 0.840247945921059], "validation_balanced": 0.6291351914405823, "validation_balanced_conf": [0.6274075645790436, 0.630862818302121], "features": ["DIVISION", "AGEP", "SEX", "RAC1P", "POBP", "DIS", "ANC", "NATIVITY", "DEAR", "DEYE", "DREM", "ST", "MAR", "ENG", "FER", "CIT", "SCHL", "HUPAC", "OCCP", "MIL", "WIF", "WKHP", "WKW", "WRK", "NWLA", "NWLK"]}