{"validation": 0.7593320360690348, "id_test": 0.7575799969476522, "ood_test": 0.7138589958672613, "ood_validation": 0.720309335297367, "0": 0.5924843844448922, "1": 0.8011584512517493, "2": 0.7614885924448324, "3": 0.7784400402245872, "4": 0.7933240749925603, "5": 0.7445846227088788, "7": 0.714678284969408, "8": 0.7691619800878361, "9": 0.7715577844445439, "id_test_conf": [0.7545687456735776, 0.7605722320987632], "id_test_balanced": 0.7062114477157593, "id_test_balanced_conf": [0.7039979047467932, 0.7084249906847253], "ood_test_conf": [0.7098294405577299, 0.7178631389384893], "ood_test_balanced": 0.7152007818222046, "ood_test_balanced_conf": [0.7123715949710459, 0.7180299686733633], "features": ["DIVISION", "AGEP", "SEX", "RAC1P", "POBP", "DIS", "ANC", "NATIVITY", "DEAR", "DEYE", "DREM", "ST", "MAR", "ENG", "FER", "CIT", "SCHL", "HUPAC", "OCCP", "MIL", "WIF", "WKHP", "WKW", "WRK", "NWLA", "NWLK"]}