{"validation": 0.8367736273799077, "id_test": 0.8334562751182785, "ood_test": 0.8095666762142477, "ood_validation": 0.8136623089670411, "train": 0.8342448069848558, "id_test_conf": [0.8308334809232305, 0.8360544411751998], "id_test_balanced": 0.6380334496498108, "id_test_balanced_conf": [0.6362444165931084, 0.6398224827065132], "ood_test_conf": [0.8060572220372018, 0.8130393267807259], "ood_test_balanced": 0.6559916734695435, "ood_test_balanced_conf": [0.6535595242632553, 0.6584238226758317], "features": ["DIVISION", "AGEP", "SEX", "RAC1P", "POBP", "DIS", "ANC", "NATIVITY", "DEAR", "DEYE", "DREM", "ST", "MAR", "ENG", "FER", "CIT", "SCHL", "HUPAC", "OCCP", "MIL", "WIF", "WKHP", "WKW", "WRK", "NWLA", "NWLK"]}