{"validation": 0.23303699746906278, "id_test": 0.2355649386986824, "ood_test": 0.2320062195670854, "ood_validation": 0.22905542257411157, "0": 0.47390691114245415, "1": 0.21983361841082258, "2": 0.23689066201221792, "3": 0.21418545210760076, "4": 0.1800416625334788, "5": 0.23020632568282515, "7": 0.24207015607201154, "8": 0.21984857216668985, "9": 0.2600098508932969, "id_test_conf": [0.23260228209732065, 0.2385471180466287], "id_test_balanced": 0.4981800615787506, "id_test_balanced_conf": [0.49687670641578735, 0.49948341674171387], "ood_test_conf": [0.22826984940730652, 0.23577444222418886], "ood_test_balanced": 0.5005588531494141, "ood_test_balanced_conf": [0.4996672184020281, 0.5014504878968], "features": ["DIVISION", "AGEP", "SEX", "RAC1P", "POBP", "DIS", "ANC", "NATIVITY", "DEAR", "DEYE", "DREM", "ST", "MAR", "ENG", "FER", "CIT", "SCHL", "HUPAC", "OCCP", "MIL", "WIF", "WKHP", "WKW", "WRK", "NWLA", "NWLK"]}