{"validation": 0.6301806588735388, "id_test": 0.6390658174097664, "ood_test": 0.6278370069984957, "ood_validation": 0.6439081812831077, "train": 0.6471916080201833, "id_test_conf": [0.6074682436927717, 0.6697907312466418], "id_test_balanced": 0.674045741558075, "id_test_balanced_conf": [0.6547742213308811, 0.6933172617852688], "ood_test_conf": [0.620118445060363, 0.6355068992205952], "ood_test_balanced": 0.6432154178619385, "ood_test_balanced_conf": [0.638092950116843, 0.648337885607034], "features": ["SEX", "WHTLGSPK", "BORNUSA", "HWELLSPK", "OTHLGSPK", "HIDEG", "YRSINUS", "HISPNCAT", "RACETHX", "RACEWX", "RACEBX", "RACEAX", "RACEV2X", "RACEV1X", "HISPANX", "SICPAY31", "PAYDR31", "REGION31", "AGE31X", "INSCOV19"]}