{"validation": 0.6748140276301806, "id_test": 0.7165605095541401, "ood_test": 0.6324154620969324, "ood_validation": 0.6503825779870512, "train": 0.7056167839596336, "id_test_conf": [0.6866040421343866, 0.745156065550667], "id_test_balanced": 0.7206825017929077, "id_test_balanced_conf": [0.7004489012807608, 0.7409161023050547], "ood_test_conf": [0.6247155867011145, 0.6400649239578683], "ood_test_balanced": 0.6273449659347534, "ood_test_balanced_conf": [0.6219515351392328, 0.632738396730274], "features": ["SEX", "WHTLGSPK", "BORNUSA", "HWELLSPK", "OTHLGSPK", "HIDEG", "YRSINUS", "HISPNCAT", "RACETHX", "RACEWX", "RACEBX", "RACEAX", "RACEV2X", "RACEV1X", "HISPANX", "SICPAY31", "PAYDR31", "REGION31", "AGE31X", "INSCOV19"]}