{"validation": 0.6046758767268863, "id_test": 0.6284501061571125, "ood_test": 0.5871541631238145, "ood_validation": 0.6068275456150677, "train": 0.6170495286150578, "id_test_conf": [0.5966981808579794, 0.6593960948875806], "id_test_balanced": 0.6709938049316406, "id_test_balanced_conf": [0.6526409608125686, 0.6893466490507126], "ood_test_conf": [0.5793012812750201, 0.5949738672918472], "ood_test_balanced": 0.6182838678359985, "ood_test_balanced_conf": [0.6139214464183896, 0.6226462892536074], "features": ["SEX", "WHTLGSPK", "BORNUSA", "HWELLSPK", "OTHLGSPK", "HIDEG", "YRSINUS", "HISPNCAT", "RACETHX", "RACEWX", "RACEBX", "RACEAX", "RACEV2X", "RACEV1X", "HISPANX", "SICPAY31", "PAYDR31", "REGION31", "AGE31X", "INSCOV19"]}