{"validation": 0.6801275239107333, "id_test": 0.7356687898089171, "ood_test": 0.6421610308064621, "ood_validation": 0.6509711595055915, "train": 0.7167706811844377, "id_test_conf": [0.706269034620182, 0.763586793415838], "id_test_balanced": 0.7455828189849854, "id_test_balanced_conf": [0.7260729536414147, 0.765092684328556], "ood_test_conf": [0.6345034057578751, 0.6497645301977224], "ood_test_balanced": 0.6562249660491943, "ood_test_balanced_conf": [0.6511088743992149, 0.6613410576991737], "features": ["SEX", "WHTLGSPK", "BORNUSA", "HWELLSPK", "OTHLGSPK", "HIDEG", "YRSINUS", "HISPNCAT", "RACETHX", "RACEWX", "RACEBX", "RACEAX", "RACEV2X", "RACEV1X", "HISPANX", "SICPAY31", "PAYDR31", "REGION31", "AGE31X", "INSCOV19"]}