{"validation": 0.696068012752391, "id_test": 0.7484076433121019, "ood_test": 0.6528876970370855, "ood_validation": 0.6562683931724543, "train": 0.7261983800292126, "id_test_conf": [0.719416344591882, 0.7758364912031193], "id_test_balanced": 0.742908239364624, "id_test_balanced_conf": [0.7232217198610306, 0.7625947588682175], "ood_test_conf": [0.6452805278838061, 0.6604366542280131], "ood_test_balanced": 0.648288369178772, "ood_test_balanced_conf": [0.6429579107649624, 0.6536188275925815], "features": ["SEX", "WHTLGSPK", "BORNUSA", "HWELLSPK", "OTHLGSPK", "HIDEG", "YRSINUS", "HISPNCAT", "RACETHX", "RACEWX", "RACEBX", "RACEAX", "RACEV2X", "RACEV1X", "HISPANX", "SICPAY31", "PAYDR31", "REGION31", "AGE31X", "INSCOV19"]}