{"validation": 0.6907545164718385, "id_test": 0.7314225053078556, "ood_test": 0.6383674537249002, "ood_validation": 0.6450853443201884, "train": 0.720754215907582, "id_test_conf": [0.7018933483925911, 0.7594967844116376], "id_test_balanced": 0.717034101486206, "id_test_balanced_conf": [0.6970151817053556, 0.7370530212670565], "ood_test_conf": [0.630692979490169, 0.6459892473364226], "ood_test_balanced": 0.6194736361503601, "ood_test_balanced_conf": [0.6144038355350494, 0.6245434367656708], "features": ["SEX", "WHTLGSPK", "BORNUSA", "HWELLSPK", "OTHLGSPK", "HIDEG", "YRSINUS", "HISPNCAT", "RACETHX", "RACEWX", "RACEBX", "RACEAX", "RACEV2X", "RACEV1X", "HISPANX", "SICPAY31", "PAYDR31", "REGION31", "AGE31X", "INSCOV19"]}