{"validation": 0.7661108779426914, "id_test": 0.7629851961133438, "ood_test": 0.7389009370268833, "ood_validation": 0.7488491990425336, "0": 0.5136006447713076, "1": 0.8071062043228113, "2": 0.769916469268171, "3": 0.7829653062934718, "4": 0.821247892074199, "5": 0.7397854581474457, "7": 0.7413596702406257, "8": 0.7688440213827229, "9": 0.7765280078807146, "id_test_conf": [0.7599967794448609, 0.7659541971924062], "id_test_balanced": 0.6159911751747131, "id_test_balanced_conf": [0.6138941736891865, 0.6180881766602397], "ood_test_conf": [0.7349826728172715, 0.7427908105687717], "ood_test_balanced": 0.6004096269607544, "ood_test_balanced_conf": [0.5977587868645787, 0.6030604670569301], "features": ["AGEP", "SEX", "RAC1P", "POBP", "DIS", "ANC", "NATIVITY", "DEYE", "DREM", "ST", "MAR", "DIVISION"]}