{"validation": 0.7375329085428669, "id_test": 0.7333901409167218, "ood_test": 0.6815336143050043, "ood_validation": 0.6818265512796907, "0": 0.49325005037275843, "1": 0.7813326076815426, "2": 0.7349831691809001, "3": 0.7292801474901534, "4": 0.8076579704394405, "5": 0.7155132034615415, "7": 0.7044731248458657, "8": 0.7424931936964687, "9": 0.76265615904715, "id_test_conf": [0.7302844493786852, 0.7364786036640569], "id_test_balanced": 0.6365416049957275, "id_test_balanced_conf": [0.6342938863486052, 0.6387893236428499], "ood_test_conf": [0.6773825353980245, 0.6856631242755284], "ood_test_balanced": 0.6363459229469299, "ood_test_balanced_conf": [0.6333730022003874, 0.6393188436934725], "features": ["AGEP", "SEX", "RAC1P", "POBP", "DIS", "ANC", "NATIVITY", "DEYE", "DREM", "ST", "MAR", "DIVISION"]}