{"validation": 0.7173362839736986, "id_test": 0.7124179681538383, "ood_test": 0.6707107492123245, "ood_validation": 0.6735407843859326, "0": 0.4842836993753778, "1": 0.764305706733012, "2": 0.7329884054357312, "3": 0.7348948294645102, "4": 0.801532586052971, "5": 0.6749545039199576, "7": 0.6584853146688902, "8": 0.7370481508714056, "9": 0.7388169972686159, "id_test_conf": [0.7092400214828523, 0.7155802351771978], "id_test_balanced": 0.6423648595809937, "id_test_balanced_conf": [0.6400630276370793, 0.644666691524908], "ood_test_conf": [0.6665242013037986, 0.674877014678802], "ood_test_balanced": 0.6351895928382874, "ood_test_balanced_conf": [0.6321982262749225, 0.6381809594016522], "features": ["AGEP", "SEX", "RAC1P", "POBP", "DIS", "ANC", "NATIVITY", "DEYE", "DREM", "ST", "MAR", "DIVISION"]}