{"validation": 0.6768794434481794, "id_test": 0.6734496616981228, "ood_test": 0.6457711035639756, "ood_validation": 0.6461056895599337, "0": 0.4847874269595003, "1": 0.7343336961592287, "2": 0.676274778705897, "3": 0.6838598843543116, "4": 0.7743031445293126, "5": 0.6339350845804762, "7": 0.6232076380162765, "8": 0.6980385922378332, "9": 0.7126136210988224, "id_test_conf": [0.6701591134189708, 0.6767274079605872], "id_test_balanced": 0.6454914808273315, "id_test_balanced_conf": [0.6431377246882767, 0.6478452369663864], "ood_test_conf": [0.6415122486497965, 0.6500126401353759], "ood_test_balanced": 0.6371474266052246, "ood_test_balanced_conf": [0.6341347898868844, 0.6401600633235648], "features": ["AGEP", "SEX", "RAC1P", "POBP", "DIS", "ANC", "NATIVITY", "DEYE", "DREM", "ST", "MAR", "DIVISION"]}