{"validation": 0.6927136988566268, "id_test": 0.6890547896423665, "ood_test": 0.6381398584230124, "ood_validation": 0.6380040508193703, "0": 0.4938545234737054, "1": 0.7304851500544239, "2": 0.7089265677596309, "3": 0.7348319785468868, "4": 0.7783702013689118, "5": 0.6312091591095822, "7": 0.6145056545277324, "8": 0.6858965441863238, "9": 0.7425424260063583, "id_test_conf": [0.6858060967284223, 0.6922895282833832], "id_test_balanced": 0.6485174894332886, "id_test_balanced_conf": [0.6461801063781604, 0.6508548724884168], "ood_test_conf": [0.6338614256003607, 0.6424018797789917], "ood_test_balanced": 0.6342945098876953, "ood_test_balanced_conf": [0.6312755906255916, 0.637313429149799], "features": ["AGEP", "SEX", "RAC1P", "POBP", "DIS", "ANC", "NATIVITY", "DEYE", "DREM", "ST", "MAR", "DIVISION"]}