{"validation": 0.8179124219415722, "id_test": 0.8152312153431348, "ood_test": 0.7812308195916363, "ood_validation": 0.7865954704474314, "train": 0.8161785513292148, "id_test_conf": [0.8125004664447416, 0.8179386851587569], "id_test_balanced": 0.5536990165710449, "id_test_balanced_conf": [0.5524088011519052, 0.5549892319901847], "ood_test_conf": [0.777538943432137, 0.7848892674252725], "ood_test_balanced": 0.544544517993927, "ood_test_balanced_conf": [0.5428914080932736, 0.5461976278945804], "features": ["AGEP", "SEX", "RAC1P", "POBP", "DIS", "ANC", "NATIVITY", "DEYE", "DREM", "ST", "MAR", "DIVISION"]}