{"validation": 0.8177852391672072, "id_test": 0.8150022892608231, "ood_test": 0.7831948934080772, "ood_validation": 0.7919351868900755, "train": 0.8153963797538385, "id_test_conf": [0.8122702500052953, 0.8177110663736706], "id_test_balanced": 0.5339342951774597, "id_test_balanced_conf": [0.5329197036055848, 0.5349488867493346], "ood_test_conf": [0.7795148051751111, 0.7868413194531247], "ood_test_balanced": 0.5324385762214661, "ood_test_balanced_conf": [0.5310562816285528, 0.5338208708143793], "features": ["AGEP", "SEX", "RAC1P", "POBP", "DIS", "ANC", "NATIVITY", "DEYE", "DREM", "ST", "MAR", "DIVISION"]}