{"validation": 0.818713673420072, "id_test": 0.8152693696901867, "ood_test": 0.7813740333074185, "ood_validation": 0.7910145461241024, "train": 0.8161912695662127, "id_test_conf": [0.8125388360035399, 0.8179766214707028], "id_test_balanced": 0.5550969839096069, "id_test_balanced_conf": [0.5537907345872373, 0.5564032332319766], "ood_test_conf": [0.777683012580543, 0.7850316086564044], "ood_test_balanced": 0.5619437098503113, "ood_test_balanced_conf": [0.5600344247440807, 0.5638529949565418], "features": ["AGEP", "SEX", "RAC1P", "POBP", "DIS", "ANC", "NATIVITY", "DEYE", "DREM", "ST", "MAR", "DIVISION"]}