{"id_test": 0.8159561479371217, "id_test_conf": [0.8132294955139444, 0.8186594676330845], "id_test_balanced": 0.5541470050811768, "id_test_balanced_conf": [0.5528608437441289, 0.5554331664182246], "ood_test": 0.785118049020009, "ood_test_conf": [0.7814496215102729, 0.78875258533982], "ood_test_balanced": 0.5610021352767944, "ood_test_balanced_conf": [0.5591610160213896, 0.5628432545321993], "validation": 0.8195912345631907, "validation_conf": [0.8168853455036827, 0.8222735215819749], "validation_balanced": 0.5535774827003479, "validation_balanced_conf": [0.5523050331394188, 0.554849932261277], "features": ["AGEP", "SEX", "RAC1P", "POBP", "DIS", "ANC", "NATIVITY", "DEYE", "DREM", "ST", "MAR", "DIVISION"]}