{"validation": 0.6103501341778269, "id_test": 0.6096174390802259, "ood_test": 0.5817136544048447, "ood_validation": 0.5858957834652918, "0": 0.5026193834374371, "1": 0.6745840460270565, "2": 0.6410173295100362, "3": 0.668587111371826, "4": 0.6881509770856066, "5": 0.5954726601193264, "7": 0.4952262398271347, "8": 0.6139385147353987, "9": 0.6059553127658622, "id_test_conf": [0.6061972513289142, 0.6130295369624457], "id_test_balanced": 0.6473532319068909, "id_test_balanced_conf": [0.6450110553717241, 0.6496954084420576], "ood_test_conf": [0.5773256446619526, 0.5860919570929104], "ood_test_balanced": 0.6302385926246643, "ood_test_balanced_conf": [0.627261499487795, 0.6332156857615336], "features": ["AGEP", "SEX", "RAC1P", "POBP", "DIS", "ANC", "NATIVITY", "DEYE", "DREM", "ST", "MAR", "DIVISION"]}