{"validation": 0.6536304322942501, "id_test": 0.6491326245103526, "ood_test": 0.6057940177585007, "ood_validation": 0.6111213404529553, "train": 0.650736544900146, "id_test_conf": [0.6457850287662401, 0.6524692135258721], "id_test_balanced": 0.6709070205688477, "id_test_balanced_conf": [0.6685911228368059, 0.6732229183008894], "ood_test_conf": [0.6014453398119362, 0.6101301276934061], "ood_test_balanced": 0.653056263923645, "ood_test_balanced_conf": [0.6501195648917928, 0.6559929629554972], "features": ["AGEP", "SEX", "RAC1P", "POBP", "DIS", "ANC", "NATIVITY", "DEYE", "DREM", "ST", "MAR", "DIVISION"]}