{"validation": 0.7820850344029404, "id_test": 0.7793406928829425, "ood_test": 0.7339498342812717, "ood_validation": 0.7390904069232186, "0": 0.5159177916582712, "1": 0.8099828953506453, "2": 0.7852138137389353, "3": 0.7933985586189558, "4": 0.8292828092451145, "5": 0.7516413142800101, "7": 0.7576597418763872, "8": 0.7933467140955068, "9": 0.8096090986432634, "id_test_conf": [0.7764254823021357, 0.7822352789023549], "id_test_balanced": 0.6237313747406006, "id_test_balanced_conf": [0.6216855389997363, 0.6257772104814648], "ood_test_conf": [0.7300083110151934, 0.7378635558412114], "ood_test_balanced": 0.6207249164581299, "ood_test_balanced_conf": [0.6179596543870867, 0.6234901785291731], "features": ["AGEP", "SEX", "RAC1P", "POBP", "DIS", "ANC", "NATIVITY", "DEYE", "DREM", "ST", "MAR", "DIVISION"]}