{"validation": 0.8183829982067229, "id_test": 0.8153965508470266, "ood_test": 0.7823765293178935, "ood_validation": 0.7924875713496594, "train": 0.8160322916037379, "id_test_conf": [0.8126667348472353, 0.8181030755294614], "id_test_balanced": 0.5520704984664917, "id_test_balanced_conf": [0.5508021609438584, 0.553338835989125], "ood_test_conf": [0.7786915146695595, 0.7860279792223288], "ood_test_balanced": 0.5554026365280151, "ood_test_balanced_conf": [0.5535987714747899, 0.5572065015812404], "features": ["AGEP", "SEX", "RAC1P", "POBP", "DIS", "ANC", "NATIVITY", "DEYE", "DREM", "ST", "MAR", "DIVISION"]}