{"validation": 0.818586490645707, "id_test": 0.8147224907157755, "ood_test": 0.7847907033839355, "ood_validation": 0.7948812373411894, "train": 0.8160720360943566, "id_test_conf": [0.8119888764809438, 0.8174328635123136], "id_test_balanced": 0.5527229309082031, "id_test_balanced_conf": [0.5514378036558628, 0.5540080581605434], "ood_test_conf": [0.7811202827489937, 0.7884272718088735], "ood_test_balanced": 0.5572840571403503, "ood_test_balanced_conf": [0.5554909360036254, 0.5590771782770753], "features": ["AGEP", "SEX", "RAC1P", "POBP", "DIS", "ANC", "NATIVITY", "DEYE", "DREM", "ST", "MAR", "DIVISION"]}