{"validation": 0.818586490645707, "id_test": 0.8146716182530396, "ood_test": 0.7840746348050247, "ood_validation": 0.7945129810348002, "train": 0.8159146479115065, "id_test_conf": [0.8119377179090427, 0.8173822809231579], "id_test_balanced": 0.5578581690788269, "id_test_balanced_conf": [0.5565129300625995, 0.5592034080950543], "ood_test_conf": [0.780399866128074, 0.7877156365393211], "ood_test_balanced": 0.5655456185340881, "ood_test_balanced_conf": [0.5636281341081485, 0.5674631029600278], "features": ["AGEP", "SEX", "RAC1P", "POBP", "DIS", "ANC", "NATIVITY", "DEYE", "DREM", "ST", "MAR", "DIVISION"]}