{"validation": 0.8176834929477151, "id_test": 0.8145825914432517, "ood_test": 0.7845861123613895, "ood_validation": 0.7946971091879949, "train": 0.8156539240530478, "id_test_conf": [0.8118481905936742, 0.8172937612066595], "id_test_balanced": 0.5370854735374451, "id_test_balanced_conf": [0.5360124295973219, 0.5381585174775683], "ood_test_conf": [0.7809144477608456, 0.7882239491142009], "ood_test_balanced": 0.5409147143363953, "ood_test_balanced_conf": [0.5393899596296251, 0.5424394690431654], "features": ["AGEP", "SEX", "RAC1P", "POBP", "DIS", "ANC", "NATIVITY", "DEYE", "DREM", "ST", "MAR", "DIVISION"]}