{"validation": 0.924709077676823, "id_test": 0.9259095308478951, "ood_test": 0.4727177334732424, "ood_validation": 0.5660377358490566, "train": 0.9248370242613689, "id_test_conf": [0.9249087316831611, 0.9269010580938897], "id_test_balanced": 0.8807424306869507, "id_test_balanced_conf": [0.8799297249305528, 0.8815551364433486], "ood_test_conf": [0.4500985691430931, 0.49542097052495243], "ood_test_balanced": 0.5321229100227356, "ood_test_balanced_conf": [0.5266190429963171, 0.5376267770491541], "features": ["Average_confidence(BORED)", "Average_confidence(CONCENTRATING)", "Average_confidence(CONFUSED)", "Average_confidence(FRUSTRATED)", "attempt_count", "hint_count", "school_id", "skill_id", "problem_type", "bottom_hint", "ms_first_response", "tutor_mode", "position", "type", "overlap_time", "first_action"]}