{"validation": 0.7770881882499536, "id_test": 0.7762120044250792, "ood_test": 0.3637319548049401, "ood_validation": 0.3601500946344469, "train": 0.7760955447352373, "id_test_conf": [0.7750550737340849, 0.7773657386870135], "id_test_balanced": 0.5, "id_test_balanced_conf": [0.5, 0.5], "ood_test_conf": [0.3626892343691368, 0.3647756404410357], "ood_test_balanced": 0.5000019073486328, "ood_test_balanced_conf": [0.4999997829728682, 0.5000040317243974], "features": ["DIS", "ESP", "MIG", "ANC", "NATIVITY", "DEAR", "DEYE", "DREM", "PINCP", "ESR", "FER", "AGEP", "SEX", "MAR", "CIT", "RAC1P", "SCHL", "DIVISION"]}