{"validation": 0.8033451748369047, "id_test": 0.8017161159945845, "ood_test": 0.6610113745709929, "ood_validation": 0.6621550244288921, "train": 0.8024835700427008, "id_test_conf": [0.8006090972345041, 0.8028196430011266], "id_test_balanced": 0.6268920302391052, "id_test_balanced_conf": [0.6261757901881356, 0.6276082702900748], "ood_test_conf": [0.6599843036505204, 0.6620373050172489], "ood_test_balanced": 0.7048895359039307, "ood_test_balanced_conf": [0.7042355739581398, 0.7055434978497215], "features": ["DIS", "ESP", "MIG", "ANC", "NATIVITY", "DEAR", "DEYE", "DREM", "PINCP", "ESR", "FER", "AGEP", "SEX", "MAR", "CIT", "RAC1P", "SCHL", "DIVISION"]}