{"validation": 0.7909125945273483, "id_test": 0.7902340739084073, "ood_test": 0.44893669830549093, "ood_validation": 0.4465975615123905, "train": 0.7898300879451078, "id_test_conf": [0.7891037616710033, 0.7913610273569931], "id_test_balanced": 0.5677076578140259, "id_test_balanced_conf": [0.5671429078071378, 0.5682724078209139], "ood_test_conf": [0.44785832243269114, 0.45001543585558207], "ood_test_balanced": 0.5565142035484314, "ood_test_balanced_conf": [0.5560519052785822, 0.5569765018182806], "features": ["DIS", "ESP", "MIG", "ANC", "NATIVITY", "DEAR", "DEYE", "DREM", "PINCP", "ESR", "FER", "AGEP", "SEX", "MAR", "CIT", "RAC1P", "SCHL", "DIVISION"]}