{"validation": 0.8041059864491664, "id_test": 0.8030060984620054, "ood_test": 0.5886325205379292, "ood_validation": 0.5889233681059906, "train": 0.8033811677706503, "id_test_conf": [0.8019017849882544, 0.8041069052429337], "id_test_balanced": 0.5941638946533203, "id_test_balanced_conf": [0.5935501289856621, 0.5947776603209786], "ood_test_conf": [0.5875651451451546, 0.5896992681485468], "ood_test_balanced": 0.6631293296813965, "ood_test_balanced_conf": [0.6625384305883198, 0.6637202287744731], "features": ["DIS", "ESP", "MIG", "ANC", "NATIVITY", "DEAR", "DEYE", "DREM", "PINCP", "ESR", "FER", "AGEP", "SEX", "MAR", "CIT", "RAC1P", "SCHL", "DIVISION"]}