{"id_test": 0.804851212703332, "id_test_conf": [0.803750800575318, 0.8059480967699033], "id_test_balanced": 0.6157723665237427, "id_test_balanced_conf": [0.6150954975024797, 0.6164492355450056], "ood_test": 0.6511382518398243, "ood_test_conf": [0.6501041850459006, 0.6521712480984942], "ood_test_balanced": 0.7026233673095703, "ood_test_balanced_conf": [0.7019854809087701, 0.7032612537103705], "validation": 0.8060569390611865, "validation_conf": [0.8049590956792075, 0.8071512404106612], "validation_balanced": 0.6167597770690918, "validation_balanced_conf": [0.6160822245525196, 0.617437329585664], "features": ["DIS", "ESP", "MIG", "ANC", "NATIVITY", "DEAR", "DEYE", "DREM", "PINCP", "ESR", "FER", "AGEP", "SEX", "MAR", "CIT", "RAC1P", "SCHL", "DIVISION"]}