{"id_test": 0.8049810097008279, "id_test_conf": [0.8038808734390801, 0.8060776163979092], "id_test_balanced": 0.6160370111465454, "id_test_balanced_conf": [0.6153598428750411, 0.6167141794180497], "ood_test": 0.650431544107488, "ood_test_conf": [0.6493969953818503, 0.6514650273039759], "ood_test_balanced": 0.7020816802978516, "ood_test_balanced_conf": [0.7014438122080173, 0.7027195483876858], "validation": 0.8060689203464189, "validation_conf": [0.8049711025825043, 0.8071631959390718], "validation_balanced": 0.6166333556175232, "validation_balanced_conf": [0.615956202747766, 0.6173105084872804], "features": ["DIS", "ESP", "MIG", "ANC", "NATIVITY", "DEAR", "DEYE", "DREM", "PINCP", "ESR", "FER", "AGEP", "SEX", "MAR", "CIT", "RAC1P", "SCHL", "DIVISION"]}