{"validation": 0.7132039753904401, "id_test": 0.7116809310238786, "ood_test": 0.74129973088863, "ood_validation": 0.7437387208944055, "train": 0.7128471046108218, "id_test_conf": [0.7104241169079725, 0.7129352957128108], "id_test_balanced": 0.7107303738594055, "id_test_balanced_conf": [0.7098423647403251, 0.7116183829784859], "ood_test_conf": [0.7403491934446343, 0.7422485590514475], "ood_test_balanced": 0.7075029015541077, "ood_test_balanced_conf": [0.7068321602034848, 0.7081736429047305], "features": ["DIS", "ESP", "MIG", "ANC", "NATIVITY", "DEAR", "DEYE", "DREM", "PINCP", "ESR", "FER", "AGEP", "SEX", "MAR", "CIT", "RAC1P", "SCHL", "DIVISION"]}