{"validation": 0.72033483698463, "id_test": 0.7186500313509671, "ood_test": 0.7366401060306134, "ood_validation": 0.7390510145693032, "train": 0.7197687912059385, "id_test_conf": [0.7174023790065698, 0.7198951536070152], "id_test_balanced": 0.7103391885757446, "id_test_balanced_conf": [0.7094513060932514, 0.7112270710582379], "ood_test_conf": [0.7356840903674384, 0.7375944454279604], "ood_test_balanced": 0.710494875907898, "ood_test_balanced_conf": [0.709815568618942, 0.7111741831968539], "features": ["DIS", "ESP", "MIG", "ANC", "NATIVITY", "DEAR", "DEYE", "DREM", "PINCP", "ESR", "FER", "AGEP", "SEX", "MAR", "CIT", "RAC1P", "SCHL", "DIVISION"]}