{"validation": 0.8056455816015384, "id_test": 0.8043180465751565, "ood_test": 0.6527240648654994, "ood_validation": 0.6537039482371583, "train": 0.8049227594190975, "id_test_conf": [0.8032165032377535, 0.8054160680258635], "id_test_balanced": 0.6237068176269531, "id_test_balanced_conf": [0.6230066689790692, 0.624406966274837], "ood_test_conf": [0.6516910886017808, 0.6537559593605009], "ood_test_balanced": 0.7026751637458801, "ood_test_balanced_conf": [0.7020334710599855, 0.7033168564317748], "features": ["DIS", "ESP", "MIG", "ANC", "NATIVITY", "DEAR", "DEYE", "DREM", "PINCP", "ESR", "FER", "AGEP", "SEX", "MAR", "CIT", "RAC1P", "SCHL", "DIVISION"]}