{"validation": 0.8057993414286884, "id_test": 0.8042261902384671, "ood_test": 0.6244508648610977, "ood_validation": 0.6247524098771953, "train": 0.8047802320824292, "id_test_conf": [0.8031244523296492, 0.8053244073243951], "id_test_balanced": 0.6200817823410034, "id_test_balanced_conf": [0.619390840686392, 0.6207727239956148], "ood_test_conf": [0.6234003042004874, 0.6255005440282029], "ood_test_balanced": 0.6866098046302795, "ood_test_balanced_conf": [0.6859907857119105, 0.6872288235486486], "features": ["DIS", "ESP", "MIG", "ANC", "NATIVITY", "DEAR", "DEYE", "DREM", "PINCP", "ESR", "FER", "AGEP", "SEX", "MAR", "CIT", "RAC1P", "SCHL", "DIVISION"]}