{"validation": 0.7973365602928226, "id_test": 0.7967538769364714, "ood_test": 0.5545259250474093, "ood_validation": 0.5541507108587526, "train": 0.796388092702176, "id_test_conf": [0.7956366199215572, 0.7978676996636025], "id_test_balanced": 0.5758415460586548, "id_test_balanced_conf": [0.5752728106500581, 0.5764102814672515], "ood_test_conf": [0.5534479720630013, 0.5556034918288331], "ood_test_balanced": 0.6374900341033936, "ood_test_balanced_conf": [0.6369198513298762, 0.638060216876911], "features": ["DIS", "ESP", "MIG", "ANC", "NATIVITY", "DEAR", "DEYE", "DREM", "PINCP", "ESR", "FER", "AGEP", "SEX", "MAR", "CIT", "RAC1P", "SCHL", "DIVISION"]}