{"id_test": 0.9878891993613139, "id_test_conf": [0.9873030670799577, 0.9884550345992967], "id_test_balanced": 0.500571608543396, "id_test_balanced_conf": [0.5004804473921831, 0.5006627696946089], "ood_test": 0.9242124373149209, "ood_test_conf": [0.9227846311967565, 0.9256219093923391], "ood_test_balanced": 0.5000780820846558, "ood_test_balanced_conf": [0.5000369643292651, 0.5001191998400464], "validation": 0.9886732198992066, "validation_conf": [0.988105681612717, 0.9892204228178827], "validation_balanced": 0.5018638968467712, "validation_balanced_conf": [0.5017022978374734, 0.502025495856069], "features": ["HR", "O2Sat", "Temp", "SBP", "MAP", "DBP", "Resp", "EtCO2", "BaseExcess", "HCO3", "FiO2", "pH", "PaCO2", "SaO2", "AST", "BUN", "Alkalinephos", "Calcium", "Chloride", "Creatinine", "Bilirubin_direct", "Glucose", "Lactate", "Magnesium", "Phosphate", "Potassium", "Bilirubin_total", "TroponinI", "Hct", "Hgb", "PTT", "WBC", "Fibrinogen", "Platelets", "Age", "Gender", "Unit1", "Unit2", "HospAdmTime", "ICULOS", "set"]}