{"validation": 0.4965277777777778, "id_test": 0.5134431916738942, "ood_test": 0.5536006279024135, "ood_validation": 0.544437904649794, "1": 0.5761448349307774, "id_test_conf": [0.4841564708896195, 0.5426611721906488], "id_test_balanced": 0.5, "id_test_balanced_conf": [0.5, 0.5], "ood_test_conf": [0.5456784867392177, 0.5615023655592375], "ood_test_balanced": 0.500073254108429, "ood_test_balanced_conf": [0.49997733136449823, 0.5001691768523596], "features": ["SEX", "WHTLGSPK", "BORNUSA", "HWELLSPK", "OTHLGSPK", "EDUCYR", "YRSINUS", "HISPNCAT", "RACETHX", "RACEWX", "RACEBX", "RACEAX", "RACEV2X", "RACEV1X", "HISPANX", "SICPAY31", "PAYDR31", "REGION31", "AGE31X", "INSCOV19"]}