{"validation": 0.7869983418740575, "id_test": 0.7887990216306656, "ood_test": 0.5629590766002098, "ood_validation": 0.5518867924528302, "train": 0.7871210011038552, "id_test_conf": [0.7872445628925595, 0.7903471989199555], "ood_test_conf": [0.5403458907897227, 0.5853782293535081], "features": ["hint_count", "school_id", "skill_id", "problem_type", "bottom_hint", "tutor_mode", "position", "type", "first_action"]}