{"validation": 0.5818484744426214, "id_test": 0.579895202726764, "ood_test": 0.5062604852899055, "ood_validation": 0.5028539863745166, "0": 0.4762240580294177, "1": 0.6514927693982273, "2": 0.5671487345717492, "3": 0.6159285175563564, "4": 0.6959875012399563, "5": 0.5212276646881311, "7": 0.49934823200591877, "8": 0.6274517597027086, "9": 0.6229704920968969, "id_test_conf": [0.5764359961594754, 0.5833485131226308], "id_test_balanced": 0.6391410231590271, "id_test_balanced_conf": [0.6368150992318988, 0.6414669470861554], "ood_test_conf": [0.5018177127449492, 0.5107025141602983], "ood_test_balanced": 0.6125177145004272, "ood_test_balanced_conf": [0.6097046438092366, 0.6153307851916179], "features": ["AGEP", "SEX", "RAC1P", "POBP", "DIS", "ANC", "DEAR", "DEYE", "DREM", "ST", "MAR", "DIVISION"]}