{"validation": 0.4241545525074084, "id_test": 0.42516660731546013, "ood_test": 0.5060968124718688, "ood_validation": 0.5008285766893759, "0": 0.4783397138827322, "1": 0.539301819312704, "2": 0.47046502929809253, "3": 0.47551956758568675, "4": 0.5431504811030652, "5": 0.40753737589360445, "7": 0.33579556797764026, "8": 0.4460960632737823, "9": 0.3546142479738504, "id_test_conf": [0.42170756911059004, 0.42863116811458934], "id_test_balanced": 0.6058801412582397, "id_test_balanced_conf": [0.6039447132265195, 0.60781556928996], "ood_test_conf": [0.5016540317172432, 0.5105388689944119], "ood_test_balanced": 0.6122791767120361, "ood_test_balanced_conf": [0.6094653774611651, 0.6150929759629071], "features": ["AGEP", "SEX", "RAC1P", "POBP", "DIS", "ANC", "DEAR", "DEYE", "DREM", "ST", "MAR", "DIVISION"]}