{"validation": 0.818586490645707, "id_test": 0.815739939970494, "ood_test": 0.7834404026351324, "ood_validation": 0.792671699502854, "train": 0.8161865002273385, "id_test_conf": [0.8130120641435976, 0.8184444990695259], "id_test_balanced": 0.546581506729126, "id_test_balanced_conf": [0.5453884466714226, 0.5477745667868293], "ood_test_conf": [0.7797617964589976, 0.7870853173897198], "ood_test_balanced": 0.549435555934906, "ood_test_balanced_conf": [0.5477406443236396, 0.5511304675461725], "features": ["AGEP", "SEX", "RAC1P", "POBP", "DIS", "ANC", "DEAR", "DEYE", "DREM", "ST", "MAR", "DIVISION"]}