{"validation": 0.81861192720058, "id_test": 0.8155491682352343, "ood_test": 0.7826834158517124, "ood_validation": 0.7913828024304916, "train": 0.8163502475286876, "id_test_conf": [0.8128202140985042, 0.8182548197610823], "id_test_balanced": 0.5521647930145264, "id_test_balanced_conf": [0.5508973244926892, 0.5534322615363635], "ood_test_conf": [0.7790002461289633, 0.7863329842893085], "ood_test_balanced": 0.5494181513786316, "ood_test_balanced_conf": [0.547710503891576, 0.5511257988656871], "features": ["AGEP", "SEX", "RAC1P", "POBP", "DIS", "ANC", "DEAR", "DEYE", "DREM", "ST", "MAR", "DIVISION"]}