{"id_test": 0.816375845754693, "id_test_conf": [0.8136515721823705, 0.819076755541913], "id_test_balanced": 0.5543809533119202, "id_test_balanced_conf": [0.5530974540812895, 0.5556644525425508], "ood_test": 0.7850975899177544, "ood_test_conf": [0.7814290377373558, 0.7887322533444825], "ood_test_balanced": 0.5631941556930542, "ood_test_balanced_conf": [0.5613226394355297, 0.5650656719505787], "validation": 0.8190443486334211, "validation_conf": [0.816335307454065, 0.8217298282466989], "validation_balanced": 0.5518818497657776, "validation_balanced_conf": [0.5506227804441005, 0.5531409190874547], "features": ["AGEP", "SEX", "RAC1P", "POBP", "DIS", "ANC", "DEAR", "DEYE", "DREM", "ST", "MAR", "DIVISION"]}