{"id_test": 0.816375845754693, "id_test_conf": [0.8136515721823705, 0.819076755541913], "id_test_balanced": 0.5541264414787292, "id_test_balanced_conf": [0.5528460058267228, 0.5554068771307357], "ood_test": 0.7856090674741192, "ood_test_conf": [0.781943636079231, 0.7892405492085381], "ood_test_balanced": 0.5630208253860474, "ood_test_balanced_conf": [0.561159288091585, 0.5648823626805097], "validation": 0.8192224045175321, "validation_conf": [0.8165143886026471, 0.8219068456886283], "validation_balanced": 0.5517561435699463, "validation_balanced_conf": [0.5505009807017632, 0.5530113064381293], "features": ["AGEP", "SEX", "RAC1P", "POBP", "DIS", "ANC", "DEAR", "DEYE", "DREM", "ST", "MAR", "DIVISION"]}