{"id_test": 0.8161087653253294, "id_test_conf": [0.8133829773261683, 0.8188112093035471], "id_test_balanced": 0.5543686151504517, "id_test_balanced_conf": [0.5530817852634936, 0.5556554450374097], "ood_test": 0.7862228405417571, "ood_test_conf": [0.7825611651623915, 0.7898504931713425], "ood_test_balanced": 0.5629464387893677, "ood_test_balanced_conf": [0.5610951484483667, 0.5647977291303686], "validation": 0.8192859959047146, "validation_conf": [0.8165783463912127, 0.8219700659680871], "validation_balanced": 0.5528669357299805, "validation_balanced_conf": [0.5515990627696737, 0.5541348086902872], "features": ["AGEP", "SEX", "RAC1P", "POBP", "DIS", "ANC", "DEAR", "DEYE", "DREM", "ST", "MAR", "DIVISION"]}