{"validation": 0.7685146323781907, "id_test": 0.766075698224551, "ood_test": 0.7227177871435001, "ood_validation": 0.7236236420548702, "0": 0.5597420914769293, "1": 0.809088788679832, "2": 0.7882807629971326, "3": 0.7898265314673594, "4": 0.8150977085606587, "5": 0.7449915918636884, "7": 0.7237443190492407, "8": 0.7739512330836033, "9": 0.7813459902386602, "id_test_conf": [0.7631006348841134, 0.7690311175583726], "id_test_balanced": 0.6267073154449463, "id_test_balanced_conf": [0.6245922587765381, 0.6288223721133545], "ood_test_conf": [0.7187258157856088, 0.7266832927429696], "ood_test_balanced": 0.6274921894073486, "ood_test_balanced_conf": [0.6246548654139041, 0.6303295134007931], "features": ["AGEP", "SEX", "RAC1P", "POBP", "DIS", "ANC", "DEAR", "DEYE", "DREM", "ST", "MAR", "DIVISION"]}