{"validation": 0.6826535414043522, "id_test": 0.681055094877143, "ood_test": 0.623675273129015, "ood_validation": 0.6260357208617198, "0": 0.4844851904090268, "1": 0.751438345513917, "2": 0.718015210073557, "3": 0.7184593145059918, "4": 0.756001388751116, "5": 0.636522794112001, "7": 0.6073655655114911, "8": 0.6790803044454602, "9": 0.7062642726010836, "id_test_conf": [0.6777844202617009, 0.68431240592027], "id_test_balanced": 0.6568597555160522, "id_test_balanced_conf": [0.6545212206384167, 0.6591982903936878], "ood_test_conf": [0.6193629107641581, 0.6279729428443253], "ood_test_balanced": 0.6413622498512268, "ood_test_balanced_conf": [0.6383622505515814, 0.6443622491508723], "features": ["AGEP", "SEX", "RAC1P", "POBP", "DIS", "ANC", "DEAR", "DEYE", "DREM", "ST", "MAR", "DIVISION"]}