{"validation": 0.7809276711562186, "id_test": 0.7775728748028692, "ood_test": 0.7418061295470355, "ood_validation": 0.7527158902596207, "0": 0.5865403989522466, "1": 0.8162027678432592, "2": 0.797107592569505, "3": 0.792099639654739, "4": 0.809245114571967, "5": 0.7521711420475924, "7": 0.7634140899322396, "8": 0.7645714512827646, "9": 0.799820892849147, "id_test_conf": [0.7746494445336874, 0.780475811203153], "id_test_balanced": 0.6046190857887268, "id_test_balanced_conf": [0.6026372206909582, 0.6066009508864955], "ood_test_conf": [0.7379018109192235, 0.7456817118956349], "ood_test_balanced": 0.6025054454803467, "ood_test_balanced_conf": [0.5998630806803703, 0.605147810280323], "features": ["AGEP", "SEX", "RAC1P", "POBP", "DIS", "ANC", "DEAR", "DEYE", "DREM", "ST", "MAR", "DIVISION"]}