{"validation": 0.6526256883767663, "id_test": 0.6511675230197894, "ood_test": 0.6066123818486845, "ood_validation": 0.6100165715337875, "train": 0.651424919477662, "id_test_conf": [0.6478243299873057, 0.6544995591002857], "id_test_balanced": 0.6701793670654297, "id_test_balanced_conf": [0.6678606071183458, 0.6724981270125135], "ood_test_conf": [0.6022652321990813, 0.6109468662530628], "ood_test_balanced": 0.6567548513412476, "ood_test_balanced_conf": [0.6538318311143666, 0.6596778715681285], "features": ["AGEP", "SEX", "RAC1P", "POBP", "DIS", "ANC", "DEAR", "DEYE", "DREM", "ST", "MAR", "DIVISION"]}