{"validation": 0.6929553461279204, "id_test": 0.6894490512285699, "ood_test": 0.6440116207700806, "ood_validation": 0.6435278954152089, "train": 0.6909055066786642, "id_test_conf": [0.686201470635176, 0.6926826484356519], "id_test_balanced": 0.6678245067596436, "id_test_balanced_conf": [0.6655030189920217, 0.6701459945272654], "ood_test_conf": [0.6397481478928626, 0.6482579844005514], "ood_test_balanced": 0.6568353176116943, "ood_test_balanced_conf": [0.6538625661702827, 0.659808069053106], "features": ["AGEP", "SEX", "RAC1P", "POBP", "DIS", "ANC", "DEAR", "DEYE", "DREM", "ST", "MAR", "DIVISION"]}