{"validation": 0.8002467345822681, "id_test": 0.7975657526580862, "ood_test": 0.7646384876631613, "ood_validation": 0.773154115264224, "0": 0.5565182349385452, "1": 0.8260768154252838, "2": 0.8140007480364044, "3": 0.805371658426213, "4": 0.8346642198194624, "5": 0.7729035329529835, "7": 0.7829084119173723, "8": 0.8090260527414002, "9": 0.8219137599068643, "id_test_conf": [0.7947398717001602, 0.800369661404635], "id_test_balanced": 0.6089568138122559, "id_test_balanced_conf": [0.6070744368131272, 0.6108391908113845], "ood_test_conf": [0.760851745751182, 0.7683937764366212], "ood_test_balanced": 0.6040083169937134, "ood_test_balanced_conf": [0.601524579692632, 0.6064920542947948], "features": ["AGEP", "SEX", "RAC1P", "POBP", "DIS", "ANC", "DEAR", "DEYE", "DREM", "ST", "MAR", "DIVISION"]}