{"validation": 0.8179505767738817, "id_test": 0.8154347051940785, "ood_test": 0.7837677482712059, "ood_validation": 0.7923034431964647, "train": 0.8160402405018616, "id_test_conf": [0.8127051045946936, 0.8181410116527301], "id_test_balanced": 0.5484290719032288, "id_test_balanced_conf": [0.5472072360198945, 0.549650907786563], "ood_test_conf": [0.7800911211444582, 0.7874106449979336], "ood_test_balanced": 0.538017988204956, "ood_test_balanced_conf": [0.5365325560979545, 0.5395034203119576], "features": ["AGEP", "SEX", "RAC1P", "POBP", "DIS", "ANC", "DEAR", "DEYE", "DREM", "ST", "MAR", "DIVISION"]}