{"validation": 0.8184211530390324, "id_test": 0.8152439334588187, "ood_test": 0.7829493841810221, "ood_validation": 0.7915669305836862, "train": 0.8158637749635146, "id_test_conf": [0.8125132562928412, 0.8179513306009064], "id_test_balanced": 0.5499400496482849, "id_test_balanced_conf": [0.5486962020443752, 0.5511838972521946], "ood_test_conf": [0.7792678158002243, 0.7865973196073361], "ood_test_balanced": 0.5479514002799988, "ood_test_balanced_conf": [0.5462720874440856, 0.5496307131159119], "features": ["AGEP", "SEX", "RAC1P", "POBP", "DIS", "ANC", "DEAR", "DEYE", "DREM", "ST", "MAR", "DIVISION"]}