{"validation": 0.8095310771109161, "id_test": 0.806646487256448, "ood_test": 0.7754204345513319, "ood_validation": 0.7829129073835389, "0": 0.5593391094096313, "1": 0.8302752293577982, "2": 0.815571624485725, "3": 0.8103368809184615, "4": 0.8431703204047217, "5": 0.7956554123058258, "7": 0.7919039845924395, "8": 0.821565549174301, "9": 0.8228898938790131, "id_test_conf": [0.8038684027238326, 0.8094019278776367], "id_test_balanced": 0.5566657781600952, "id_test_balanced_conf": [0.5552394724474289, 0.5580920838727615], "ood_test_conf": [0.7716943897772168, 0.7791137427712399], "ood_test_balanced": 0.5462666749954224, "ood_test_balanced_conf": [0.5444873648905195, 0.5480459851003252], "features": ["AGEP", "SEX", "RAC1P", "POBP", "DIS", "ANC", "DEAR", "DEYE", "DREM", "ST", "MAR", "DIVISION"]}