{"validation": 0.8182685337097944, "id_test": 0.8154092689627105, "ood_test": 0.7831130569990589, "ood_validation": 0.7924875713496594, "train": 0.8157795166434029, "id_test_conf": [0.8126795247582139, 0.8181157209087256], "id_test_balanced": 0.553503692150116, "id_test_balanced_conf": [0.5522181290853768, 0.5547892552148551], "ood_test_conf": [0.7794324751714881, 0.7867599863832118], "ood_test_balanced": 0.5492591261863708, "ood_test_balanced_conf": [0.5475614064373076, 0.5509568459354341], "features": ["AGEP", "SEX", "RAC1P", "POBP", "DIS", "ANC", "DEAR", "DEYE", "DREM", "ST", "MAR", "DIVISION"]}