{"validation": 0.8186373637554529, "id_test": 0.8155364501195503, "ood_test": 0.7844224395433529, "ood_validation": 0.792671699502854, "train": 0.8160529587388596, "id_test_conf": [0.8128074241342663, 0.8182421744350826], "id_test_balanced": 0.5442923903465271, "id_test_balanced_conf": [0.5431277321372181, 0.5454570485558361], "ood_test_conf": [0.7807497807315908, 0.7880612899970993], "ood_test_balanced": 0.5436164140701294, "ood_test_balanced_conf": [0.5420385341742076, 0.5451942939660512], "features": ["AGEP", "SEX", "RAC1P", "POBP", "DIS", "ANC", "DEAR", "DEYE", "DREM", "ST", "MAR", "DIVISION"]}