{"validation": 0.8178106757220802, "id_test": 0.8150404436078751, "ood_test": 0.7816604607389828, "ood_validation": 0.7880684956729884, "train": 0.8155664861736867, "id_test_conf": [0.8123086193031911, 0.8177490029465388], "id_test_balanced": 0.5545737743377686, "id_test_balanced_conf": [0.5532707415847108, 0.5558768070908263], "ood_test_conf": [0.777971152809017, 0.7853162891868128], "ood_test_balanced": 0.5524377822875977, "ood_test_balanced_conf": [0.5506663267314434, 0.5542092378437519], "features": ["AGEP", "SEX", "RAC1P", "POBP", "DIS", "ANC", "DEAR", "DEYE", "DREM", "ST", "MAR", "DIVISION"]}