{"validation": 0.8177598026123342, "id_test": 0.8147224907157755, "ood_test": 0.7828880068742583, "ood_validation": 0.791198674277297, "train": 0.8152326324524894, "id_test_conf": [0.8119888764809438, 0.8174328635123136], "id_test_balanced": 0.5434585213661194, "id_test_balanced_conf": [0.5422933922056109, 0.5446236505266279], "ood_test_conf": [0.7792060687545073, 0.7865363193478514], "ood_test_balanced": 0.5488141775131226, "ood_test_balanced_conf": [0.5471197500871494, 0.5505086049390957], "features": ["AGEP", "SEX", "RAC1P", "POBP", "DIS", "ANC", "DEAR", "DEYE", "DREM", "ST", "MAR", "DIVISION"]}