{"validation": 0.8163353555394457, "id_test": 0.8134633972630615, "ood_test": 0.7804329146037072, "ood_validation": 0.7917510587368809, "train": 0.8146809789227017, "id_test_conf": [0.810722724426187, 0.8161809218291048], "id_test_balanced": 0.5675721764564514, "id_test_balanced_conf": [0.5661124260211363, 0.5690319268917665], "ood_test_conf": [0.7767362842257608, 0.7840962116587586], "ood_test_balanced": 0.5775119066238403, "ood_test_balanced_conf": [0.5754064300702885, 0.5796173831773922], "features": ["AGEP", "SEX", "RAC1P", "POBP", "DIS", "ANC", "DEAR", "DEYE", "DREM", "ST", "MAR", "DIVISION"]}