{"validation": 0.8174164091215486, "id_test": 0.8144045378236761, "ood_test": 0.7816400016367282, "ood_validation": 0.7895415208985453, "train": 0.8152119653173677, "id_test_conf": [0.8116691366705819, 0.8171167210659651], "id_test_balanced": 0.5592711567878723, "id_test_balanced_conf": [0.5579071177146397, 0.5606351958611049], "ood_test_conf": [0.7779505712786547, 0.7852959549486908], "ood_test_balanced": 0.5602096915245056, "ood_test_balanced_conf": [0.5583273250213824, 0.5620920580276288], "features": ["AGEP", "SEX", "RAC1P", "POBP", "DIS", "ANC", "DEAR", "DEYE", "DREM", "ST", "MAR", "DIVISION"]}