{"validation": 0.640963027967492, "id_test": 0.6373556493869869, "ood_test": 0.6614223167887393, "ood_validation": 0.671883631007181, "0": 0.49103364900261937, "1": 0.6589177421862852, "2": 0.6066699912729087, "3": 0.6779833235565239, "4": 0.6865886320801508, "5": 0.649469020432923, "7": 0.6551736286449098, "8": 0.6707537608553089, "9": 0.5889580441499127, "id_test_conf": [0.6339838722963675, 0.6407172891353188], "id_test_balanced": 0.4705016314983368, "id_test_balanced_conf": [0.46842644390650096, 0.47257681909017263], "ood_test_conf": [0.6572073255688858, 0.6656181295708328], "ood_test_balanced": 0.4632794260978699, "ood_test_balanced_conf": [0.46107577652670445, 0.4654830756690353], "features": ["AGEP", "SEX", "RAC1P", "POBP", "DIS", "ANC", "DEAR", "DEYE", "DREM", "ST", "MAR", "DIVISION"]}