{"validation": 0.6875664187035069, "id_test": 0.727176220806794, "ood_test": 0.6040944469880306, "ood_validation": 0.6038846380223661, "train": 0.6883548001593414, "id_test_conf": [0.6975209518253529, 0.7554034736734808], "id_test_balanced": 0.7205660343170166, "id_test_balanced_conf": [0.7003711960092187, 0.7407608726248145], "ood_test_conf": [0.5962906595539795, 0.611858606473817], "ood_test_balanced": 0.6014938354492188, "ood_test_balanced_conf": [0.5960129651706666, 0.6069747057277709], "features": ["SEX", "WHTLGSPK", "BORNUSA", "HWELLSPK", "OTHLGSPK", "HIDEG", "EDUCYR", "YRSINUS", "HISPNCAT", "RACETHX", "RACEBX", "RACEAX", "RACEV2X", "RACEV1X", "HISPANX", "SICPAY31", "PAYDR31", "REGION31", "AGE31X", "INSCOV19"]}