{"validation": 0.5504782146652497, "id_test": 0.5605095541401274, "ood_test": 0.5314932304271045, "ood_validation": 0.5456150676868746, "train": 0.5643340857787811, "id_test_conf": [0.528136182932029, 0.5925034883765707], "id_test_balanced": 0.6185885667800903, "id_test_balanced_conf": [0.602159916087985, 0.6350172174721956], "ood_test_conf": [0.5235453669243658, 0.5394291060279728], "ood_test_balanced": 0.573574423789978, "ood_test_balanced_conf": [0.5702096187090501, 0.576939228870906], "features": ["SEX", "WHTLGSPK", "BORNUSA", "HWELLSPK", "OTHLGSPK", "HIDEG", "EDUCYR", "YRSINUS", "HISPNCAT", "RACETHX", "RACEBX", "RACEAX", "RACEV2X", "RACEV1X", "HISPANX", "SICPAY31", "PAYDR31", "REGION31", "AGE31X", "INSCOV19"]}