{"validation": 0.61211477151966, "id_test": 0.6496815286624203, "ood_test": 0.6132513571849042, "ood_validation": 0.6286050618010595, "train": 0.636568848758465, "id_test_conf": [0.6182544886635808, 0.6801691550015613], "id_test_balanced": 0.6881872415542603, "id_test_balanced_conf": [0.6696204833686352, 0.7067539997398853], "ood_test_conf": [0.6054781420537909, 0.6209814574027389], "ood_test_balanced": 0.6371530890464783, "ood_test_balanced_conf": [0.6323798056039959, 0.6419263724889607], "features": ["SEX", "WHTLGSPK", "BORNUSA", "HWELLSPK", "OTHLGSPK", "HIDEG", "EDUCYR", "YRSINUS", "HISPNCAT", "RACETHX", "RACEBX", "RACEAX", "RACEV2X", "RACEV1X", "HISPANX", "SICPAY31", "PAYDR31", "REGION31", "AGE31X", "INSCOV19"]}