{"validation": 0.5377258235919234, "id_test": 0.5424628450106157, "ood_test": 0.5160572960952319, "ood_validation": 0.5273690406121248, "train": 0.5432213517461161, "id_test_conf": [0.5100270610443322, 0.5746323786871993], "id_test_balanced": 0.6060731410980225, "id_test_balanced_conf": [0.5907927086763084, 0.6213535735197365], "ood_test_conf": [0.5081007233293671, 0.5240077566982742], "ood_test_balanced": 0.5609065890312195, "ood_test_balanced_conf": [0.5579234825959429, 0.563889695466496], "features": ["SEX", "WHTLGSPK", "BORNUSA", "HWELLSPK", "OTHLGSPK", "HIDEG", "EDUCYR", "YRSINUS", "HISPNCAT", "RACETHX", "RACEBX", "RACEAX", "RACEV2X", "RACEV1X", "HISPANX", "SICPAY31", "PAYDR31", "REGION31", "AGE31X", "INSCOV19"]}