{"validation": 0.6716259298618491, "id_test": 0.7250530785562632, "ood_test": 0.624370462423965, "ood_validation": 0.631547969393761, "train": 0.7054839994688621, "id_test_conf": [0.6953359720612216, 0.7533555954170286], "id_test_balanced": 0.7171832323074341, "id_test_balanced_conf": [0.6969419614970684, 0.7374245031177997], "ood_test_conf": [0.6166382415417969, 0.6320553338576171], "ood_test_balanced": 0.6064903140068054, "ood_test_balanced_conf": [0.6013444447331131, 0.6116361832804977], "features": ["SEX", "WHTLGSPK", "BORNUSA", "HWELLSPK", "OTHLGSPK", "HIDEG", "EDUCYR", "YRSINUS", "HISPNCAT", "RACETHX", "RACEBX", "RACEAX", "RACEV2X", "RACEV1X", "HISPANX", "SICPAY31", "PAYDR31", "REGION31", "AGE31X", "INSCOV19"]}