{"validation": 0.667375132837407, "id_test": 0.692144373673036, "ood_test": 0.5957224148080319, "ood_validation": 0.607416127133608, "train": 0.6740140751560217, "id_test_conf": [0.6615683837292468, 0.7215135565693941], "id_test_balanced": 0.6496999263763428, "id_test_balanced_conf": [0.6309574833139777, 0.6684423694387078], "ood_test_conf": [0.5878931621754911, 0.6035152273625858], "ood_test_balanced": 0.5588641166687012, "ood_test_balanced_conf": [0.5548535126820207, 0.5628747206553817], "features": ["SEX", "WHTLGSPK", "BORNUSA", "HWELLSPK", "OTHLGSPK", "HIDEG", "EDUCYR", "YRSINUS", "HISPNCAT", "RACETHX", "RACEBX", "RACEAX", "RACEV2X", "RACEV1X", "HISPANX", "SICPAY31", "PAYDR31", "REGION31", "AGE31X", "INSCOV19"]}