{"validation": 0.6822529224229543, "id_test": 0.7250530785562632, "ood_test": 0.6305840800575577, "ood_validation": 0.6439081812831077, "train": 0.7073429823396628, "id_test_conf": [0.6953359720612216, 0.7533555954170286], "id_test_balanced": 0.7219359278678894, "id_test_balanced_conf": [0.7017190333455801, 0.7421528223901988], "ood_test_conf": [0.6228766414493334, 0.6382418026681134], "ood_test_balanced": 0.6182379722595215, "ood_test_balanced_conf": [0.61294822556898, 0.623527718950063], "features": ["SEX", "WHTLGSPK", "BORNUSA", "HWELLSPK", "OTHLGSPK", "HIDEG", "EDUCYR", "YRSINUS", "HISPNCAT", "RACETHX", "RACEBX", "RACEAX", "RACEV2X", "RACEV1X", "HISPANX", "SICPAY31", "PAYDR31", "REGION31", "AGE31X", "INSCOV19"]}