{"validation": 0.6875664187035069, "id_test": 0.7462845010615711, "ood_test": 0.6526260710314605, "ood_validation": 0.6527369040612124, "train": 0.7255344575753552, "id_test_conf": [0.7172229774354522, 0.7737970322767056], "id_test_balanced": 0.7458623647689819, "id_test_balanced_conf": [0.726202831864357, 0.7655218976736069], "ood_test_conf": [0.645017621337856, 0.6601764084350765], "ood_test_balanced": 0.6511833667755127, "ood_test_balanced_conf": [0.6458435281272977, 0.6565232054237277], "features": ["SEX", "WHTLGSPK", "BORNUSA", "HWELLSPK", "OTHLGSPK", "HIDEG", "EDUCYR", "YRSINUS", "HISPNCAT", "RACETHX", "RACEBX", "RACEAX", "RACEV2X", "RACEV1X", "HISPANX", "SICPAY31", "PAYDR31", "REGION31", "AGE31X", "INSCOV19"]}