{"validation": 0.6227417640807651, "id_test": 0.6390658174097664, "ood_test": 0.5776702204199098, "ood_validation": 0.5656268393172454, "train": 0.612667640419599, "id_test_conf": [0.6074682436927717, 0.6697907312466418], "id_test_balanced": 0.5702790021896362, "id_test_balanced_conf": [0.556015273090452, 0.5845427312888205], "ood_test_conf": [0.569794025209396, 0.5855168488011959], "ood_test_balanced": 0.5303303003311157, "ood_test_balanced_conf": [0.5277354664634913, 0.5329251341987401], "features": ["SEX", "WHTLGSPK", "BORNUSA", "HWELLSPK", "OTHLGSPK", "HIDEG", "EDUCYR", "YRSINUS", "HISPNCAT", "RACETHX", "RACEBX", "RACEAX", "RACEV2X", "RACEV1X", "HISPANX", "SICPAY31", "PAYDR31", "REGION31", "AGE31X", "INSCOV19"]}