{"validation": 0.6588735387885228, "id_test": 0.6740976645435244, "ood_test": 0.6186800968016221, "ood_validation": 0.6339022954679223, "train": 0.6649847297835613, "id_test_conf": [0.643126103002047, 0.7039761438811761], "id_test_balanced": 0.6344121694564819, "id_test_balanced_conf": [0.6150647567212582, 0.6537595821917057], "ood_test_conf": [0.6109263623709644, 0.6263886489219685], "ood_test_balanced": 0.5992249846458435, "ood_test_balanced_conf": [0.5941236763913185, 0.6043262929003685], "features": ["SEX", "WHTLGSPK", "BORNUSA", "HWELLSPK", "OTHLGSPK", "HIDEG", "EDUCYR", "YRSINUS", "HISPNCAT", "RACETHX", "RACEBX", "RACEAX", "RACEV2X", "RACEV1X", "HISPANX", "SICPAY31", "PAYDR31", "REGION31", "AGE31X", "INSCOV19"]}