{"validation": 0.6716259298618491, "id_test": 0.7006369426751592, "ood_test": 0.6310419255674014, "ood_validation": 0.6545026486168334, "train": 0.6928694728455717, "id_test_conf": [0.6702651679835356, 0.7297483430196934], "id_test_balanced": 0.704816997051239, "id_test_balanced_conf": [0.6842467832565308, 0.7253872108459473], "ood_test_conf": [0.6233363666679683, 0.6386975940860846], "ood_test_balanced": 0.6338686943054199, "ood_test_balanced_conf": [0.6284771094378084, 0.6392602791730314], "features": ["SEX", "WHTLGSPK", "BORNUSA", "HWELLSPK", "OTHLGSPK", "HIDEG", "EDUCYR", "YRSINUS", "HISPNCAT", "RACETHX", "RACEBX", "RACEAX", "RACEV2X", "RACEV1X", "HISPANX", "SICPAY31", "PAYDR31", "REGION31", "AGE31X", "INSCOV19"]}