{"validation": 0.696068012752391, "id_test": 0.7377919320594479, "ood_test": 0.6302570475505265, "ood_validation": 0.6362566215420836, "train": 0.7101314566458637, "id_test_conf": [0.7084581269580248, 0.7656305440002691], "id_test_balanced": 0.7319351434707642, "id_test_balanced_conf": [0.7119869722425938, 0.7518833146989345], "ood_test_conf": [0.6225482708159575, 0.6379162328462739], "ood_test_balanced": 0.6214563846588135, "ood_test_balanced_conf": [0.6160985736548901, 0.6268141956627369], "features": ["SEX", "WHTLGSPK", "BORNUSA", "HWELLSPK", "OTHLGSPK", "HIDEG", "EDUCYR", "YRSINUS", "HISPNCAT", "RACETHX", "RACEBX", "RACEAX", "RACEV2X", "RACEV1X", "HISPANX", "SICPAY31", "PAYDR31", "REGION31", "AGE31X", "INSCOV19"]}