{"validation": 0.6886291179596175, "id_test": 0.7452229299363057, "ood_test": 0.6414415592909936, "ood_validation": 0.6421424367274867, "train": 0.7180985260921524, "id_test_conf": [0.7161266201104481, 0.7727769752359075], "id_test_balanced": 0.7342695593833923, "id_test_balanced_conf": [0.7145123716443778, 0.7540267471224069], "ood_test_conf": [0.633780699042843, 0.6490485679447451], "ood_test_balanced": 0.6254525184631348, "ood_test_balanced_conf": [0.6202921560313552, 0.6306128808949143], "features": ["SEX", "WHTLGSPK", "BORNUSA", "HWELLSPK", "OTHLGSPK", "HIDEG", "EDUCYR", "YRSINUS", "HISPNCAT", "RACETHX", "RACEBX", "RACEAX", "RACEV2X", "RACEV1X", "HISPANX", "SICPAY31", "PAYDR31", "REGION31", "AGE31X", "INSCOV19"]}