{"validation": 0.61762846731613, "id_test": 0.6161001456325721, "ood_test": 0.6074347079352855, "ood_validation": 0.6079207920792079, "15": 0.6030553116769096, "16": 0.6363882633797809, "17": 0.5822356111069531, "18": 0.5233151248268133, "19": 0.671886972431156, "20": 0.6391086854548504, "21": 0.710700475595333, "22": 0.7141065606076893, "23": 0.7031917846239245, "id_test_conf": [0.6137220859501775, 0.6184740333033873], "id_test_balanced": 0.6024266481399536, "id_test_balanced_conf": [0.6007389217289165, 0.6041143745509907], "ood_test_conf": [0.6050635862482826, 0.6098020220685321], "ood_test_balanced": 0.5827792286872864, "ood_test_balanced_conf": [0.5810923105827532, 0.5844661467918195], "features": ["AGEP", "SEX", "RAC1P", "ACS_YEAR", "POBP", "ANC", "NATIVITY", "DEAR", "DEYE", "DREM", "DPHY", "SCHL"]}