{"validation": 0.8073114201432785, "id_test": 0.8073559941746972, "ood_test": 0.7724847351339458, "ood_validation": 0.7705170517051705, "15": 0.769315986910368, "16": 0.8216480707041633, "17": 0.7500374223486266, "18": 0.7158193386693965, "19": 0.8516786814492799, "20": 0.8565788888013888, "21": 0.9222607134768787, "22": 0.9191658604751155, "23": 0.9339994449070219, "id_test_conf": [0.805423165323567, 0.8092777738644565], "id_test_balanced": 0.5857730507850647, "id_test_balanced_conf": [0.5842844429519027, 0.5872616586182267], "ood_test_conf": [0.7704454767323602, 0.7745143337853562], "ood_test_balanced": 0.5704258680343628, "ood_test_balanced_conf": [0.5689155595959164, 0.5719361764728091], "features": ["AGEP", "SEX", "RAC1P", "ACS_YEAR", "POBP", "ANC", "NATIVITY", "DEAR", "DEYE", "DREM", "DPHY", "SCHL"]}