{"validation": 0.9501809573386877, "id_test": 0.9493198649025502, "ood_test": 0.9121208231720361, "ood_validation": 0.9126512651265126, "15": 0.9303344241360044, "16": 0.9309212197145421, "17": 0.9314796796646958, "18": 0.9342111068948172, "19": 0.9632910600634881, "20": 0.969198426366914, "21": 0.9793405413566629, "22": 0.9830878927944391, "23": 0.9826255897862892, "id_test_conf": [0.9482384573630188, 0.9503850923909806], "id_test_balanced": 0.5202725529670715, "id_test_balanced_conf": [0.5196015399182216, 0.5209435660159215], "ood_test_conf": [0.9107385899983721, 0.9134884324434162], "ood_test_balanced": 0.5168479084968567, "ood_test_balanced_conf": [0.5160405392176471, 0.5176552777760662], "features": ["AGEP", "SEX", "RAC1P", "ACS_YEAR", "POBP", "ANC", "NATIVITY", "DEAR", "DEYE", "DREM", "DPHY", "SCHL"]}