{"validation": 0.6833804318187452, "id_test": 0.682787469401667, "ood_test": 0.6326163888736087, "ood_validation": 0.6310231023102311, "train": 0.6838472586090165, "id_test_conf": [0.6805103937060137, 0.685057976193191], "id_test_balanced": 0.6113011837005615, "id_test_balanced_conf": [0.609640332881827, 0.6129620345192961], "ood_test_conf": [0.6302750042000308, 0.6349530734350121], "ood_test_balanced": 0.5935853123664856, "ood_test_balanced_conf": [0.5919090190716088, 0.5952616056613624], "features": ["AGEP", "SEX", "RAC1P", "ACS_YEAR", "POBP", "ANC", "NATIVITY", "DEAR", "DEYE", "DREM", "DPHY", "SCHL"]}