{"validation": 0.5965704866017203, "id_test": 0.5960772162488768, "ood_test": 0.5360336407698749, "ood_validation": 0.5318481848184818, "train": 0.5974549815092253, "id_test_conf": [0.5936783004529402, 0.598472679601928], "id_test_balanced": 0.6077117919921875, "id_test_balanced_conf": [0.606027776945848, 0.609395807038527], "ood_test_conf": [0.5336134957690957, 0.5384525087611325], "ood_test_balanced": 0.5823929309844971, "ood_test_balanced_conf": [0.5807124691782519, 0.5840733927907422], "features": ["AGEP", "SEX", "RAC1P", "ACS_YEAR", "POBP", "ANC", "NATIVITY", "DEAR", "DEYE", "DREM", "DPHY", "SCHL"]}