{"validation": 0.6428261570114772, "id_test": 0.6420041520775881, "ood_test": 0.5728649051714126, "ood_validation": 0.568976897689769, "train": 0.643829100931588, "id_test_conf": [0.6396594050901387, 0.6443437960762021], "id_test_balanced": 0.6115888357162476, "id_test_balanced_conf": [0.6099110479955562, 0.6132666234369389], "ood_test_conf": [0.5704636719032994, 0.5752635561179287], "ood_test_balanced": 0.583350419998169, "ood_test_balanced_conf": [0.581661679467652, 0.5850391605286859], "features": ["AGEP", "SEX", "RAC1P", "ACS_YEAR", "POBP", "ANC", "NATIVITY", "DEAR", "DEYE", "DREM", "DPHY", "SCHL"]}