{"validation": 0.9609020599390199, "id_test": 0.9603321662070461, "ood_test": 0.9341975784024301, "ood_validation": 0.9353685368536854, "15": 0.9467730864394605, "16": 0.9412999678309601, "17": 0.9504247436569119, "18": 0.9527961382669855, "19": 0.96787283616632, "20": 0.9721772357333863, "21": 0.9800619028846074, "22": 0.9838045075065391, "23": 0.9832361920621704, "id_test_conf": [0.9593684621585709, 0.9612792858203684], "id_test_balanced": 0.5089983940124512, "id_test_balanced_conf": [0.5085676820733351, 0.5094291059515672], "ood_test_conf": [0.9329854249997582, 0.9353943180920496], "ood_test_balanced": 0.5046976804733276, "ood_test_balanced_conf": [0.5042047309014015, 0.5051906300452538], "features": ["AGEP", "SEX", "RAC1P", "ACS_YEAR", "POBP", "ANC", "NATIVITY", "DEAR", "DEYE", "DREM", "DPHY", "SCHL"]}