{"validation": 0.14405939366897202, "id_test": 0.14479595947076504, "ood_test": 0.17803203941055307, "ood_validation": 0.17216721672167218, "15": 0.13257562455104158, "16": 0.12290266325787719, "17": 0.1229979043484769, "18": 0.11968636656459314, "19": 0.13272295110165913, "20": 0.1604482594508719, "21": 0.20887610196361317, "22": 0.1964599233222258, "23": 0.30274771024146546, "id_test_conf": [0.14308230755644477, 0.14652238392049505], "id_test_balanced": 0.5135812759399414, "id_test_balanced_conf": [0.5125270833959803, 0.5146354684839025], "ood_test_conf": [0.17618108998294896, 0.1798944049765], "ood_test_balanced": 0.5300034284591675, "ood_test_balanced_conf": [0.5289466626825743, 0.5310601942357607], "features": ["AGEP", "SEX", "RAC1P", "ACS_YEAR", "POBP", "ANC", "NATIVITY", "DEAR", "DEYE", "DREM", "DPHY", "SCHL"]}