{"validation": 0.26962023747552116, "id_test": 0.27008954853902645, "ood_test": 0.2927676012004083, "ood_validation": 0.28723872387238725, "15": 0.2630601005666853, "16": 0.25227299663071634, "17": 0.2483908390090562, "18": 0.22182902830113752, "19": 0.2850240035027913, "20": 0.2795458514087714, "21": 0.348241471577517, "22": 0.3180694399656025, "23": 0.40849292256452957, "id_test_conf": [0.2679242281479163, 0.2722631320294599], "id_test_balanced": 0.5434141755104065, "id_test_balanced_conf": [0.5420247730682604, 0.5448035779525526], "ood_test_conf": [0.2905633551236757, 0.29497919264205436], "ood_test_balanced": 0.5566560626029968, "ood_test_balanced_conf": [0.5552844959544018, 0.5580276292515919], "features": ["AGEP", "SEX", "RAC1P", "ACS_YEAR", "POBP", "ANC", "NATIVITY", "DEAR", "DEYE", "DREM", "DPHY", "SCHL"]}