{"validation": 0.18432240152698248, "id_test": 0.18386886871378552, "ood_test": 0.25450611511450943, "ood_validation": 0.24961496149614962, "15": 0.18037512969909808, "16": 0.15903357431894757, "17": 0.1577913329840581, "18": 0.148186062108951, "19": 0.17693787236704248, "20": 0.19716294087234604, "21": 0.2520151989196353, "22": 0.23945680604822817, "23": 0.33871773522064946, "id_test_conf": [0.18198139356451853, 0.18576770891952443], "id_test_balanced": 0.5214254260063171, "id_test_balanced_conf": [0.5202379474276677, 0.5226129045849666], "ood_test_conf": [0.25239678890596934, 0.2566241435809824], "ood_test_balanced": 0.5432749390602112, "ood_test_balanced_conf": [0.5419725366379134, 0.5445773414825089], "features": ["AGEP", "SEX", "RAC1P", "ACS_YEAR", "POBP", "ANC", "NATIVITY", "DEAR", "DEYE", "DREM", "DPHY", "SCHL"]}