{"validation": 0.0786172876230138, "id_test": 0.07910017661822576, "ood_test": 0.09721229012719193, "ood_validation": 0.09576457645764576, "15": 0.07298587277516162, "16": 0.0692988842422498, "17": 0.06393608262854576, "18": 0.061420616500613326, "19": 0.06703779574348309, "20": 0.0889054758733561, "21": 0.11971246193979147, "22": 0.11161274140958113, "23": 0.19716902581182347, "id_test_conf": [0.0777877918428408, 0.08042770720067335], "id_test_balanced": 0.5086675882339478, "id_test_balanced_conf": [0.5079981549479998, 0.5093370215198957], "ood_test_conf": [0.09578090594829557, 0.09865796516492023], "ood_test_balanced": 0.5121407508850098, "ood_test_balanced_conf": [0.5114918488124386, 0.5127896529575809], "features": ["AGEP", "SEX", "RAC1P", "ACS_YEAR", "POBP", "ANC", "NATIVITY", "DEAR", "DEYE", "DREM", "DPHY", "SCHL"]}