{"validation": 0.7286732582202805, "id_test": 0.7183908045977011, "ood_test": 0.7025104799585512, "ood_validation": 0.7091988130563798, "0": 0.7397233201581027, "1": 0.7234745154343144, "3": 0.7372083905116644, "id_test_conf": [0.7047660983784364, 0.7317216907605069], "id_test_balanced": 0.6987231969833374, "id_test_balanced_conf": [0.6891356308758259, 0.708310763090849], "ood_test_conf": [0.6963102092189173, 0.7086552600856356], "ood_test_balanced": 0.687476396560669, "ood_test_balanced_conf": [0.6831329993810504, 0.6918197937402875], "features": ["VCF0004", "VCF0901b", "VCF0218", "VCF0224", "VCF0302", "VCF9201", "VCF9202", "VCF9203", "VCF9206", "VCF0428", "VCF0429", "VCF0822", "VCF0870", "VCF0803", "VCF0601", "VCF0612", "VCF0615", "VCF0616", "VCF0617", "VCF0310", "VCF0743", "VCF0717", "VCF0718", "VCF0720", "VCF0721", "VCF0701", "VCF0675", "VCF0724", "VCF0725", "VCF0726", "VCF0745", "VCF0101", "VCF0104", "VCF0105a", "VCF0115", "VCF0140a", "VCF0112", "VCF0846"]}