{"validation": 0.5258680156357783, "id_test": 0.5227586206896552, "ood_test": 0.4903207573830719, "ood_validation": 0.46375582874099197, "0": 0.5459486166007905, "1": 0.519813352476669, "3": 0.4973534601058616, "id_test_conf": [0.507789538103558, 0.5376971181884584], "id_test_balanced": 0.5186426639556885, "id_test_balanced_conf": [0.5081454190984368, 0.5291399088129402], "ood_test_conf": [0.4835745508421346, 0.49706961502507907], "ood_test_balanced": 0.4961773753166199, "ood_test_balanced_conf": [0.49143083934672177, 0.500923911286518], "features": ["VCF0004", "VCF0901b", "VCF0218", "VCF0224", "VCF0302", "VCF9201", "VCF9202", "VCF9203", "VCF9206", "VCF0428", "VCF0429", "VCF0822", "VCF0870", "VCF0803", "VCF0601", "VCF0612", "VCF0615", "VCF0616", "VCF0617", "VCF0310", "VCF0743", "VCF0717", "VCF0718", "VCF0720", "VCF0721", "VCF0701", "VCF0675", "VCF0724", "VCF0725", "VCF0726", "VCF0745", "VCF0101", "VCF0104", "VCF0105a", "VCF0115", "VCF0140a", "VCF0112", "VCF0846"]}