{"validation": 0.7732812140722005, "id_test": 0.7567816091954023, "ood_test": 0.7073618765013424, "ood_validation": 0.7062314540059347, "train": 0.7641108173353259, "id_test_conf": [0.7437474622917262, 0.7694700988686509], "id_test_balanced": 0.6652531027793884, "id_test_balanced_conf": [0.6565359055995941, 0.6739702999591828], "ood_test_conf": [0.7011902607272396, 0.7134766709436134], "ood_test_balanced": 0.6645195484161377, "ood_test_balanced_conf": [0.6605804450437427, 0.6684586517885327], "features": ["VCF0004", "VCF0901b", "VCF0218", "VCF0224", "VCF0302", "VCF9201", "VCF9202", "VCF9203", "VCF9206", "VCF0428", "VCF0429", "VCF0822", "VCF0870", "VCF0803", "VCF0601", "VCF0612", "VCF0615", "VCF0616", "VCF0617", "VCF0310", "VCF0743", "VCF0717", "VCF0718", "VCF0720", "VCF0721", "VCF0701", "VCF0675", "VCF0724", "VCF0725", "VCF0726", "VCF0745", "VCF0101", "VCF0104", "VCF0105a", "VCF0115", "VCF0140a", "VCF0112", "VCF0846"]}