{"validation": 0.7737410899057254, "id_test": 0.7705747126436782, "ood_test": 0.672036173519853, "ood_validation": 0.6710470538363713, "train": 0.7631049545924818, "id_test_conf": [0.7577855329720267, 0.7829995812220721], "id_test_balanced": 0.6174380779266357, "id_test_balanced_conf": [0.6109760930854827, 0.6239000627677888], "ood_test_conf": [0.6656744106590622, 0.6783508023692666], "ood_test_balanced": 0.5971394777297974, "ood_test_balanced_conf": [0.5943926498387009, 0.5998863056208938], "features": ["VCF0004", "VCF0901b", "VCF0218", "VCF0224", "VCF0302", "VCF9201", "VCF9202", "VCF9203", "VCF9206", "VCF0428", "VCF0429", "VCF0822", "VCF0870", "VCF0803", "VCF0601", "VCF0612", "VCF0615", "VCF0616", "VCF0617", "VCF0310", "VCF0743", "VCF0717", "VCF0718", "VCF0720", "VCF0721", "VCF0701", "VCF0675", "VCF0724", "VCF0725", "VCF0726", "VCF0745", "VCF0101", "VCF0104", "VCF0105a", "VCF0115", "VCF0140a", "VCF0112", "VCF0846"]}