{"id_test": 0.836551724137931, "id_test_conf": [0.825223073976264, 0.847426488801026], "id_test_balanced": 0.7744147777557373, "id_test_balanced_conf": [0.7662390676699579, 0.7825904878415167], "ood_test": 0.7961942442654609, "ood_test_conf": [0.7907117891301796, 0.8015954830654949], "ood_test_balanced": 0.7655353546142578, "ood_test_balanced_conf": [0.7618129672855138, 0.7692577419430018], "validation": 0.8314555070131064, "validation_conf": [0.8199931159349624, 0.8424708560055596], "validation_balanced": 0.7678561210632324, "validation_balanced_conf": [0.7596307338401675, 0.7760815082862973], "features": ["VCF0004", "VCF0901b", "VCF0218", "VCF0224", "VCF0302", "VCF9201", "VCF9202", "VCF9203", "VCF9206", "VCF0428", "VCF0429", "VCF0822", "VCF0870", "VCF0803", "VCF0601", "VCF0612", "VCF0615", "VCF0616", "VCF0617", "VCF0310", "VCF0743", "VCF0717", "VCF0718", "VCF0720", "VCF0721", "VCF0701", "VCF0675", "VCF0724", "VCF0725", "VCF0726", "VCF0745", "VCF0101", "VCF0104", "VCF0105a", "VCF0115", "VCF0140a", "VCF0112", "VCF0846"]}