{"validation": 0.7155667969648195, "id_test": 0.7190804597701149, "ood_test": 0.6498045311101691, "ood_validation": 0.6608732513777024, "0": 0.7091897233201581, "1": 0.7272792534099066, "3": 0.7205449911782004, "id_test_conf": [0.7054652527106663, 0.7324009164620475], "id_test_balanced": 0.5781463980674744, "id_test_balanced_conf": [0.5707490375172347, 0.585543758617714], "ood_test_conf": [0.6433441434792384, 0.6562238788859163], "ood_test_balanced": 0.5783113241195679, "ood_test_balanced_conf": [0.5752935667196288, 0.5813290815195069], "features": ["VCF0004", "VCF0901b", "VCF0218", "VCF0224", "VCF0302", "VCF9201", "VCF9202", "VCF9203", "VCF9206", "VCF0428", "VCF0429", "VCF0822", "VCF0870", "VCF0803", "VCF0601", "VCF0612", "VCF0615", "VCF0616", "VCF0617", "VCF0310", "VCF0743", "VCF0717", "VCF0718", "VCF0720", "VCF0721", "VCF0701", "VCF0675", "VCF0724", "VCF0725", "VCF0726", "VCF0745", "VCF0101", "VCF0104", "VCF0105a", "VCF0115", "VCF0140a", "VCF0112", "VCF0846"]}