{"validation": 0.3584732122326972, "id_test": 0.3588505747126437, "ood_test": 0.44750600536950685, "ood_validation": 0.4552776600254345, "0": 0.36986166007905136, "1": 0.35534816941852115, "3": 0.3728680650852774, "id_test_conf": [0.34458027045387857, 0.37331064730694086], "id_test_balanced": 0.5406938791275024, "id_test_balanced_conf": [0.5360603536479175, 0.5453274046070874], "ood_test_conf": [0.4408015670594561, 0.45422482190461705], "ood_test_balanced": 0.5338403582572937, "ood_test_balanced_conf": [0.5319375485018827, 0.5357431680127047], "features": ["VCF0004", "VCF0901b", "VCF0218", "VCF0224", "VCF0302", "VCF9201", "VCF9202", "VCF9203", "VCF9206", "VCF0428", "VCF0429", "VCF0822", "VCF0870", "VCF0803", "VCF0601", "VCF0612", "VCF0615", "VCF0616", "VCF0617", "VCF0310", "VCF0743", "VCF0717", "VCF0718", "VCF0720", "VCF0721", "VCF0701", "VCF0675", "VCF0724", "VCF0725", "VCF0726", "VCF0745", "VCF0101", "VCF0104", "VCF0105a", "VCF0115", "VCF0140a", "VCF0112", "VCF0846"]}