{"validation": 0.7206254311335939, "id_test": 0.7135632183908046, "ood_test": 0.7424520747962885, "ood_validation": 0.7465027554048326, "train": 0.7252557765260375, "id_test_conf": [0.6998730994356849, 0.7269660286771309], "id_test_balanced": 0.7486510276794434, "id_test_balanced_conf": [0.7397175717167557, 0.757584483642131], "ood_test_conf": [0.7365135676983526, 0.7483241315439717], "ood_test_balanced": 0.7537927627563477, "ood_test_balanced_conf": [0.7497351124789566, 0.7578504130337387], "features": ["VCF0004", "VCF0901b", "VCF0218", "VCF0224", "VCF0302", "VCF9201", "VCF9202", "VCF9203", "VCF9206", "VCF0428", "VCF0429", "VCF0822", "VCF0870", "VCF0803", "VCF0601", "VCF0612", "VCF0615", "VCF0616", "VCF0617", "VCF0310", "VCF0743", "VCF0717", "VCF0718", "VCF0720", "VCF0721", "VCF0701", "VCF0675", "VCF0724", "VCF0725", "VCF0726", "VCF0745", "VCF0101", "VCF0104", "VCF0105a", "VCF0115", "VCF0140a", "VCF0112", "VCF0846"]}