{"validation": 0.7939756265808232, "id_test": 0.7970114942528735, "ood_test": 0.7535678960011304, "ood_validation": 0.7600678253497245, "train": 0.7945453500402345, "id_test_conf": [0.784746069905515, 0.8088767957708229], "id_test_balanced": 0.714698314666748, "id_test_balanced_conf": [0.7062150040827692, 0.7231816252507269], "ood_test_conf": [0.7477132750923117, 0.7593530145881697], "ood_test_balanced": 0.7106547951698303, "ood_test_balanced_conf": [0.7069218068756163, 0.7143877834640443], "features": ["VCF0004", "VCF0901b", "VCF0218", "VCF0224", "VCF0302", "VCF9201", "VCF9202", "VCF9203", "VCF9206", "VCF0428", "VCF0429", "VCF0822", "VCF0870", "VCF0803", "VCF0601", "VCF0612", "VCF0615", "VCF0616", "VCF0617", "VCF0310", "VCF0743", "VCF0717", "VCF0718", "VCF0720", "VCF0721", "VCF0701", "VCF0675", "VCF0724", "VCF0725", "VCF0726", "VCF0745", "VCF0101", "VCF0104", "VCF0105a", "VCF0115", "VCF0140a", "VCF0112", "VCF0846"]}