{"validation": 0.7728213382386756, "id_test": 0.7666666666666667, "ood_test": 0.6702463379021243, "ood_validation": 0.6731665960152607, "train": 0.7604609725255776, "id_test_conf": [0.7538062016844284, 0.7791681077020205], "id_test_balanced": 0.6142118573188782, "id_test_balanced_conf": [0.6076816963590681, 0.6207420182786882], "ood_test_conf": [0.6638760510477357, 0.6765699814368061], "ood_test_balanced": 0.5956525206565857, "ood_test_balanced_conf": [0.5928801995655522, 0.5984248417476192], "features": ["VCF0004", "VCF0901b", "VCF0218", "VCF0224", "VCF0302", "VCF9201", "VCF9202", "VCF9203", "VCF9206", "VCF0428", "VCF0429", "VCF0822", "VCF0870", "VCF0803", "VCF0601", "VCF0612", "VCF0615", "VCF0616", "VCF0617", "VCF0310", "VCF0743", "VCF0717", "VCF0718", "VCF0720", "VCF0721", "VCF0701", "VCF0675", "VCF0724", "VCF0725", "VCF0726", "VCF0745", "VCF0101", "VCF0104", "VCF0105a", "VCF0115", "VCF0140a", "VCF0112", "VCF0846"]}