{"validation": 0.7919061853299609, "id_test": 0.7816091954022989, "ood_test": 0.7046771230747492, "ood_validation": 0.7138618058499364, "train": 0.7806357052534774, "id_test_conf": [0.769029614021862, 0.7938095284424657], "id_test_balanced": 0.6483736038208008, "id_test_balanced_conf": [0.6410711467824877, 0.6556760608591139], "ood_test_conf": [0.6984895466426724, 0.710808614606736], "ood_test_balanced": 0.6418681144714355, "ood_test_balanced_conf": [0.638582207635045, 0.6451540213078261], "features": ["VCF0004", "VCF0901b", "VCF0218", "VCF0224", "VCF0302", "VCF9201", "VCF9202", "VCF9203", "VCF9206", "VCF0428", "VCF0429", "VCF0822", "VCF0870", "VCF0803", "VCF0601", "VCF0612", "VCF0615", "VCF0616", "VCF0617", "VCF0310", "VCF0743", "VCF0717", "VCF0718", "VCF0720", "VCF0721", "VCF0701", "VCF0675", "VCF0724", "VCF0725", "VCF0726", "VCF0745", "VCF0101", "VCF0104", "VCF0105a", "VCF0115", "VCF0140a", "VCF0112", "VCF0846"]}