{"validation": 0.7569556219820649, "id_test": 0.7503448275862069, "ood_test": 0.6512175592294287, "ood_validation": 0.6536668079694786, "train": 0.7444533854466031, "id_test_conf": [0.7372025466209584, 0.7631501504677811], "id_test_balanced": 0.5828811526298523, "id_test_balanced_conf": [0.577174692619592, 0.5885876126401126], "ood_test_conf": [0.6447629770478804, 0.657630714261034], "ood_test_balanced": 0.5706226825714111, "ood_test_balanced_conf": [0.5682348728273063, 0.5730104923155159], "features": ["VCF0004", "VCF0901b", "VCF0218", "VCF0224", "VCF0302", "VCF9201", "VCF9202", "VCF9203", "VCF9206", "VCF0428", "VCF0429", "VCF0822", "VCF0870", "VCF0803", "VCF0601", "VCF0612", "VCF0615", "VCF0616", "VCF0617", "VCF0310", "VCF0743", "VCF0717", "VCF0718", "VCF0720", "VCF0721", "VCF0701", "VCF0675", "VCF0724", "VCF0725", "VCF0726", "VCF0745", "VCF0101", "VCF0104", "VCF0105a", "VCF0115", "VCF0140a", "VCF0112", "VCF0846"]}