{"validation": 0.8061623361692343, "id_test": 0.7963218390804597, "ood_test": 0.7266732607978899, "ood_validation": 0.7320898685883849, "train": 0.7968444648810208, "id_test_conf": [0.7840417859124145, 0.8082027047758875], "id_test_balanced": 0.6729556322097778, "id_test_balanced_conf": [0.6654328539781272, 0.6804784104414284], "ood_test_conf": [0.7206241644069127, 0.7326602375864486], "ood_test_balanced": 0.669061541557312, "ood_test_balanced_conf": [0.6656529231835157, 0.6724701599311084], "features": ["VCF0004", "VCF0901b", "VCF0218", "VCF0224", "VCF0302", "VCF9201", "VCF9202", "VCF9203", "VCF9206", "VCF0428", "VCF0429", "VCF0822", "VCF0870", "VCF0803", "VCF0601", "VCF0612", "VCF0615", "VCF0616", "VCF0617", "VCF0310", "VCF0743", "VCF0717", "VCF0718", "VCF0720", "VCF0721", "VCF0701", "VCF0675", "VCF0724", "VCF0725", "VCF0726", "VCF0745", "VCF0101", "VCF0104", "VCF0105a", "VCF0115", "VCF0140a", "VCF0112", "VCF0846"]}