{"validation": 0.8234076799264198, "id_test": 0.8266666666666667, "ood_test": 0.7951580236446705, "ood_validation": 0.8066977532852904, "train": 0.8192895735141971, "id_test_conf": [0.8150845814329999, 0.8378083356730164], "id_test_balanced": 0.7703032493591309, "id_test_balanced_conf": [0.7619572420418262, 0.7786492566764355], "ood_test_conf": [0.7896654911308632, 0.8005696248241932], "ood_test_balanced": 0.7690008282661438, "ood_test_balanced_conf": [0.7652144178142771, 0.7727872387180105], "features": ["VCF0004", "VCF0901b", "VCF0218", "VCF0224", "VCF0302", "VCF9201", "VCF9202", "VCF9203", "VCF9206", "VCF0428", "VCF0429", "VCF0822", "VCF0870", "VCF0803", "VCF0601", "VCF0612", "VCF0615", "VCF0616", "VCF0617", "VCF0310", "VCF0743", "VCF0717", "VCF0718", "VCF0720", "VCF0721", "VCF0701", "VCF0675", "VCF0724", "VCF0725", "VCF0726", "VCF0745", "VCF0101", "VCF0104", "VCF0105a", "VCF0115", "VCF0140a", "VCF0112", "VCF0846"]}