{"validation": 0.8236376178431823, "id_test": 0.8285057471264368, "ood_test": 0.784654514624841, "ood_validation": 0.8007630351844002, "train": 0.8263880905851247, "id_test_conf": [0.8169697728901747, 0.8395988008884019], "id_test_balanced": 0.7509841918945312, "id_test_balanced_conf": [0.7428265121206641, 0.7591418716683984], "ood_test_conf": [0.7790628819975381, 0.7901681040314948], "ood_test_balanced": 0.7468414902687073, "ood_test_balanced_conf": [0.7431698381202295, 0.750513142417185], "features": ["VCF0004", "VCF0901b", "VCF0218", "VCF0224", "VCF0302", "VCF9201", "VCF9202", "VCF9203", "VCF9206", "VCF0428", "VCF0429", "VCF0822", "VCF0870", "VCF0803", "VCF0601", "VCF0612", "VCF0615", "VCF0616", "VCF0617", "VCF0310", "VCF0743", "VCF0717", "VCF0718", "VCF0720", "VCF0721", "VCF0701", "VCF0675", "VCF0724", "VCF0725", "VCF0726", "VCF0745", "VCF0101", "VCF0104", "VCF0105a", "VCF0115", "VCF0140a", "VCF0112", "VCF0846"]}