{"validation": 0.8206484249252701, "id_test": 0.8275862068965517, "ood_test": 0.7808864396401488, "ood_validation": 0.79482831708351, "train": 0.8237153695827106, "id_test_conf": [0.8160271189855368, 0.838703626547721], "id_test_balanced": 0.745398223400116, "id_test_balanced_conf": [0.7372874625958502, 0.7535089842043817], "ood_test_conf": [0.7752605721710385, 0.7864352996662973], "ood_test_balanced": 0.7421219348907471, "ood_test_balanced_conf": [0.7384470043377951, 0.745796865443699], "features": ["VCF0004", "VCF0901b", "VCF0218", "VCF0224", "VCF0302", "VCF9201", "VCF9202", "VCF9203", "VCF9206", "VCF0428", "VCF0429", "VCF0822", "VCF0870", "VCF0803", "VCF0601", "VCF0612", "VCF0615", "VCF0616", "VCF0617", "VCF0310", "VCF0743", "VCF0717", "VCF0718", "VCF0720", "VCF0721", "VCF0701", "VCF0675", "VCF0724", "VCF0725", "VCF0726", "VCF0745", "VCF0101", "VCF0104", "VCF0105a", "VCF0115", "VCF0140a", "VCF0112", "VCF0846"]}