{"validation": 0.6980915152908714, "id_test": 0.7011494252873564, "ood_test": 0.5914464697847487, "ood_validation": 0.582874099194574, "0": 0.6820158102766798, "1": 0.7001435750179469, "3": 0.6875122524995099, "id_test_conf": [0.6872996317162212, 0.7147286477725824], "id_test_balanced": 0.500832200050354, "id_test_balanced_conf": [0.4989960755244829, 0.5026683245762251], "ood_test_conf": [0.5847985819563466, 0.5980693088775152], "ood_test_balanced": 0.4994761645793915, "ood_test_balanced_conf": [0.49839127601124344, 0.5005610531475395], "features": ["VCF0004", "VCF0901b", "VCF0218", "VCF0224", "VCF0302", "VCF9201", "VCF9202", "VCF9203", "VCF9206", "VCF0428", "VCF0429", "VCF0822", "VCF0870", "VCF0803", "VCF0601", "VCF0612", "VCF0615", "VCF0616", "VCF0617", "VCF0310", "VCF0743", "VCF0717", "VCF0718", "VCF0720", "VCF0721", "VCF0701", "VCF0675", "VCF0724", "VCF0725", "VCF0726", "VCF0745", "VCF0101", "VCF0104", "VCF0105a", "VCF0115", "VCF0140a", "VCF0112", "VCF0846"]}