{"validation": 0.6493660123470482, "id_test": 0.6548868845187047, "ood_test": 0.6161385363521023, "ood_validation": 0.6158264642082429, "train": 0.6481509719931057, "id_test_conf": [0.6491868391382501, 0.6605536455637862], "id_test_balanced": 0.6464110612869263, "id_test_balanced_conf": [0.6423990476410836, 0.650423074932769], "ood_test_conf": [0.6148133499339271, 0.6174624252381167], "ood_test_balanced": 0.625483512878418, "ood_test_balanced_conf": [0.6245581931411288, 0.6264088326157071], "features": ["IYEAR", "BMI5CAT", "AGEG5YR", "FRUIT_ONCE_PER_DAY", "VEG_ONCE_PER_DAY", "DRNK_PER_WEEK", "RFBING5", "TOTINDA", "SMOKE100", "SMOKDAY2", "DIABETES", "PRACE1", "SEX", "MEDCOST", "POVERTY", "EMPLOY1"]}