{"validation": 0.31737012987012986, "id_test": 0.323538961038961, "ood_test": 0.3557692307692308, "ood_validation": 0.36423841059602646, "33": 0.3167843788948899, "id_test_conf": [0.31527995491504696, 0.33188140769387264], "id_test_balanced": 0.48669981956481934, "id_test_balanced_conf": [0.4810881832055747, 0.49231145592406395], "ood_test_conf": [0.33021718020836205, 0.3819499177938112], "ood_test_balanced": 0.5072194933891296, "ood_test_balanced_conf": [0.4959112240187824, 0.5185277627594769], "features": ["AccredAgency", "HIGHDEG", "CONTROL", "region", "LOCALE", "locale2", "CCBASIC", "HBCU", "DISTANCEONLY", "median_hh_inc", "poverty_rate", "unemp_rate"]}