{"validation": 0.4355519480519481, "id_test": 0.4394480519480519, "ood_test": 0.4822485207100592, "ood_validation": 0.4304635761589404, "33": 0.436383464894059, "id_test_conf": [0.4306586001766312, 0.44826612543532085], "id_test_balanced": 0.613420307636261, "id_test_balanced_conf": [0.6080825996771455, 0.6187580155953765], "ood_test_conf": [0.4553067648853688, 0.5092675870391894], "ood_test_balanced": 0.5472920536994934, "ood_test_balanced_conf": [0.5296827046200633, 0.5649014027789235], "features": ["AccredAgency", "HIGHDEG", "CONTROL", "region", "LOCALE", "locale2", "CCBASIC", "CCSIZSET", "HBCU", "DISTANCEONLY", "poverty_rate", "unemp_rate"]}