{"validation": 0.13246753246753246, "id_test": 0.13579545454545455, "ood_test": 0.3727810650887574, "ood_validation": 0.36423841059602646, "33": 0.1280743664312422, "id_test_conf": [0.1297922845614491, 0.14197124579605036], "id_test_balanced": 0.5042018890380859, "id_test_balanced_conf": [0.5032295741210692, 0.5051742039551027], "ood_test_conf": [0.3469365776372633, 0.3991799401003558], "ood_test_balanced": 0.5032086372375488, "ood_test_balanced_conf": [0.4895470000803471, 0.5168702743947506], "features": ["AccredAgency", "HIGHDEG", "CONTROL", "region", "LOCALE", "locale2", "CCBASIC", "CCSIZSET", "HBCU", "DISTANCEONLY", "poverty_rate", "unemp_rate"]}