{"validation": 0.7106331168831169, "id_test": 0.7079545454545455, "ood_test": 0.6686390532544378, "ood_validation": 0.6291390728476821, "train": 0.7113011891716384, "id_test_conf": [0.6998363256025262, 0.7159744146235041], "id_test_balanced": 0.4903884530067444, "id_test_balanced_conf": [0.4853189567755908, 0.495457949237898], "ood_test_conf": [0.6428329759858843, 0.6937098765945601], "ood_test_balanced": 0.49740445613861084, "ood_test_balanced_conf": [0.48936098111793397, 0.5054479311592877], "features": ["AccredAgency", "HIGHDEG", "CONTROL", "region", "LOCALE", "locale2", "CCBASIC", "CCSIZSET", "HBCU", "DISTANCEONLY", "poverty_rate", "unemp_rate"]}