{"validation": 0.8737824675324676, "id_test": 0.8720779220779221, "ood_test": 0.6597633136094675, "ood_validation": 0.6423841059602649, "train": 0.8747006777872478, "id_test_conf": [0.8660515027614577, 0.8779279487802847], "id_test_balanced": 0.49948862195014954, "id_test_balanced_conf": [0.4992064040445257, 0.49977083985577336], "ood_test_conf": [0.6338124396823804, 0.6850177166943293], "ood_test_balanced": 0.49750664830207825, "ood_test_balanced_conf": [0.4877928015589714, 0.5072204950451851], "features": ["AccredAgency", "HIGHDEG", "CONTROL", "region", "LOCALE", "locale2", "CCBASIC", "HBCU", "DISTANCEONLY", "median_hh_inc", "poverty_rate", "unemp_rate"]}