{"validation": 0.8738636363636364, "id_test": 0.8726461038961039, "ood_test": 0.6804733727810651, "ood_validation": 0.6357615894039735, "train": 0.8749746337107838, "id_test_conf": [0.8666307412372218, 0.8784848015634327], "id_test_balanced": 0.4998140335083008, "id_test_balanced_conf": [0.49964378931297687, 0.4999842777036247], "ood_test_conf": [0.6548760098696198, 0.7052837447888736], "ood_test_balanced": 0.5040261745452881, "ood_test_balanced_conf": [0.4971902211382985, 0.5108621279522777], "features": ["AccredAgency", "HIGHDEG", "CONTROL", "region", "LOCALE", "locale2", "CCBASIC", "HBCU", "DISTANCEONLY", "median_hh_inc", "poverty_rate", "unemp_rate"]}