{"id_test": 0.8837662337662338, "id_test_conf": [0.8779752923570822, 0.8893751726431832], "id_test_balanced": 0.5932697653770447, "id_test_balanced_conf": [0.5895313492789864, 0.5970081814751029], "ood_test": 0.6849112426035503, "ood_test_conf": [0.6593968513713607, 0.7096192331981981], "ood_test_balanced": 0.6576640009880066, "ood_test_balanced_conf": [0.6399861358106136, 0.6753418661653996], "validation": 0.8882305194805195, "validation_conf": [0.8825342268312867, 0.8937426627672151], "validation_balanced": 0.6037521362304688, "validation_balanced_conf": [0.5999139743112027, 0.6075902981497348], "features": ["AccredAgency", "HIGHDEG", "CONTROL", "region", "LOCALE", "locale2", "CCBASIC", "HBCU", "DISTANCEONLY", "median_hh_inc", "poverty_rate", "unemp_rate"]}