{"validation": 0.12613636363636363, "id_test": 0.12711038961038962, "ood_test": 0.3121301775147929, "ood_validation": 0.3576158940397351, "33": 0.12321354383049439, "id_test_conf": [0.12127655900649097, 0.13312100194853743], "id_test_balanced": 0.5000464916229248, "id_test_balanced_conf": [0.49996135913621403, 0.5001316241096356], "ood_test_conf": [0.2874918920986942, 0.33758780608777283], "ood_test_balanced": 0.5010729432106018, "ood_test_balanced_conf": [0.4998396160267293, 0.5023062703944743], "features": ["AccredAgency", "HIGHDEG", "CONTROL", "region", "LOCALE", "locale2", "CCBASIC", "CCSIZSET", "HBCU", "DISTANCEONLY", "poverty_rate", "unemp_rate"]}