{"validation": 0.22637987012987013, "id_test": 0.2281655844155844, "ood_test": 0.34393491124260356, "ood_validation": 0.36423841059602646, "33": 0.22340049854590777, "id_test_conf": [0.22077969132698622, 0.23568011087257182], "id_test_balanced": 0.5440036058425903, "id_test_balanced_conf": [0.5407287293951959, 0.5472784822899848], "ood_test_conf": [0.3186069373008689, 0.36994320099629113], "ood_test_balanced": 0.5045217275619507, "ood_test_balanced_conf": [0.494537786655128, 0.5145056684687733], "features": ["AccredAgency", "HIGHDEG", "CONTROL", "region", "LOCALE", "locale2", "CCBASIC", "HBCU", "DISTANCEONLY", "median_hh_inc", "poverty_rate", "unemp_rate"]}