{"validation": 0.15852272727272726, "id_test": 0.1603896103896104, "ood_test": 0.3668639053254438, "ood_validation": 0.3841059602649007, "33": 0.15284586622351476, "id_test_conf": [0.15394989345147542, 0.1669901980047699], "id_test_balanced": 0.5171964168548584, "id_test_balanced_conf": [0.5153911136207171, 0.5190017200889997], "ood_test_conf": [0.34111722067567984, 0.3931907982756986], "ood_test_balanced": 0.5080727338790894, "ood_test_balanced_conf": [0.49552082112059, 0.5206246466375888], "features": ["AccredAgency", "HIGHDEG", "CONTROL", "region", "LOCALE", "locale2", "CCBASIC", "HBCU", "DISTANCEONLY", "median_hh_inc", "poverty_rate", "unemp_rate"]}