{"validation": 0.12670454545454546, "id_test": 0.1286525974025974, "ood_test": 0.3431952662721893, "ood_validation": 0.36423841059602646, "33": 0.1235147486497715, "id_test_conf": [0.12278806096898039, 0.13469317629590044], "id_test_balanced": 0.5009297728538513, "id_test_balanced_conf": [0.5005493852676591, 0.5013101604400435], "ood_test_conf": [0.3178818702187655, 0.369192208935912], "ood_test_balanced": 0.5046392679214478, "ood_test_balanced_conf": [0.494793302025646, 0.5144852338172495], "features": ["AccredAgency", "HIGHDEG", "CONTROL", "region", "LOCALE", "locale2", "CCBASIC", "HBCU", "DISTANCEONLY", "median_hh_inc", "poverty_rate", "unemp_rate"]}