{"validation": 0.15722402597402596, "id_test": 0.15673701298701298, "ood_test": 0.3143491124260355, "ood_validation": 0.3576158940397351, "33": 0.15292895720814292, "id_test_conf": [0.15035844339975293, 0.16327819595643442], "id_test_balanced": 0.515104353427887, "id_test_balanced_conf": [0.5133847781433724, 0.5168239287124016], "ood_test_conf": [0.289658438825075, 0.339849422088734], "ood_test_balanced": 0.5007204413414001, "ood_test_balanced_conf": [0.49739135142881424, 0.5040495312539861], "features": ["AccredAgency", "HIGHDEG", "CONTROL", "region", "LOCALE", "locale2", "CCBASIC", "HBCU", "DISTANCEONLY", "median_hh_inc", "poverty_rate", "unemp_rate"]}