{"validation": 0.8766233766233766, "id_test": 0.8748376623376624, "ood_test": 0.6893491124260355, "ood_validation": 0.6423841059602649, "train": 0.8773590648971143, "id_test_conf": [0.868865308806408, 0.880632299984112], "id_test_balanced": 0.5179951786994934, "id_test_balanced_conf": [0.5161930678482167, 0.5197972895507701], "ood_test_conf": [0.6639203029645981, 0.7139521066384891], "ood_test_balanced": 0.5, "ood_test_balanced_conf": [0.5, 0.5], "features": ["AccredAgency", "HIGHDEG", "CONTROL", "region", "LOCALE", "locale2", "CCBASIC", "HBCU", "DISTANCEONLY", "median_hh_inc", "poverty_rate", "unemp_rate"]}