{"validation": 0.8755681818181819, "id_test": 0.8746753246753247, "ood_test": 0.6893491124260355, "ood_validation": 0.6423841059602649, "train": 0.8762429481715979, "id_test_conf": [0.8686997653911439, 0.88047324593496], "id_test_balanced": 0.5351011753082275, "id_test_balanced_conf": [0.5325564534775913, 0.5376458971388638], "ood_test_conf": [0.6639203029645981, 0.7139521066384891], "ood_test_balanced": 0.5, "ood_test_balanced_conf": [0.5, 0.5], "features": ["AccredAgency", "HIGHDEG", "CONTROL", "region", "LOCALE", "locale2", "CCBASIC", "HBCU", "DISTANCEONLY", "median_hh_inc", "poverty_rate", "unemp_rate"]}