{"validation": 0.2595779220779221, "id_test": 0.26006493506493505, "ood_test": 0.35281065088757396, "ood_validation": 0.3708609271523179, "33": 0.25463232239302036, "id_test_conf": [0.252335698052958, 0.26790767520667275], "id_test_balanced": 0.5524462461471558, "id_test_balanced_conf": [0.5486258573876693, 0.5562666349066422], "ood_test_conf": [0.32731301165839005, 0.37894984412275096], "ood_test_balanced": 0.5031116008758545, "ood_test_balanced_conf": [0.49164979776367546, 0.5145734039880335], "features": ["AccredAgency", "HIGHDEG", "CONTROL", "region", "LOCALE", "locale2", "CCBASIC", "HBCU", "DISTANCEONLY", "median_hh_inc", "poverty_rate", "unemp_rate"]}