{"validation": 0.559585926782366, "id_test": 0.5598284283380792, "ood_test": 0.5596171551468008, "ood_validation": 0.5619415467230072, "train": 0.5588544296672523, "id_test_conf": [0.5584522152844806, 0.5612039491618742], "id_test_balanced": 0.5747253894805908, "id_test_balanced_conf": [0.5737585939792916, 0.57569218498189], "ood_test_conf": [0.5585404518670729, 0.5606934361623668], "ood_test_balanced": 0.5314523577690125, "ood_test_balanced_conf": [0.5307042095763609, 0.532200505961664], "features": ["AGEP", "SEX", "DEAR", "DEYE", "DREM", "ANC", "NATIVITY", "DIS"]}