{"validation": 0.5764615670322956, "id_test": 0.5768677787939662, "ood_test": 0.5467851522906256, "ood_validation": 0.5486817201461331, "train": 0.5760423278732799, "id_test_conf": [0.5754979803348648, 0.578236687869669], "id_test_balanced": 0.5769630670547485, "id_test_balanced_conf": [0.5759955027210526, 0.5779306313884445], "ood_test_conf": [0.5457055182884658, 0.5478644549174887], "ood_test_balanced": 0.5346118211746216, "ood_test_balanced_conf": [0.5338504862342961, 0.5353731561149471], "features": ["AGEP", "SEX", "DEAR", "DEYE", "DREM", "ANC", "NATIVITY", "DIS"]}