{"validation": 0.7770881882499536, "id_test": 0.7762120044250792, "ood_test": 0.36438975542777213, "ood_validation": 0.360931379021964, "train": 0.7760952951251907, "id_test_conf": [0.7750550737340849, 0.7773657386870135], "id_test_balanced": 0.5, "id_test_balanced_conf": [0.5, 0.5], "ood_test_conf": [0.3633466299016773, 0.3654338414945963], "ood_test_balanced": 0.5001459121704102, "ood_test_balanced_conf": [0.5000794019075693, 0.500212422433251], "features": ["AGEP", "SEX", "DEAR", "DEYE", "DREM", "ANC", "NATIVITY", "DIS"]}