{"validation": 0.6886240350139358, "id_test": 0.6867158987226277, "ood_test": 0.6260397910745376, "ood_validation": 0.6278960760680327, "train": 0.687693742933033, "id_test_conf": [0.6842813501079977, 0.6891427280767193], "id_test_balanced": 0.5575175285339355, "id_test_balanced_conf": [0.5557461875211448, 0.5592888695467263], "ood_test_conf": [0.6234465976371865, 0.6286275457595617], "ood_test_balanced": 0.5058680772781372, "ood_test_balanced_conf": [0.5040554317459464, 0.5076807228103281], "features": ["Gender", "Unit1", "Unit2", "HospAdmTime", "ICULOS"]}