{"validation": 0.775365013261942, "id_test": 0.7745731726210764, "ood_test": 0.5433375506536846, "ood_validation": 0.5408690869086908, "15": 0.7131008061297789, "16": 0.6211841592875404, "17": 0.7123811840431106, "18": 0.7215466346620543, "19": 0.815227759620948, "20": 0.8499878450882172, "21": 0.8812521494057155, "22": 0.8959475438030743, "23": 0.9185678601165695, "id_test_conf": [0.7725263378908003, 0.7766101378830531], "id_test_balanced": 0.8799814581871033, "id_test_balanced_conf": [0.8789302564342506, 0.8810326599399559], "ood_test_conf": [0.540920094205901, 0.5457534712429822], "ood_test_balanced": 0.7544992566108704, "ood_test_balanced_conf": [0.7532647641422227, 0.7557337490795181], "features": ["SCHL", "WKHP", "WKW", "WRK"]}