{"id_test": 0.9660707092616119, "id_test_conf": [0.965175840443671, 0.9669487812872982], "id_test_balanced": 0.5040119886398315, "id_test_balanced_conf": [0.5037836419098312, 0.5042403353698319], "ood_test": 0.9485120193630012, "ood_test_conf": [0.9474301703225603, 0.9495779400248561], "ood_test_balanced": 0.5029863715171814, "ood_test_balanced_conf": [0.5027900683501503, 0.5031826746842125], "validation": 0.9664795121588459, "validation_conf": [0.9655897847385557, 0.9673524274943021], "validation_balanced": 0.503255307674408, "validation_balanced_conf": [0.5030487494822592, 0.5034618658665567], "features": ["SCHL", "WKHP", "WKW", "WRK"]}