{"validation": 0.7753340274162762, "id_test": 0.7743252873919375, "ood_test": 0.541992897788046, "ood_validation": 0.5398789878987899, "train": 0.7734271996430436, "id_test_conf": [0.7722776629204388, 0.77636305131303], "id_test_balanced": 0.8832124471664429, "id_test_balanced_conf": [0.8821802337141708, 0.884244660618715], "ood_test_conf": [0.5395749071642424, 0.5444094002076795], "ood_test_balanced": 0.7580543160438538, "ood_test_balanced_conf": [0.7568410414783284, 0.7592675906093791], "features": ["SCHL", "WKHP", "WKW", "WRK"]}