{"validation": 0.9353015542500186, "id_test": 0.9334180274532892, "ood_test": 0.9170471423070576, "ood_validation": 0.9177667766776678, "15": 0.926267060419826, "16": 0.9203392987149315, "17": 0.9098214953970511, "18": 0.9104194428020509, "19": 0.9480992666030743, "20": 0.9524314959443682, "21": 0.9594695476392185, "22": 0.9659966319108532, "23": 0.9690813211212879, "id_test_conf": [0.9321907695572215, 0.9346296850817555], "id_test_balanced": 0.7454235553741455, "id_test_balanced_conf": [0.7440912896487862, 0.7467558210995048], "ood_test_conf": [0.9157002322174956, 0.9183792525332974], "ood_test_balanced": 0.7057102918624878, "ood_test_balanced_conf": [0.7043736943672411, 0.7070468893577345], "features": ["SCHL", "WKHP", "WKW", "WRK"]}