{"validation": 0.9637713492476637, "id_test": 0.9631952406036005, "ood_test": 0.9473935126611291, "ood_validation": 0.9473597359735973, "15": 0.954160747066805, "16": 0.9483602255219004, "17": 0.9544663573085846, "18": 0.9587087550852917, "19": 0.9699526184928615, "20": 0.9726326169353873, "21": 0.9761950695778358, "22": 0.982084632197499, "23": 0.9811823480432973, "id_test_conf": [0.9622651262416703, 0.9641086647638523], "id_test_balanced": 0.5806708931922913, "id_test_balanced_conf": [0.5797250049351714, 0.5816167814494111], "ood_test_conf": [0.9463007539442774, 0.9484703833257536], "ood_test_balanced": 0.5613060593605042, "ood_test_balanced_conf": [0.5604600209149067, 0.5621520978061016], "features": ["SCHL", "WKHP", "WKW", "WRK"]}