{"validation": 0.9653702188840138, "id_test": 0.9649180429461159, "ood_test": 0.9481452958541907, "ood_validation": 0.9484598459845984, "15": 0.955086599090111, "16": 0.9480216040499128, "17": 0.9565620088316743, "18": 0.9612370606352092, "19": 0.9714772709502885, "20": 0.9741699564819919, "21": 0.978375930011156, "22": 0.9838761689777491, "23": 0.9822925339994449, "id_test_conf": [0.9640088525239131, 0.9658104793529886], "id_test_balanced": 0.5422237515449524, "id_test_balanced_conf": [0.5415109927451703, 0.5429365103447344], "ood_test_conf": [0.9470598546084392, 0.9492148219456475], "ood_test_balanced": 0.5307890176773071, "ood_test_balanced_conf": [0.5301708023878746, 0.5314072329667396], "features": ["SCHL", "WKHP", "WKW", "WRK"]}