{"validation": 0.7531109789048362, "id_test": 0.7511480184674496, "ood_test": 0.582693095207535, "ood_validation": 0.5801980198019802, "15": 0.6937377284699497, "16": 0.6556219629886731, "17": 0.6859329391512611, "18": 0.688431568078929, "19": 0.7926863594426808, "20": 0.8240585079246601, "21": 0.8602236220736628, "22": 0.8758465011286681, "23": 0.8955315015265057, "id_test_conf": [0.7490309330703824, 0.7532560770157296], "id_test_balanced": 0.8712180852890015, "id_test_balanced_conf": [0.8701512596616522, 0.8722849109163507], "ood_test_conf": [0.5802991874490161, 0.5850840723193198], "ood_test_balanced": 0.7800145745277405, "ood_test_balanced_conf": [0.7788119304762222, 0.7812172185792587], "features": ["ENG", "POBP", "RELP", "WKHP", "WKW", "WRK", "OCCP", "DIS", "ESP", "MIG", "MIL", "ANC", "NATIVITY", "DEAR", "DEYE", "DREM", "DPHY", "FER", "AGEP", "SEX", "ST", "MAR", "CIT", "RAC1P", "SCHL", "DIVISION", "ACS_YEAR"]}