{"validation": 0.9734575246027615, "id_test": 0.9727450190561769, "ood_test": 0.961561264218176, "ood_validation": 0.9621012101210121, "train": 0.9726317942171205, "id_test_conf": [0.9719389277871234, 0.9735340641975958], "id_test_balanced": 0.635648250579834, "id_test_balanced_conf": [0.6345524454815313, 0.6367440556781366], "ood_test_conf": [0.9606184246643249, 0.9624877027501916], "ood_test_balanced": 0.6614024639129639, "ood_test_balanced_conf": [0.660255938465707, 0.6625489893602208], "features": ["ENG", "POBP", "RELP", "WKHP", "WKW", "WRK", "OCCP", "DIS", "ESP", "MIG", "MIL", "ANC", "NATIVITY", "DEAR", "DEYE", "DREM", "DPHY", "FER", "AGEP", "SEX", "ST", "MAR", "CIT", "RAC1P", "SCHL", "DIVISION", "ACS_YEAR"]}