{"validation": 0.9731910463300364, "id_test": 0.9723422055588262, "ood_test": 0.9614818074579338, "ood_validation": 0.9628162816281628, "train": 0.9725628508173279, "id_test_conf": [0.9715304386376225, 0.9731369414972828], "id_test_balanced": 0.6488768458366394, "id_test_balanced_conf": [0.6477457901323214, 0.6500079015409574], "ood_test_conf": [0.9605380455895348, 0.9624091711980662], "ood_test_balanced": 0.6698322296142578, "ood_test_balanced_conf": [0.6686680895881727, 0.6709963696403429], "features": ["ENG", "POBP", "RELP", "WKHP", "WKW", "WRK", "OCCP", "DIS", "ESP", "MIG", "MIL", "ANC", "NATIVITY", "DEAR", "DEYE", "DREM", "DPHY", "FER", "AGEP", "SEX", "ST", "MAR", "CIT", "RAC1P", "SCHL", "DIVISION", "ACS_YEAR"]}