{"validation": 0.9728440048585806, "id_test": 0.9725281194806804, "ood_test": 0.9612984457035285, "ood_validation": 0.9617161716171617, "train": 0.9722878518630985, "id_test_conf": [0.9717189664579533, 0.9733202345325555], "id_test_balanced": 0.6195353269577026, "id_test_balanced_conf": [0.6184867469244637, 0.6205839069909416], "ood_test_conf": [0.9603525595063458, 0.9622279404489835], "ood_test_balanced": 0.6428056359291077, "ood_test_balanced_conf": [0.6417031694040634, 0.643908102454152], "features": ["ENG", "POBP", "RELP", "WKHP", "WKW", "WRK", "OCCP", "DIS", "ESP", "MIG", "MIL", "ANC", "NATIVITY", "DEAR", "DEYE", "DREM", "DPHY", "FER", "AGEP", "SEX", "ST", "MAR", "CIT", "RAC1P", "SCHL", "DIVISION", "ACS_YEAR"]}