{"validation": 0.9441697032795419, "id_test": 0.942893440337124, "ood_test": 0.9256773688810654, "ood_validation": 0.924037403740374, "15": 0.9362598770851625, "16": 0.9321402570136973, "17": 0.9298330963251253, "18": 0.9232374665760654, "19": 0.9507889099125866, "20": 0.9568620468871442, "21": 0.9649384745720061, "22": 0.9680389838403383, "23": 0.9729669719678046, "id_test_conf": [0.9417501752212221, 0.9440207601496999], "id_test_balanced": 0.8856699466705322, "id_test_balanced_conf": [0.8845926872151904, 0.8867472061258741], "ood_test_conf": [0.9243957938549443, 0.9269438354315422], "ood_test_balanced": 0.8910269737243652, "ood_test_balanced_conf": [0.8899675335199572, 0.8920864139287733], "features": ["ENG", "POBP", "RELP", "WKHP", "WKW", "WRK", "OCCP", "DIS", "ESP", "MIG", "MIL", "ANC", "NATIVITY", "DEAR", "DEYE", "DREM", "DPHY", "FER", "AGEP", "SEX", "ST", "MAR", "CIT", "RAC1P", "SCHL", "DIVISION", "ACS_YEAR"]}