{"validation": 0.8992216355568776, "id_test": 0.897654386019273, "ood_test": 0.8871347281050785, "ood_validation": 0.8847634763476347, "train": 0.898925102679187, "id_test_conf": [0.896165257218234, 0.8991292103539358], "id_test_balanced": 0.9406708478927612, "id_test_balanced_conf": [0.939871483243769, 0.9414702125417534], "ood_test_conf": [0.8855915443509682, 0.8886641788289882], "ood_test_balanced": 0.9337700605392456, "ood_test_balanced_conf": [0.9329368072550278, 0.9346033138234634], "features": ["ENG", "POBP", "RELP", "WKHP", "WKW", "WRK", "OCCP", "DIS", "ESP", "MIG", "MIL", "ANC", "NATIVITY", "DEAR", "DEYE", "DREM", "DPHY", "FER", "AGEP", "SEX", "ST", "MAR", "CIT", "RAC1P", "SCHL", "DIVISION", "ACS_YEAR"]}