{"validation": 0.8980937507746461, "id_test": 0.8965017197037771, "ood_test": 0.8859856611108055, "ood_validation": 0.8828932893289329, "train": 0.897406023948923, "id_test_conf": [0.8950052624288802, 0.8979839141712765], "id_test_balanced": 0.9436103701591492, "id_test_balanced_conf": [0.942833844703855, 0.9443868956144433], "ood_test_conf": [0.884435711095379, 0.8875219190163319], "ood_test_balanced": 0.9358011484146118, "ood_test_balanced_conf": [0.9349831631674896, 0.936619133661734], "features": ["ENG", "POBP", "RELP", "WKHP", "WKW", "WRK", "OCCP", "DIS", "ESP", "MIG", "MIL", "ANC", "NATIVITY", "DEAR", "DEYE", "DREM", "DPHY", "FER", "AGEP", "SEX", "ST", "MAR", "CIT", "RAC1P", "SCHL", "DIVISION", "ACS_YEAR"]}