{"validation": 0.8984593837535014, "id_test": 0.897431289313048, "ood_test": 0.8830335368648807, "ood_validation": 0.8795379537953796, "train": 0.8983084853057601, "id_test_conf": [0.8959407375827684, 0.89890754464034], "id_test_balanced": 0.9418814182281494, "id_test_balanced_conf": [0.9410911340499297, 0.9426717024063691], "ood_test_conf": [0.8814664301694856, 0.8845870565649686], "ood_test_balanced": 0.9363769292831421, "ood_test_balanced_conf": [0.9355658225133083, 0.9371880360529758], "features": ["ENG", "POBP", "RELP", "WKHP", "WKW", "WRK", "OCCP", "DIS", "ESP", "MIG", "MIL", "ANC", "NATIVITY", "DEAR", "DEYE", "DREM", "DPHY", "FER", "AGEP", "SEX", "ST", "MAR", "CIT", "RAC1P", "SCHL", "DIVISION", "ACS_YEAR"]}