{"validation": 0.8779963312758732, "id_test": 0.8770427292163728, "ood_test": 0.8620263918685174, "ood_validation": 0.8597909790979098, "15": 0.8683502274722643, "16": 0.8566107376868767, "17": 0.8380734974927027, "18": 0.843637759559466, "19": 0.8894587874712662, "20": 0.9036303811164029, "21": 0.9162130197367869, "22": 0.927729406284711, "23": 0.9388842631140716, "id_test_conf": [0.8754306018635416, 0.8786412964372695], "id_test_balanced": 0.9349547028541565, "id_test_balanced_conf": [0.9341313097684179, 0.9357780959398951], "ood_test_conf": [0.8603458300424364, 0.8636941141341224], "ood_test_balanced": 0.9263127446174622, "ood_test_balanced_conf": [0.9254519070894457, 0.9271735821454786], "features": ["ENG", "POBP", "RELP", "WKHP", "WKW", "WRK", "OCCP", "DIS", "ESP", "MIG", "MIL", "ANC", "NATIVITY", "DEAR", "DEYE", "DREM", "DPHY", "FER", "AGEP", "SEX", "ST", "MAR", "CIT", "RAC1P", "SCHL", "DIVISION", "ACS_YEAR"]}