{"validation": 0.8875399717409087, "id_test": 0.8861525113872277, "ood_test": 0.8686274150271069, "ood_validation": 0.8669416941694169, "15": 0.8777715699576981, "16": 0.8689196281936238, "17": 0.851105830401916, "18": 0.8552291359637124, "19": 0.8971993307166648, "20": 0.9107487083266281, "21": 0.9221684463046997, "22": 0.9343580923716364, "23": 0.9447682486816542, "id_test_conf": [0.8845927288771239, 0.887698404935047], "id_test_balanced": 0.936309814453125, "id_test_balanced_conf": [0.9354879882954993, 0.9371316406107507], "ood_test_conf": [0.8669809683572454, 0.870260787365137], "ood_test_balanced": 0.9283338189125061, "ood_test_balanced_conf": [0.9274799752607942, 0.929187662564218], "features": ["ENG", "POBP", "RELP", "WKHP", "WKW", "WRK", "OCCP", "DIS", "ESP", "MIG", "MIL", "ANC", "NATIVITY", "DEAR", "DEYE", "DREM", "DPHY", "FER", "AGEP", "SEX", "ST", "MAR", "CIT", "RAC1P", "SCHL", "DIVISION", "ACS_YEAR"]}