{"validation": 0.9736992141989539, "id_test": 0.9728441731478326, "ood_test": 0.9616590571538588, "ood_validation": 0.9621012101210121, "train": 0.972861089119802, "id_test_conf": [0.9720394859546144, 0.9736318104831471], "id_test_balanced": 0.6539987325668335, "id_test_balanced_conf": [0.6528579191141762, 0.6551395460194908], "ood_test_conf": [0.9607173542339164, 0.9625843554903124], "ood_test_balanced": 0.6828857660293579, "ood_test_balanced_conf": [0.6816990295867436, 0.6840725024719723], "features": ["ENG", "POBP", "RELP", "WKHP", "WKW", "WRK", "OCCP", "DIS", "ESP", "MIG", "MIL", "ANC", "NATIVITY", "DEAR", "DEYE", "DREM", "DPHY", "FER", "AGEP", "SEX", "ST", "MAR", "CIT", "RAC1P", "SCHL", "DIVISION", "ACS_YEAR"]}