{"validation": 0.03441907736545946, "id_test": 0.034753509125275, "ood_test": 0.05162855798204277, "ood_validation": 0.05071507150715072, "15": 0.04571474179902626, "16": 0.05272336318845978, "17": 0.04366252526008532, "18": 0.03920417942585843, "19": 0.029007490343867768, "20": 0.0253780862348192, "21": 0.019720011072060662, "22": 0.015944677344225878, "23": 0.015709131279489315, "id_test_conf": [0.033865138733118534, 0.0356586457149077], "id_test_balanced": 0.5004810690879822, "id_test_balanced_conf": [0.5004054336750414, 0.5005567045009229], "ood_test_conf": [0.05056125346291984, 0.05271178581014336], "ood_test_balanced": 0.5000612139701843, "ood_test_balanced_conf": [0.5000344069851781, 0.5000880209551906], "features": ["ENG", "POBP", "RELP", "WKHP", "WKW", "WRK", "OCCP", "DIS", "ESP", "MIG", "MIL", "ANC", "NATIVITY", "DEAR", "DEYE", "DREM", "DPHY", "FER", "AGEP", "SEX", "ST", "MAR", "CIT", "RAC1P", "SCHL", "DIVISION", "ACS_YEAR"]}