{"validation": 0.9730918916239062, "id_test": 0.9725776965265083, "ood_test": 0.9613045577620086, "ood_validation": 0.9612761276127613, "train": 0.9723668656471306, "id_test_conf": [0.971769242169513, 0.9733691110486256], "id_test_balanced": 0.6325560212135315, "id_test_balanced_conf": [0.6314681144733914, 0.6336439279536716], "ood_test_conf": [0.9603587422841462, 0.9622339815656126], "ood_test_balanced": 0.6676629781723022, "ood_test_balanced_conf": [0.6665024591539986, 0.6688234971906059], "features": ["ENG", "POBP", "RELP", "WKHP", "WKW", "WRK", "OCCP", "DIS", "ESP", "MIG", "MIL", "ANC", "NATIVITY", "DEAR", "DEYE", "DREM", "DPHY", "FER", "AGEP", "SEX", "ST", "MAR", "CIT", "RAC1P", "SCHL", "DIVISION", "ACS_YEAR"]}