{"validation": 0.97286259636598, "id_test": 0.9723669940817401, "ood_test": 0.9610967477736827, "ood_validation": 0.9613311331133113, "train": 0.9720678526997151, "id_test_conf": [0.9715555751260867, 0.9731613811230797], "id_test_balanced": 0.6076061129570007, "id_test_balanced_conf": [0.6065980896027758, 0.6086141363112256], "ood_test_conf": [0.9601485313675413, 0.962028580070806], "ood_test_balanced": 0.6371450424194336, "ood_test_balanced_conf": [0.6360574473650195, 0.6382326374738477], "features": ["ENG", "POBP", "RELP", "WKHP", "WKW", "WRK", "OCCP", "DIS", "ESP", "MIG", "MIL", "ANC", "NATIVITY", "DEAR", "DEYE", "DREM", "DPHY", "FER", "AGEP", "SEX", "ST", "MAR", "CIT", "RAC1P", "SCHL", "DIVISION", "ACS_YEAR"]}