{"validation": 0.9730856944547731, "id_test": 0.9724227682582964, "ood_test": 0.9613595662883302, "ood_validation": 0.9618261826182618, "train": 0.9721863733757632, "id_test_conf": [0.9716121328475016, 0.9732163696585493], "id_test_balanced": 0.6170939803123474, "id_test_balanced_conf": [0.6160529526113533, 0.6181350080133415], "ood_test_conf": [0.9604143875683157, 0.9622883513312477], "ood_test_balanced": 0.6449698209762573, "ood_test_balanced_conf": [0.6438618481555022, 0.6460777937970125], "features": ["ENG", "POBP", "RELP", "WKHP", "WKW", "WRK", "OCCP", "DIS", "ESP", "MIG", "MIL", "ANC", "NATIVITY", "DEAR", "DEYE", "DREM", "DPHY", "FER", "AGEP", "SEX", "ST", "MAR", "CIT", "RAC1P", "SCHL", "DIVISION", "ACS_YEAR"]}