{"validation": 0.9731662576535038, "id_test": 0.9724847395655811, "ood_test": 0.9610417392473611, "ood_validation": 0.9625962596259626, "train": 0.9722072887891835, "id_test_conf": [0.9716749757734112, 0.9732774670177371], "id_test_balanced": 0.6393148303031921, "id_test_balanced_conf": [0.638208110043779, 0.6404215505626053], "ood_test_conf": [0.9600928885146129, 0.9619742078733811], "ood_test_balanced": 0.6664023399353027, "ood_test_balanced_conf": [0.6652433821978048, 0.6675612976728007], "features": ["ENG", "POBP", "RELP", "WKHP", "WKW", "WRK", "OCCP", "DIS", "ESP", "MIG", "MIL", "ANC", "NATIVITY", "DEAR", "DEYE", "DREM", "DPHY", "FER", "AGEP", "SEX", "ST", "MAR", "CIT", "RAC1P", "SCHL", "DIVISION", "ACS_YEAR"]}