{"validation": 0.10822736174115664, "id_test": 0.10799739720509405, "ood_test": 0.11320143511133114, "ood_validation": 0.1111111111111111, "15": 0.0891403942852582, "16": 0.08363950358092206, "17": 0.08072000598757578, "18": 0.08469161732131984, "19": 0.09025942547967912, "20": 0.13060880700396832, "21": 0.18036554576032343, "22": 0.1488408757031782, "23": 0.27765750763252844, "id_test_conf": [0.10648697652912359, 0.10952191812641965], "id_test_balanced": 0.5266276597976685, "id_test_balanced_conf": [0.525874249113258, 0.5273810704820789], "ood_test_conf": [0.11166998773034613, 0.1147466035507877], "ood_test_balanced": 0.5309487581253052, "ood_test_balanced_conf": [0.5303345029102638, 0.5315630133403465], "features": ["ENG", "POBP", "RELP", "WKHP", "WKW", "WRK", "OCCP", "DIS", "ESP", "MIG", "MIL", "ANC", "NATIVITY", "DEAR", "DEYE", "DREM", "DPHY", "FER", "AGEP", "SEX", "ST", "MAR", "CIT", "RAC1P", "SCHL", "DIVISION", "ACS_YEAR"]}