{"validation": 0.6879194630872483, "id_test": 0.6644295302013423, "ood_test": 0.6154962801669388, "ood_validation": 0.6015242242787153, "train": 0.6677852348993288, "id_test_conf": [0.6077057095704437, 0.7178453065611721], "id_test_balanced": 0.6536272764205933, "id_test_balanced_conf": [0.6154677399247884, 0.6917868129163981], "ood_test_conf": [0.6102277109782541, 0.6207445539164163], "ood_test_balanced": 0.5986970067024231, "ood_test_balanced_conf": [0.595681332075037, 0.6017126813298092], "features": ["MARITAL_STATUS", "EDUCATION", "RACE", "GENDER", "AGE", "ORIGIN", "HEALTHDISAB", "HEALTH_HEARING", "HEALTH_SEEING", "HEALTH_COGNITIVE", "HEALTH_SELF_CARE", "HEALTH_ERRANDS_DIFFICULTY", "HEALTH_CORE_DISABILITY", "HEALTH_SUPPLEMENTAL_DISABILITY", "CITIZENSHIP_STATUS"]}