{"validation": 0.7718120805369127, "id_test": 0.7684563758389261, "ood_test": 0.5986511824835178, "ood_validation": 0.5914534567229178, "train": 0.7420302013422819, "id_test_conf": [0.7163418071336323, 0.8151454913714486], "id_test_balanced": 0.6325865387916565, "id_test_balanced_conf": [0.6009261909127236, 0.6642468866705894], "ood_test_conf": [0.5933442854515193, 0.6039407446564891], "ood_test_balanced": 0.6115849614143372, "ood_test_balanced_conf": [0.6082808631751686, 0.6148890596535057], "features": ["MARITAL_STATUS", "EDUCATION", "RACE", "GENDER", "AGE", "ORIGIN", "HEALTHDISAB", "HEALTH_HEARING", "HEALTH_SEEING", "HEALTH_COGNITIVE", "HEALTH_SELF_CARE", "HEALTH_ERRANDS_DIFFICULTY", "HEALTH_CORE_DISABILITY", "HEALTH_SUPPLEMENTAL_DISABILITY", "CITIZENSHIP_STATUS"]}