{"validation": 0.7785234899328859, "id_test": 0.7818791946308725, "ood_test": 0.47892094598681423, "ood_validation": 0.47604790419161674, "train": 0.7504194630872483, "id_test_conf": [0.7306217570405594, 0.827434744706459], "id_test_balanced": 0.5853484869003296, "id_test_balanced_conf": [0.5623859377577901, 0.6083110360428691], "ood_test_conf": [0.4735234293173066, 0.48432216637813036], "ood_test_balanced": 0.5071825385093689, "ood_test_balanced_conf": [0.5063117048481945, 0.5080533721705432], "features": ["MARITAL_STATUS", "EDUCATION", "RACE", "GENDER", "AGE", "ORIGIN", "HEALTHDISAB", "HEALTH_HEARING", "HEALTH_SEEING", "HEALTH_COGNITIVE", "HEALTH_SELF_CARE", "HEALTH_ERRANDS_DIFFICULTY", "HEALTH_CORE_DISABILITY", "HEALTH_SUPPLEMENTAL_DISABILITY", "CITIZENSHIP_STATUS"]}