{"id_test": 0.8836038961038961, "id_test_conf": [0.8778095640588176, 0.8892163036365535], "id_test_balanced": 0.6000018119812012, "id_test_balanced_conf": [0.5961441028490663, 0.6038595211133361], "ood_test": 0.6575443786982249, "ood_test_conf": [0.6315588510569272, 0.6828431288277776], "ood_test_balanced": 0.6371601819992065, "ood_test_balanced_conf": [0.6191509205102921, 0.655169443488121], "validation": 0.888961038961039, "validation_conf": [0.883280498020296, 0.894457078994051], "validation_balanced": 0.6069232225418091, "validation_balanced_conf": [0.6030485769640654, 0.6107978681195527], "features": ["AccredAgency", "HIGHDEG", "CONTROL", "region", "LOCALE", "locale2", "HBCU", "DISTANCEONLY", "poverty_rate", "unemp_rate", "CCBASIC"]}