{"id_test": 0.8835227272727273, "id_test_conf": [0.8777267012316138, 0.8891368678101198], "id_test_balanced": 0.5958603024482727, "id_test_balanced_conf": [0.5920710448408499, 0.5996495600556955], "ood_test": 0.6708579881656804, "ood_test_conf": [0.6450896706786126, 0.6958813534037696], "ood_test_balanced": 0.6422389149665833, "ood_test_balanced_conf": [0.6243973924219608, 0.6600804375112057], "validation": 0.8892045454545454, "validation_conf": [0.8835292719165109, 0.8946952008871438], "validation_balanced": 0.6040341258049011, "validation_balanced_conf": [0.6002115068724378, 0.6078567447373644], "features": ["AccredAgency", "HIGHDEG", "CONTROL", "region", "LOCALE", "locale2", "HBCU", "DISTANCEONLY", "poverty_rate", "unemp_rate", "CCBASIC"]}