{"id_test": 0.884090909090909, "id_test_conf": [0.8783067595515001, 0.8896929000489966], "id_test_balanced": 0.5980967283248901, "id_test_balanced_conf": [0.5942811038391664, 0.6019123528106138], "ood_test": 0.6664201183431953, "ood_test_conf": [0.640576908639203, 0.691537771397697], "ood_test_balanced": 0.6586399078369141, "ood_test_balanced_conf": [0.6407842823117972, 0.6764955333620309], "validation": 0.8890422077922078, "validation_conf": [0.8833634217142006, 0.8945364538974748], "validation_balanced": 0.6036659479141235, "validation_balanced_conf": [0.5998460538359359, 0.6074858419923111], "features": ["AccredAgency", "HIGHDEG", "CONTROL", "region", "LOCALE", "locale2", "HBCU", "DISTANCEONLY", "poverty_rate", "unemp_rate", "CCBASIC"]}