{"id_test": 0.8835227272727273, "id_test_conf": [0.8777267012316138, 0.8891368678101198], "id_test_balanced": 0.5977712869644165, "id_test_balanced_conf": [0.5939492692705244, 0.6015933046583086], "ood_test": 0.658284023668639, "ood_test_conf": [0.6323099790870607, 0.6835680597331746], "ood_test_balanced": 0.6475066542625427, "ood_test_balanced_conf": [0.629531261101365, 0.6654820474237204], "validation": 0.8878246753246753, "validation_conf": [0.8821196642809342, 0.89334573227802], "validation_balanced": 0.6040705442428589, "validation_balanced_conf": [0.6002188009489328, 0.607922287536785], "features": ["AccredAgency", "HIGHDEG", "CONTROL", "region", "LOCALE", "locale2", "HBCU", "DISTANCEONLY", "poverty_rate", "unemp_rate", "CCBASIC"]}