{"validation": 0.1262987012987013, "id_test": 0.12767857142857142, "ood_test": 0.34097633136094674, "ood_validation": 0.3576158940397351, "33": 0.12324470294972996, "id_test_conf": [0.1218333953308032, 0.1337002568698471], "id_test_balanced": 0.5003719329833984, "id_test_balanced_conf": [0.5001312203332782, 0.5006126456335187], "ood_test_conf": [0.31570707760893035, 0.3669388247399117], "ood_test_balanced": 0.5036838054656982, "ood_test_balanced_conf": [0.49404549619182947, 0.513322114739567], "features": ["AccredAgency", "HIGHDEG", "CONTROL", "region", "LOCALE", "locale2", "HBCU", "DISTANCEONLY", "poverty_rate", "unemp_rate", "CCBASIC"]}