{"validation": 0.1262987012987013, "id_test": 0.12775974025974027, "ood_test": 0.34245562130177515, "ood_validation": 0.36423841059602646, "33": 0.12322393020357292, "id_test_conf": [0.12191294651214687, 0.13378300444040986], "id_test_balanced": 0.5004184246063232, "id_test_balanced_conf": [0.500163122137892, 0.5006737270747544], "ood_test_conf": [0.31715687117222247, 0.3684411489430726], "ood_test_balanced": 0.5041028261184692, "ood_test_balanced_conf": [0.4942895986326039, 0.5139160536043346], "features": ["AccredAgency", "HIGHDEG", "CONTROL", "region", "LOCALE", "locale2", "HBCU", "DISTANCEONLY", "poverty_rate", "unemp_rate", "CCBASIC"]}