{"validation": 0.287987012987013, "id_test": 0.29310064935064933, "ood_test": 0.35502958579881655, "ood_validation": 0.3708609271523179, "train": 0.2857360282478997, "id_test_conf": [0.2850720367551995, 0.3012271128966948], "id_test_balanced": 0.5481627583503723, "id_test_balanced_conf": [0.54364756164141, 0.5526779550593346], "ood_test_conf": [0.3294910383059349, 0.38119999900279405], "ood_test_balanced": 0.5060290098190308, "ood_test_balanced_conf": [0.49466018671169876, 0.5173978329263628], "features": ["AccredAgency", "HIGHDEG", "CONTROL", "region", "LOCALE", "locale2", "HBCU", "DISTANCEONLY", "poverty_rate", "unemp_rate", "CCBASIC"]}