{"validation": 0.12637987012987012, "id_test": 0.12751623376623378, "ood_test": 0.33357988165680474, "ood_validation": 0.3509933774834437, "33": 0.12321354383049439, "id_test_conf": [0.12167429531618129, 0.13353475938255074], "id_test_balanced": 0.5002789497375488, "id_test_balanced_conf": [0.5000704670685809, 0.5004874324065167], "ood_test_conf": [0.308462228602303, 0.35942309136079703], "ood_test_balanced": 0.4996269941329956, "ood_test_balanced_conf": [0.4905694224499166, 0.5086845658160746], "features": ["AccredAgency", "HIGHDEG", "CONTROL", "region", "LOCALE", "locale2", "HBCU", "DISTANCEONLY", "poverty_rate", "unemp_rate", "CCBASIC"]}