{"validation": 0.24991883116883118, "id_test": 0.2534090909090909, "ood_test": 0.3683431952662722, "ood_validation": 0.39072847682119205, "33": 0.24477565434150395, "id_test_conf": [0.24574686921600034, 0.2611879711543766], "id_test_balanced": 0.5540940165519714, "id_test_balanced_conf": [0.5504624680429697, 0.5577255650609731], "ood_test_conf": [0.3425716713246034, 0.39468847184813266], "ood_test_balanced": 0.5097997188568115, "ood_test_balanced_conf": [0.49727721316739915, 0.5223222245462239], "features": ["AccredAgency", "HIGHDEG", "CONTROL", "region", "LOCALE", "locale2", "HBCU", "DISTANCEONLY", "poverty_rate", "unemp_rate", "CCBASIC"]}