{"validation": 0.12646103896103897, "id_test": 0.12808441558441558, "ood_test": 0.34097633136094674, "ood_validation": 0.36423841059602646, "33": 0.12330702118820108, "id_test_conf": [0.12223115904956106, 0.13411398691690954], "id_test_balanced": 0.5006043910980225, "id_test_balanced_conf": [0.5002976128534646, 0.5009111693425803], "ood_test_conf": [0.31570707760893035, 0.3669388247399117], "ood_test_balanced": 0.5062997937202454, "ood_test_balanced_conf": [0.49711508164182305, 0.5154845057986677], "features": ["AccredAgency", "HIGHDEG", "CONTROL", "region", "LOCALE", "locale2", "HBCU", "DISTANCEONLY", "poverty_rate", "unemp_rate", "CCBASIC"]}