{"validation": 0.8737824675324676, "id_test": 0.8724837662337662, "ood_test": 0.665680473372781, "ood_validation": 0.6490066225165563, "train": 0.8749239011323512, "id_test_conf": [0.8664652406174493, 0.8783257046838184], "id_test_balanced": 0.49972105026245117, "id_test_balanced_conf": [0.49951256395695964, 0.4999295365679427], "ood_test_conf": [0.6398250250571429, 0.6908135972376281], "ood_test_balanced": 0.48871859908103943, "ood_test_balanced_conf": [0.48202752294950185, 0.495409675212577], "features": ["AccredAgency", "HIGHDEG", "CONTROL", "region", "LOCALE", "locale2", "HBCU", "DISTANCEONLY", "poverty_rate", "unemp_rate", "CCBASIC"]}