{"id_test": 0.8837662337662338, "id_test_conf": [0.8779752923570822, 0.8893751726431832], "id_test_balanced": 0.6030977368354797, "id_test_balanced_conf": [0.5991929047461599, 0.6070025689247995], "ood_test": 0.6775147928994083, "ood_test_conf": [0.6518635511945542, 0.7023919809149624], "ood_test_balanced": 0.6503372192382812, "ood_test_balanced_conf": [0.6325678489729762, 0.6681065895035863], "validation": 0.8871753246753247, "validation_conf": [0.8814564122315369, 0.892710595419058], "validation_balanced": 0.6059014797210693, "validation_balanced_conf": [0.6020070231612772, 0.6097959362808615], "features": ["AccredAgency", "HIGHDEG", "CONTROL", "region", "LOCALE", "locale2", "HBCU", "DISTANCEONLY", "poverty_rate", "unemp_rate", "CCBASIC"]}