{"validation": 0.8231331168831169, "id_test": 0.8123376623376624, "ood_test": 0.49038461538461536, "ood_validation": 0.5033112582781457, "train": 0.8155870773976217, "id_test_conf": [0.8053291434168965, 0.8191983022807724], "id_test_balanced": 0.8212624192237854, "id_test_balanced_conf": [0.8164808247704058, 0.826044013677165], "ood_test_conf": [0.4634132909352579, 0.5173978160252184], "ood_test_balanced": 0.6179388761520386, "ood_test_balanced_conf": [0.6047389966063201, 0.631138755697757], "features": ["AccredAgency", "HIGHDEG", "CONTROL", "region", "LOCALE", "locale2", "CCBASIC", "HBCU", "DISTANCEONLY", "median_hh_inc", "poverty_rate", "unemp_rate", "TUITIONFEE_IN", "TUITIONFEE_OUT", "TUITIONFEE_PROG", "ADM_RATE", "ADM_RATE_ALL", "SATVRMID", "SATMTMID", "SATWRMID", "ACTCMMID", "ACTENMID", "ACTMTMID", "ACTWRMID", "NPT4_PROG", "COSTT4_A", "COSTT4_P", "loan_ever", "pell_ever", "CCSIZSET"]}