{"validation": 0.5619682685674868, "id_test": 0.5540229885057472, "ood_test": 0.5980877019452687, "ood_validation": 0.6032217041119118, "0": 0.5928853754940712, "1": 0.5615218951902369, "3": 0.5729268770829249, "id_test_conf": [0.5391044377507921, 0.5688689347487075], "id_test_balanced": 0.6330103278160095, "id_test_balanced_conf": [0.6237399838492275, 0.6422806717827916], "ood_test_conf": [0.5914561469387836, 0.6046923887410123], "ood_test_balanced": 0.6278096437454224, "ood_test_balanced_conf": [0.6234621444530785, 0.6321571430377663], "features": ["VCF0004", "VCF0901b", "VCF0218", "VCF0224", "VCF0302", "VCF9201", "VCF9202", "VCF9203", "VCF9206", "VCF0428", "VCF0429", "VCF0822", "VCF0870", "VCF0803", "VCF0601", "VCF0612", "VCF0615", "VCF0616", "VCF0617", "VCF0310", "VCF0743", "VCF0717", "VCF0718", "VCF0720", "VCF0721", "VCF0701", "VCF0675", "VCF0724", "VCF0725", "VCF0726", "VCF0745", "VCF0101", "VCF0104", "VCF0105a", "VCF0115", "VCF0140a", "VCF0112", "VCF0838"]}