{"validation": 0.6440561048516901, "id_test": 0.6377011494252873, "ood_test": 0.6726484857048656, "ood_validation": 0.6816447647308181, "0": 0.6676877470355731, "1": 0.6412778176597272, "3": 0.6676141932954323, "id_test_conf": [0.6232136595641582, 0.6520035110309003], "id_test_balanced": 0.6817259788513184, "id_test_balanced_conf": [0.6722055095992983, 0.6912464481033385], "ood_test_conf": [0.6662896628219572, 0.6789600067055788], "ood_test_balanced": 0.6848013401031494, "ood_test_balanced_conf": [0.6804248394351453, 0.6891778407711535], "features": ["VCF0004", "VCF0901b", "VCF0218", "VCF0224", "VCF0302", "VCF9201", "VCF9202", "VCF9203", "VCF9206", "VCF0428", "VCF0429", "VCF0822", "VCF0870", "VCF0803", "VCF0601", "VCF0612", "VCF0615", "VCF0616", "VCF0617", "VCF0310", "VCF0743", "VCF0717", "VCF0718", "VCF0720", "VCF0721", "VCF0701", "VCF0675", "VCF0724", "VCF0725", "VCF0726", "VCF0745", "VCF0101", "VCF0104", "VCF0105a", "VCF0115", "VCF0140a", "VCF0112", "VCF0838"]}