{"validation": 0.7799494136583123, "id_test": 0.7689655172413793, "ood_test": 0.7197023220762093, "ood_validation": 0.7189487070792708, "0": 0.7811264822134387, "1": 0.7703517587939699, "3": 0.7826896686924133, "id_test_conf": [0.7561468017074329, 0.7814220989311387], "id_test_balanced": 0.6884860992431641, "id_test_balanced_conf": [0.6796867064759136, 0.6972854920104146], "ood_test_conf": [0.7136074119845401, 0.7257370253523115], "ood_test_balanced": 0.6806018352508545, "ood_test_balanced_conf": [0.6766279704775662, 0.6845757000241428], "features": ["VCF0004", "VCF0901b", "VCF0218", "VCF0224", "VCF0302", "VCF9201", "VCF9202", "VCF9203", "VCF9206", "VCF0428", "VCF0429", "VCF0822", "VCF0870", "VCF0803", "VCF0601", "VCF0612", "VCF0615", "VCF0616", "VCF0617", "VCF0310", "VCF0743", "VCF0717", "VCF0718", "VCF0720", "VCF0721", "VCF0701", "VCF0675", "VCF0724", "VCF0725", "VCF0726", "VCF0745", "VCF0101", "VCF0104", "VCF0105a", "VCF0115", "VCF0140a", "VCF0112", "VCF0838"]}