{"validation": 0.3858358243274316, "id_test": 0.37471264367816093, "ood_test": 0.4062455842871273, "ood_validation": 0.39889783806697754, "0": 0.4232213438735178, "1": 0.3858578607322326, "3": 0.35777298568908056, "id_test_conf": [0.36030142539150173, 0.3892922885328074], "id_test_balanced": 0.49681562185287476, "id_test_balanced_conf": [0.4884118436090648, 0.5052194000966846], "ood_test_conf": [0.39962891139274376, 0.41288793820917324], "ood_test_balanced": 0.4702534079551697, "ood_test_balanced_conf": [0.46676734298001976, 0.4737394729303196], "features": ["VCF0004", "VCF0901b", "VCF0218", "VCF0224", "VCF0302", "VCF9201", "VCF9202", "VCF9203", "VCF9206", "VCF0428", "VCF0429", "VCF0822", "VCF0870", "VCF0803", "VCF0601", "VCF0612", "VCF0615", "VCF0616", "VCF0617", "VCF0310", "VCF0743", "VCF0717", "VCF0718", "VCF0720", "VCF0721", "VCF0701", "VCF0675", "VCF0724", "VCF0725", "VCF0726", "VCF0745", "VCF0101", "VCF0104", "VCF0105a", "VCF0115", "VCF0140a", "VCF0112", "VCF0838"]}