{"validation": 0.3610025293170844, "id_test": 0.3542528735632184, "ood_test": 0.43271631105458996, "ood_validation": 0.4383213225943196, "0": 0.3674901185770751, "1": 0.3521177315147164, "3": 0.35130366594785334, "id_test_conf": [0.34002655799569614, 0.3686751447632869], "id_test_balanced": 0.5264402031898499, "id_test_balanced_conf": [0.5208716027345508, 0.5320088036451489], "ood_test_conf": [0.42603789958121757, 0.4394131519916251], "ood_test_balanced": 0.5156426429748535, "ood_test_balanced_conf": [0.5133701240923255, 0.5179151618573815], "features": ["VCF0004", "VCF0901b", "VCF0218", "VCF0224", "VCF0302", "VCF9201", "VCF9202", "VCF9203", "VCF9206", "VCF0428", "VCF0429", "VCF0822", "VCF0870", "VCF0803", "VCF0601", "VCF0612", "VCF0615", "VCF0616", "VCF0617", "VCF0310", "VCF0743", "VCF0717", "VCF0718", "VCF0720", "VCF0721", "VCF0701", "VCF0675", "VCF0724", "VCF0725", "VCF0726", "VCF0745", "VCF0101", "VCF0104", "VCF0105a", "VCF0115", "VCF0140a", "VCF0112", "VCF0838"]}