{"validation": 0.7613244424005519, "id_test": 0.7572413793103449, "ood_test": 0.6553153407752814, "ood_validation": 0.6574819838914795, "train": 0.7505747787101966, "id_test_conf": [0.7442151040224076, 0.769921375861419], "id_test_balanced": 0.5945090055465698, "id_test_balanced_conf": [0.5885240673460066, 0.600493943747133], "ood_test_conf": [0.6488779457349342, 0.661710185477734], "ood_test_balanced": 0.5760625600814819, "ood_test_balanced_conf": [0.5735779634770006, 0.5785471566859632], "features": ["VCF0004", "VCF0901b", "VCF0218", "VCF0224", "VCF0302", "VCF9201", "VCF9202", "VCF9203", "VCF9206", "VCF0428", "VCF0429", "VCF0822", "VCF0870", "VCF0803", "VCF0601", "VCF0612", "VCF0615", "VCF0616", "VCF0617", "VCF0310", "VCF0743", "VCF0717", "VCF0718", "VCF0720", "VCF0721", "VCF0701", "VCF0675", "VCF0724", "VCF0725", "VCF0726", "VCF0745", "VCF0101", "VCF0104", "VCF0105a", "VCF0115", "VCF0140a", "VCF0112", "VCF0838"]}