{"id_test": 0.8360919540229885, "id_test_conf": [0.8247512061634514, 0.8469794433676522], "id_test_balanced": 0.7722944021224976, "id_test_balanced_conf": [0.7641214976646006, 0.7804673065803945], "ood_test": 0.7984550892562762, "ood_test_conf": [0.7929948132468864, 0.8038335270607005], "ood_test_balanced": 0.768415093421936, "ood_test_balanced_conf": [0.76469860621728, 0.772131580626592], "validation": 0.8309956311795815, "validation_conf": [0.8195214752101668, 0.8420233717843384], "validation_balanced": 0.7677482962608337, "validation_balanced_conf": [0.759513933584094, 0.7759826589375735], "features": ["VCF0004", "VCF0901b", "VCF0218", "VCF0224", "VCF0302", "VCF9201", "VCF9202", "VCF9203", "VCF9206", "VCF0428", "VCF0429", "VCF0822", "VCF0870", "VCF0803", "VCF0601", "VCF0612", "VCF0615", "VCF0616", "VCF0617", "VCF0310", "VCF0743", "VCF0717", "VCF0718", "VCF0720", "VCF0721", "VCF0701", "VCF0675", "VCF0724", "VCF0725", "VCF0726", "VCF0745", "VCF0101", "VCF0104", "VCF0105a", "VCF0115", "VCF0140a", "VCF0112", "VCF0838"]}