{"id_test": 0.8314942528735633, "id_test_conf": [0.8200342106588836, 0.8425073036307102], "id_test_balanced": 0.7676812410354614, "id_test_balanced_conf": [0.7594416403956711, 0.7759208416752518], "ood_test": 0.7977014742593378, "ood_test_conf": [0.7922337757960878, 0.8030875418151407], "ood_test_balanced": 0.7678920030593872, "ood_test_balanced_conf": [0.7641674056369812, 0.7716166004817933], "validation": 0.8326051965969188, "validation_conf": [0.8211723487799362, 0.8435894353141659], "validation_balanced": 0.7686762809753418, "validation_balanced_conf": [0.7604697217606008, 0.7768828401900828], "features": ["VCF0004", "VCF0901b", "VCF0218", "VCF0224", "VCF0302", "VCF9201", "VCF9202", "VCF9203", "VCF9206", "VCF0428", "VCF0429", "VCF0822", "VCF0870", "VCF0803", "VCF0601", "VCF0612", "VCF0615", "VCF0616", "VCF0617", "VCF0310", "VCF0743", "VCF0717", "VCF0718", "VCF0720", "VCF0721", "VCF0701", "VCF0675", "VCF0724", "VCF0725", "VCF0726", "VCF0745", "VCF0101", "VCF0104", "VCF0105a", "VCF0115", "VCF0140a", "VCF0112", "VCF0838"]}