{"validation": 0.7151069211312946, "id_test": 0.7144827586206897, "ood_test": 0.6117469737647779, "ood_validation": 0.6083086053412463, "0": 0.6965415019762846, "1": 0.7142139267767409, "3": 0.7044697118212115, "id_test_conf": [0.7008049540456078, 0.7278720143676016], "id_test_balanced": 0.519053041934967, "id_test_balanced_conf": [0.516159953805618, 0.5219461300643161], "ood_test_conf": [0.605152978576664, 0.6183103583254571], "ood_test_balanced": 0.521349310874939, "ood_test_balanced_conf": [0.5199844824336469, 0.522714139316231], "features": ["VCF0004", "VCF0901b", "VCF0218", "VCF0224", "VCF0302", "VCF9201", "VCF9202", "VCF9203", "VCF9206", "VCF0428", "VCF0429", "VCF0822", "VCF0870", "VCF0803", "VCF0601", "VCF0612", "VCF0615", "VCF0616", "VCF0617", "VCF0310", "VCF0743", "VCF0717", "VCF0718", "VCF0720", "VCF0721", "VCF0701", "VCF0675", "VCF0724", "VCF0725", "VCF0726", "VCF0745", "VCF0101", "VCF0104", "VCF0105a", "VCF0115", "VCF0140a", "VCF0112", "VCF0838"]}