{"validation": 0.7493676707289032, "id_test": 0.7422988505747127, "ood_test": 0.6911120531298572, "ood_validation": 0.6871555743959304, "0": 0.7464426877470356, "1": 0.7361091170136397, "3": 0.7545579298176828, "id_test_conf": [0.7290267240668494, 0.7552448880939461], "id_test_balanced": 0.6645994782447815, "id_test_balanced_conf": [0.6555260950140656, 0.6736728614754974], "ood_test_conf": [0.6848476962522778, 0.6973240455040608], "ood_test_balanced": 0.6541922688484192, "ood_test_balanced_conf": [0.6500677380245179, 0.6583167996723205], "features": ["VCF0004", "VCF0901b", "VCF0218", "VCF0224", "VCF0302", "VCF9201", "VCF9202", "VCF9203", "VCF9206", "VCF0428", "VCF0429", "VCF0822", "VCF0870", "VCF0803", "VCF0601", "VCF0612", "VCF0615", "VCF0616", "VCF0617", "VCF0310", "VCF0743", "VCF0717", "VCF0718", "VCF0720", "VCF0721", "VCF0701", "VCF0675", "VCF0724", "VCF0725", "VCF0726", "VCF0745", "VCF0101", "VCF0104", "VCF0105a", "VCF0115", "VCF0140a", "VCF0112", "VCF0838"]}