{"validation": 0.7583352494826396, "id_test": 0.7528735632183908, "ood_test": 0.7581837878573784, "ood_validation": 0.7664264518863926, "train": 0.7606621450741464, "id_test_conf": [0.7397733057426573, 0.7656334455143865], "id_test_balanced": 0.7532755732536316, "id_test_balanced_conf": [0.7442166133597493, 0.7623345331475139], "ood_test_conf": [0.752365513365537, 0.7639312923969481], "ood_test_balanced": 0.7541611790657043, "ood_test_balanced_conf": [0.7500706306565553, 0.7582517274748534], "features": ["VCF0004", "VCF0901b", "VCF0218", "VCF0224", "VCF0302", "VCF9201", "VCF9202", "VCF9203", "VCF9206", "VCF0428", "VCF0429", "VCF0822", "VCF0870", "VCF0803", "VCF0601", "VCF0612", "VCF0615", "VCF0616", "VCF0617", "VCF0310", "VCF0743", "VCF0717", "VCF0718", "VCF0720", "VCF0721", "VCF0701", "VCF0675", "VCF0724", "VCF0725", "VCF0726", "VCF0745", "VCF0101", "VCF0104", "VCF0105a", "VCF0115", "VCF0140a", "VCF0112", "VCF0838"]}