{"validation": 0.7659232007358013, "id_test": 0.7618390804597701, "ood_test": 0.6652065376100984, "ood_validation": 0.662144976685036, "0": 0.7539525691699605, "1": 0.7589375448671931, "3": 0.7582826896686924, "id_test_conf": [0.7488926223185108, 0.7744330437387814], "id_test_balanced": 0.6040545701980591, "id_test_balanced_conf": [0.5977926173154264, 0.6103165230806917], "ood_test_conf": [0.6588128044983608, 0.6715550090268436], "ood_test_balanced": 0.5882207155227661, "ood_test_balanced_conf": [0.5855957704409956, 0.5908456606045366], "features": ["VCF0004", "VCF0901b", "VCF0218", "VCF0224", "VCF0302", "VCF9201", "VCF9202", "VCF9203", "VCF9206", "VCF0428", "VCF0429", "VCF0822", "VCF0870", "VCF0803", "VCF0601", "VCF0612", "VCF0615", "VCF0616", "VCF0617", "VCF0310", "VCF0743", "VCF0717", "VCF0718", "VCF0720", "VCF0721", "VCF0701", "VCF0675", "VCF0724", "VCF0725", "VCF0726", "VCF0745", "VCF0101", "VCF0104", "VCF0105a", "VCF0115", "VCF0140a", "VCF0112", "VCF0838"]}