{"validation": 0.7974246953322602, "id_test": 0.7965517241379311, "ood_test": 0.729640619848335, "ood_validation": 0.7392963119966087, "train": 0.7919301069088401, "id_test_conf": [0.7842765412314454, 0.8084274077937057], "id_test_balanced": 0.6908307075500488, "id_test_balanced_conf": [0.6827994151972234, 0.6988619999028742], "ood_test_conf": [0.7236115827852083, 0.7356067229934892], "ood_test_balanced": 0.6796962022781372, "ood_test_balanced_conf": [0.6760392196662725, 0.683353184890002], "features": ["VCF0004", "VCF0901b", "VCF0218", "VCF0224", "VCF0302", "VCF9201", "VCF9202", "VCF9203", "VCF9206", "VCF0428", "VCF0429", "VCF0822", "VCF0870", "VCF0803", "VCF0601", "VCF0612", "VCF0615", "VCF0616", "VCF0617", "VCF0310", "VCF0743", "VCF0717", "VCF0718", "VCF0720", "VCF0721", "VCF0701", "VCF0675", "VCF0724", "VCF0725", "VCF0726", "VCF0745", "VCF0101", "VCF0104", "VCF0105a", "VCF0115", "VCF0140a", "VCF0112", "VCF0838"]}