{"validation": 0.7953552540813981, "id_test": 0.7889655172413793, "ood_test": 0.7236588008101361, "ood_validation": 0.7286986011021619, "train": 0.787590527646856, "id_test_conf": [0.7765327444287123, 0.801009075647098], "id_test_balanced": 0.671314001083374, "id_test_balanced_conf": [0.6635348519869149, 0.6790931501798332], "ood_test_conf": [0.7175896691218977, 0.7296666400821901], "ood_test_balanced": 0.6689252853393555, "ood_test_balanced_conf": [0.6653978937119246, 0.6724526769667863], "features": ["VCF0004", "VCF0901b", "VCF0218", "VCF0224", "VCF0302", "VCF9201", "VCF9202", "VCF9203", "VCF9206", "VCF0428", "VCF0429", "VCF0822", "VCF0870", "VCF0803", "VCF0601", "VCF0612", "VCF0615", "VCF0616", "VCF0617", "VCF0310", "VCF0743", "VCF0717", "VCF0718", "VCF0720", "VCF0721", "VCF0701", "VCF0675", "VCF0724", "VCF0725", "VCF0726", "VCF0745", "VCF0101", "VCF0104", "VCF0105a", "VCF0115", "VCF0140a", "VCF0112", "VCF0838"]}