{"validation": 0.2729363071970568, "id_test": 0.27241379310344827, "ood_test": 0.37548867222457727, "ood_validation": 0.3764306909707503, "0": 0.2909090909090909, "1": 0.2737975592246949, "3": 0.28151342873946283, "id_test_conf": [0.2592251933273482, 0.28590861951359303], "id_test_balanced": 0.45818135142326355, "id_test_balanced_conf": [0.4539883629139513, 0.4623743399325758], "ood_test_conf": [0.3689687818267486, 0.3820426707973131], "ood_test_balanced": 0.4624702036380768, "ood_test_balanced_conf": [0.46065016960259525, 0.4642902376735583], "features": ["VCF0004", "VCF0901b", "VCF0218", "VCF0224", "VCF0302", "VCF9201", "VCF9202", "VCF9203", "VCF9206", "VCF0428", "VCF0429", "VCF0822", "VCF0870", "VCF0803", "VCF0601", "VCF0612", "VCF0615", "VCF0616", "VCF0617", "VCF0310", "VCF0743", "VCF0717", "VCF0718", "VCF0720", "VCF0721", "VCF0701", "VCF0675", "VCF0724", "VCF0725", "VCF0726", "VCF0745", "VCF0101", "VCF0104", "VCF0105a", "VCF0115", "VCF0140a", "VCF0112", "VCF0838"]}