{"validation": 0.822028052425845, "id_test": 0.8259770114942528, "ood_test": 0.7727850784230607, "ood_validation": 0.7855023314963968, "train": 0.8218185998390619, "id_test_conf": [0.8143777541845553, 0.8371367914830905], "id_test_balanced": 0.7330445051193237, "id_test_balanced_conf": [0.7250835935026407, 0.7410054167360067], "ood_test_conf": [0.7670878741206281, 0.7784075016860555], "ood_test_balanced": 0.7289592027664185, "ood_test_balanced_conf": [0.7253527508908882, 0.7325656546419487], "features": ["VCF0004", "VCF0901b", "VCF0218", "VCF0224", "VCF0302", "VCF9201", "VCF9202", "VCF9203", "VCF9206", "VCF0428", "VCF0429", "VCF0822", "VCF0870", "VCF0803", "VCF0601", "VCF0612", "VCF0615", "VCF0616", "VCF0617", "VCF0310", "VCF0743", "VCF0717", "VCF0718", "VCF0720", "VCF0721", "VCF0701", "VCF0675", "VCF0724", "VCF0725", "VCF0726", "VCF0745", "VCF0101", "VCF0104", "VCF0105a", "VCF0115", "VCF0140a", "VCF0112", "VCF0838"]}