{"validation": 0.8247873074269947, "id_test": 0.8317241379310345, "ood_test": 0.789129103669163, "ood_validation": 0.7965239508266214, "train": 0.8271353029083802, "id_test_conf": [0.8202699886156963, 0.8427309825531373], "id_test_balanced": 0.7608945369720459, "id_test_balanced_conf": [0.7527119077369571, 0.7690771662071347], "ood_test_conf": [0.7835790186435572, 0.7945999152760771], "ood_test_balanced": 0.7548313736915588, "ood_test_balanced_conf": [0.7511217990191653, 0.7585409483639524], "features": ["VCF0004", "VCF0901b", "VCF0218", "VCF0224", "VCF0302", "VCF9201", "VCF9202", "VCF9203", "VCF9206", "VCF0428", "VCF0429", "VCF0822", "VCF0870", "VCF0803", "VCF0601", "VCF0612", "VCF0615", "VCF0616", "VCF0617", "VCF0310", "VCF0743", "VCF0717", "VCF0718", "VCF0720", "VCF0721", "VCF0701", "VCF0675", "VCF0724", "VCF0725", "VCF0726", "VCF0745", "VCF0101", "VCF0104", "VCF0105a", "VCF0115", "VCF0140a", "VCF0112", "VCF0838"]}