{"validation": 0.8175944650056597, "id_test": 0.8144935646334639, "ood_test": 0.7811285240803634, "ood_validation": 0.7906462898177131, "train": 0.8154011490927128, "id_test_conf": [0.8117586635142299, 0.8172052412542193], "id_test_balanced": 0.5377176403999329, "id_test_balanced_conf": [0.5366332876984962, 0.5388019931013696], "ood_test_conf": [0.7774360372914328, 0.78478759472341], "ood_test_balanced": 0.533319354057312, "ood_test_balanced_conf": [0.5318728324677795, 0.5347658756468445], "features": ["AGEP", "SEX", "POBP", "DIS", "ANC", "NATIVITY", "DEAR", "DEYE", "DREM", "ST", "MAR", "DIVISION"]}