{"validation": 0.8176453381154056, "id_test": 0.8144935646334639, "ood_test": 0.7809239330578174, "ood_validation": 0.7913828024304916, "train": 0.8153343783484733, "id_test_conf": [0.8117586635142299, 0.8172052412542193], "id_test_balanced": 0.5406700372695923, "id_test_balanced_conf": [0.5395412874920293, 0.5417987870471552], "ood_test_conf": [0.7772302259939751, 0.7845842483356341], "ood_test_balanced": 0.5420089960098267, "ood_test_balanced_conf": [0.5403938511875458, 0.5436241408321075], "features": ["AGEP", "SEX", "POBP", "DIS", "ANC", "NATIVITY", "DEAR", "DEYE", "DREM", "ST", "MAR", "DIVISION"]}