{"validation": 0.8180904778256833, "id_test": 0.8150658798392431, "ood_test": 0.7810671467735996, "ood_validation": 0.7900939053581293, "train": 0.8156173591216785, "id_test_conf": [0.8123341988592652, 0.8177742939709733], "id_test_balanced": 0.553418755531311, "id_test_balanced_conf": [0.5521297469246201, 0.5547077641380019], "ood_test_conf": [0.7773742937644795, 0.7847265909448076], "ood_test_balanced": 0.5579380393028259, "ood_test_balanced_conf": [0.5560781203326769, 0.559797958272975], "features": ["AGEP", "SEX", "POBP", "DIS", "ANC", "NATIVITY", "DEAR", "DEYE", "DREM", "ST", "MAR", "DIVISION"]}