{"id_test": 0.8148751081039833, "id_test_conf": [0.8121423526593706, 0.8175846108170235], "id_test_balanced": 0.5464034080505371, "id_test_balanced_conf": [0.5452003300120123, 0.5476064860890619], "ood_test": 0.7835836163509146, "ood_test_conf": [0.7799058755904521, 0.7872276486367928], "ood_test_balanced": 0.5474223494529724, "ood_test_balanced_conf": [0.5457629957981408, 0.549081703107804], "validation": 0.8182685337097944, "validation_conf": [0.815555036622949, 0.8209585266467941], "validation_balanced": 0.5456540584564209, "validation_balanced_conf": [0.5444639492593706, 0.5468441676534712], "features": ["AGEP", "SEX", "POBP", "DIS", "ANC", "NATIVITY", "DEAR", "DEYE", "DREM", "ST", "MAR", "DIVISION"]}