{"id_test": 0.8147860812941955, "id_test_conf": [0.8120528248042509, 0.8174960916403213], "id_test_balanced": 0.5473918914794922, "id_test_balanced_conf": [0.5461745007685386, 0.5486092821904458], "ood_test": 0.7833381071238594, "ood_test_conf": [0.7796588831918996, 0.7869836518149765], "ood_test_balanced": 0.5471981763839722, "ood_test_balanced_conf": [0.5455381914856844, 0.54885816128226], "validation": 0.818510180981088, "validation_conf": [0.8157980698290149, 0.8211987700997314], "validation_balanced": 0.5469528436660767, "validation_balanced_conf": [0.5457489594887011, 0.5481567278434523], "features": ["AGEP", "SEX", "POBP", "DIS", "ANC", "NATIVITY", "DEAR", "DEYE", "DREM", "ST", "MAR", "DIVISION"]}