{"validation": 0.18910806720337797, "id_test": 0.1923996540672534, "ood_test": 0.22001718564589387, "ood_validation": 0.2135886577057632, "0": 0.47390691114245415, "1": 0.17734411444565387, "2": 0.1920957486597681, "3": 0.19247046006871701, "4": 0.1569536752306319, "5": 0.20019810951309597, "7": 0.2010851056333893, "8": 0.1756920569940979, "9": 0.1712443469305512, "id_test_conf": [0.18964943829722328, 0.19517258431524956], "id_test_balanced": 0.5005201697349548, "id_test_balanced_conf": [0.5003234978814726, 0.5007168415884371], "ood_test_conf": [0.21635116191297354, 0.22371648911117528], "ood_test_balanced": 0.5000917911529541, "ood_test_balanced_conf": [0.5000317375021405, 0.5001518448037677], "features": ["AGEP", "SEX", "POBP", "DIS", "ANC", "NATIVITY", "DEAR", "DEYE", "DREM", "ST", "MAR", "DIVISION"]}