{"validation": 0.3191524539916314, "id_test": 0.31935188482474436, "ood_test": 0.29256516224068085, "ood_validation": 0.2872399189836126, "0": 0.4755188394116462, "1": 0.3382055667858809, "2": 0.3467398080039895, "3": 0.3276208832648957, "4": 0.37974903283404426, "5": 0.31218373505540153, "7": 0.2599438657475368, "8": 0.34977444804356034, "9": 0.3016522634666189, "id_test_conf": [0.31609345514110754, 0.32262364803010996], "id_test_balanced": 0.5561171770095825, "id_test_balanced_conf": [0.5545528765488416, 0.5576814774703235], "ood_test_conf": [0.2885341819924046, 0.29662079081884846], "ood_test_balanced": 0.5324561595916748, "ood_test_balanced_conf": [0.5308505021315068, 0.5340618170518429], "features": ["AGEP", "SEX", "POBP", "DIS", "ANC", "NATIVITY", "DEAR", "DEYE", "DREM", "ST", "MAR", "DIVISION"]}