{"validation": 0.6175105243745788, "id_test": 0.6157984433026403, "ood_test": 0.5821228364499366, "ood_validation": 0.5916037562143251, "0": 0.5678017328228894, "1": 0.6729902037008242, "2": 0.6049619748161077, "3": 0.6481710382971592, "4": 0.6179198492213074, "5": 0.5918790456957252, "7": 0.5837844820499571, "8": 0.606287633393613, "9": 0.6429767608471768, "id_test_conf": [0.6123880233439869, 0.6192003171664207], "id_test_balanced": 0.6294625997543335, "id_test_balanced_conf": [0.6270780953392386, 0.6318471041694284], "ood_test_conf": [0.5777354048280932, 0.5865005124046174], "ood_test_balanced": 0.6148974895477295, "ood_test_balanced_conf": [0.6118690930772572, 0.6179258860182018], "features": ["AGEP", "SEX", "POBP", "DIS", "ANC", "NATIVITY", "DEAR", "DEYE", "DREM", "ST", "MAR", "DIVISION"]}