{"validation": 0.6014091851399647, "id_test": 0.6008546573739635, "ood_test": 0.5569172224722779, "ood_validation": 0.557908304179709, "0": 0.49355228692323194, "1": 0.6446509096563521, "2": 0.598778207206084, "3": 0.6295985921394452, "4": 0.6308897926792977, "5": 0.5456688499665978, "7": 0.5609080126360786, "8": 0.5890185012221538, "9": 0.6640308064299467, "id_test_conf": [0.5974216062184649, 0.6042802654324733], "id_test_balanced": 0.6291358470916748, "id_test_balanced_conf": [0.6267591405240819, 0.6315125536592677], "ood_test_conf": [0.5524999054718076, 0.5613277782199168], "ood_test_balanced": 0.6109713912010193, "ood_test_balanced_conf": [0.6079756092419848, 0.6139671731600538], "features": ["AGEP", "SEX", "POBP", "DIS", "ANC", "NATIVITY", "DEAR", "DEYE", "DREM", "ST", "MAR", "DIVISION"]}