{"validation": 0.6705075864524909, "id_test": 0.6671796306659206, "ood_test": 0.6431727975776423, "ood_validation": 0.6433437672620144, "train": 0.6673783580120124, "id_test_conf": [0.6638734361168428, 0.6704734861307994], "id_test_balanced": 0.662716269493103, "id_test_balanced_conf": [0.6603797827055677, 0.6650527562806383], "ood_test_conf": [0.6389071451268571, 0.6474214404661535], "ood_test_balanced": 0.6451047658920288, "ood_test_balanced_conf": [0.6421053388528526, 0.648104192931205], "features": ["AGEP", "SEX", "POBP", "DIS", "ANC", "NATIVITY", "DEAR", "DEYE", "DREM", "ST", "MAR", "DIVISION"]}