{"validation": 0.6498785404504814, "id_test": 0.6487129266927812, "ood_test": 0.6173534105323458, "ood_validation": 0.6190388510403241, "train": 0.6488383480281963, "id_test_conf": [0.6453644311785988, 0.65205044646174], "id_test_balanced": 0.6614341735839844, "id_test_balanced_conf": [0.6590974554279819, 0.6637708917399868], "ood_test_conf": [0.6130275053770703, 0.6216653742182816], "ood_test_balanced": 0.6456300020217896, "ood_test_balanced_conf": [0.64264823702164, 0.6486117670219391], "features": ["AGEP", "SEX", "POBP", "DIS", "ANC", "NATIVITY", "DEAR", "DEYE", "DREM", "ST", "MAR", "DIVISION"]}