{"validation": 0.7228687346585778, "id_test": 0.7188660528056163, "ood_test": 0.6841114611890831, "ood_validation": 0.6807217823605229, "0": 0.5143058633890791, "1": 0.77239154097341, "2": 0.7395087894277521, "3": 0.7521788318109445, "4": 0.7801557385180041, "5": 0.6889450284494475, "7": 0.643042523457776, "8": 0.7275491345561496, "9": 0.7535127389961044, "id_test_conf": [0.7157094127765589, 0.7220065369271458], "id_test_balanced": 0.6511344909667969, "id_test_balanced_conf": [0.6488418941386044, 0.6534270877949894], "ood_test_conf": [0.6799692064878148, 0.6882318405110199], "ood_test_balanced": 0.6417068243026733, "ood_test_balanced_conf": [0.6387386263022199, 0.6446750223031268], "features": ["AGEP", "SEX", "POBP", "DIS", "ANC", "NATIVITY", "DEAR", "DEYE", "DREM", "ST", "MAR", "DIVISION"]}