{"validation": 0.7008152415836799, "id_test": 0.6982754235132522, "ood_test": 0.6655755145464217, "ood_validation": 0.6667280427177316, "0": 0.48226878903888776, "1": 0.7555201368371949, "2": 0.741254207704775, "3": 0.7443224671080197, "4": 0.7530998908838409, "5": 0.6460213006119895, "7": 0.6423613965450424, "8": 0.6677132807376642, "9": 0.7365960685980387, "id_test_conf": [0.6950534677090574, 0.7014827441420823], "id_test_balanced": 0.6519758701324463, "id_test_balanced_conf": [0.64965079204645, 0.6543009482184425], "ood_test_conf": [0.661373016153834, 0.6697583408708476], "ood_test_balanced": 0.6407190561294556, "ood_test_balanced_conf": [0.637724237749353, 0.6437138745095581], "features": ["AGEP", "SEX", "POBP", "DIS", "ANC", "NATIVITY", "DEAR", "DEYE", "DREM", "ST", "MAR", "DIVISION"]}