{"validation": 0.767637071235072, "id_test": 0.7650709670855166, "ood_test": 0.7301035230574082, "ood_validation": 0.7372491253912723, "0": 0.5117872254684667, "1": 0.808622298242886, "2": 0.7894651539708266, "3": 0.781666387329255, "4": 0.820429520880865, "5": 0.7498752217214028, "7": 0.6853898277218653, "8": 0.7732954432543073, "9": 0.8043075269780146, "id_test_conf": [0.7620915385507286, 0.7680308258741207], "id_test_balanced": 0.6178909540176392, "id_test_balanced_conf": [0.6157973771961406, 0.6199845308391377], "ood_test_conf": [0.7261443658977205, 0.7340353360193786], "ood_test_balanced": 0.6011528372764587, "ood_test_balanced_conf": [0.5984434979222715, 0.603862176630646], "features": ["AGEP", "SEX", "POBP", "DIS", "ANC", "NATIVITY", "DEAR", "DEYE", "DREM", "ST", "MAR", "DIVISION"]}