{"validation": 0.5483103768425605, "id_test": 0.5463320954367401, "ood_test": 0.49997954089774543, "ood_validation": 0.5021174737617382, "0": 0.4836792262744308, "1": 0.6312004353910745, "2": 0.5902630594688941, "3": 0.5878551076845722, "4": 0.6425701815296102, "5": 0.5398868165029832, "7": 0.41454793137059176, "8": 0.5514993740187993, "9": 0.5503335870684637, "id_test_conf": [0.5428442596836252, 0.5498165120075125], "id_test_balanced": 0.6335692405700684, "id_test_balanced_conf": [0.6312921924330294, 0.6358462887071074], "ood_test_conf": [0.4955367939511007, 0.5044222902746984], "ood_test_balanced": 0.6107975244522095, "ood_test_balanced_conf": [0.6080038686329499, 0.6135911802714691], "features": ["AGEP", "SEX", "POBP", "DIS", "ANC", "NATIVITY", "DEAR", "DEYE", "DREM", "ST", "MAR", "DIVISION"]}