{"validation": 0.8179505767738817, "id_test": 0.8142773566668362, "ood_test": 0.7834608617373869, "ood_validation": 0.7902780335113239, "train": 0.8154361242444572, "id_test_conf": [0.8115412415884258, 0.8169902632453699], "id_test_balanced": 0.5437688231468201, "id_test_balanced_conf": [0.5425928019848653, 0.5449448443087749], "ood_test_conf": [0.7797823791522331, 0.7871056504648518], "ood_test_balanced": 0.541296124458313, "ood_test_balanced_conf": [0.5397420046664775, 0.5428502442501485], "features": ["AGEP", "SEX", "POBP", "DIS", "ANC", "NATIVITY", "DEAR", "DEYE", "DREM", "ST", "MAR", "DIVISION"]}