{"validation": 0.8183066885421039, "id_test": 0.8144681284020959, "ood_test": 0.7835426981464053, "ood_validation": 0.7915669305836862, "train": 0.8152930440782299, "id_test_conf": [0.8117330843919917, 0.8171799497959178], "id_test_balanced": 0.5441157817840576, "id_test_balanced_conf": [0.542937783151865, 0.5452937804162502], "ood_test_conf": [0.7798647100579278, 0.7871869826326003], "ood_test_balanced": 0.543052613735199, "ood_test_balanced_conf": [0.5414681075513363, 0.5446371199190616], "features": ["AGEP", "SEX", "POBP", "DIS", "ANC", "NATIVITY", "DEAR", "DEYE", "DREM", "ST", "MAR", "DIVISION"]}