{"validation": 0.8177343660574612, "id_test": 0.8139466856590527, "ood_test": 0.78280617046524, "ood_validation": 0.7889891364389615, "train": 0.8150498077956434, "id_test_conf": [0.8112087166229103, 0.8166614706635564], "id_test_balanced": 0.5494438409805298, "id_test_balanced_conf": [0.5481886563217268, 0.5506990256393328], "ood_test_conf": [0.779123739545526, 0.786454985483214], "ood_test_balanced": 0.5482271313667297, "ood_test_balanced_conf": [0.5465408099372872, 0.5499134527961723], "features": ["AGEP", "SEX", "POBP", "DIS", "ANC", "NATIVITY", "DEAR", "DEYE", "DREM", "ST", "MAR", "DIVISION"]}