{"validation": 0.8175308736184771, "id_test": 0.8143409472452562, "ood_test": 0.7822946929088752, "ood_validation": 0.7908304179709078, "train": 0.8150768340492641, "id_test_conf": [0.8116051890694085, 0.8170534922157666], "id_test_balanced": 0.5530725717544556, "id_test_balanced_conf": [0.5517783136619255, 0.5543668298469856], "ood_test_conf": [0.7786091867822834, 0.7859466440358529], "ood_test_balanced": 0.5535793304443359, "ood_test_balanced_conf": [0.5518010206543841, 0.5553576402342878], "features": ["AGEP", "SEX", "POBP", "DIS", "ANC", "NATIVITY", "DEAR", "DEYE", "DREM", "ST", "MAR", "DIVISION"]}