{"validation": 0.8177852391672072, "id_test": 0.8152184972274508, "ood_test": 0.781496787920946, "ood_validation": 0.7910145461241024, "train": 0.8153200703318506, "id_test_conf": [0.8124876766014785, 0.8179260397117714], "id_test_balanced": 0.5501279830932617, "id_test_balanced_conf": [0.5488814157689922, 0.5513745504175313], "ood_test_conf": [0.7778065009343759, 0.7851536149135494], "ood_test_balanced": 0.5489916801452637, "ood_test_balanced_conf": [0.5472706221858971, 0.5507127381046303], "features": ["AGEP", "SEX", "POBP", "DIS", "ANC", "NATIVITY", "DEAR", "DEYE", "DREM", "ST", "MAR", "DIVISION"]}