{"validation": 0.8145420784208987, "id_test": 0.8107925929694256, "ood_test": 0.7817422971480011, "ood_validation": 0.7880684956729884, "train": 0.8117239888206697, "id_test_conf": [0.8080371020258574, 0.8135251332579919], "id_test_balanced": 0.512371301651001, "id_test_balanced_conf": [0.5117302127135918, 0.5130123905884102], "ood_test_conf": [0.7780534790620386, 0.7853976260077065], "ood_test_balanced": 0.5119950175285339, "ood_test_balanced_conf": [0.5111530810815748, 0.5128369539754931], "features": ["AGEP", "SEX", "POBP", "DIS", "ANC", "NATIVITY", "DEAR", "DEYE", "DREM", "ST", "MAR", "DIVISION"]}