{"validation": 0.8129395754638992, "id_test": 0.8092028285089281, "ood_test": 0.7801260280698883, "ood_validation": 0.7864113422942368, "train": 0.8101087727219253, "id_test_conf": [0.8064386159659133, 0.8119442080177832], "id_test_balanced": 0.5004191994667053, "id_test_balanced_conf": [0.5003072458571114, 0.5005311530762993], "ood_test_conf": [0.7764275744467167, 0.7837911849092328], "ood_test_balanced": 0.5, "ood_test_balanced_conf": [0.5, 0.5], "features": ["AGEP", "SEX", "POBP", "DIS", "ANC", "NATIVITY", "DEAR", "DEYE", "DREM", "ST", "MAR", "DIVISION"]}