{"validation": 0.54521983542549, "id_test": 0.5448949483644503, "ood_test": 0.5776013748516715, "ood_validation": 0.5901307309887682, "0": 0.47854120491638125, "1": 0.5587389208521225, "2": 0.49114823588081286, "3": 0.5479657252995894, "4": 0.5647505207816684, "5": 0.5491549631040229, "7": 0.5509612109966766, "8": 0.5270562985632241, "9": 0.5792414812161375, "id_test_conf": [0.5414062454340025, 0.5483803381722067], "id_test_balanced": 0.4529920220375061, "id_test_balanced_conf": [0.45064396522939204, 0.45534007884562017], "ood_test_conf": [0.5732077264387624, 0.5819858047602628], "ood_test_balanced": 0.44858184456825256, "ood_test_balanced_conf": [0.44581842408981176, 0.45134526504669337], "features": ["AGEP", "SEX", "POBP", "DIS", "ANC", "NATIVITY", "DEAR", "DEYE", "DREM", "ST", "MAR", "DIVISION"]}