{"validation": 0.5764686430869803, "id_test": 0.5761815129470418, "ood_test": 0.47888620647325997, "ood_validation": 0.4803903516847726, "0": 0.47300020149103367, "1": 0.5262012128751361, "2": 0.5913726468021444, "3": 0.5228986843207911, "4": 0.5932199186588633, "5": 0.5371916056852823, "7": 0.5663100536681033, "8": 0.5834740963017429, "9": 0.6775892177495186, "id_test_conf": [0.5727183418746569, 0.5796390619301786], "id_test_balanced": 0.47935086488723755, "id_test_balanced_conf": [0.4770061925845221, 0.481695537189953], "ood_test_conf": [0.4744486659742701, 0.48332625505738325], "ood_test_balanced": 0.4586856961250305, "ood_test_balanced_conf": [0.455570203345269, 0.46180118890479205], "features": ["AGEP", "SEX", "POBP", "DIS", "ANC", "NATIVITY", "DEAR", "DEYE", "DREM", "ST", "MAR", "DIVISION"]}