{"validation": 0.6580055197324074, "id_test": 0.6564964134913771, "ood_test": 0.6301812676459757, "ood_validation": 0.6221690296446326, "train": 0.6579922991074977, "id_test_conf": [0.6531650674471232, 0.6598162091780384], "id_test_balanced": 0.6473080515861511, "id_test_balanced_conf": [0.6449475978547707, 0.6496685053175315], "ood_test_conf": [0.6258836559593464, 0.6344634135975581], "ood_test_balanced": 0.6307640075683594, "ood_test_balanced_conf": [0.6277387051377445, 0.6337893099989742], "features": ["AGEP", "SEX", "RAC1P", "POBP", "DIS", "ANC", "NATIVITY", "DEAR", "DREM", "ST", "DIVISION"]}