{"validation": 0.691607208719651, "id_test": 0.6898178765834054, "ood_test": 0.6674577519538443, "ood_validation": 0.6709629902412079, "0": 0.49697763449526494, "1": 0.7358109158762245, "2": 0.6566512903627977, "3": 0.7266299337970334, "4": 0.7495288165856562, "5": 0.6656172493492333, "7": 0.6246286096790483, "8": 0.6649708869060631, "9": 0.7619039090135674, "id_test_conf": [0.6865713390298162, 0.693050403515493], "id_test_balanced": 0.6317837238311768, "id_test_balanced_conf": [0.6294454127922654, 0.6341220348700881], "ood_test_conf": [0.663261035004542, 0.671634573115296], "ood_test_balanced": 0.6160311698913574, "ood_test_balanced_conf": [0.61303713072557, 0.6190252090571449], "features": ["SEX", "RAC1P", "POBP", "DIS", "ANC", "NATIVITY", "DEAR", "DEYE", "DREM", "ST", "MAR", "DIVISION"]}