{"validation": 0.18899360270644944, "id_test": 0.1927811975377728, "ood_test": 0.22007856295265762, "ood_validation": 0.21377278585895784, "0": 0.47390691114245415, "1": 0.17746073705489038, "2": 0.1893030794165316, "3": 0.19219810609234894, "4": 0.15737526039083424, "5": 0.19953774446944275, "7": 0.20136695125245146, "8": 0.18741678424514616, "9": 0.17042940939417006, "id_test_conf": [0.19002888872058962, 0.19555619260607396], "id_test_balanced": 0.5010868310928345, "id_test_balanced_conf": [0.5009097339471918, 0.5012639282384771], "ood_test_conf": [0.21641216788968315, 0.22377823044024023], "ood_test_balanced": 0.5001311302185059, "ood_test_balanced_conf": [0.500059355203557, 0.5002029052334547], "features": ["SEX", "RAC1P", "POBP", "DIS", "ANC", "NATIVITY", "DEAR", "DEYE", "DREM", "ST", "MAR", "DIVISION"]}