{"validation": 0.3521945387716688, "id_test": 0.35330925370097166, "ood_test": 0.3730717296125046, "ood_validation": 0.36531025593813293, "0": 0.4744106387265767, "1": 0.350334318146478, "2": 0.35491833935918216, "3": 0.3960760077097126, "4": 0.38532883642495785, "5": 0.3373467146839078, "7": 0.3056028560356065, "8": 0.35227837284632657, "9": 0.3569336855773967, "id_test_conf": [0.349967289009567, 0.3566620448550897], "id_test_balanced": 0.572087824344635, "id_test_balanced_conf": [0.5703787984582596, 0.5737968502310105], "ood_test_conf": [0.36878171811127136, 0.37737682030259423], "ood_test_balanced": 0.5667471885681152, "ood_test_balanced_conf": [0.5645216249348596, 0.5689727522013709], "features": ["SEX", "RAC1P", "POBP", "DIS", "ANC", "NATIVITY", "DEAR", "DEYE", "DREM", "ST", "MAR", "DIVISION"]}