{"validation": 0.817200198405128, "id_test": 0.8135397059571654, "ood_test": 0.7834608617373869, "ood_validation": 0.7893573927453508, "train": 0.8143073807108858, "id_test_conf": [0.810799459576649, 0.8162567984204423], "id_test_balanced": 0.5322669148445129, "id_test_balanced_conf": [0.5312546249781736, 0.5332792047108523], "ood_test_conf": [0.7797823791522331, 0.7871056504648518], "ood_test_balanced": 0.533477783203125, "ood_test_balanced_conf": [0.5320790266525001, 0.5348765397537499], "features": ["SEX", "RAC1P", "POBP", "DIS", "ANC", "NATIVITY", "DEAR", "DEYE", "DREM", "ST", "MAR", "DIVISION"]}