{"validation": 0.8159029341066046, "id_test": 0.8127639009004426, "ood_test": 0.7801669462743975, "ood_validation": 0.7899097772049346, "train": 0.813927423380571, "id_test_conf": [0.8100193268907439, 0.815485378397416], "id_test_balanced": 0.5569337606430054, "id_test_balanced_conf": [0.5555756432563066, 0.5582918780297041], "ood_test_conf": [0.7764687355807511, 0.7838318553123578], "ood_test_balanced": 0.559532880783081, "ood_test_balanced_conf": [0.5576380041823722, 0.5614277573837899], "features": ["SEX", "RAC1P", "POBP", "DIS", "ANC", "NATIVITY", "DEAR", "DEYE", "DREM", "ST", "MAR", "DIVISION"]}