{"validation": 0.3663626998359342, "id_test": 0.368558274406064, "ood_test": 0.342935471991489, "ood_validation": 0.3384275455717179, "0": 0.4756195849284707, "1": 0.3728813559322034, "2": 0.3700536092756514, "3": 0.3686311070141624, "4": 0.3840144826902093, "5": 0.3281476760525528, "7": 0.2923913426420678, "8": 0.429482720931619, "9": 0.43648412662875563, "id_test_conf": [0.3651848807892934, 0.37194136881324913], "id_test_balanced": 0.5741556882858276, "id_test_balanced_conf": [0.5723471142910421, 0.5759642622806131], "ood_test_conf": [0.3387264207971028, 0.3471631836935638], "ood_test_balanced": 0.5520764589309692, "ood_test_balanced_conf": [0.5500169259030372, 0.5541359919589013], "features": ["SEX", "RAC1P", "POBP", "DIS", "ANC", "NATIVITY", "DEAR", "DEYE", "DREM", "ST", "MAR", "DIVISION"]}