{"validation": 0.256082516184008, "id_test": 0.25834308388869104, "ood_test": 0.2542043455133189, "ood_validation": 0.24820475050635243, "0": 0.4747128752770502, "1": 0.28642512828487016, "2": 0.2777085151477372, "3": 0.24453197016676442, "4": 0.2793373673246702, "5": 0.25221337469573296, "7": 0.22397331861472877, "8": 0.2867391347548737, "9": 0.24778578784757982, "id_test_conf": [0.25528612108094745, 0.2614178862322272], "id_test_balanced": 0.531421422958374, "id_test_balanced_conf": [0.5302740717492997, 0.5325687741674483], "ood_test_conf": [0.2503487525499083, 0.25808914939146993], "ood_test_balanced": 0.5158553123474121, "ood_test_balanced_conf": [0.5147402844997123, 0.5169703401951119], "features": ["SEX", "RAC1P", "POBP", "DIS", "ANC", "NATIVITY", "DEAR", "DEYE", "DREM", "ST", "MAR", "DIVISION"]}