{"validation": 0.6804405611304005, "id_test": 0.6755227145546115, "ood_test": 0.6447890666557552, "ood_validation": 0.6496041244706315, "train": 0.6784591219965088, "id_test_conf": [0.672237485428091, 0.6787949886012915], "id_test_balanced": 0.6560878753662109, "id_test_balanced_conf": [0.6537452440802007, 0.6584305066522211], "ood_test_conf": [0.6405276265547155, 0.6490333051190811], "ood_test_balanced": 0.6474436521530151, "ood_test_balanced_conf": [0.6444487801520153, 0.6504385241540149], "features": ["SEX", "RAC1P", "POBP", "DIS", "ANC", "NATIVITY", "DEAR", "DEYE", "DREM", "ST", "MAR", "DIVISION"]}