{"validation": 0.6786345657344169, "id_test": 0.6767690898916416, "ood_test": 0.6245959327304718, "ood_validation": 0.63082305284478, "0": 0.48267177110618575, "1": 0.752604571606282, "2": 0.6910110958733325, "3": 0.7035531718763094, "4": 0.7355173097906954, "5": 0.6353326013007655, "7": 0.6237360985520182, "8": 0.671588402456231, "9": 0.7176823534679622, "id_test_conf": [0.6734870939829196, 0.6800380386937486], "id_test_balanced": 0.642248809337616, "id_test_balanced_conf": [0.6398957783356309, 0.644601840339601], "ood_test_conf": [0.620285607414653, 0.6288914559995116], "ood_test_balanced": 0.6309263706207275, "ood_test_balanced_conf": [0.6279021663917228, 0.6339505748497323], "features": ["SEX", "RAC1P", "POBP", "DIS", "ANC", "NATIVITY", "DEAR", "DEYE", "DREM", "ST", "MAR", "DIVISION"]}