{"validation": 0.7046688796469406, "id_test": 0.7025868647301216, "ood_test": 0.654854944965015, "ood_validation": 0.6617565825814767, "0": 0.48992544831754986, "1": 0.7702923340071528, "2": 0.7590200723101858, "3": 0.7069680717338473, "4": 0.7652762622755679, "5": 0.663329007686342, "7": 0.6525665566685848, "8": 0.6942429601955447, "9": 0.7351721667487574, "id_test_conf": [0.6993779355506557, 0.7057808403350396], "id_test_balanced": 0.6422961354255676, "id_test_balanced_conf": [0.6399765996867791, 0.6446156711643561], "ood_test_conf": [0.6506209339975157, 0.6590705580307941], "ood_test_balanced": 0.6268982887268066, "ood_test_balanced_conf": [0.6238826980674639, 0.6299138793861494], "features": ["SEX", "RAC1P", "POBP", "DIS", "ANC", "NATIVITY", "DEAR", "DEYE", "DREM", "ST", "MAR", "DIVISION"]}