{"validation": 0.7360575883602325, "id_test": 0.7322327923894796, "ood_test": 0.6956913130651827, "ood_validation": 0.7039219296630455, "0": 0.4832762442071328, "1": 0.7775618099828954, "2": 0.7541703029547437, "3": 0.7558975111036621, "4": 0.7949608173792283, "5": 0.6944199153811305, "7": 0.6852489049123343, "8": 0.7269330895649927, "9": 0.7770205525455604, "id_test_conf": [0.7291228875326503, 0.7353255539547848], "id_test_balanced": 0.6351901292800903, "id_test_balanced_conf": [0.632940950775519, 0.6374393077846616], "ood_test_conf": [0.6915905198431198, 0.6997688542499436], "ood_test_balanced": 0.6309859752655029, "ood_test_balanced_conf": [0.6280489643197507, 0.6339229862112552], "features": ["SEX", "RAC1P", "POBP", "DIS", "ANC", "NATIVITY", "DEAR", "DEYE", "DREM", "ST", "MAR", "DIVISION"]}