{"validation": 0.6625205082223664, "id_test": 0.6602736938495193, "ood_test": 0.5995744506731044, "ood_validation": 0.6032038298655864, "0": 0.4830747531734838, "1": 0.713535997512051, "2": 0.6803889789303079, "3": 0.6892650632699238, "4": 0.7223985715702808, "5": 0.6240756809054679, "7": 0.601716909562787, "8": 0.6699787365115956, "9": 0.695920834639323, "id_test_conf": [0.6569510256408386, 0.6635845328353128], "id_test_balanced": 0.6433557271957397, "id_test_balanced_conf": [0.6409920630557463, 0.6457193913357332], "ood_test_conf": [0.5952145723219925, 0.6039224999766353], "ood_test_balanced": 0.6302924752235413, "ood_test_balanced_conf": [0.6272859492339193, 0.6332990012131632], "features": ["SEX", "RAC1P", "POBP", "DIS", "ANC", "NATIVITY", "DEAR", "DEYE", "DREM", "ST", "MAR", "DIVISION"]}