{"validation": 0.8177979574446437, "id_test": 0.8141120211629445, "ood_test": 0.7842383076230615, "ood_validation": 0.7913828024304916, "train": 0.8147127745151967, "id_test_conf": [0.8113749787000091, 0.8168258673601533], "id_test_balanced": 0.534885823726654, "id_test_balanced_conf": [0.5338399946736172, 0.5359316527796909], "ood_test_conf": [0.7805645313440718, 0.7878782974698634], "ood_test_balanced": 0.532038152217865, "ood_test_balanced_conf": [0.5306887696753256, 0.5333875347604043], "features": ["SEX", "RAC1P", "POBP", "DIS", "ANC", "NATIVITY", "DEAR", "DEYE", "DREM", "ST", "MAR", "DIVISION"]}