{"validation": 0.8181413509354293, "id_test": 0.814455410286412, "ood_test": 0.7835222390441507, "ood_validation": 0.7930399558092432, "train": 0.8151626821490005, "id_test_conf": [0.8117202948380888, 0.8171673040595492], "id_test_balanced": 0.5404683351516724, "id_test_balanced_conf": [0.5393419480021112, 0.5415947223012335], "ood_test_conf": [0.7798441273115857, 0.7871666496105818], "ood_test_balanced": 0.5412352085113525, "ood_test_balanced_conf": [0.5396834127861075, 0.5427870042365975], "features": ["SEX", "RAC1P", "POBP", "DIS", "ANC", "NATIVITY", "DEAR", "DEYE", "DREM", "ST", "MAR", "DIVISION"]}