{"validation": 0.8176199015605327, "id_test": 0.8140738668158926, "ood_test": 0.7833994844306232, "ood_validation": 0.7928558276560486, "train": 0.8145522067730971, "id_test_conf": [0.8113366104563907, 0.816787929732924], "id_test_balanced": 0.5393417477607727, "id_test_balanced_conf": [0.5382260366459377, 0.5404574588756077], "ood_test_conf": [0.7797206311123476, 0.7870446511996383], "ood_test_balanced": 0.543729305267334, "ood_test_balanced_conf": [0.5421300423843786, 0.5453285681502894], "features": ["SEX", "RAC1P", "POBP", "DIS", "ANC", "NATIVITY", "DEAR", "DEYE", "DREM", "ST", "MAR", "DIVISION"]}