{"validation": 0.81704757907589, "id_test": 0.8133234979905377, "ood_test": 0.7832971889193502, "ood_validation": 0.7921193150432702, "train": 0.8142294815092732, "id_test_conf": [0.8105820437640028, 0.8160418142979521], "id_test_balanced": 0.5319806337356567, "id_test_balanced_conf": [0.5309693678002805, 0.532991899671033], "ood_test_conf": [0.7796177179779329, 0.7869429854921939], "ood_test_balanced": 0.5332058072090149, "ood_test_balanced_conf": [0.5318092211638578, 0.534602393254172], "features": ["SEX", "RAC1P", "POBP", "DIS", "ANC", "NATIVITY", "DEAR", "DEYE", "DREM", "ST", "MAR", "DIVISION"]}