{"validation": 0.816971269411271, "id_test": 0.8136796052296892, "ood_test": 0.7844019804410982, "ood_validation": 0.7913828024304916, "train": 0.8143057909312611, "id_test_conf": [0.8109401411331657, 0.8163959050571924], "id_test_balanced": 0.5395307540893555, "id_test_balanced_conf": [0.5384060708293691, 0.5406554373493418], "ood_test_conf": [0.7807291974129736, 0.7880409575474159], "ood_test_balanced": 0.5420663952827454, "ood_test_balanced_conf": [0.5405164276878349, 0.5436163628776558], "features": ["SEX", "RAC1P", "POBP", "DIS", "ANC", "NATIVITY", "DEAR", "DEYE", "DREM", "ST", "MAR", "DIVISION"]}