{"validation": 0.817073015630763, "id_test": 0.8135015516101134, "ood_test": 0.7816400016367282, "ood_validation": 0.7919351868900755, "train": 0.8147239029725699, "id_test_conf": [0.8107610919798955, 0.816218860146297], "id_test_balanced": 0.5509248971939087, "id_test_balanced_conf": [0.5496455401205458, 0.5522042542672716], "ood_test_conf": [0.7779505712786547, 0.7852959549486908], "ood_test_balanced": 0.5499187707901001, "ood_test_balanced_conf": [0.54818556655664, 0.5516519750235602], "features": ["SEX", "RAC1P", "POBP", "DIS", "ANC", "NATIVITY", "DEAR", "DEYE", "DREM", "ST", "MAR", "DIVISION"]}