{"validation": 0.8158011878871125, "id_test": 0.8113394719438368, "ood_test": 0.7821719382953476, "ood_validation": 0.7849383170686798, "train": 0.8126619587992713, "id_test_conf": [0.8085869981844239, 0.8140689545853745], "id_test_balanced": 0.5330706238746643, "id_test_balanced_conf": [0.5320071910810656, 0.534134056668263], "ood_test_conf": [0.7784856953472671, 0.7858246408601991], "ood_test_balanced": 0.5442789793014526, "ood_test_balanced_conf": [0.5426474145054817, 0.5459105440974236], "features": ["SEX", "RAC1P", "POBP", "DIS", "ANC", "NATIVITY", "DEAR", "DEYE", "DREM", "ST", "MAR", "DIVISION"]}