{"validation": 0.8166533124753583, "id_test": 0.8141374573943124, "ood_test": 0.7828266295674946, "ood_validation": 0.7921193150432702, "train": 0.8145601556712209, "id_test_conf": [0.8114005575530908, 0.8168511590876336], "id_test_balanced": 0.5489253997802734, "id_test_balanced_conf": [0.5476793173258193, 0.5501714822347276], "ood_test_conf": [0.7791443218279226, 0.7864753189692248], "ood_test_balanced": 0.551748514175415, "ood_test_balanced_conf": [0.5500066910102032, 0.5534903373406269], "features": ["SEX", "RAC1P", "POBP", "DIS", "ANC", "NATIVITY", "DEAR", "DEYE", "DREM", "ST", "MAR", "DIVISION"]}