{"validation": 0.8164116652040647, "id_test": 0.813794068270845, "ood_test": 0.7824788248291665, "ood_validation": 0.7954336218007734, "train": 0.8147429803280669, "id_test_conf": [0.8110552446557381, 0.816509719147258], "id_test_balanced": 0.5486368536949158, "id_test_balanced_conf": [0.5473897498194128, 0.5498839575704187], "ood_test_conf": [0.7787944248257305, 0.7861296479083202], "ood_test_balanced": 0.5540983080863953, "ood_test_balanced_conf": [0.5523152345931157, 0.5558813815796748], "features": ["SEX", "RAC1P", "POBP", "DIS", "ANC", "NATIVITY", "DEAR", "DEYE", "DREM", "ST", "MAR", "DIVISION"]}