{"validation": 0.5768374731326389, "id_test": 0.5745535941394923, "ood_test": 0.46536273988297394, "ood_validation": 0.47394586632296076, "0": 0.48811202901470885, "1": 0.6167003576426683, "2": 0.5478119935170178, "3": 0.5061803402329674, "4": 0.5802995734550144, "5": 0.6004484339366203, "7": 0.5375970312261459, "8": 0.5652113431768049, "9": 0.6612367348766399, "id_test_conf": [0.5710887482012584, 0.5780129381333291], "id_test_balanced": 0.46007055044174194, "id_test_balanced_conf": [0.4577835178654641, 0.46235758301801977], "ood_test_conf": [0.46093269723568797, 0.4697968970726362], "ood_test_balanced": 0.44751229882240295, "ood_test_balanced_conf": [0.44440162302460523, 0.4506229746202007], "features": ["SEX", "RAC1P", "POBP", "DIS", "ANC", "NATIVITY", "DEAR", "DEYE", "DREM", "ST", "MAR", "DIVISION"]}