{"validation": 0.8011037020004599, "id_test": 0.7908045977011494, "ood_test": 0.7407093401158683, "ood_validation": 0.7507418397626113, "train": 0.7935394872973905, "id_test_conf": [0.7784094417514704, 0.8028080466581485], "id_test_balanced": 0.7062509655952454, "id_test_balanced_conf": [0.697733945492655, 0.7147679856978357], "ood_test_conf": [0.7347581373972858, 0.7465945708881985], "ood_test_balanced": 0.6963698863983154, "ood_test_balanced_conf": [0.6926088014384731, 0.7001309713581577], "features": ["VCF0004", "VCF0901b", "VCF0218", "VCF0224", "VCF0302", "VCF9201", "VCF9202", "VCF9203", "VCF9206", "VCF0428", "VCF0429", "VCF0822", "VCF0870", "VCF0803", "VCF0601", "VCF0612", "VCF0615", "VCF0616", "VCF0617", "VCF0310", "VCF0743", "VCF0717", "VCF0718", "VCF0720", "VCF0721", "VCF0701", "VCF0675", "VCF0724", "VCF0725", "VCF0726", "VCF0745", "VCF0101", "VCF0104", "VCF0105a", "VCF0115", "VCF0140a", "VCF0112", "VCF0523"]}