{"validation": 0.7325822028052426, "id_test": 0.7296551724137931, "ood_test": 0.6301634402524611, "ood_validation": 0.6265366680796948, "0": 0.7143280632411068, "1": 0.728140703517588, "3": 0.719858851205646, "id_test_conf": [0.7161905411580541, 0.742810784805248], "id_test_balanced": 0.5464280247688293, "id_test_balanced_conf": [0.541966904848814, 0.5508891446888446], "ood_test_conf": [0.6236286878448959, 0.6366625356432895], "ood_test_balanced": 0.5446091294288635, "ood_test_balanced_conf": [0.5426383113767952, 0.5465799474809319], "features": ["VCF0004", "VCF0901b", "VCF0218", "VCF0224", "VCF0302", "VCF9201", "VCF9202", "VCF9203", "VCF9206", "VCF0428", "VCF0429", "VCF0822", "VCF0870", "VCF0803", "VCF0601", "VCF0612", "VCF0615", "VCF0616", "VCF0617", "VCF0310", "VCF0743", "VCF0717", "VCF0718", "VCF0720", "VCF0721", "VCF0701", "VCF0675", "VCF0724", "VCF0725", "VCF0726", "VCF0745", "VCF0101", "VCF0104", "VCF0105a", "VCF0115", "VCF0140a", "VCF0112", "VCF0523"]}