{"validation": 0.7268337548861807, "id_test": 0.716551724137931, "ood_test": 0.6793368188026941, "ood_validation": 0.6735905044510386, "0": 0.733399209486166, "1": 0.7118449389806174, "3": 0.7312291707508332, "id_test_conf": [0.7029018762408422, 0.7299102326687935], "id_test_balanced": 0.6593023538589478, "id_test_balanced_conf": [0.649792146962136, 0.6688125607557595], "ood_test_conf": [0.6730109078228921, 0.6856135941450439], "ood_test_balanced": 0.6509690284729004, "ood_test_balanced_conf": [0.6466660030372441, 0.6552720539085567], "features": ["VCF0004", "VCF0901b", "VCF0218", "VCF0224", "VCF0302", "VCF9201", "VCF9202", "VCF9203", "VCF9206", "VCF0428", "VCF0429", "VCF0822", "VCF0870", "VCF0803", "VCF0601", "VCF0612", "VCF0615", "VCF0616", "VCF0617", "VCF0310", "VCF0743", "VCF0717", "VCF0718", "VCF0720", "VCF0721", "VCF0701", "VCF0675", "VCF0724", "VCF0725", "VCF0726", "VCF0745", "VCF0101", "VCF0104", "VCF0105a", "VCF0115", "VCF0140a", "VCF0112", "VCF0523"]}