{"validation": 0.7753506553230628, "id_test": 0.7717241379310344, "ood_test": 0.6714709622721492, "ood_validation": 0.6727426875794829, "train": 0.7629037820439131, "id_test_conf": [0.7589562134444037, 0.7841261959815702], "id_test_balanced": 0.6193760633468628, "id_test_balanced_conf": [0.6128801371622831, 0.6258719895314425], "ood_test_conf": [0.6651064963989926, 0.6777884490904191], "ood_test_balanced": 0.5965718030929565, "ood_test_balanced_conf": [0.5938233350869269, 0.5993202710989862], "features": ["VCF0004", "VCF0901b", "VCF0218", "VCF0224", "VCF0302", "VCF9201", "VCF9202", "VCF9203", "VCF9206", "VCF0428", "VCF0429", "VCF0822", "VCF0870", "VCF0803", "VCF0601", "VCF0612", "VCF0615", "VCF0616", "VCF0617", "VCF0310", "VCF0743", "VCF0717", "VCF0718", "VCF0720", "VCF0721", "VCF0701", "VCF0675", "VCF0724", "VCF0725", "VCF0726", "VCF0745", "VCF0101", "VCF0104", "VCF0105a", "VCF0115", "VCF0140a", "VCF0112", "VCF0523"]}