{"validation": 0.7633938836514141, "id_test": 0.7588505747126437, "ood_test": 0.759314210352786, "ood_validation": 0.7685459940652819, "train": 0.765605241981837, "id_test_conf": [0.7458520070564085, 0.7715006882092232], "id_test_balanced": 0.7487802505493164, "id_test_balanced_conf": [0.7396812789700925, 0.7578792221285403], "ood_test_conf": [0.7535049754436244, 0.7650523648423544], "ood_test_balanced": 0.7482465505599976, "ood_test_balanced_conf": [0.7441560806427151, 0.75233702047728], "features": ["VCF0004", "VCF0901b", "VCF0218", "VCF0224", "VCF0302", "VCF9201", "VCF9202", "VCF9203", "VCF9206", "VCF0428", "VCF0429", "VCF0822", "VCF0870", "VCF0803", "VCF0601", "VCF0612", "VCF0615", "VCF0616", "VCF0617", "VCF0310", "VCF0743", "VCF0717", "VCF0718", "VCF0720", "VCF0721", "VCF0701", "VCF0675", "VCF0724", "VCF0725", "VCF0726", "VCF0745", "VCF0101", "VCF0104", "VCF0105a", "VCF0115", "VCF0140a", "VCF0112", "VCF0523"]}