{"validation": 0.7601747528167395, "id_test": 0.7554022988505747, "ood_test": 0.7667561584475531, "ood_validation": 0.7753285290377279, "train": 0.7600011495574204, "id_test_conf": [0.7423446561264543, 0.7681161487505024], "id_test_balanced": 0.7629199028015137, "id_test_balanced_conf": [0.753991510476917, 0.7718482951261103], "ood_test_conf": [0.761007819273766, 0.7724313730115413], "ood_test_balanced": 0.7662436366081238, "ood_test_balanced_conf": [0.7622182086110115, 0.770269064605236], "features": ["VCF0004", "VCF0901b", "VCF0218", "VCF0224", "VCF0302", "VCF9201", "VCF9202", "VCF9203", "VCF9206", "VCF0428", "VCF0429", "VCF0822", "VCF0870", "VCF0803", "VCF0601", "VCF0612", "VCF0615", "VCF0616", "VCF0617", "VCF0310", "VCF0743", "VCF0717", "VCF0718", "VCF0720", "VCF0721", "VCF0701", "VCF0675", "VCF0724", "VCF0725", "VCF0726", "VCF0745", "VCF0101", "VCF0104", "VCF0105a", "VCF0115", "VCF0140a", "VCF0112", "VCF0523"]}