{"validation": 0.7776500344906875, "id_test": 0.7724137931034483, "ood_test": 0.6839527106589421, "ood_validation": 0.6880033912674862, "0": 0.7671936758893281, "1": 0.7711414213926777, "3": 0.7692609292295628, "id_test_conf": [0.7596586853190304, 0.7848021011792314], "id_test_balanced": 0.6209872364997864, "id_test_balanced_conf": [0.6144471554458142, 0.6275273175537586], "ood_test_conf": [0.677650374867415, 0.6902046451643249], "ood_test_balanced": 0.6124222874641418, "ood_test_balanced_conf": [0.6095059963176027, 0.615338578610681], "features": ["VCF0004", "VCF0901b", "VCF0218", "VCF0224", "VCF0302", "VCF9201", "VCF9202", "VCF9203", "VCF9206", "VCF0428", "VCF0429", "VCF0822", "VCF0870", "VCF0803", "VCF0601", "VCF0612", "VCF0615", "VCF0616", "VCF0617", "VCF0310", "VCF0743", "VCF0717", "VCF0718", "VCF0720", "VCF0721", "VCF0701", "VCF0675", "VCF0724", "VCF0725", "VCF0726", "VCF0745", "VCF0101", "VCF0104", "VCF0105a", "VCF0115", "VCF0140a", "VCF0112", "VCF0523"]}