{"validation": 0.7696022074040009, "id_test": 0.7636781609195402, "ood_test": 0.6650652347981725, "ood_validation": 0.6663840610428148, "train": 0.7579319462007127, "id_test_conf": [0.750764195670218, 0.776237144302518], "id_test_balanced": 0.6060343384742737, "id_test_balanced_conf": [0.5997776011936367, 0.6122910757549107], "ood_test_conf": [0.6586708560680734, 0.6714143905691801], "ood_test_balanced": 0.588434100151062, "ood_test_balanced_conf": [0.5857836239924654, 0.5910845763096586], "features": ["VCF0004", "VCF0901b", "VCF0218", "VCF0224", "VCF0302", "VCF9201", "VCF9202", "VCF9203", "VCF9206", "VCF0428", "VCF0429", "VCF0822", "VCF0870", "VCF0803", "VCF0601", "VCF0612", "VCF0615", "VCF0616", "VCF0617", "VCF0310", "VCF0743", "VCF0717", "VCF0718", "VCF0720", "VCF0721", "VCF0701", "VCF0675", "VCF0724", "VCF0725", "VCF0726", "VCF0745", "VCF0101", "VCF0104", "VCF0105a", "VCF0115", "VCF0140a", "VCF0112", "VCF0523"]}