{"validation": 0.7840882961600368, "id_test": 0.7770114942528735, "ood_test": 0.6884272997032641, "ood_validation": 0.6930902924968206, "train": 0.7718703299229797, "id_test_conf": [0.7643430622452116, 0.7893069034220777], "id_test_balanced": 0.6347925066947937, "id_test_balanced_conf": [0.6278337399847805, 0.6417512734048069], "ood_test_conf": [0.6821484977543504, 0.6946544733802457], "ood_test_balanced": 0.6195447444915771, "ood_test_balanced_conf": [0.6164955285098404, 0.622593960473314], "features": ["VCF0004", "VCF0901b", "VCF0218", "VCF0224", "VCF0302", "VCF9201", "VCF9202", "VCF9203", "VCF9206", "VCF0428", "VCF0429", "VCF0822", "VCF0870", "VCF0803", "VCF0601", "VCF0612", "VCF0615", "VCF0616", "VCF0617", "VCF0310", "VCF0743", "VCF0717", "VCF0718", "VCF0720", "VCF0721", "VCF0701", "VCF0675", "VCF0724", "VCF0725", "VCF0726", "VCF0745", "VCF0101", "VCF0104", "VCF0105a", "VCF0115", "VCF0140a", "VCF0112", "VCF0523"]}