{"validation": 0.782248792825937, "id_test": 0.7774712643678161, "ood_test": 0.6894164193867458, "ood_validation": 0.6943620178041543, "train": 0.7728761926658236, "id_test_conf": [0.7648116187630914, 0.7897572646927286], "id_test_balanced": 0.6346709132194519, "id_test_balanced_conf": [0.6277429285552353, 0.6415988978836685], "ood_test_conf": [0.6831429108319934, 0.6956380284299519], "ood_test_balanced": 0.6208011507987976, "ood_test_balanced_conf": [0.617741157016717, 0.6238611445808783], "features": ["VCF0004", "VCF0901b", "VCF0218", "VCF0224", "VCF0302", "VCF9201", "VCF9202", "VCF9203", "VCF9206", "VCF0428", "VCF0429", "VCF0822", "VCF0870", "VCF0803", "VCF0601", "VCF0612", "VCF0615", "VCF0616", "VCF0617", "VCF0310", "VCF0743", "VCF0717", "VCF0718", "VCF0720", "VCF0721", "VCF0701", "VCF0675", "VCF0724", "VCF0725", "VCF0726", "VCF0745", "VCF0101", "VCF0104", "VCF0105a", "VCF0115", "VCF0140a", "VCF0112", "VCF0523"]}