{"validation": 0.8321453207633939, "id_test": 0.8324137931034483, "ood_test": 0.7967594555131647, "ood_validation": 0.8071216617210683, "train": 0.8260719622945166, "id_test_conf": [0.8209773674470149, 0.8434019742868883], "id_test_balanced": 0.7719219923019409, "id_test_balanced_conf": [0.7636768935807049, 0.7801670910231769], "ood_test_conf": [0.7912825203860148, 0.8021550188440357], "ood_test_balanced": 0.7679855227470398, "ood_test_balanced_conf": [0.7642409443529323, 0.7717301011411473], "features": ["VCF0004", "VCF0901b", "VCF0218", "VCF0224", "VCF0302", "VCF9201", "VCF9202", "VCF9203", "VCF9206", "VCF0428", "VCF0429", "VCF0822", "VCF0870", "VCF0803", "VCF0601", "VCF0612", "VCF0615", "VCF0616", "VCF0617", "VCF0310", "VCF0743", "VCF0717", "VCF0718", "VCF0720", "VCF0721", "VCF0701", "VCF0675", "VCF0724", "VCF0725", "VCF0726", "VCF0745", "VCF0101", "VCF0104", "VCF0105a", "VCF0115", "VCF0140a", "VCF0112", "VCF0523"]}