{"validation": 0.8234076799264198, "id_test": 0.8232183908045977, "ood_test": 0.7706184353068626, "ood_validation": 0.7821110640101738, "train": 0.8191746177721577, "id_test_conf": [0.8115510895059224, 0.8344499694181859], "id_test_balanced": 0.7272723913192749, "id_test_balanced_conf": [0.7193331635370851, 0.7352116191014647], "ood_test_conf": [0.764902665617532, 0.7762600192766431], "ood_test_balanced": 0.7257526516914368, "ood_test_balanced_conf": [0.7221603513974696, 0.7293449519854039], "features": ["VCF0004", "VCF0901b", "VCF0218", "VCF0224", "VCF0302", "VCF9201", "VCF9202", "VCF9203", "VCF9206", "VCF0428", "VCF0429", "VCF0822", "VCF0870", "VCF0803", "VCF0601", "VCF0612", "VCF0615", "VCF0616", "VCF0617", "VCF0310", "VCF0743", "VCF0717", "VCF0718", "VCF0720", "VCF0721", "VCF0701", "VCF0675", "VCF0724", "VCF0725", "VCF0726", "VCF0745", "VCF0101", "VCF0104", "VCF0105a", "VCF0115", "VCF0140a", "VCF0112", "VCF0523"]}