{"validation": 0.7049896527937457, "id_test": 0.705287356321839, "ood_test": 0.6005840516226273, "ood_validation": 0.5947435353963544, "0": 0.6865612648221344, "1": 0.7050251256281407, "3": 0.6918251323269947, "id_test_conf": [0.6914894409867123, 0.7188091222938429], "id_test_balanced": 0.5125170946121216, "id_test_balanced_conf": [0.5091682897787542, 0.515865899445489], "ood_test_conf": [0.5939589607540801, 0.6071815903458858], "ood_test_balanced": 0.5127168893814087, "ood_test_balanced_conf": [0.510975392847322, 0.5144583859154954], "features": ["VCF0004", "VCF0901b", "VCF0218", "VCF0224", "VCF0302", "VCF9201", "VCF9202", "VCF9203", "VCF9206", "VCF0428", "VCF0429", "VCF0822", "VCF0870", "VCF0803", "VCF0601", "VCF0612", "VCF0615", "VCF0616", "VCF0617", "VCF0310", "VCF0743", "VCF0717", "VCF0718", "VCF0720", "VCF0721", "VCF0701", "VCF0675", "VCF0724", "VCF0725", "VCF0726", "VCF0745", "VCF0101", "VCF0104", "VCF0105a", "VCF0115", "VCF0140a", "VCF0112", "VCF0523"]}