{"validation": 0.7770881882499536, "id_test": 0.7762120044250792, "ood_test": 0.3688427477481333, "ood_validation": 0.3654100092433646, "train": 0.7760952951251907, "id_test_conf": [0.7750550737340849, 0.7773657386870135], "id_test_balanced": 0.5, "id_test_balanced_conf": [0.5, 0.5], "ood_test_conf": [0.3677969351468626, 0.36988948934730576], "ood_test_balanced": 0.5019339323043823, "ood_test_balanced_conf": [0.5017694082038361, 0.5020984564049286], "features": ["AGEP", "SEX", "RAC1P", "DIS", "DEAR", "DEYE", "DREM", "ANC", "NATIVITY"]}