{"validation": 0.5822764841317861, "id_test": 0.5824190965330224, "ood_test": 0.5554588281612027, "ood_validation": 0.5556692636119548, "train": 0.5816483199122171, "id_test_conf": [0.5810517467209835, 0.5837854927295574], "id_test_balanced": 0.5918999910354614, "id_test_balanced_conf": [0.5909380260924809, 0.5928619559784419], "ood_test_conf": [0.5543810955980355, 0.5565361679136356], "ood_test_balanced": 0.5429180860519409, "ood_test_balanced_conf": [0.5421579337946605, 0.5436782383092214], "features": ["AGEP", "SEX", "RAC1P", "DIS", "DEAR", "DEYE", "DREM", "ANC", "NATIVITY"]}