{"validation": 0.5677551664300363, "id_test": 0.567113035212927, "ood_test": 0.5538644563913645, "ood_validation": 0.5542387429024165, "train": 0.5670743381152794, "id_test_conf": [0.5657393621023395, 0.5684859318075859], "id_test_balanced": 0.581027626991272, "id_test_balanced_conf": [0.5800625963020138, 0.5819926576805301], "ood_test_conf": [0.5527863494458858, 0.5549421818190193], "ood_test_balanced": 0.537020206451416, "ood_test_balanced_conf": [0.536261958249379, 0.5377784546534531], "features": ["AGEP", "SEX", "RAC1P", "DIS", "DEAR", "DEYE", "DREM", "ANC", "NATIVITY"]}