{"validation": 0.7770881882499536, "id_test": 0.7762120044250792, "ood_test": 0.36725815740019585, "ood_validation": 0.3640014965447423, "train": 0.7760952951251907, "id_test_conf": [0.7750550737340849, 0.7773657386870135], "id_test_balanced": 0.5, "id_test_balanced_conf": [0.5, 0.5], "ood_test_conf": [0.3662132899903422, 0.36830396503240065], "ood_test_balanced": 0.501166045665741, "ood_test_balanced_conf": [0.5010239916018326, 0.5013080997296493], "features": ["AGEP", "SEX", "RAC1P", "DIS", "DEAR", "DEYE", "DREM", "ANC", "NATIVITY"]}