{"id_test": 0.6526040151294734, "id_test_conf": [0.6469419804342689, 0.6582337869215994], "id_test_balanced": 0.6118618845939636, "id_test_balanced_conf": [0.6081596119469032, 0.6155641572410241], "ood_test": 0.5847413524580823, "ood_test_conf": [0.5834089125895644, 0.5860728597713657], "ood_test_balanced": 0.6155794262886047, "ood_test_balanced_conf": [0.6147191543469671, 0.6164396982302424], "validation": 0.6589198036006547, "validation_conf": [0.6532814698074738, 0.6645245373842465], "validation_balanced": 0.6188094019889832, "validation_balanced_conf": [0.6151056952681393, 0.622513108709827], "features": ["AGEG5YR", "SMOKE100", "DIABETES", "SEX", "BMI5CAT", "IYEAR"]}