{"id_test": 0.6530404422461449, "id_test_conf": [0.6473800171574636, 0.6586685121236341], "id_test_balanced": 0.6122254133224487, "id_test_balanced_conf": [0.6085253046778962, 0.6159255219670012], "ood_test": 0.584830619857628, "ood_test_conf": [0.5834982209862491, 0.5861620851913774], "ood_test_balanced": 0.615709662437439, "ood_test_balanced_conf": [0.6148496447387152, 0.6165696801361628], "validation": 0.658992544098927, "validation_conf": [0.653354490883258, 0.664596981918279], "validation_balanced": 0.6187781095504761, "validation_balanced_conf": [0.6150762690650299, 0.6224799500359223], "features": ["AGEG5YR", "SMOKE100", "DIABETES", "SEX", "BMI5CAT", "IYEAR"]}