{"id_test": 0.6524221704975269, "id_test_conf": [0.6467594666718265, 0.65805264988175], "id_test_balanced": 0.6118775606155396, "id_test_balanced_conf": [0.6081715557258576, 0.6155835655052215], "ood_test": 0.5857384883040714, "ood_test_conf": [0.5844065089378001, 0.5870695241415904], "ood_test_balanced": 0.6162077188491821, "ood_test_balanced_conf": [0.6153460535057821, 0.6170693841925822], "validation": 0.6592835060920167, "validation_conf": [0.6536465766541475, 0.6648867585865377], "validation_balanced": 0.6193108558654785, "validation_balanced_conf": [0.6156057182652875, 0.6230159934656695], "features": ["AGEG5YR", "SMOKE100", "DIABETES", "SEX", "BMI5CAT", "IYEAR"]}