{"id_test": 0.6527494908350305, "id_test_conf": [0.6470879920958608, 0.6583786959017954], "id_test_balanced": 0.6122262477874756, "id_test_balanced_conf": [0.6085205744346603, 0.6159319211402908], "ood_test": 0.5859037279585495, "ood_test_conf": [0.5845718254464777, 0.5872346851233996], "ood_test_balanced": 0.6162528395652771, "ood_test_balanced_conf": [0.6153906471398659, 0.6171150319906883], "validation": 0.658992544098927, "validation_conf": [0.653354490883258, 0.664596981918279], "validation_balanced": 0.6191146969795227, "validation_balanced_conf": [0.61540736685507, 0.6228220271039754], "features": ["AGEG5YR", "SMOKE100", "DIABETES", "SEX", "BMI5CAT", "IYEAR"]}