{"validation": 0.627641389343517, "id_test": 0.6263092813500145, "ood_test": 0.4852195978028824, "ood_validation": 0.48715406574246595, "train": 0.6251261581545904, "id_test_conf": [0.6205597301473527, 0.6320321305666743], "id_test_balanced": 0.5395175814628601, "id_test_balanced_conf": [0.5374511274602264, 0.5415840354654938], "ood_test_conf": [0.4838687574366198, 0.48657060082123177], "ood_test_balanced": 0.551954448223114, "ood_test_balanced_conf": [0.5513843273988459, 0.5525245690473821], "features": ["AGEG5YR", "SMOKE100", "DIABETES", "SEX", "BMI5CAT", "IYEAR"]}