{"validation": 0.39843607928714314, "id_test": 0.39962176316555137, "ood_test": 0.5778069848891185, "ood_validation": 0.5764004034119075, "train": 0.40147843718460463, "id_test_conf": [0.3938248151355319, 0.40543993022142655], "id_test_balanced": 0.4989820718765259, "id_test_balanced_conf": [0.4984207443660125, 0.49954339938703923], "ood_test_conf": [0.5764714974425413, 0.579141616093142], "ood_test_balanced": 0.49633362889289856, "ood_test_balanced_conf": [0.4961061396694276, 0.4965611181163695], "features": ["AGEG5YR", "SMOKE100", "DIABETES", "SEX", "BMI5CAT", "IYEAR"]}