{"validation": 0.6549918166939444, "id_test": 0.6496945010183299, "ood_test": 0.5670455149779301, "ood_validation": 0.5685201962359617, "train": 0.6498622489339068, "id_test_conf": [0.6440218686196821, 0.6553354858916536], "id_test_balanced": 0.5997725129127502, "id_test_balanced_conf": [0.5962455007387325, 0.603299525086768], "ood_test_conf": [0.5657058310354155, 0.5683844611068516], "ood_test_balanced": 0.6047084331512451, "ood_test_balanced_conf": [0.6038788443990052, 0.605538021903485], "features": ["AGEG5YR", "SMOKE100", "DIABETES", "SEX", "BMI5CAT", "IYEAR"]}