{"validation": 0.5900715745650091, "id_test": 0.5929331020438947, "ood_test": 0.6253212405765868, "ood_validation": 0.6228208581874158, "train": 0.5922088182277564, "id_test_conf": [0.5902829144168102, 0.5955792247699243], "id_test_balanced": 0.590042769908905, "id_test_balanced_conf": [0.5881708672386594, 0.5919146725791506], "ood_test_conf": [0.6233557706533013, 0.6272836040114314], "ood_test_balanced": 0.6061660051345825, "ood_test_balanced_conf": [0.6047682587103919, 0.6075637515587732], "features": ["SMOKE100", "EDUCA", "MARITAL", "PRACE1", "IYEAR"]}