{"validation": 0.8716786460415268, "id_test": 0.8721019684742439, "ood_test": 0.8232310922393408, "ood_validation": 0.8239368866653839, "train": 0.8714693526612314, "id_test_conf": [0.8702923949515723, 0.8738952517736557], "id_test_balanced": 0.49951234459877014, "id_test_balanced_conf": [0.4993906467958004, 0.49963404240173986], "ood_test_conf": [0.8216788610874364, 0.8247753079656851], "ood_test_balanced": 0.4990045726299286, "ood_test_balanced_conf": [0.49886891764967006, 0.4991402276101871], "features": ["SMOKE100", "EDUCA", "MARITAL", "PRACE1", "IYEAR"]}