{"validation": 0.8744985720653053, "id_test": 0.8727157171863908, "ood_test": 0.8257241791044776, "ood_validation": 0.828576341127923, "train": 0.8752121531650415, "id_test_conf": [0.8708259314413802, 0.8745876432616198], "id_test_balanced": 0.5002440214157104, "id_test_balanced_conf": [0.5001639366876043, 0.5003241061438166], "ood_test_conf": [0.8240924036445004, 0.827346931744845], "ood_test_balanced": 0.5002104640007019, "ood_test_balanced_conf": [0.5001464032573858, 0.500274524744018], "features": ["IYEAR", "MEDCOST", "PRACE1", "SEX", "PHYSHLTH", "BMI5", "BMI5CAT", "SMOKE100", "SMOKDAY2", "FRUIT_ONCE_PER_DAY", "VEG_ONCE_PER_DAY", "DRNK_PER_WEEK", "RFBING5", "TOTINDA", "INCOME", "MARITAL", "CHECKUP1", "EDUCA", "MENTHLTH", "CVDSTRK3"]}