{"validation": 0.8745398418541691, "id_test": 0.8727734948908001, "ood_test": 0.8257337313432835, "ood_validation": 0.828619325997249, "train": 0.8752441373504094, "id_test_conf": [0.8708840716357125, 0.8746450556974756], "id_test_balanced": 0.5002493858337402, "id_test_balanced_conf": [0.5001765814900864, 0.5003221901773941], "ood_test_conf": [0.8241019908833623, 0.8273564487186099], "ood_test_balanced": 0.5001729726791382, "ood_test_balanced_conf": [0.5001143018627772, 0.5002316434954992], "features": ["IYEAR", "MEDCOST", "PRACE1", "SEX", "PHYSHLTH", "BMI5", "BMI5CAT", "SMOKE100", "SMOKDAY2", "FRUIT_ONCE_PER_DAY", "VEG_ONCE_PER_DAY", "DRNK_PER_WEEK", "RFBING5", "TOTINDA", "INCOME", "MARITAL", "CHECKUP1", "EDUCA", "MENTHLTH", "CVDSTRK3"]}