{"id_test": 0.8736979381613483, "id_test_conf": [0.8718143320667848, 0.8755636373479844], "id_test_balanced": 0.5240549445152283, "id_test_balanced_conf": [0.5233712484699208, 0.5247386405605358], "ood_test": 0.8278877611940298, "ood_test_conf": [0.826263959181851, 0.8295024803662603], "ood_test_balanced": 0.5230469703674316, "ood_test_balanced_conf": [0.5225170748564415, 0.5235768658784218], "validation": 0.8762896809019926, "validation_conf": [0.8744225596038546, 0.8781387706319853], "validation_balanced": 0.5275472402572632, "validation_balanced_conf": [0.5268297011544928, 0.5282647793600336], "features": ["IYEAR", "MEDCOST", "PRACE1", "SEX", "PHYSHLTH", "BMI5", "BMI5CAT", "SMOKE100", "SMOKDAY2", "FRUIT_ONCE_PER_DAY", "VEG_ONCE_PER_DAY", "DRNK_PER_WEEK", "RFBING5", "TOTINDA", "INCOME", "MARITAL", "CHECKUP1", "EDUCA", "MENTHLTH", "CVDSTRK3"]}