{"id_test": 0.8739868266833947, "id_test_conf": [0.8721050451669381, 0.8758506873977658], "id_test_balanced": 0.5243035554885864, "id_test_balanced_conf": [0.5236205864627845, 0.5249865245143883], "ood_test": 0.8280214925373134, "ood_test_conf": [0.8263981864091541, 0.8296357121155599], "ood_test_balanced": 0.5228899717330933, "ood_test_balanced_conf": [0.52236364121316, 0.5234163022530265], "validation": 0.8763969823530383, "validation_conf": [0.8745305492085362, 0.8782453787678214], "validation_balanced": 0.5274959206581116, "validation_balanced_conf": [0.5267805327801034, 0.5282113085361198], "features": ["IYEAR", "MEDCOST", "PRACE1", "SEX", "PHYSHLTH", "BMI5", "BMI5CAT", "SMOKE100", "SMOKDAY2", "FRUIT_ONCE_PER_DAY", "VEG_ONCE_PER_DAY", "DRNK_PER_WEEK", "RFBING5", "TOTINDA", "INCOME", "MARITAL", "CHECKUP1", "EDUCA", "MENTHLTH", "CVDSTRK3"]}