{"validation": 0.6314360235733034, "id_test": 0.6326411014081252, "ood_test": 0.6021540298507463, "ood_validation": 0.6016592159559835, "train": 0.6320869474603009, "id_test_conf": [0.6299192420223069, 0.6353566106382165], "id_test_balanced": 0.6986026763916016, "id_test_balanced_conf": [0.6968098820000886, 0.7003954707831145], "ood_test_conf": [0.6000537293045918, 0.6042515018863074], "ood_test_balanced": 0.673421323299408, "ood_test_balanced_conf": [0.6720400749985128, 0.6748025716003031], "features": ["IYEAR", "MEDCOST", "PRACE1", "SEX", "PHYSHLTH", "BMI5", "BMI5CAT", "SMOKE100", "SMOKDAY2", "FRUIT_ONCE_PER_DAY", "VEG_ONCE_PER_DAY", "DRNK_PER_WEEK", "RFBING5", "TOTINDA", "INCOME", "MARITAL", "CHECKUP1", "EDUCA", "MENTHLTH", "CVDSTRK3"]}