{"validation": 0.6993165722964161, "id_test": 0.6997045083117355, "ood_test": 0.6528477611940299, "ood_validation": 0.6534989683631361, "train": 0.7007250092599375, "id_test_conf": [0.6971144873025126, 0.7022849675296432], "id_test_balanced": 0.6780843138694763, "id_test_balanced_conf": [0.6762275916174986, 0.6799410361214541], "ood_test_conf": [0.6508041066342845, 0.6548871834210657], "ood_test_balanced": 0.6603803038597107, "ood_test_balanced_conf": [0.6589463251107373, 0.6618142826086841], "features": ["IYEAR", "MEDCOST", "PRACE1", "SEX", "PHYSHLTH", "BMI5", "BMI5CAT", "SMOKE100", "SMOKDAY2", "FRUIT_ONCE_PER_DAY", "VEG_ONCE_PER_DAY", "DRNK_PER_WEEK", "RFBING5", "TOTINDA", "INCOME", "MARITAL", "CHECKUP1", "EDUCA", "MENTHLTH", "CVDSTRK3"]}