{"validation": 0.7167159152813775, "id_test": 0.7165590900836951, "ood_test": 0.6791546268656716, "ood_validation": 0.6813101788170564, "train": 0.7173000395159451, "id_test_conf": [0.7140121230159601, 0.7190956879924888], "id_test_balanced": 0.6976600885391235, "id_test_balanced_conf": [0.6958341786800883, 0.6994859983981587], "ood_test_conf": [0.6771502851733247, 0.6811540076393755], "ood_test_balanced": 0.6769465208053589, "ood_test_balanced_conf": [0.6755301347305067, 0.6783629068802111], "features": ["IYEAR", "MEDCOST", "PRACE1", "SEX", "PHYSHLTH", "BMI5", "BMI5CAT", "SMOKE100", "SMOKDAY2", "FRUIT_ONCE_PER_DAY", "VEG_ONCE_PER_DAY", "DRNK_PER_WEEK", "RFBING5", "TOTINDA", "INCOME", "MARITAL", "CHECKUP1", "EDUCA", "MENTHLTH", "CVDSTRK3"]}