{"validation": 0.6558099608762401, "id_test": 0.6558182148340129, "ood_test": 0.625284776119403, "ood_validation": 0.6277510316368639, "train": 0.6565166745939298, "id_test_conf": [0.6531351299582772, 0.6584938397357076], "id_test_balanced": 0.7022930383682251, "id_test_balanced_conf": [0.7004893890535459, 0.7040966876829043], "ood_test_conf": [0.6232073024620353, 0.6273587807478858], "ood_test_balanced": 0.6785019636154175, "ood_test_balanced_conf": [0.6771091276104562, 0.6798947996203788], "features": ["IYEAR", "MEDCOST", "PRACE1", "SEX", "PHYSHLTH", "BMI5", "BMI5CAT", "SMOKE100", "SMOKDAY2", "FRUIT_ONCE_PER_DAY", "VEG_ONCE_PER_DAY", "DRNK_PER_WEEK", "RFBING5", "TOTINDA", "INCOME", "MARITAL", "CHECKUP1", "EDUCA", "MENTHLTH", "CVDSTRK3"]}