{"validation": 0.8763887283952655, "id_test": 0.8736731762880301, "ood_test": 0.8276537313432836, "ood_validation": 0.829693947730399, "train": 0.8765420762275995, "id_test_conf": [0.8717894139503065, 0.8755390329087408], "id_test_balanced": 0.5185819864273071, "id_test_balanced_conf": [0.5179806335980538, 0.5191833392565605], "ood_test_conf": [0.8260290623906008, 0.8292693239484291], "ood_test_balanced": 0.5167393684387207, "ood_test_balanced_conf": [0.5162896044529043, 0.5171891324245371], "features": ["IYEAR", "MEDCOST", "PRACE1", "SEX", "PHYSHLTH", "BMI5", "BMI5CAT", "SMOKE100", "SMOKDAY2", "FRUIT_ONCE_PER_DAY", "VEG_ONCE_PER_DAY", "DRNK_PER_WEEK", "RFBING5", "TOTINDA", "INCOME", "MARITAL", "CHECKUP1", "EDUCA", "MENTHLTH", "CVDSTRK3"]}