{"validation": 0.8764299981841293, "id_test": 0.8737804777390759, "ood_test": 0.8276967164179104, "ood_validation": 0.8293070839064649, "train": 0.8765183460255522, "id_test_conf": [0.8718973926251214, 0.8756456519753706], "id_test_balanced": 0.5231046676635742, "id_test_balanced_conf": [0.5224356980843003, 0.5237736372428481], "ood_test_conf": [0.8260722066175332, 0.8293121486782693], "ood_test_balanced": 0.5216332077980042, "ood_test_balanced_conf": [0.5211182030953933, 0.522148212500615], "features": ["IYEAR", "MEDCOST", "PRACE1", "SEX", "PHYSHLTH", "BMI5", "BMI5CAT", "SMOKE100", "SMOKDAY2", "FRUIT_ONCE_PER_DAY", "VEG_ONCE_PER_DAY", "DRNK_PER_WEEK", "RFBING5", "TOTINDA", "INCOME", "MARITAL", "CHECKUP1", "EDUCA", "MENTHLTH", "CVDSTRK3"]}