{"validation": 0.87514238077158, "id_test": 0.872979843835119, "ood_test": 0.8264835820895522, "ood_validation": 0.829049174690509, "train": 0.8758085034599666, "id_test_conf": [0.8710917162241101, 0.8748500990739514], "id_test_balanced": 0.5039975643157959, "id_test_balanced_conf": [0.5037147978512803, 0.5042803307803115], "ood_test_conf": [0.8248545947287199, 0.8281035255643772], "ood_test_balanced": 0.5040993690490723, "ood_test_balanced_conf": [0.5038808312069158, 0.5043179068912287], "features": ["IYEAR", "MEDCOST", "PRACE1", "SEX", "PHYSHLTH", "BMI5", "BMI5CAT", "SMOKE100", "SMOKDAY2", "FRUIT_ONCE_PER_DAY", "VEG_ONCE_PER_DAY", "DRNK_PER_WEEK", "RFBING5", "TOTINDA", "INCOME", "MARITAL", "CHECKUP1", "EDUCA", "MENTHLTH", "CVDSTRK3"]}