{"validation": 0.8757366657312181, "id_test": 0.8732934942304835, "ood_test": 0.826894328358209, "ood_validation": 0.8294360385144429, "train": 0.8761954089281274, "id_test_conf": [0.8714073391083574, 0.8751617618960544], "id_test_balanced": 0.5090817809104919, "id_test_balanced_conf": [0.5086590872349916, 0.5095044745859922], "ood_test_conf": [0.8252668537605151, 0.8285127476753378], "ood_test_balanced": 0.5082530975341797, "ood_test_balanced_conf": [0.5079382490593707, 0.5085679460089887], "features": ["IYEAR", "MEDCOST", "PRACE1", "SEX", "PHYSHLTH", "BMI5", "BMI5CAT", "SMOKE100", "SMOKDAY2", "FRUIT_ONCE_PER_DAY", "VEG_ONCE_PER_DAY", "DRNK_PER_WEEK", "RFBING5", "TOTINDA", "INCOME", "MARITAL", "CHECKUP1", "EDUCA", "MENTHLTH", "CVDSTRK3"]}