{"id_test": 0.8738382554434851, "id_test_conf": [0.8719555351717311, 0.8757030620587539], "id_test_balanced": 0.5269339680671692, "id_test_balanced_conf": [0.526213187352987, 0.5276547487813513], "ood_test": 0.8279880597014926, "ood_test_conf": [0.8263646295689313, 0.8296024042116308], "ood_test_balanced": 0.5222423076629639, "ood_test_balanced_conf": [0.5217234772804659, 0.5227611380454619], "validation": 0.8766446010862209, "validation_conf": [0.8747797577243059, 0.8784913958069439], "validation_balanced": 0.5303419232368469, "validation_balanced_conf": [0.5295934487553313, 0.5310903977183625], "features": ["IYEAR", "MEDCOST", "PRACE1", "SEX", "PHYSHLTH", "BMI5", "BMI5CAT", "SMOKE100", "SMOKDAY2", "FRUIT_ONCE_PER_DAY", "VEG_ONCE_PER_DAY", "DRNK_PER_WEEK", "RFBING5", "TOTINDA", "INCOME", "MARITAL", "CHECKUP1", "EDUCA", "MENTHLTH", "HEALTH_COV"]}