{"validation": 0.12552618980801294, "id_test": 0.1272760288558364, "ood_test": 0.17425194029850746, "ood_validation": 0.17133768913342504, "0": 0.12477752935580755, "id_test_conf": [0.12540415495405785, 0.12916576282434528], "id_test_balanced": 0.5000283718109131, "id_test_balanced_conf": [0.5000071637549263, 0.5000495798668999], "ood_test_conf": [0.17262927582409704, 0.1758836282549874], "ood_test_balanced": 0.5000346899032593, "ood_test_balanced_conf": [0.5000168481326182, 0.5000525316739004], "features": ["IYEAR", "MEDCOST", "PRACE1", "SEX", "PHYSHLTH", "BMI5", "BMI5CAT", "SMOKE100", "SMOKDAY2", "FRUIT_ONCE_PER_DAY", "VEG_ONCE_PER_DAY", "DRNK_PER_WEEK", "RFBING5", "TOTINDA", "INCOME", "MARITAL", "CHECKUP1", "EDUCA", "MENTHLTH", "HEALTH_COV"]}