{"validation": 0.8759099988444459, "id_test": 0.8735411129636661, "ood_test": 0.8274149253731343, "ood_validation": 0.8300378266850069, "train": 0.8765864413879486, "id_test_conf": [0.8716565177264919, 0.8754078088353437], "id_test_balanced": 0.5192822217941284, "id_test_balanced_conf": [0.518667369048344, 0.5198970745399129], "ood_test_conf": [0.8257893729094459, 0.8290314081141618], "ood_test_balanced": 0.5157618522644043, "ood_test_balanced_conf": [0.5153229416615795, 0.516200762867229], "features": ["IYEAR", "MEDCOST", "PRACE1", "SEX", "PHYSHLTH", "BMI5", "BMI5CAT", "SMOKE100", "SMOKDAY2", "FRUIT_ONCE_PER_DAY", "VEG_ONCE_PER_DAY", "DRNK_PER_WEEK", "RFBING5", "TOTINDA", "INCOME", "MARITAL", "CHECKUP1", "EDUCA", "MENTHLTH", "HEALTH_COV"]}