{"validation": 0.8763144427753108, "id_test": 0.8737227000346667, "ood_test": 0.8278638805970149, "ood_validation": 0.8297799174690509, "train": 0.8767174733731656, "id_test_conf": [0.8718392502068071, 0.8755882417636813], "id_test_balanced": 0.5271725654602051, "id_test_balanced_conf": [0.5264470829919446, 0.5278980479284655], "ood_test_conf": [0.8262399900715941, 0.8294786889449814], "ood_test_balanced": 0.5218750238418579, "ood_test_balanced_conf": [0.521359154873062, 0.5223908928106539], "features": ["IYEAR", "MEDCOST", "PRACE1", "SEX", "PHYSHLTH", "BMI5", "BMI5CAT", "SMOKE100", "SMOKDAY2", "FRUIT_ONCE_PER_DAY", "VEG_ONCE_PER_DAY", "DRNK_PER_WEEK", "RFBING5", "TOTINDA", "INCOME", "MARITAL", "CHECKUP1", "EDUCA", "MENTHLTH", "HEALTH_COV"]}