{"validation": 0.8755880944913086, "id_test": 0.8733182561038018, "ood_test": 0.8273910447761194, "ood_validation": 0.8295649931224209, "train": 0.8763388218883257, "id_test_conf": [0.8714322568645565, 0.8751863666956066], "id_test_balanced": 0.5140836834907532, "id_test_balanced_conf": [0.5135549726022873, 0.514612394379219], "ood_test_conf": [0.8257654040236015, 0.8290076164684601], "ood_test_balanced": 0.5122641921043396, "ood_test_balanced_conf": [0.5118814408918843, 0.512646943316795], "features": ["IYEAR", "MEDCOST", "PRACE1", "SEX", "PHYSHLTH", "BMI5", "BMI5CAT", "SMOKE100", "SMOKDAY2", "FRUIT_ONCE_PER_DAY", "VEG_ONCE_PER_DAY", "DRNK_PER_WEEK", "RFBING5", "TOTINDA", "INCOME", "MARITAL", "CHECKUP1", "EDUCA", "MENTHLTH", "HEALTH_COV"]}