{"validation": 0.8751341268138072, "id_test": 0.8730871452861647, "ood_test": 0.8268608955223881, "ood_validation": 0.8291781292984869, "train": 0.8760065990596649, "id_test_conf": [0.8711996920513532, 0.8749567209883897], "id_test_balanced": 0.5068853497505188, "id_test_balanced_conf": [0.5065141816501273, 0.5072565178509103], "ood_test_conf": [0.8252332976682211, 0.8284794390234556], "ood_test_balanced": 0.5063073635101318, "ood_test_balanced_conf": [0.5060372162389103, 0.5065775107813534], "features": ["IYEAR", "MEDCOST", "PRACE1", "SEX", "PHYSHLTH", "BMI5", "BMI5CAT", "SMOKE100", "SMOKDAY2", "FRUIT_ONCE_PER_DAY", "VEG_ONCE_PER_DAY", "DRNK_PER_WEEK", "RFBING5", "TOTINDA", "INCOME", "MARITAL", "CHECKUP1", "EDUCA", "MENTHLTH", "HEALTH_COV"]}