{"validation": 0.8753569836736715, "id_test": 0.873144922990574, "ood_test": 0.8270232835820895, "ood_validation": 0.8289632049518569, "train": 0.8761572342552689, "id_test_conf": [0.8712578330633731, 0.8750141326064915], "id_test_balanced": 0.5089412927627563, "id_test_balanced_conf": [0.508518354484695, 0.5093642310408177], "ood_test_conf": [0.8253962846092829, 0.828641223696945], "ood_test_balanced": 0.5075631737709045, "ood_test_balanced_conf": [0.5072666279622353, 0.5078597195795738], "features": ["IYEAR", "MEDCOST", "PRACE1", "SEX", "PHYSHLTH", "BMI5", "BMI5CAT", "SMOKE100", "SMOKDAY2", "FRUIT_ONCE_PER_DAY", "VEG_ONCE_PER_DAY", "DRNK_PER_WEEK", "RFBING5", "TOTINDA", "INCOME", "MARITAL", "CHECKUP1", "EDUCA", "MENTHLTH", "HEALTH_COV"]}