{"validation": 0.6301806588735388, "id_test": 0.648619957537155, "ood_test": 0.617829812283341, "ood_validation": 0.6356680400235433, "train": 0.645465409640154, "id_test_conf": [0.6171751269466172, 0.6791320513126039], "id_test_balanced": 0.6821392774581909, "id_test_balanced_conf": [0.6628577486053109, 0.701420806311071], "ood_test_conf": [0.6100729595667898, 0.6255418065052164], "ood_test_balanced": 0.6370664834976196, "ood_test_balanced_conf": [0.6320672228839248, 0.6420657441113145], "features": ["SEX", "WHTLGSPK", "BORNUSA", "HWELLSPK", "OTHLGSPK", "HIDEG", "EDUCYR", "HISPNCAT", "RACETHX", "RACEWX", "RACEBX", "RACEAX", "RACEV2X", "RACEV1X", "HISPANX", "SICPAY31", "PAYDR31", "REGION31", "AGE31X", "INSCOV19"]}