{"validation": 0.5302869287991498, "id_test": 0.5414012738853503, "ood_test": 0.5143567270586696, "ood_validation": 0.5297233666862861, "train": 0.5413623688753154, "id_test_conf": [0.5089631284049416, 0.5735798263209922], "id_test_balanced": 0.6059660315513611, "id_test_balanced_conf": [0.5909367594122886, 0.6209953036904335], "ood_test_conf": [0.5063996578711711, 0.5223083314030477], "ood_test_balanced": 0.5592429637908936, "ood_test_balanced_conf": [0.556261740247719, 0.5622241873340681], "features": ["SEX", "WHTLGSPK", "BORNUSA", "HWELLSPK", "OTHLGSPK", "HIDEG", "EDUCYR", "HISPNCAT", "RACETHX", "RACEWX", "RACEBX", "RACEAX", "RACEV2X", "RACEV1X", "HISPANX", "SICPAY31", "PAYDR31", "REGION31", "AGE31X", "INSCOV19"]}