{"validation": 0.6057385759829969, "id_test": 0.6231422505307855, "ood_test": 0.5948721302897508, "ood_validation": 0.6121247792819305, "train": 0.6174478820873722, "id_test_conf": [0.5913191250221647, 0.6541927907002267], "id_test_balanced": 0.666101336479187, "id_test_balanced_conf": [0.647717484422028, 0.684485188536346], "ood_test_conf": [0.5870404231819982, 0.6026677210770688], "ood_test_balanced": 0.6247169971466064, "ood_test_balanced_conf": [0.6202793312352151, 0.6291546630579978], "features": ["SEX", "WHTLGSPK", "BORNUSA", "HWELLSPK", "OTHLGSPK", "HIDEG", "EDUCYR", "HISPNCAT", "RACETHX", "RACEWX", "RACEBX", "RACEAX", "RACEV2X", "RACEV1X", "HISPANX", "SICPAY31", "PAYDR31", "REGION31", "AGE31X", "INSCOV19"]}