{"validation": 0.6397449521785334, "id_test": 0.6687898089171974, "ood_test": 0.635031722153182, "ood_validation": 0.6539140670982931, "train": 0.6629929624219891, "id_test_conf": [0.6377115733198473, 0.6988083861176437], "id_test_balanced": 0.6948689818382263, "id_test_balanced_conf": [0.6751268079504371, 0.7146111557260155], "ood_test_conf": [0.6273428570954938, 0.6426691771713189], "ood_test_balanced": 0.6413689851760864, "ood_test_balanced_conf": [0.6360344474669546, 0.6467035228852183], "features": ["SEX", "WHTLGSPK", "BORNUSA", "HWELLSPK", "OTHLGSPK", "HIDEG", "EDUCYR", "HISPNCAT", "RACETHX", "RACEWX", "RACEBX", "RACEAX", "RACEV2X", "RACEV1X", "HISPANX", "SICPAY31", "PAYDR31", "REGION31", "AGE31X", "INSCOV19"]}