{"validation": 0.6482465462274176, "id_test": 0.6656050955414012, "ood_test": 0.5802210739747531, "ood_validation": 0.581518540317834, "train": 0.654627539503386, "id_test_conf": [0.6344649212734259, 0.6957056607594154], "id_test_balanced": 0.6125638484954834, "id_test_balanced_conf": [0.5950199543312192, 0.6301077426597476], "ood_test_conf": [0.5723508573656131, 0.5880607525792539], "ood_test_balanced": 0.5377634763717651, "ood_test_balanced_conf": [0.5343761235894635, 0.5411508291540668], "features": ["SEX", "WHTLGSPK", "BORNUSA", "HWELLSPK", "OTHLGSPK", "HIDEG", "EDUCYR", "HISPNCAT", "RACETHX", "RACEWX", "RACEBX", "RACEAX", "RACEV2X", "RACEV1X", "HISPANX", "SICPAY31", "PAYDR31", "REGION31", "AGE31X", "INSCOV19"]}