{"validation": 0.6599362380446334, "id_test": 0.7112526539278131, "ood_test": 0.6420302178036497, "ood_validation": 0.6586227192466156, "train": 0.6941973177532864, "id_test_conf": [0.6811529659066997, 0.7400249580487565], "id_test_balanced": 0.7233151197433472, "id_test_balanced_conf": [0.7033409074693918, 0.7432893320173025], "ood_test_conf": [0.6343720031528992, 0.6496343566268641], "ood_test_balanced": 0.6410880088806152, "ood_test_balanced_conf": [0.6357123555801809, 0.6464636621810496], "features": ["SEX", "WHTLGSPK", "BORNUSA", "HWELLSPK", "OTHLGSPK", "HIDEG", "EDUCYR", "HISPNCAT", "RACETHX", "RACEWX", "RACEBX", "RACEAX", "RACEV2X", "RACEV1X", "HISPANX", "SICPAY31", "PAYDR31", "REGION31", "AGE31X", "INSCOV19"]}