{"validation": 0.594048884165781, "id_test": 0.618895966029724, "ood_test": 0.57610046438616, "ood_validation": 0.5844614479105356, "train": 0.6101447350949409, "id_test_conf": [0.587018717435196, 0.6500273056088092], "id_test_balanced": 0.6640884280204773, "id_test_balanced_conf": [0.6460054225102067, 0.6821714335307479], "ood_test_conf": [0.5682206964057094, 0.5839512631771471], "ood_test_balanced": 0.6098719835281372, "ood_test_balanced_conf": [0.6057015043869615, 0.614042462669313], "features": ["SEX", "WHTLGSPK", "BORNUSA", "HWELLSPK", "OTHLGSPK", "HIDEG", "EDUCYR", "HISPNCAT", "RACETHX", "RACEWX", "RACEBX", "RACEAX", "RACEV2X", "RACEV1X", "HISPANX", "SICPAY31", "PAYDR31", "REGION31", "AGE31X", "INSCOV19"]}