{"validation": 0.5802337938363443, "id_test": 0.5923566878980892, "ood_test": 0.563019164104912, "ood_validation": 0.5756327251324308, "train": 0.5867746647191608, "id_test_conf": [0.5601973141137749, 0.62393679734617], "id_test_balanced": 0.6439827680587769, "id_test_balanced_conf": [0.626644183062017, 0.6613213530555367], "ood_test_conf": [0.5551127583230369, 0.5709015808478619], "ood_test_balanced": 0.5996851921081543, "ood_test_balanced_conf": [0.5957575020007789, 0.6036128822155297], "features": ["SEX", "WHTLGSPK", "BORNUSA", "HWELLSPK", "OTHLGSPK", "HIDEG", "EDUCYR", "HISPNCAT", "RACETHX", "RACEWX", "RACEBX", "RACEAX", "RACEV2X", "RACEV1X", "HISPANX", "SICPAY31", "PAYDR31", "REGION31", "AGE31X", "INSCOV19"]}