{"validation": 0.6907545164718385, "id_test": 0.7420382165605095, "ood_test": 0.6434691608345869, "ood_validation": 0.6486168334314303, "train": 0.7178329571106095, "id_test_conf": [0.7128388424968819, 0.7697155045710924], "id_test_balanced": 0.7327598929405212, "id_test_balanced_conf": [0.7129128320142627, 0.7526069538667798], "ood_test_conf": [0.6358174656827282, 0.6510662320271143], "ood_test_balanced": 0.6305428147315979, "ood_test_balanced_conf": [0.6253048640023917, 0.6357807654608041], "features": ["SEX", "WHTLGSPK", "BORNUSA", "HWELLSPK", "OTHLGSPK", "HIDEG", "EDUCYR", "HISPNCAT", "RACETHX", "RACEWX", "RACEBX", "RACEAX", "RACEV2X", "RACEV1X", "HISPANX", "SICPAY31", "PAYDR31", "REGION31", "AGE31X", "INSCOV19"]}