{"validation": 0.6981934112646121, "id_test": 0.7399150743099787, "ood_test": 0.6459546078880241, "ood_validation": 0.6456739258387286, "train": 0.7219492763245253, "id_test_conf": [0.7106480607082606, 0.7676734499511462], "id_test_balanced": 0.7317534685134888, "id_test_balanced_conf": [0.7118517498672009, 0.7516551871597766], "ood_test_conf": [0.638314349640103, 0.6535392953819648], "ood_test_balanced": 0.6344172954559326, "ood_test_balanced_conf": [0.6291561604198068, 0.6396784304920584], "features": ["SEX", "WHTLGSPK", "BORNUSA", "HWELLSPK", "OTHLGSPK", "HIDEG", "EDUCYR", "HISPNCAT", "RACETHX", "RACEWX", "RACEBX", "RACEAX", "RACEV2X", "RACEV1X", "HISPANX", "SICPAY31", "PAYDR31", "REGION31", "AGE31X", "INSCOV19"]}