{"validation": 0.7013815090329437, "id_test": 0.7484076433121019, "ood_test": 0.6504676564850547, "ood_validation": 0.6527369040612124, "train": 0.7230115522506971, "id_test_conf": [0.719416344591882, 0.7758364912031193], "id_test_balanced": 0.7444925308227539, "id_test_balanced_conf": [0.7248222901672124, 0.7641627714782954], "ood_test_conf": [0.642848738070007, 0.6580292848945875], "ood_test_balanced": 0.6493045091629028, "ood_test_balanced_conf": [0.6439572863467038, 0.6546517319791019], "features": ["SEX", "WHTLGSPK", "BORNUSA", "HWELLSPK", "OTHLGSPK", "HIDEG", "EDUCYR", "HISPNCAT", "RACETHX", "RACEWX", "RACEBX", "RACEAX", "RACEV2X", "RACEV1X", "HISPANX", "SICPAY31", "PAYDR31", "REGION31", "AGE31X", "INSCOV19"]}