{"validation": 0.6259298618490967, "id_test": 0.6507430997876857, "ood_test": 0.5878082281378769, "ood_validation": 0.5809299587992937, "train": 0.6414818749170097, "id_test_conf": [0.6193340154347873, 0.6812060932975144], "id_test_balanced": 0.5944291353225708, "id_test_balanced_conf": [0.5773108587414026, 0.611547411903739], "ood_test_conf": [0.5799570638324472, 0.5956259657308709], "ood_test_balanced": 0.5461470484733582, "ood_test_balanced_conf": [0.5426656756689772, 0.5496284212777391], "features": ["SEX", "WHTLGSPK", "BORNUSA", "HWELLSPK", "OTHLGSPK", "HIDEG", "EDUCYR", "HISPNCAT", "RACETHX", "RACEWX", "RACEBX", "RACEAX", "RACEV2X", "RACEV1X", "HISPANX", "SICPAY31", "PAYDR31", "REGION31", "AGE31X", "INSCOV19"]}