{"validation": 0.6705632306057385, "id_test": 0.697452229299363, "ood_test": 0.612662698672248, "ood_validation": 0.6097704532077692, "train": 0.672420661266764, "id_test_conf": [0.6670024907463659, 0.7266616852587762], "id_test_balanced": 0.6549884080886841, "id_test_balanced_conf": [0.636336579322815, 0.6736402368545532], "ood_test_conf": [0.6048874320684083, 0.6203950745326203], "ood_test_balanced": 0.5792100429534912, "ood_test_balanced_conf": [0.5749256346933543, 0.5834944512136281], "features": ["SEX", "WHTLGSPK", "BORNUSA", "HWELLSPK", "OTHLGSPK", "HIDEG", "EDUCYR", "HISPNCAT", "RACETHX", "RACEWX", "RACEBX", "RACEAX", "RACEV2X", "RACEV1X", "HISPANX", "SICPAY31", "PAYDR31", "REGION31", "AGE31X", "INSCOV19"]}