{"validation": 0.6248671625929861, "id_test": 0.6125265392781316, "ood_test": 0.5619726600824122, "ood_validation": 0.5544437904649794, "train": 0.6064267693533395, "id_test_conf": [0.5805727963009547, 0.6437743803924283], "id_test_balanced": 0.534727156162262, "id_test_balanced_conf": [0.5233978865668177, 0.5460564257577062], "ood_test_conf": [0.5540643640643881, 0.5698573654607095], "ood_test_balanced": 0.5109368562698364, "ood_test_balanced_conf": [0.5092488811491057, 0.5126248313905671], "features": ["SEX", "WHTLGSPK", "BORNUSA", "HWELLSPK", "OTHLGSPK", "HIDEG", "EDUCYR", "HISPNCAT", "RACETHX", "RACEWX", "RACEBX", "RACEAX", "RACEV2X", "RACEV1X", "HISPANX", "SICPAY31", "PAYDR31", "REGION31", "AGE31X", "INSCOV19"]}