{"validation": 0.6748140276301806, "id_test": 0.7314225053078556, "ood_test": 0.6436653803388057, "ood_validation": 0.6539140670982931, "train": 0.708538042756606, "id_test_conf": [0.7018933483925911, 0.7594967844116376], "id_test_balanced": 0.7427778244018555, "id_test_balanced_conf": [0.723245574273169, 0.7623100745305419], "ood_test_conf": [0.6360145799890915, 0.6512614819832412], "ood_test_balanced": 0.6552034616470337, "ood_test_balanced_conf": [0.650014721667394, 0.6603922016266733], "features": ["SEX", "WHTLGSPK", "BORNUSA", "HWELLSPK", "OTHLGSPK", "HIDEG", "EDUCYR", "HISPNCAT", "RACETHX", "RACEWX", "RACEBX", "RACEAX", "RACEV2X", "RACEV1X", "HISPANX", "SICPAY31", "PAYDR31", "REGION31", "AGE31X", "INSCOV19"]}