{"validation": 0.6971307120085016, "id_test": 0.7441613588110403, "ood_test": 0.6396101772516188, "ood_validation": 0.6421424367274867, "train": 0.7183640950736954, "id_test_conf": [0.7150304790975119, 0.7717567010131597], "id_test_balanced": 0.7432717084884644, "id_test_balanced_conf": [0.7235475439205765, 0.7629958730563522], "ood_test_conf": [0.6319411657917361, 0.6472260347217885], "ood_test_balanced": 0.6362950205802917, "ood_test_balanced_conf": [0.6309141315985471, 0.6416759095620364], "features": ["SEX", "WHTLGSPK", "BORNUSA", "HWELLSPK", "OTHLGSPK", "HIDEG", "EDUCYR", "HISPNCAT", "RACETHX", "RACEWX", "RACEBX", "RACEAX", "RACEV2X", "RACEV1X", "HISPANX", "SICPAY31", "PAYDR31", "REGION31", "AGE31X", "INSCOV19"]}