{"validation": 0.6928799149840595, "id_test": 0.7452229299363057, "ood_test": 0.6549807050820852, "ood_validation": 0.6656856974690994, "train": 0.723808259195326, "id_test_conf": [0.7161266201104481, 0.7727769752359075], "id_test_balanced": 0.7461512684822083, "id_test_balanced_conf": [0.7265001980960369, 0.7658023388683796], "ood_test_conf": [0.6473838708525141, 0.6625185299584069], "ood_test_balanced": 0.6542879343032837, "ood_test_balanced_conf": [0.6489576169010252, 0.6596182517055422], "features": ["SEX", "WHTLGSPK", "BORNUSA", "HWELLSPK", "OTHLGSPK", "HIDEG", "EDUCYR", "HISPNCAT", "RACETHX", "RACEWX", "RACEBX", "RACEAX", "RACEV2X", "RACEV1X", "HISPANX", "SICPAY31", "PAYDR31", "REGION31", "AGE31X", "INSCOV19"]}