{"validation": 0.6865037194473964, "id_test": 0.7282377919320594, "ood_test": 0.6542612335666165, "ood_validation": 0.659211300765156, "train": 0.7191608020183242, "id_test_conf": [0.6986137452258508, 0.756427108203015], "id_test_balanced": 0.736515462398529, "id_test_balanced_conf": [0.7167313245683908, 0.7562996002286673], "ood_test_conf": [0.6466608285194442, 0.6618029033660777], "ood_test_balanced": 0.6620116233825684, "ood_test_balanced_conf": [0.6567721256334335, 0.6672511211317033], "features": ["SEX", "WHTLGSPK", "BORNUSA", "HWELLSPK", "OTHLGSPK", "HIDEG", "EDUCYR", "HISPNCAT", "RACETHX", "RACEWX", "RACEBX", "RACEAX", "RACEV2X", "RACEV1X", "HISPANX", "SICPAY31", "PAYDR31", "REGION31", "AGE31X", "INSCOV19"]}