{"validation": 0.6971307120085016, "id_test": 0.7462845010615711, "ood_test": 0.6519065995159918, "ood_validation": 0.6633313713949383, "train": 0.7240738281768689, "id_test_conf": [0.7172229774354522, 0.7737970322767056], "id_test_balanced": 0.742297887802124, "id_test_balanced_conf": [0.7225732486322523, 0.7620225269719958], "ood_test_conf": [0.6442946412862861, 0.6594607195530084], "ood_test_balanced": 0.6464812159538269, "ood_test_balanced_conf": [0.6411529927328229, 0.6518094391748309], "features": ["SEX", "WHTLGSPK", "BORNUSA", "HWELLSPK", "OTHLGSPK", "HIDEG", "EDUCYR", "HISPNCAT", "RACETHX", "RACEWX", "RACEBX", "RACEAX", "RACEV2X", "RACEV1X", "HISPANX", "SICPAY31", "PAYDR31", "REGION31", "AGE31X", "INSCOV19"]}