{"validation": 0.08526413345690455, "id_test": 0.08425925925925926, "ood_test": 0.13062948880439373, "ood_validation": 0.11474164133738601, "3": 0.08273667462211615, "id_test_conf": [0.06838056274732958, 0.10244440144091915], "id_test_balanced": 0.5045090317726135, "id_test_balanced_conf": [0.501689979955554, 0.5073280835896731], "ood_test_conf": [0.12460724928325632, 0.13683403092852833], "ood_test_balanced": 0.5, "ood_test_balanced_conf": [0.5, 0.5], "features": ["gender", "age", "height_mean_0", "weight_mean_0", "insurance"]}