{"validation": 0.422613531047266, "id_test": 0.43148148148148147, "ood_test": 0.429404309252218, "ood_validation": 0.4209726443768997, "train": 0.44104702339587676, "id_test_conf": [0.401701078938169, 0.4616362028289571], "id_test_balanced": 0.46852239966392517, "id_test_balanced_conf": [0.4475587353482842, 0.4894860639795661], "ood_test_conf": [0.4204624692630849, 0.43838089060567276], "ood_test_balanced": 0.49649906158447266, "ood_test_balanced_conf": [0.49023537184111776, 0.5027627513278276], "features": ["gender", "age", "height_mean_0", "weight_mean_0", "insurance"]}