{"validation": 0.6626506024096386, "id_test": 0.6518518518518519, "ood_test": 0.6407266582171525, "ood_validation": 0.648176291793313, "3": 0.6630071599045346, "id_test_conf": [0.6225936954564715, 0.6802797792580983], "id_test_balanced": 0.5038124918937683, "id_test_balanced_conf": [0.48405344408005474, 0.5235715397074818], "ood_test_conf": [0.6320066682376396, 0.6493773805285001], "ood_test_balanced": 0.520200788974762, "ood_test_balanced_conf": [0.5141851198393852, 0.5262164581101387], "features": ["gender", "age", "height_mean_0", "weight_mean_0", "insurance"]}