{"validation": 0.79457620251645, "id_test": 0.7964781705093673, "ood_test": 0.6049317943336832, "ood_validation": 0.5613207547169812, "train": 0.7947635808426251, "id_test_conf": [0.7949446714874427, 0.7980052209168915], "id_test_balanced": 0.8179250955581665, "id_test_balanced_conf": [0.8168997297226451, 0.8189504613936879], "ood_test_conf": [0.5825746835571035, 0.6269654448442563], "ood_test_balanced": 0.5909432768821716, "ood_test_balanced_conf": [0.5757323024608195, 0.6061542513035237], "features": ["school_id", "Average_confidence(BORED)", "Average_confidence(CONCENTRATING)", "Average_confidence(CONFUSED)", "Average_confidence(FRUSTRATED)", "attempt_count", "hint_count", "skill_id", "problem_type", "bottom_hint", "tutor_mode", "position", "type", "first_action", "ms_first_response"]}