{"validation": 0.9076551398152802, "id_test": 0.908615502352138, "ood_test": 0.45015739769150054, "ood_validation": 0.5518867924528302, "train": 0.9074515386916736, "id_test_conf": [0.9075152936065388, 0.9097068176835366], "id_test_balanced": 0.8502935171127319, "id_test_balanced_conf": [0.8494237017352134, 0.8511633324902504], "ood_test_conf": [0.42765126218488786, 0.4728171357220796], "ood_test_balanced": 0.5121042728424072, "ood_test_balanced_conf": [0.5086542046023532, 0.5155543410824612], "features": ["school_id", "Average_confidence(BORED)", "Average_confidence(CONCENTRATING)", "Average_confidence(CONFUSED)", "Average_confidence(FRUSTRATED)", "attempt_count", "hint_count", "skill_id", "problem_type", "bottom_hint", "tutor_mode", "position", "type", "first_action", "ms_first_response"]}