{"validation": 0.8744655562342143, "id_test": 0.8726331776086633, "ood_test": 0.8256525373134328, "ood_validation": 0.828619325997249, "train": 0.8751234228443433, "id_test_conf": [0.870742874241055, 0.874505625275942], "id_test_balanced": 0.5003352761268616, "id_test_balanced_conf": [0.5002347535014269, 0.5004357987522963], "ood_test_conf": [0.8240204994100779, 0.8272755543845524], "ood_test_balanced": 0.5003618001937866, "ood_test_balanced_conf": [0.5002767216631037, 0.5004468787244696], "features": ["IYEAR", "MEDCOST", "PRACE1", "SEX", "PHYSHLTH", "BMI5", "BMI5CAT", "SMOKE100", "SMOKDAY2", "FRUIT_ONCE_PER_DAY", "VEG_ONCE_PER_DAY", "DRNK_PER_WEEK", "RFBING5", "TOTINDA", "INCOME", "MARITAL", "CHECKUP1", "EDUCA", "MENTHLTH"]}