{"validation": 0.8738217475279396, "id_test": 0.8717912739158427, "ood_test": 0.8252274626865672, "ood_validation": 0.828146492434663, "train": 0.8747261998970316, "id_test_conf": [0.8698957055433116, 0.8736690270752433], "id_test_balanced": 0.5063369274139404, "id_test_balanced_conf": [0.5059451631561387, 0.5067286916717422], "ood_test_conf": [0.8235938696873581, 0.8268520466452456], "ood_test_balanced": 0.5071465373039246, "ood_test_balanced_conf": [0.506819438393577, 0.5074736362142721], "features": ["IYEAR", "MEDCOST", "PRACE1", "SEX", "PHYSHLTH", "BMI5", "BMI5CAT", "SMOKE100", "SMOKDAY2", "FRUIT_ONCE_PER_DAY", "VEG_ONCE_PER_DAY", "DRNK_PER_WEEK", "RFBING5", "TOTINDA", "INCOME", "MARITAL", "CHECKUP1", "EDUCA", "MENTHLTH"]}