{"id_test": 0.8736896842035756, "id_test_conf": [0.8718060260253432, 0.8755554358708525], "id_test_balanced": 0.5216394662857056, "id_test_balanced_conf": [0.5209906121296808, 0.5222883204417303], "ood_test": 0.8272477611940299, "ood_test_conf": [0.8256215909460779, 0.8288648663567102], "ood_test_balanced": 0.5187435746192932, "ood_test_balanced_conf": [0.5182599511474837, 0.5192271980911027], "features": ["IYEAR", "MEDCOST", "PRACE1", "SEX", "PHYSHLTH", "BMI5", "BMI5CAT", "SMOKE100", "SMOKDAY2", "FRUIT_ONCE_PER_DAY", "VEG_ONCE_PER_DAY", "DRNK_PER_WEEK", "RFBING5", "TOTINDA", "INCOME", "MARITAL", "CHECKUP1", "EDUCA", "MENTHLTH"]}