{"validation": 0.8361201298701298, "id_test": 0.8348214285714286, "ood_test": 0.6893491124260355, "ood_validation": 0.6423841059602649, "train": 0.8351799991882788, "id_test_conf": [0.828144754522552, 0.8413395157297192], "id_test_balanced": 0.5362984538078308, "id_test_balanced_conf": [0.5325833602901549, 0.5400135473255068], "ood_test_conf": [0.6639203029645981, 0.7139521066384891], "ood_test_balanced": 0.5098099112510681, "ood_test_balanced_conf": [0.5038339156471193, 0.5157859068550169], "features": ["HIGHDEG", "CONTROL", "region", "LOCALE", "locale2", "CCSIZSET", "HBCU", "DISTANCEONLY", "poverty_rate", "unemp_rate", "CCBASIC"]}