{"validation": 0.8738636363636364, "id_test": 0.872564935064935, "ood_test": 0.7078402366863905, "ood_validation": 0.6556291390728477, "33": 0.8761321146655587, "id_test_conf": [0.8665479905354573, 0.8784052535158214], "id_test_balanced": 0.5033165216445923, "id_test_balanced_conf": [0.5024376495264005, 0.5041953937627841], "ood_test_conf": [0.6827968072480216, 0.7319768992536511], "ood_test_balanced": 0.5461117625236511, "ood_test_balanced_conf": [0.5364659253321588, 0.5557575997151435], "features": ["HIGHDEG", "CONTROL", "region", "LOCALE", "locale2", "CCSIZSET", "HBCU", "DISTANCEONLY", "poverty_rate", "unemp_rate", "CCBASIC"]}