{"validation": 0.6959415584415585, "id_test": 0.6923701298701299, "ood_test": 0.6841715976331361, "ood_validation": 0.6357615894039735, "33": 0.6947860407145825, "id_test_conf": [0.68413538570458, 0.7005139027903883], "id_test_balanced": 0.49784231185913086, "id_test_balanced_conf": [0.49251562151126566, 0.5031690022069961], "ood_test_conf": [0.6586431973311268, 0.7088968325863332], "ood_test_balanced": 0.49755263328552246, "ood_test_balanced_conf": [0.4943651646049693, 0.5007401019660755], "features": ["HIGHDEG", "CONTROL", "region", "LOCALE", "locale2", "CCSIZSET", "HBCU", "DISTANCEONLY", "poverty_rate", "unemp_rate", "CCBASIC"]}