{"validation": 0.3118506493506494, "id_test": 0.31623376623376626, "ood_test": 0.34023668639053256, "ood_validation": 0.3841059602649007, "33": 0.3086103032820939, "id_test_conf": [0.3080262920139847, 0.32452813868042885], "id_test_balanced": 0.5010796785354614, "id_test_balanced_conf": [0.49565719251520934, 0.5065021645557135], "ood_test_conf": [0.3149822833056707, 0.36618756031761956], "ood_test_balanced": 0.507071316242218, "ood_test_balanced_conf": [0.49816222926601766, 0.5159804032184183], "features": ["HIGHDEG", "CONTROL", "region", "LOCALE", "locale2", "CCSIZSET", "HBCU", "DISTANCEONLY", "poverty_rate", "unemp_rate", "CCBASIC"]}