{"validation": 0.8750811688311688, "id_test": 0.8736201298701298, "ood_test": 0.7078402366863905, "ood_validation": 0.6622516556291391, "train": 0.8757254758715857, "id_test_conf": [0.8676238110252994, 0.8794393167180679], "id_test_balanced": 0.504193902015686, "id_test_balanced_conf": [0.5033368226280436, 0.5050509814033285], "ood_test_conf": [0.6827968072480216, 0.7319768992536511], "ood_test_balanced": 0.5775035619735718, "ood_test_balanced_conf": [0.5641485633328557, 0.5908585606142879], "features": ["HIGHDEG", "CONTROL", "region", "LOCALE", "locale2", "CCSIZSET", "HBCU", "DISTANCEONLY", "poverty_rate", "unemp_rate", "CCBASIC"]}