{"validation": 0.8594155844155844, "id_test": 0.8579545454545454, "ood_test": 0.6930473372781065, "ood_validation": 0.6556291390728477, "train": 0.8598461788221925, "id_test_conf": [0.8516650513338107, 0.8640744083868214], "id_test_balanced": 0.49958932399749756, "id_test_balanced_conf": [0.4978593232133426, 0.5013193247816525], "ood_test_conf": [0.667691861610298, 0.7175608149741719], "ood_test_balanced": 0.626287579536438, "ood_test_balanced_conf": [0.6093061945959926, 0.6432689644768834], "features": ["HIGHDEG", "CONTROL", "region", "LOCALE", "locale2", "CCSIZSET", "HBCU", "DISTANCEONLY", "poverty_rate", "unemp_rate", "CCBASIC"]}