{"id_test": 0.884090909090909, "id_test_conf": [0.8783067595515001, 0.8896929000489966], "id_test_balanced": 0.5972777605056763, "id_test_balanced_conf": [0.5934761176118627, 0.6010794033994898], "ood_test": 0.7507396449704142, "ood_test_conf": [0.7267815237575133, 0.7736027458822802], "ood_test_balanced": 0.6897149085998535, "ood_test_balanced_conf": [0.6733701310306788, 0.7060596861690283], "validation": 0.8893668831168832, "validation_conf": [0.8836951258775004, 0.8948539441145513], "validation_balanced": 0.6063295006752014, "validation_balanced_conf": [0.6024726741202175, 0.6101863272301853], "features": ["HIGHDEG", "CONTROL", "region", "LOCALE", "locale2", "CCSIZSET", "HBCU", "DISTANCEONLY", "poverty_rate", "unemp_rate", "CCBASIC"]}