{"validation": 0.8739448051948052, "id_test": 0.8728896103896104, "ood_test": 0.6893491124260355, "ood_validation": 0.6423841059602649, "33": 0.8767864561695056, "id_test_conf": [0.8668789980514626, 0.8787234409935091], "id_test_balanced": 0.4999535083770752, "id_test_balanced_conf": [0.4998683744072332, 0.5000386423469172], "ood_test_conf": [0.6639203029645981, 0.7139521066384891], "ood_test_balanced": 0.5019620060920715, "ood_test_balanced_conf": [0.4992570262309164, 0.5046669859532267], "features": ["HIGHDEG", "CONTROL", "region", "LOCALE", "locale2", "CCSIZSET", "HBCU", "DISTANCEONLY", "poverty_rate", "unemp_rate", "CCBASIC"]}