{"validation": 0.6337662337662338, "id_test": 0.6361201298701299, "ood_test": 0.5821005917159763, "ood_validation": 0.5894039735099338, "train": 0.6330411136815618, "id_test_conf": [0.6275526304031545, 0.6446232756710825], "id_test_balanced": 0.6458039283752441, "id_test_balanced_conf": [0.6398342919815332, 0.6517735647689551], "ood_test_conf": [0.5552856655741998, 0.6085578733133725], "ood_test_balanced": 0.6027131080627441, "ood_test_balanced_conf": [0.5843833496794104, 0.6210428664460779], "features": ["HIGHDEG", "CONTROL", "region", "LOCALE", "locale2", "CCSIZSET", "HBCU", "DISTANCEONLY", "poverty_rate", "unemp_rate", "CCBASIC"]}