{"validation": 0.5995941558441559, "id_test": 0.609577922077922, "ood_test": 0.6937869822485208, "ood_validation": 0.6423841059602649, "33": 0.6020149563772331, "id_test_conf": [0.6008978800383791, 0.6182061633195676], "id_test_balanced": 0.6054857969284058, "id_test_balanced_conf": [0.5993835238832981, 0.6115880699735134], "ood_test_conf": [0.6684463949647811, 0.7182823345804483], "ood_test_balanced": 0.5803903341293335, "ood_test_balanced_conf": [0.5656048440374434, 0.5951758242212236], "features": ["HIGHDEG", "CONTROL", "region", "LOCALE", "locale2", "CCSIZSET", "HBCU", "DISTANCEONLY", "poverty_rate", "unemp_rate", "CCBASIC"]}