{"validation": 0.8749188311688312, "id_test": 0.8736201298701298, "ood_test": 0.7078402366863905, "ood_validation": 0.6754966887417219, "train": 0.8757863549657048, "id_test_conf": [0.8676238110252994, 0.8794393167180679], "id_test_balanced": 0.5044668912887573, "id_test_balanced_conf": [0.5035776708507911, 0.5053561117267236], "ood_test_conf": [0.6827968072480216, 0.7319768992536511], "ood_test_balanced": 0.582735538482666, "ood_test_balanced_conf": [0.5689368234947324, 0.5965342534705996], "features": ["HIGHDEG", "CONTROL", "region", "LOCALE", "locale2", "CCSIZSET", "HBCU", "DISTANCEONLY", "poverty_rate", "unemp_rate", "CCBASIC"]}