{"validation": 0.8146056698080812, "id_test": 0.8115175255634125, "ood_test": 0.7795327141045051, "ood_validation": 0.7880684956729884, "train": 0.8120419447456194, "id_test_conf": [0.8087660360246387, 0.8142460108102081], "id_test_balanced": 0.5220327973365784, "id_test_balanced_conf": [0.521173316417262, 0.5228922782558948], "ood_test_conf": [0.775830743867074, 0.7832014581994816], "ood_test_balanced": 0.5196669101715088, "ood_test_balanced_conf": [0.5185030704224483, 0.5208307499205693], "features": ["AGEP", "SEX", "RAC1P", "POBP", "DIS", "ANC", "NATIVITY", "DEAR", "DEYE", "DREM", "DIVISION"]}