{"id_test": 0.966176060483996, "id_test_conf": [0.9652825140490996, 0.967052806213425], "features": ["SCHL", "AGEP", "SEX", "RAC1P", "ACS_YEAR", "POBP", "DIS", "ANC", "NATIVITY", "DEAR", "DEYE", "DREM", "DPHY"], "ood_test": 0.9484936831875608, "ood_test_conf": [0.9474116541796606, 0.9495597844781491]}