{"id_test": 0.582691859108934, "id_test_conf": [0.567761899883132, 0.5975090338896034], "id_test_balanced": 0.4994037449359894, "id_test_balanced_conf": [0.4981718500005081, 0.5006356398714706], "ood_test": 0.506415790299796, "ood_test_conf": [0.5020652805690966, 0.5107655692044115], "ood_test_balanced": 0.5003612637519836, "ood_test_balanced_conf": [0.49979384331032634, 0.5009286841936409], "features": ["race", "gender", "age", "payer_code", "admission_source_id"]}