{"validation": 0.7056794665440331, "id_test": 0.7133333333333334, "ood_test": 0.6430219961377232, "ood_validation": 0.6413734633319204, "0": 0.6857707509881423, "1": 0.7104091888011486, "3": 0.7058419917663203, "id_test_conf": [0.6996401464020592, 0.7267395216280703], "id_test_balanced": 0.5704742670059204, "id_test_balanced_conf": [0.5631416389718652, 0.5778068950399756], "ood_test_conf": [0.6365346002132037, 0.6494702111435591], "ood_test_balanced": 0.5746920108795166, "ood_test_balanced_conf": [0.5714860644377768, 0.5778979573212564], "features": ["VCF0004", "VCF0901b", "VCF0701", "VCF0104", "VCF0105a", "VCF0115", "VCF0140a", "VCF0112"]}