{"validation": 0.40331110600137965, "id_test": 0.41770114942528735, "ood_test": 0.5365738778201686, "ood_validation": 0.5438745231030098, "0": 0.41650197628458496, "1": 0.4066762383345298, "3": 0.4440305822387767, "id_test_conf": [0.40298981605330486, 0.4325230976631845], "id_test_balanced": 0.5477731823921204, "id_test_balanced_conf": [0.5397569148428738, 0.5557894499413669], "ood_test_conf": [0.5298380918306167, 0.5432996462735542], "ood_test_balanced": 0.5778975486755371, "ood_test_balanced_conf": [0.5736856240034104, 0.5821094733476638], "features": ["VCF0004", "VCF0901b", "VCF0701", "VCF0104", "VCF0105a", "VCF0115", "VCF0140a", "VCF0112"]}