{"validation": 0.7226948723844562, "id_test": 0.7268965517241379, "ood_test": 0.6381234986576233, "ood_validation": 0.6341670199236965, "train": 0.7110300034486723, "id_test_conf": [0.7133917403909258, 0.7400960671037127], "id_test_balanced": 0.550072193145752, "id_test_balanced_conf": [0.5449835143238306, 0.5551608719676733], "ood_test_conf": [0.6316174724865473, 0.6445916863980714], "ood_test_balanced": 0.5618793368339539, "ood_test_balanced_conf": [0.5591341401590034, 0.5646245335089043], "features": ["VCF0004", "VCF0901b", "VCF0701", "VCF0104", "VCF0105a", "VCF0115", "VCF0140a", "VCF0112"]}