{"id_test": 0.7381609195402299, "id_test_conf": [0.7248242625963206, 0.7511770753555579], "id_test_balanced": 0.5961924195289612, "id_test_balanced_conf": [0.5889431936666369, 0.6034416453912854], "ood_test": 0.6680796947859262, "ood_test_conf": [0.6616992280662481, 0.6744141121660656], "ood_test_balanced": 0.6080962419509888, "ood_test_balanced_conf": [0.6045691446680576, 0.61162333923392], "validation": 0.7312025753046677, "validation_conf": [0.7177591883673636, 0.7443347829316409], "validation_balanced": 0.5879571437835693, "validation_balanced_conf": [0.5808271603006869, 0.5950871272664517], "features": ["VCF0004", "VCF0901b", "VCF0701", "VCF0104", "VCF0105a", "VCF0115", "VCF0140a", "VCF0112"]}