{"validation": 0.4145780639227409, "id_test": 0.4181609195402299, "ood_test": 0.46243700249634967, "ood_validation": 0.46375582874099197, "0": 0.4443675889328063, "1": 0.4292175161521895, "3": 0.39854930405802785, "id_test_conf": [0.4034470049800366, 0.4329848308320277], "id_test_balanced": 0.5628970861434937, "id_test_balanced_conf": [0.5556325210537761, 0.5701616512332112], "ood_test_conf": [0.45571235849508807, 0.4691719349593423], "ood_test_balanced": 0.5387028455734253, "ood_test_balanced_conf": [0.5359210064308718, 0.5414846847159788], "features": ["VCF0004", "VCF0901b", "VCF0701", "VCF0104", "VCF0105a", "VCF0115", "VCF0140a", "VCF0112"]}