{"validation": 0.6647505173603128, "id_test": 0.6843678160919541, "ood_test": 0.66864490603363, "ood_validation": 0.6663840610428148, "train": 0.6717151396712265, "id_test_conf": [0.6703210520913228, 0.698166623464689], "id_test_balanced": 0.6572769284248352, "id_test_balanced_conf": [0.6474021669663489, 0.6671516898833215], "ood_test_conf": [0.6622670803286392, 0.6749765274493018], "ood_test_balanced": 0.6645102500915527, "ood_test_balanced_conf": [0.6600240433495492, 0.6689964568335562], "features": ["VCF0004", "VCF0901b", "VCF0701", "VCF0104", "VCF0105a", "VCF0115", "VCF0140a", "VCF0112"]}