{"validation": 0.5148309956311796, "id_test": 0.5202298850574713, "ood_test": 0.5857943573077105, "ood_validation": 0.5888088172954642, "train": 0.5268134268306702, "id_test_conf": [0.505259270116196, 0.5351733133141848], "id_test_balanced": 0.6161651015281677, "id_test_balanced_conf": [0.6072271925210952, 0.6251030105352402], "ood_test_conf": [0.5791335530480546, 0.5924316612685726], "ood_test_balanced": 0.6280447244644165, "ood_test_balanced_conf": [0.6239692300651223, 0.6321202188637107], "features": ["VCF0004", "VCF0901b", "VCF0701", "VCF0104", "VCF0105a", "VCF0115", "VCF0140a", "VCF0112"]}