{"validation": 0.6295700160956542, "id_test": 0.6416091954022989, "ood_test": 0.6414676652065376, "ood_validation": 0.6481559983043662, "train": 0.6320266697321532, "id_test_conf": [0.6271528387630301, 0.6558751650036208], "id_test_balanced": 0.656030535697937, "id_test_balanced_conf": [0.6460763386450707, 0.6659847327508033], "ood_test_conf": [0.6349742786201282, 0.6479222968628671], "ood_test_balanced": 0.656268298625946, "ood_test_balanced_conf": [0.6518125941883772, 0.6607240030635149], "features": ["VCF0004", "VCF0901b", "VCF0701", "VCF0104", "VCF0105a", "VCF0115", "VCF0140a", "VCF0112"]}