{"validation": 0.5467923660611634, "id_test": 0.5574712643678161, "ood_test": 0.5784937120248693, "ood_validation": 0.5748198389147944, "train": 0.556558225083343, "id_test_conf": [0.5425618862910453, 0.5723034029925697], "id_test_balanced": 0.6332193613052368, "id_test_balanced_conf": [0.6238785097375512, 0.6425602128729224], "ood_test_conf": [0.5718175534569598, 0.5851483702925124], "ood_test_balanced": 0.6207414865493774, "ood_test_balanced_conf": [0.616645806049928, 0.6248371670488269], "features": ["VCF0004", "VCF0901b", "VCF0701", "VCF0104", "VCF0105a", "VCF0115", "VCF0140a", "VCF0112"]}