{"validation": 0.38514601057714415, "id_test": 0.38482758620689655, "ood_test": 0.46573406810795537, "ood_validation": 0.4705383637134379, "0": 0.42628458498023714, "1": 0.37810480976310124, "3": 0.3862968045481278, "id_test_conf": [0.3703351408699177, 0.3994748520792622], "id_test_balanced": 0.5443608164787292, "id_test_balanced_conf": [0.5379075903259217, 0.5508140426315368], "ood_test_conf": [0.4590057790858589, 0.4724717425086665], "ood_test_balanced": 0.5424726009368896, "ood_test_balanced_conf": [0.5397289505973458, 0.5452162512764335], "features": ["VCF0004", "VCF0901b", "VCF0701", "VCF0104", "VCF0105a", "VCF0115", "VCF0140a", "VCF0112"]}