{"validation": 0.7031501494596459, "id_test": 0.7057471264367816, "ood_test": 0.6031275022372945, "ood_validation": 0.596015260703688, "train": 0.6935567306586964, "id_test_conf": [0.6919550578301299, 0.7192624258165651], "id_test_balanced": 0.5038759708404541, "id_test_balanced_conf": [0.5025728139607236, 0.5051791277201846], "ood_test_conf": [0.596509180895894, 0.6097175745836034], "ood_test_balanced": 0.5107959508895874, "ood_test_balanced_conf": [0.5097971013863571, 0.5117948003928177], "features": ["VCF0004", "VCF0901b", "VCF0701", "VCF0104", "VCF0105a", "VCF0115", "VCF0140a", "VCF0112"]}