{"validation": 0.6123246723384687, "id_test": 0.623448275862069, "ood_test": 0.5870189816777354, "ood_validation": 0.5909283594743535, "0": 0.5738142292490118, "1": 0.614070351758794, "3": 0.6437953342481866, "id_test_conf": [0.6088558412683598, 0.6378747578863415], "id_test_balanced": 0.49044308066368103, "id_test_balanced_conf": [0.48249512385576965, 0.4983910374715924], "ood_test_conf": [0.5803608995236454, 0.5936532280422975], "ood_test_balanced": 0.51824951171875, "ood_test_balanced_conf": [0.5149937544297427, 0.5215052690077573], "features": ["VCF0004", "VCF0901b", "VCF0701", "VCF0104", "VCF0105a", "VCF0115", "VCF0140a", "VCF0112"]}