{"validation": 0.43872154518280065, "id_test": 0.4457471264367816, "ood_test": 0.5526352974424191, "ood_validation": 0.5650699448919033, "0": 0.449901185770751, "1": 0.442067480258435, "3": 0.4816702607331896, "id_test_conf": [0.430902078317684, 0.4606650880604526], "id_test_balanced": 0.5470816493034363, "id_test_balanced_conf": [0.5380248661898076, 0.556138432417065], "ood_test_conf": [0.5459166624636672, 0.5593395154909471], "ood_test_balanced": 0.5839322805404663, "ood_test_balanced_conf": [0.5795166644547135, 0.5883478966262191], "features": ["VCF0004", "VCF0901b", "VCF0701", "VCF0104", "VCF0105a", "VCF0115", "VCF0140a", "VCF0112"]}