{"validation": 0.7275235686364682, "id_test": 0.7386206896551725, "ood_test": 0.6591776176345909, "ood_validation": 0.6579058923272573, "train": 0.7191918611334636, "id_test_conf": [0.725291128493022, 0.7516291288785083], "id_test_balanced": 0.5846366882324219, "id_test_balanced_conf": [0.5780041884817183, 0.5912691879831254], "ood_test_conf": [0.6527569033496723, 0.6655547228981401], "ood_test_balanced": 0.591454803943634, "ood_test_balanced_conf": [0.5882555035268888, 0.5946541043603792], "features": ["VCF0004", "VCF0901b", "VCF0701", "VCF0104", "VCF0105a", "VCF0115", "VCF0140a", "VCF0112"]}