{"validation": 0.7171763623821568, "id_test": 0.7241379310344828, "ood_test": 0.6252178418350525, "ood_validation": 0.6244171259008054, "train": 0.7074951143809634, "id_test_conf": [0.7105935781329131, 0.7373807103948165], "id_test_balanced": 0.5425064563751221, "id_test_balanced_conf": [0.5378579823020846, 0.5471549304481595], "ood_test_conf": [0.6186661971263632, 0.63173518476756], "ood_test_balanced": 0.5404494404792786, "ood_test_balanced_conf": [0.5383865733724087, 0.5425123075861484], "features": ["VCF0004", "VCF0901b", "VCF0701", "VCF0104", "VCF0105a", "VCF0115", "VCF0140a", "VCF0112"]}