{"validation": 0.7302828236376179, "id_test": 0.7395402298850575, "ood_test": 0.6573406810795535, "ood_validation": 0.6477320898685884, "train": 0.7233015289113691, "id_test_conf": [0.7262249157954545, 0.7525331803685007], "id_test_balanced": 0.5866355299949646, "id_test_balanced_conf": [0.5799480626638979, 0.5933229973260313], "ood_test_conf": [0.6509119747648532, 0.663726281898819], "ood_test_balanced": 0.5869384407997131, "ood_test_balanced_conf": [0.5838773492723703, 0.5899995323270559], "features": ["VCF0004", "VCF0901b", "VCF0701", "VCF0104", "VCF0105a", "VCF0115", "VCF0140a", "VCF0112"]}