{"validation": 0.36146240515060934, "id_test": 0.35908045977011493, "ood_test": 0.4346474494842447, "ood_validation": 0.42857142857142855, "0": 0.4014822134387352, "1": 0.37279253409906676, "3": 0.34306998627720053, "id_test_conf": [0.34480799351759867, 0.373542385009193], "id_test_balanced": 0.5291990041732788, "id_test_balanced_conf": [0.5234692393802106, 0.534928768966347], "ood_test_conf": [0.42796529781622694, 0.44134750162047925], "ood_test_balanced": 0.5190386176109314, "ood_test_balanced_conf": [0.5169096724456176, 0.5211675627762452], "features": ["VCF0004", "VCF0901b", "VCF0701", "VCF0104", "VCF0105a", "VCF0115", "VCF0140a", "VCF0112"]}