{"validation": 0.5079328581283054, "id_test": 0.48528735632183906, "ood_test": 0.4208468748528096, "ood_validation": 0.40016956337431114, "0": 0.5201581027667984, "1": 0.5066044508255564, "3": 0.4242305430307783, "id_test_conf": [0.470334491456267, 0.5002599932447072], "id_test_balanced": 0.4512045979499817, "id_test_balanced_conf": [0.4408972532115877, 0.4615119426883757], "ood_test_conf": [0.4141937227620044, 0.4275217078860315], "ood_test_balanced": 0.41591018438339233, "ood_test_balanced_conf": [0.4112286930717528, 0.42059167569503186], "features": ["VCF0004", "VCF0901b", "VCF0701", "VCF0104", "VCF0105a", "VCF0115", "VCF0140a", "VCF0112"]}