{"validation": 0.8958603896103896, "id_test": 0.8915584415584416, "ood_test": 0.6789940828402367, "ood_validation": 0.6688741721854304, "train": 0.8945675555014408, "id_test_conf": [0.8859345259347413, 0.8969966057434313], "id_test_balanced": 0.8071229457855225, "id_test_balanced_conf": [0.8024034534581006, 0.8118424381129443], "ood_test_conf": [0.6533696376678128, 0.7038380059720715], "ood_test_balanced": 0.7122317552566528, "ood_test_balanced_conf": [0.6954913439974189, 0.7289721665158868], "features": ["AccredAgency", "HIGHDEG", "CONTROL", "region", "LOCALE", "locale2", "CCBASIC", "HBCU", "DISTANCEONLY", "median_hh_inc", "poverty_rate", "unemp_rate", "TUITIONFEE_IN", "TUITIONFEE_OUT", "TUITIONFEE_PROG", "ADM_RATE", "ADM_RATE_ALL", "SATVRMID", "SATMTMID", "SATWRMID", "ACTCMMID", "ACTENMID", "ACTMTMID", "ACTWRMID", "NPT4_PROG", "COSTT4_A", "COSTT4_P", "loan_ever", "pell_ever", "agege24"]}