{"validation": 0.7770881882499536, "id_test": 0.7762120044250792, "ood_test": 0.37184075356074325, "ood_validation": 0.3687772349135085, "train": 0.7760952951251907, "id_test_conf": [0.7750550737340849, 0.7773657386870135], "ood_test_conf": [0.3707931857897307, 0.3728892290933706], "features": ["AGEP", "SEX", "RAC1P", "DIS", "DEAR", "DEYE", "DREM", "ANC", "NATIVITY"]}