{"validation": 0.9051948051948052, "id_test": 0.902435064935065, "ood_test": 0.7440828402366864, "ood_validation": 0.7350993377483444, "train": 0.9004018020211859, "id_test_conf": [0.8970594040037422, 0.90761972660128], "id_test_balanced": 0.8305515050888062, "id_test_balanced_conf": [0.8260244602151215, 0.8350785499624908], "ood_test_conf": [0.7199376975637399, 0.7671622231958789], "ood_test_balanced": 0.7241263389587402, "ood_test_balanced_conf": [0.7073971374332905, 0.74085554048419], "features": ["AccredAgency", "HIGHDEG", "CONTROL", "region", "LOCALE", "locale2", "CCBASIC", "HBCU", "DISTANCEONLY", "median_hh_inc", "poverty_rate", "unemp_rate", "TUITIONFEE_IN", "TUITIONFEE_OUT", "TUITIONFEE_PROG", "ADM_RATE", "ADM_RATE_ALL", "SATVRMID", "SATMTMID", "SATWRMID", "ACTCMMID", "ACTENMID", "ACTMTMID", "ACTWRMID", "NPT4_PROG", "COSTT4_A", "COSTT4_P", "loan_ever", "pell_ever", "PCIP16"]}