{"validation": 0.7036100252931708, "id_test": 0.7055172413793104, "ood_test": 0.5967688757006264, "ood_validation": 0.5883849088596863, "0": 0.6861660079051384, "1": 0.7038047379755923, "3": 0.6915310723387571, "id_test_conf": [0.6917222473375776, 0.719035776127446], "id_test_balanced": 0.50371253490448, "id_test_balanced_conf": [0.5023819905240089, 0.5050430792849511], "ood_test_conf": [0.5901339774864787, 0.603377267023805], "ood_test_balanced": 0.5028455257415771, "ood_test_balanced_conf": [0.5023395869066007, 0.5033514645765536], "features": ["VCF0004", "VCF0901b", "VCF0218", "VCF0224", "VCF0302", "VCF9201", "VCF9202", "VCF9203", "VCF9206", "VCF0428", "VCF0429", "VCF0822", "VCF0870", "VCF0803", "VCF0601", "VCF0612", "VCF0615", "VCF0616", "VCF0617", "VCF0310", "VCF0743", "VCF0717", "VCF0718", "VCF0720", "VCF0721", "VCF0701", "VCF0675", "VCF0724", "VCF0725", "VCF0726", "VCF0745", "VCF0101", "VCF0104", "VCF0105a", "VCF0115", "VCF0140a", "VCF0112"]}