{"validation": 0.7017705219590711, "id_test": 0.7039080459770115, "ood_test": 0.5962036644529226, "ood_validation": 0.5883849088596863, "0": 0.6860671936758893, "1": 0.702440775305097, "3": 0.69241325230347, "id_test_conf": [0.6900926896995022, 0.7174491124158416], "id_test_balanced": 0.5007752180099487, "id_test_balanced_conf": [0.5001906101312489, 0.5013598258886486], "ood_test_conf": [0.589567348605995, 0.6028136282593506], "ood_test_balanced": 0.5021486878395081, "ood_test_balanced_conf": [0.5017087361641461, 0.50258863951487], "features": ["VCF0004", "VCF0901b", "VCF0218", "VCF0224", "VCF0302", "VCF9201", "VCF9202", "VCF9203", "VCF9206", "VCF0428", "VCF0429", "VCF0822", "VCF0870", "VCF0803", "VCF0601", "VCF0612", "VCF0615", "VCF0616", "VCF0617", "VCF0310", "VCF0743", "VCF0717", "VCF0718", "VCF0720", "VCF0721", "VCF0701", "VCF0675", "VCF0724", "VCF0725", "VCF0726", "VCF0745", "VCF0101", "VCF0104", "VCF0105a", "VCF0115", "VCF0140a", "VCF0112"]}