{"validation": 0.8047827086686594, "id_test": 0.7988505747126436, "ood_test": 0.7320427676510762, "ood_validation": 0.7380245866892751, "train": 0.7948327393953328, "id_test_conf": [0.7866244262016805, 0.8106741057760679], "id_test_balanced": 0.6778917908668518, "id_test_balanced_conf": [0.6703157627489418, 0.6854678189847618], "ood_test_conf": [0.7260302164105124, 0.737991725725387], "ood_test_balanced": 0.6763830780982971, "ood_test_balanced_conf": [0.6729261532286182, 0.6798400029679761], "features": ["VCF0004", "VCF0901b", "VCF0218", "VCF0224", "VCF0302", "VCF9201", "VCF9202", "VCF9203", "VCF9206", "VCF0428", "VCF0429", "VCF0822", "VCF0870", "VCF0803", "VCF0601", "VCF0612", "VCF0615", "VCF0616", "VCF0617", "VCF0310", "VCF0743", "VCF0717", "VCF0718", "VCF0720", "VCF0721", "VCF0701", "VCF0675", "VCF0724", "VCF0725", "VCF0726", "VCF0745", "VCF0101", "VCF0104", "VCF0105a", "VCF0115", "VCF0140a", "VCF0112"]}