{"validation": 0.750747298229478, "id_test": 0.7464367816091954, "ood_test": 0.6498987329847864, "ood_validation": 0.645612547689699, "0": 0.7328063241106719, "1": 0.7466618808327351, "3": 0.7416192903352283, "id_test_conf": [0.7332307043147535, 0.759311180741792], "id_test_balanced": 0.5742741823196411, "id_test_balanced_conf": [0.5688978677708656, 0.5796504968684166], "ood_test_conf": [0.6434387304579006, 0.6563176698370172], "ood_test_balanced": 0.5690520405769348, "ood_test_balanced_conf": [0.5666817178623751, 0.5714223632914945], "features": ["VCF0004", "VCF0901b", "VCF0218", "VCF0224", "VCF0302", "VCF9201", "VCF9202", "VCF9203", "VCF9206", "VCF0428", "VCF0429", "VCF0822", "VCF0870", "VCF0803", "VCF0601", "VCF0612", "VCF0615", "VCF0616", "VCF0617", "VCF0310", "VCF0743", "VCF0717", "VCF0718", "VCF0720", "VCF0721", "VCF0701", "VCF0675", "VCF0724", "VCF0725", "VCF0726", "VCF0745", "VCF0101", "VCF0104", "VCF0105a", "VCF0115", "VCF0140a", "VCF0112"]}