{"validation": 0.7514371119797655, "id_test": 0.7482758620689656, "ood_test": 0.6459893551881682, "ood_validation": 0.6443408223823655, "train": 0.7402000229911484, "id_test_conf": [0.7350996338274878, 0.7611179276349771], "id_test_balanced": 0.578271746635437, "id_test_balanced_conf": [0.5727395458705723, 0.5838039474003017], "ood_test_conf": [0.6395136012660161, 0.6524251149225979], "ood_test_balanced": 0.5641767382621765, "ood_test_balanced_conf": [0.5618791492143645, 0.5664743273099885], "features": ["VCF0004", "VCF0901b", "VCF0218", "VCF0224", "VCF0302", "VCF9201", "VCF9202", "VCF9203", "VCF9206", "VCF0428", "VCF0429", "VCF0822", "VCF0870", "VCF0803", "VCF0601", "VCF0612", "VCF0615", "VCF0616", "VCF0617", "VCF0310", "VCF0743", "VCF0717", "VCF0718", "VCF0720", "VCF0721", "VCF0701", "VCF0675", "VCF0724", "VCF0725", "VCF0726", "VCF0745", "VCF0101", "VCF0104", "VCF0105a", "VCF0115", "VCF0140a", "VCF0112"]}