{"validation": 0.8266268107610945, "id_test": 0.8314942528735633, "ood_test": 0.7887051952333851, "ood_validation": 0.7977956761339551, "train": 0.8268766524887918, "id_test_conf": [0.8200342106588836, 0.8425073036307102], "id_test_balanced": 0.7629730701446533, "id_test_balanced_conf": [0.754767428189516, 0.7711787120997906], "ood_test_conf": [0.7831511319553128, 0.7941801016480259], "ood_test_balanced": 0.7545486688613892, "ood_test_balanced_conf": [0.7508340394496917, 0.7582632982730866], "features": ["VCF0004", "VCF0901b", "VCF0218", "VCF0224", "VCF0302", "VCF9201", "VCF9202", "VCF9203", "VCF9206", "VCF0428", "VCF0429", "VCF0822", "VCF0870", "VCF0803", "VCF0601", "VCF0612", "VCF0615", "VCF0616", "VCF0617", "VCF0310", "VCF0743", "VCF0717", "VCF0718", "VCF0720", "VCF0721", "VCF0701", "VCF0675", "VCF0724", "VCF0725", "VCF0726", "VCF0745", "VCF0101", "VCF0104", "VCF0105a", "VCF0115", "VCF0140a", "VCF0112"]}