{"validation": 0.7181208053691275, "id_test": 0.7449664429530202, "ood_test": 0.4709671565958991, "ood_validation": 0.4708764289602613, "train": 0.7034395973154363, "id_test_conf": [0.6915107411919637, 0.7934781826306941], "id_test_balanced": 0.5, "id_test_balanced_conf": [0.5, 0.5], "ood_test_conf": [0.46557463999217186, 0.476364774467144], "ood_test_balanced": 0.5, "ood_test_balanced_conf": [0.5, 0.5], "features": ["LIVING_QUARTERS_TYPE", "CITIZENSHIP_STATUS", "TANF_ASSISTANCE", "FOOD_ASSISTANCE", "SNAP_ASSISTANCE", "WIC_ASSISTANCE", "MEDICAID_ASSISTANCE"]}