{"validation": 0.5147376449706673, "id_test": 0.5116260834854015, "ood_test": 0.4491153405455276, "ood_validation": 0.4498459890183474, "train": 0.5133266625025951, "id_test_conf": [0.5090065868812729, 0.5142450995080547], "id_test_balanced": 0.5766466856002808, "id_test_balanced_conf": [0.5748351298272609, 0.5784582413733006], "ood_test_conf": [0.44645352058718724, 0.45177935611777337], "ood_test_balanced": 0.5310486555099487, "ood_test_balanced_conf": [0.5291977587691509, 0.5328995522507466], "features": ["Age", "Gender", "Unit1", "HospAdmTime", "ICULOS"]}