{"validation": 0.46595906962156153, "id_test": 0.4646655451642336, "ood_test": 0.3999791669766819, "ood_validation": 0.39808490692379805, "train": 0.4645232687545832, "id_test_conf": [0.46205285316104133, 0.4672796977756242], "id_test_balanced": 0.5773401260375977, "id_test_balanced_conf": [0.5755629050941207, 0.5791173469810746], "ood_test_conf": [0.39735855806691517, 0.40260409179156675], "ood_test_balanced": 0.539175271987915, "ood_test_balanced_conf": [0.5373958657076582, 0.5409546782681719], "features": ["Age", "Gender", "Unit1", "HospAdmTime", "ICULOS"]}