{"validation": 0.5534440112055999, "id_test": 0.550488994069343, "ood_test": 0.48070713233434026, "ood_validation": 0.4825900629436186, "train": 0.5522155860425787, "id_test_conf": [0.5478813600273427, 0.553094541055273], "id_test_balanced": 0.5738932490348816, "id_test_balanced_conf": [0.572065594100859, 0.5757209039689042], "ood_test_conf": [0.47803274302573845, 0.4833823541009093], "ood_test_balanced": 0.5336248874664307, "ood_test_balanced_conf": [0.5317537611583247, 0.5354960137745366], "features": ["Age", "Gender", "Unit1", "HospAdmTime", "ICULOS"]}