{"validation": 0.7856978615773741, "id_test": 0.7811494252873563, "ood_test": 0.6937968065564505, "ood_validation": 0.6909707503179313, "train": 0.7754626968617082, "id_test_conf": [0.7685608595940001, 0.793359365301018], "id_test_balanced": 0.6410966515541077, "id_test_balanced_conf": [0.6340761651378125, 0.6481171379704028], "ood_test_conf": [0.6875471404523024, 0.6999933718948287], "ood_test_balanced": 0.6275306940078735, "ood_test_balanced_conf": [0.6243659617286176, 0.6306954262871295], "features": ["VCF0004", "VCF0901b", "VCF0218", "VCF0224", "VCF0302", "VCF9201", "VCF9202", "VCF9203", "VCF9206", "VCF0428", "VCF0429", "VCF0822", "VCF0870", "VCF0803", "VCF0601", "VCF0612", "VCF0615", "VCF0616", "VCF0617", "VCF0310", "VCF0743", "VCF0717", "VCF0718", "VCF0720", "VCF0721", "VCF0701", "VCF0675", "VCF0724", "VCF0725", "VCF0726", "VCF0745", "VCF0101", "VCF0104", "VCF0105a", "VCF0115", "VCF0140a", "VCF0112", "VCF0839"]}