{"validation": 0.7151069211312946, "id_test": 0.7089655172413794, "ood_test": 0.6958692477980312, "ood_validation": 0.7058075455701568, "0": 0.7343873517786561, "1": 0.717013639626705, "3": 0.730150950793962, "id_test_conf": [0.6952148411968202, 0.7224350846959301], "id_test_balanced": 0.6931448578834534, "id_test_balanced_conf": [0.6834882134571671, 0.7028015023097396], "ood_test_conf": [0.6896310911086987, 0.7020537353570133], "ood_test_balanced": 0.6806724071502686, "ood_test_balanced_conf": [0.6763044274132699, 0.6850403868872672], "features": ["VCF0004", "VCF0901b", "VCF0218", "VCF0224", "VCF0302", "VCF9201", "VCF9202", "VCF9203", "VCF9206", "VCF0428", "VCF0429", "VCF0822", "VCF0870", "VCF0803", "VCF0601", "VCF0612", "VCF0615", "VCF0616", "VCF0617", "VCF0310", "VCF0743", "VCF0717", "VCF0718", "VCF0720", "VCF0721", "VCF0701", "VCF0675", "VCF0724", "VCF0725", "VCF0726", "VCF0745", "VCF0101", "VCF0104", "VCF0105a", "VCF0115", "VCF0140a", "VCF0112", "VCF0839"]}