{"id_test": 0.8358620689655173, "id_test_conf": [0.8245152838514078, 0.8467559090372322], "id_test_balanced": 0.773252010345459, "id_test_balanced_conf": [0.7650687340088189, 0.781435286682099], "ood_test": 0.7971833639489426, "ood_test_conf": [0.7917105796409045, 0.8025746598621446], "ood_test_balanced": 0.7669025659561157, "ood_test_balanced_conf": [0.7631811812240631, 0.7706239506881684], "validation": 0.8289261899287192, "validation_conf": [0.8173994593910531, 0.8400093247589621], "validation_balanced": 0.764289379119873, "validation_balanced_conf": [0.7560352182388306, 0.7725435400009155], "features": ["VCF0004", "VCF0901b", "VCF0218", "VCF0224", "VCF0302", "VCF9201", "VCF9202", "VCF9203", "VCF9206", "VCF0428", "VCF0429", "VCF0822", "VCF0870", "VCF0803", "VCF0601", "VCF0612", "VCF0615", "VCF0616", "VCF0617", "VCF0310", "VCF0743", "VCF0717", "VCF0718", "VCF0720", "VCF0721", "VCF0701", "VCF0675", "VCF0724", "VCF0725", "VCF0726", "VCF0745", "VCF0101", "VCF0104", "VCF0105a", "VCF0115", "VCF0140a", "VCF0112", "VCF0839"]}