{"id_test": 0.833103448275862, "id_test_conf": [0.8216848139780006, 0.8440728982111281], "id_test_balanced": 0.7701702117919922, "id_test_balanced_conf": [0.7619484534487129, 0.7783919701352715], "ood_test": 0.796853657387782, "ood_test_conf": [0.7913776438629475, 0.8022482732057539], "ood_test_balanced": 0.7661453485488892, "ood_test_balanced_conf": [0.7624279381521046, 0.7698627589456737], "validation": 0.8358243274315935, "validation_conf": [0.824475208152192, 0.8467204483256834], "validation_balanced": 0.7727351188659668, "validation_balanced_conf": [0.7645700106583536, 0.78090022707358], "features": ["VCF0004", "VCF0901b", "VCF0218", "VCF0224", "VCF0302", "VCF9201", "VCF9202", "VCF9203", "VCF9206", "VCF0428", "VCF0429", "VCF0822", "VCF0870", "VCF0803", "VCF0601", "VCF0612", "VCF0615", "VCF0616", "VCF0617", "VCF0310", "VCF0743", "VCF0717", "VCF0718", "VCF0720", "VCF0721", "VCF0701", "VCF0675", "VCF0724", "VCF0725", "VCF0726", "VCF0745", "VCF0101", "VCF0104", "VCF0105a", "VCF0115", "VCF0140a", "VCF0112", "VCF0839"]}