{"validation": 0.7339618303058174, "id_test": 0.7301149425287357, "ood_test": 0.6317177711836466, "ood_validation": 0.629080118694362, "0": 0.7200592885375494, "1": 0.7315147164393395, "3": 0.7222113311115468, "id_test_conf": [0.7166570704569322, 0.7432631752017226], "id_test_balanced": 0.5465306043624878, "id_test_balanced_conf": [0.5421092980727553, 0.5509519106522203], "ood_test_conf": [0.6251884784624244, 0.6382109809436615], "ood_test_balanced": 0.546248733997345, "ood_test_balanced_conf": [0.5442719724681229, 0.5482254955265671], "features": ["VCF0004", "VCF0901b", "VCF0218", "VCF0224", "VCF0302", "VCF9201", "VCF9202", "VCF9203", "VCF9206", "VCF0428", "VCF0429", "VCF0822", "VCF0870", "VCF0803", "VCF0601", "VCF0612", "VCF0615", "VCF0616", "VCF0617", "VCF0310", "VCF0743", "VCF0717", "VCF0718", "VCF0720", "VCF0721", "VCF0701", "VCF0675", "VCF0724", "VCF0725", "VCF0726", "VCF0745", "VCF0101", "VCF0104", "VCF0105a", "VCF0115", "VCF0140a", "VCF0112", "VCF0839"]}