{"validation": 0.7737410899057254, "id_test": 0.7696551724137931, "ood_test": 0.6705289435259761, "ood_validation": 0.6685036032217041, "train": 0.7615530520749512, "id_test_conf": [0.7568490835781532, 0.782098194331231], "id_test_balanced": 0.6158877015113831, "id_test_balanced_conf": [0.6094533695373684, 0.6223220334853977], "ood_test_conf": [0.664159995662714, 0.6768511705926501], "ood_test_balanced": 0.5950966477394104, "ood_test_balanced_conf": [0.5923806785605847, 0.5978126169182361], "features": ["VCF0004", "VCF0901b", "VCF0218", "VCF0224", "VCF0302", "VCF9201", "VCF9202", "VCF9203", "VCF9206", "VCF0428", "VCF0429", "VCF0822", "VCF0870", "VCF0803", "VCF0601", "VCF0612", "VCF0615", "VCF0616", "VCF0617", "VCF0310", "VCF0743", "VCF0717", "VCF0718", "VCF0720", "VCF0721", "VCF0701", "VCF0675", "VCF0724", "VCF0725", "VCF0726", "VCF0745", "VCF0101", "VCF0104", "VCF0105a", "VCF0115", "VCF0140a", "VCF0112", "VCF0839"]}