{"validation": 0.7744309036560129, "id_test": 0.7673563218390804, "ood_test": 0.6731665960152607, "ood_validation": 0.6740144128868164, "train": 0.7619266582365789, "id_test_conf": [0.7545083270309938, 0.7798443597870518], "id_test_balanced": 0.6126843094825745, "id_test_balanced_conf": [0.6062827565334737, 0.6190858624316752], "ood_test_conf": [0.6668102703343357, 0.6794754777683998], "ood_test_balanced": 0.598607063293457, "ood_test_balanced_conf": [0.5958417795458808, 0.6013723470410333], "features": ["VCF0004", "VCF0901b", "VCF0218", "VCF0224", "VCF0302", "VCF9201", "VCF9202", "VCF9203", "VCF9206", "VCF0428", "VCF0429", "VCF0822", "VCF0870", "VCF0803", "VCF0601", "VCF0612", "VCF0615", "VCF0616", "VCF0617", "VCF0310", "VCF0743", "VCF0717", "VCF0718", "VCF0720", "VCF0721", "VCF0701", "VCF0675", "VCF0724", "VCF0725", "VCF0726", "VCF0745", "VCF0101", "VCF0104", "VCF0105a", "VCF0115", "VCF0140a", "VCF0112", "VCF0839"]}