{"validation": 0.42377558059323983, "id_test": 0.4193103448275862, "ood_test": 0.5386463190617493, "ood_validation": 0.5421788893598982, "0": 0.4216403162055336, "1": 0.4124910265613783, "3": 0.46128210154871596, "id_test_conf": [0.404590034507571, 0.4341391065565439], "id_test_balanced": 0.5720094442367554, "id_test_balanced_conf": [0.5652334271278232, 0.5787854613456875], "ood_test_conf": [0.5319123518672582, 0.5453697010658562], "ood_test_balanced": 0.5999232530593872, "ood_test_balanced_conf": [0.5964308854611591, 0.6034156206576153], "features": ["VCF0004", "VCF0901b", "VCF0218", "VCF0224", "VCF0302", "VCF9201", "VCF9202", "VCF9203", "VCF9206", "VCF0428", "VCF0429", "VCF0822", "VCF0870", "VCF0803", "VCF0601", "VCF0612", "VCF0615", "VCF0616", "VCF0617", "VCF0310", "VCF0743", "VCF0717", "VCF0718", "VCF0720", "VCF0721", "VCF0701", "VCF0675", "VCF0724", "VCF0725", "VCF0726", "VCF0745", "VCF0101", "VCF0104", "VCF0105a", "VCF0115", "VCF0140a", "VCF0112", "VCF0839"]}