{"validation": 0.8314555070131064, "id_test": 0.8259770114942528, "ood_test": 0.8012811454947953, "ood_validation": 0.8075455701568461, "train": 0.8213875158064146, "id_test_conf": [0.8143777541845553, 0.8371367914830905], "id_test_balanced": 0.7805745601654053, "id_test_balanced_conf": [0.7722000566497446, 0.788949063681066], "ood_test_conf": [0.7958489681202312, 0.8066307072294266], "ood_test_balanced": 0.779945969581604, "ood_test_balanced_conf": [0.7761546871578321, 0.7837372520053759], "features": ["VCF0004", "VCF0901b", "VCF0218", "VCF0224", "VCF0302", "VCF9201", "VCF9202", "VCF9203", "VCF9206", "VCF0428", "VCF0429", "VCF0822", "VCF0870", "VCF0803", "VCF0601", "VCF0612", "VCF0615", "VCF0616", "VCF0617", "VCF0310", "VCF0743", "VCF0717", "VCF0718", "VCF0720", "VCF0721", "VCF0701", "VCF0675", "VCF0724", "VCF0725", "VCF0726", "VCF0745", "VCF0101", "VCF0104", "VCF0105a", "VCF0115", "VCF0140a", "VCF0112", "VCF0839"]}