{"validation": 0.8250172453437572, "id_test": 0.8227586206896552, "ood_test": 0.7710423437426405, "ood_validation": 0.7825349724459517, "train": 0.8208414760317277, "id_test_conf": [0.811080078078416, 0.8340020662372634], "id_test_balanced": 0.7280665636062622, "id_test_balanced_conf": [0.7200972971692682, 0.7360358300432562], "ood_test_conf": [0.7653301896353877, 0.7766801956583462], "ood_test_balanced": 0.7265706062316895, "ood_test_balanced_conf": [0.7229705532686785, 0.7301706591947004], "features": ["VCF0004", "VCF0901b", "VCF0218", "VCF0224", "VCF0302", "VCF9201", "VCF9202", "VCF9203", "VCF9206", "VCF0428", "VCF0429", "VCF0822", "VCF0870", "VCF0803", "VCF0601", "VCF0612", "VCF0615", "VCF0616", "VCF0617", "VCF0310", "VCF0743", "VCF0717", "VCF0718", "VCF0720", "VCF0721", "VCF0701", "VCF0675", "VCF0724", "VCF0725", "VCF0726", "VCF0745", "VCF0101", "VCF0104", "VCF0105a", "VCF0115", "VCF0140a", "VCF0112", "VCF0839"]}