{"validation": 0.8047827086686594, "id_test": 0.8002298850574713, "ood_test": 0.727191371108285, "ood_validation": 0.7303942348452734, "train": 0.7971893321071387, "id_test_conf": [0.7880334488350861, 0.8120218325452625], "id_test_balanced": 0.6773027777671814, "id_test_balanced_conf": [0.6698055591341108, 0.684799996400252], "ood_test_conf": [0.7211457529440181, 0.7331747274919667], "ood_test_balanced": 0.6683346033096313, "ood_test_balanced_conf": [0.6649770292919129, 0.6716921773273498], "features": ["VCF0004", "VCF0901b", "VCF0218", "VCF0224", "VCF0302", "VCF9201", "VCF9202", "VCF9203", "VCF9206", "VCF0428", "VCF0429", "VCF0822", "VCF0870", "VCF0803", "VCF0601", "VCF0612", "VCF0615", "VCF0616", "VCF0617", "VCF0310", "VCF0743", "VCF0717", "VCF0718", "VCF0720", "VCF0721", "VCF0701", "VCF0675", "VCF0724", "VCF0725", "VCF0726", "VCF0745", "VCF0101", "VCF0104", "VCF0105a", "VCF0115", "VCF0140a", "VCF0112", "VCF0839"]}