{"validation": 0.8013336399172224, "id_test": 0.8043678160919541, "ood_test": 0.7930384814657812, "ood_validation": 0.8020347604917338, "train": 0.7984538452695712, "id_test_conf": [0.7922618485354873, 0.8160636793365021], "id_test_balanced": 0.7887558937072754, "id_test_balanced_conf": [0.780216382946819, 0.7972954044677317], "ood_test_conf": [0.7875255068339491, 0.7984711076764721], "ood_test_balanced": 0.7821854948997498, "ood_test_balanced_conf": [0.7782976704463362, 0.7860733193531633], "features": ["VCF0004", "VCF0901b", "VCF0218", "VCF0224", "VCF0302", "VCF9201", "VCF9202", "VCF9203", "VCF9206", "VCF0428", "VCF0429", "VCF0822", "VCF0870", "VCF0803", "VCF0601", "VCF0612", "VCF0615", "VCF0616", "VCF0617", "VCF0310", "VCF0743", "VCF0717", "VCF0718", "VCF0720", "VCF0721", "VCF0701", "VCF0675", "VCF0724", "VCF0725", "VCF0726", "VCF0745", "VCF0101", "VCF0104", "VCF0105a", "VCF0115", "VCF0140a", "VCF0112", "VCF0839"]}