{"validation": 0.543757233520292, "id_test": 0.5420715266826067, "ood_test": 0.5804247309628053, "ood_validation": 0.5757687350395876, "0": 0.4769292766471892, "1": 0.6938267765510807, "2": 0.6056601421269169, "3": 0.6754064359339647, "4": 0.6904820950302549, "5": 0.49958151285024305, "7": 0.3800218430354773, "8": 0.5447824963732835, "9": 0.473487663994985, "id_test_conf": [0.5385812051793246, 0.5455587434275957], "id_test_balanced": 0.6179559826850891, "id_test_balanced_conf": [0.6156323523633183, 0.62027961300686], "ood_test_conf": [0.5760349203391922, 0.584804987660037], "ood_test_balanced": 0.6089643239974976, "ood_test_balanced_conf": [0.605921974228695, 0.6120066737663001], "features": ["DIVISION", "AGEP", "SEX", "RAC1P", "POBP", "DIS", "ANC", "NATIVITY", "DEAR", "DEYE", "DREM", "ST"]}