{"validation": 0.8151271191829779, "id_test": 0.8119626596123518, "ood_test": 0.7783051679692295, "ood_validation": 0.7884367519793777, "train": 0.8120244571697471, "id_test_conf": [0.809213634678623, 0.8146886473185266], "id_test_balanced": 0.5247257947921753, "id_test_balanced_conf": [0.5238210861291737, 0.5256305034551769], "ood_test_conf": [0.7745959567038108, 0.7819812992433066], "ood_test_balanced": 0.5116297006607056, "ood_test_balanced_conf": [0.5106728821829892, 0.5125865191384219], "features": ["AGEP", "SEX", "RAC1P", "POBP", "DIS", "ANC", "DEAR", "DEYE", "DREM", "ST", "DIVISION"]}