{"validation": 0.6782402991338853, "id_test": 0.6772905326346849, "ood_test": 0.599042514014485, "ood_validation": 0.5932609095930768, "0": 0.47894418698367924, "1": 0.7527989426216762, "2": 0.7170676972946016, "3": 0.7297305790664543, "4": 0.7723936117448665, "5": 0.6195683055493699, "7": 0.5661221565887286, "8": 0.6766757417380418, "9": 0.7178704159763578, "id_test_conf": [0.6740098972656989, 0.6805580823958177], "id_test_balanced": 0.6252384185791016, "id_test_balanced_conf": [0.6228823859477416, 0.6275944512104615], "ood_test_conf": [0.5946817116441039, 0.6033915505372829], "ood_test_balanced": 0.5887880325317383, "ood_test_balanced_conf": [0.5857055825460702, 0.5918704825174064], "features": ["AGEP", "SEX", "RAC1P", "POBP", "DIS", "ANC", "DEAR", "DEYE", "DREM", "ST", "DIVISION"]}