{"validation": 0.6756953453786033, "id_test": 0.6783869987849331, "ood_test": 0.6011381749680547, "ood_validation": 0.5975103734439834, "0": 0.911902789284728, "2": 0.6304169280784806, "3": 0.6956349970116595, "4": 0.7199324360670906, "5": 0.6769842764334808, "6": 0.7393339063757794, "7": 0.696294234223486, "8": 0.6925499834765367, "9": 0.6272704467960569, "id_test_conf": [0.6760775288433292, 0.6806899220139977], "id_test_balanced": 0.49953213334083557, "id_test_balanced_conf": [0.49942749112597085, 0.4996367755557003], "ood_test_conf": [0.5976444510454137, 0.604624167384569], "ood_test_balanced": 0.49936822056770325, "ood_test_balanced_conf": [0.499187430011807, 0.4995490111235995], "features": ["DIVISION", "HINS2", "HINS4", "NWLK"]}