{"validation": 0.2040289918469858, "id_test": 0.2023531186363979, "ood_test": 0.3045638611299971, "ood_validation": 0.302713103713681, "train": 0.20392340239386375, "id_test_conf": [0.20019338946349283, 0.20452587237837055], "id_test_balanced": 0.5124109983444214, "id_test_balanced_conf": [0.5113519079308025, 0.5134700887580402], "ood_test_conf": [0.302698896495631, 0.30643367063686616], "ood_test_balanced": 0.528587818145752, "ood_test_balanced_conf": [0.5275509243877604, 0.5296247119037435], "features": ["SEX", "SMOKE100", "MARITAL", "PRACE1", "IYEAR"]}