{"validation": 0.7770881882499536, "id_test": 0.7762120044250792, "ood_test": 0.3637331774826777, "ood_validation": 0.3601831066508209, "train": 0.7760952951251907, "id_test_conf": [0.7750550737340849, 0.7773657386870135], "id_test_balanced": 0.5, "id_test_balanced_conf": [0.5, 0.5], "ood_test_conf": [0.36269045629196583, 0.3647768638650143], "ood_test_balanced": 0.5000014305114746, "ood_test_balanced_conf": [0.49999704971982284, 0.5000058113031264], "features": ["AGEP", "SEX", "RAC1P", "DEAR", "DEYE", "DREM", "ANC", "DIS"]}