{"validation": 0.777868968670936, "id_test": 0.7769887895331701, "ood_test": 0.3685444143801574, "ood_validation": 0.3649698490250451, "train": 0.7766813795148529, "id_test_conf": [0.7758332830262813, 0.7781410906171959], "id_test_balanced": 0.5110072493553162, "id_test_balanced_conf": [0.5107440913683967, 0.5112704073422356], "ood_test_conf": [0.36749877880511117, 0.369590981066354], "ood_test_balanced": 0.5015583634376526, "ood_test_balanced_conf": [0.5013918674143497, 0.5017248594609555], "features": ["AGEP", "SEX", "RAC1P", "DEAR", "DEYE", "DREM", "ANC", "DIS"]}