{"id_test": 0.7771844834678563, "id_test_conf": [0.7760293366654359, 0.7783364225816184], "id_test_balanced": 0.5116190910339355, "id_test_balanced_conf": [0.5113508012134116, 0.5118873808544595], "ood_test": 0.3667972078931184, "ood_test_conf": [0.36575261771355566, 0.36784274156017194], "ood_test_balanced": 0.5014877319335938, "ood_test_balanced_conf": [0.5013714104313113, 0.5016040534358762], "validation": 0.7781704976826197, "validation_conf": [0.7770171677209009, 0.7793206085328477], "validation_balanced": 0.5117228627204895, "validation_balanced_conf": [0.5114550844376208, 0.5119906410033582], "features": ["AGEP", "SEX", "RAC1P", "DEAR", "DEYE", "DREM", "ANC", "DIS"]}