{"id_test": 0.7771864803447408, "id_test_conf": [0.7760313372146701, 0.7783384157630365], "id_test_balanced": 0.5114743709564209, "id_test_balanced_conf": [0.5112078898999607, 0.5117408520128811], "ood_test": 0.3668033212818064, "ood_test_conf": [0.36575872741872156, 0.36784885858907124], "ood_test_balanced": 0.5015127062797546, "ood_test_balanced_conf": [0.5013970779844386, 0.5016283345750707], "validation": 0.7781864727295964, "validation_conf": [0.7770331722995504, 0.7793365538631822], "validation_balanced": 0.5116086006164551, "validation_balanced_conf": [0.5113424272811972, 0.511874773951713], "features": ["AGEP", "SEX", "RAC1P", "DEAR", "DEYE", "DREM", "ANC", "DIS"]}