{"validation": 0.5690531389968868, "id_test": 0.568938180685408, "ood_test": 0.563061438333637, "ood_validation": 0.564637528060214, "train": 0.568166132459565, "id_test_conf": [0.5675651912073614, 0.5703103725297156], "id_test_balanced": 0.5911320447921753, "id_test_balanced_conf": [0.5901724332361482, 0.5920916563482024], "ood_test_conf": [0.5619856455675344, 0.5641367844396707], "ood_test_balanced": 0.5469464659690857, "ood_test_balanced_conf": [0.5461890077055432, 0.5477039242326281], "features": ["AGEP", "SEX", "RAC1P", "DEAR", "DEYE", "DREM", "ANC", "DIS"]}