{"validation": 0.777587408467973, "id_test": 0.7764316608823799, "ood_test": 0.3684734990713763, "ood_validation": 0.36483780095954926, "train": 0.7764170424753928, "id_test_conf": [0.7752751323308459, 0.7775849904616295], "id_test_balanced": 0.5070063471794128, "id_test_balanced_conf": [0.5067910464992746, 0.507221647859551], "ood_test_conf": [0.36742790563951244, 0.36952002411671864], "ood_test_balanced": 0.5013608336448669, "ood_test_balanced_conf": [0.5011911664731451, 0.5015305008165888], "features": ["AGEP", "SEX", "RAC1P", "DEAR", "DEYE", "DREM", "ANC", "DIS"]}