{"validation": 0.7775953959914613, "id_test": 0.7765754360180678, "ood_test": 0.368061456673803, "ood_validation": 0.3646397288613055, "train": 0.776451488661838, "id_test_conf": [0.7754191709351863, 0.7777285004640038], "id_test_balanced": 0.5101694464683533, "id_test_balanced_conf": [0.5099116093857446, 0.5104272835509619], "ood_test_conf": [0.36701610858870376, 0.3691077392910814], "ood_test_balanced": 0.5020989179611206, "ood_test_balanced_conf": [0.5019608086269, 0.5022370272953413], "features": ["AGEP", "SEX", "RAC1P", "DEAR", "DEYE", "DREM", "ANC", "DIS"]}