{"validation": 0.7772299667918711, "id_test": 0.7762559357165393, "ood_test": 0.3639740449969861, "ood_validation": 0.36042519477089663, "train": 0.7761402249335975, "id_test_conf": [0.7750990854165052, 0.7774095890788683], "id_test_balanced": 0.5021588802337646, "id_test_balanced_conf": [0.5020380065668724, 0.5022797539006569], "ood_test_conf": [0.36293117523116675, 0.3650178782482485], "ood_test_balanced": 0.5000777244567871, "ood_test_balanced_conf": [0.5000398193168804, 0.5001156295966939], "features": ["AGEP", "SEX", "RAC1P", "DEAR", "DEYE", "DREM", "ANC", "DIS"]}