{"validation": 0.7773837266190211, "id_test": 0.7764076983597653, "ood_test": 0.3648017978253454, "ood_validation": 0.36164663937673314, "train": 0.7763191953370846, "id_test_conf": [0.7752511259160335, 0.7775610721086597], "id_test_balanced": 0.5035045146942139, "id_test_balanced_conf": [0.5033535541279707, 0.5036554752604571], "ood_test_conf": [0.3637584196246262, 0.3658461336480777], "ood_test_balanced": 0.5005510449409485, "ood_test_balanced_conf": [0.5004840957425768, 0.5006179941393202], "features": ["AGEP", "SEX", "RAC1P", "DEAR", "DEYE", "DREM", "ANC", "DIS"]}