{"validation": 0.7778589842665756, "id_test": 0.7769808020256319, "ood_test": 0.3681140318165201, "ood_validation": 0.3647387649104274, "train": 0.776737042555268, "id_test_conf": [0.7758252808447466, 0.7781331178761394], "id_test_balanced": 0.5155776143074036, "id_test_balanced_conf": [0.5152627591585042, 0.515892469456303], "ood_test_conf": [0.3670686523804177, 0.3691603454123856], "ood_test_balanced": 0.5020970702171326, "ood_test_balanced_conf": [0.5019573000754463, 0.5022368403588189], "features": ["AGEP", "SEX", "RAC1P", "DEAR", "DEYE", "DREM", "ANC", "DIS"]}