{"validation": 0.7774915581861133, "id_test": 0.7766093829251052, "ood_test": 0.36769954406347166, "ood_validation": 0.36416655662661207, "train": 0.7765336103672038, "id_test_conf": [0.7754531800789914, 0.7777623847412247], "id_test_balanced": 0.5009354948997498, "id_test_balanced_conf": [0.5008744287480659, 0.5009965610514336], "ood_test_conf": [0.3666544121522646, 0.36874561307045906], "ood_test_balanced": 0.5030765533447266, "ood_test_balanced_conf": [0.5029890798566339, 0.5031640268328192], "features": ["DIS", "ESP", "MIG", "ANC", "NATIVITY", "DEAR", "DEYE", "DREM", "PINCP", "ESR", "FER", "AGEP", "SEX", "MAR", "CIT", "RAC1P", "SCHL", "ST"]}