{"validation": 0.7770901851308256, "id_test": 0.7762140013019637, "ood_test": 0.3637319548049401, "ood_validation": 0.3601610986399049, "train": 0.7760972920055643, "id_test_conf": [0.7750570742647036, 0.7773677318870474], "id_test_balanced": 0.5000044703483582, "id_test_balanced_conf": [0.5000003336200279, 0.5000086070766884], "ood_test_conf": [0.3626892343691368, 0.3647756404410357], "ood_test_balanced": 0.5000019073486328, "ood_test_balanced_conf": [0.4999997829728682, 0.5000040317243974], "features": ["DIS", "ESP", "MIG", "ANC", "NATIVITY", "DEAR", "DEYE", "DREM", "PINCP", "ESR", "FER", "AGEP", "SEX", "MAR", "CIT", "RAC1P", "SCHL", "ST"]}