{"validation": 0.8056775316954916, "id_test": 0.8042681246530426, "ood_test": 0.6737162189424571, "ood_validation": 0.676383203486069, "train": 0.8052667220634564, "id_test_conf": [0.8031664755587018, 0.8053662524388453], "id_test_balanced": 0.6346037983894348, "id_test_balanced_conf": [0.6338774338574149, 0.6353301629214547], "ood_test_conf": [0.6726988846684667, 0.6747323227420445], "ood_test_balanced": 0.7149618864059448, "ood_test_balanced_conf": [0.7143101045489311, 0.7156136682629586], "features": ["DIS", "ESP", "MIG", "ANC", "NATIVITY", "DEAR", "DEYE", "DREM", "PINCP", "ESR", "FER", "AGEP", "SEX", "MAR", "CIT", "RAC1P", "SCHL", "ST"]}