{"validation": 0.8063824306433351, "id_test": 0.805154737989784, "ood_test": 0.6270246014987584, "ood_validation": 0.6278995554381795, "train": 0.8055972057652931, "id_test_conf": [0.8040549712579426, 0.8062509731449564], "id_test_balanced": 0.6146692037582397, "id_test_balanced_conf": [0.6139965849916916, 0.6153418225247879], "ood_test_conf": [0.6259754809947329, 0.628072822278369], "ood_test_balanced": 0.6881650686264038, "ood_test_balanced_conf": [0.6875439519900829, 0.6887861852627247], "features": ["DIS", "ESP", "MIG", "ANC", "NATIVITY", "DEAR", "DEYE", "DREM", "PINCP", "ESR", "FER", "AGEP", "SEX", "MAR", "CIT", "RAC1P", "SCHL", "ST"]}