{"validation": 0.7900439513479944, "id_test": 0.7889101445339489, "ood_test": 0.46962685098126, "ood_validation": 0.46949689687046087, "train": 0.7890997289484503, "id_test_conf": [0.7877772350313116, 0.7900397105782281], "id_test_balanced": 0.567905843257904, "id_test_balanced_conf": [0.5673337203776464, 0.5684779661381617], "ood_test_conf": [0.4685447372531326, 0.4707091798394304], "ood_test_balanced": 0.5677753686904907, "ood_test_balanced_conf": [0.5672540583414957, 0.5682966790394858], "features": ["DIS", "ESP", "MIG", "ANC", "NATIVITY", "DEAR", "DEYE", "DREM", "PINCP", "ESR", "FER", "AGEP", "SEX", "MAR", "CIT", "RAC1P", "SCHL", "ST"]}