{"validation": 0.8076045217370468, "id_test": 0.806314923459709, "ood_test": 0.662978663050801, "ood_validation": 0.663937673313086, "train": 0.8072071905665374, "id_test_conf": [0.8052176331470848, 0.807408668759068], "id_test_balanced": 0.642282247543335, "id_test_balanced_conf": [0.6415453142754268, 0.6430191808112431], "ood_test_conf": [0.6619530452689604, 0.6640031264224533], "ood_test_balanced": 0.7092605233192444, "ood_test_balanced_conf": [0.7086151065479498, 0.709905940090539], "features": ["DIS", "ESP", "MIG", "ANC", "NATIVITY", "DEAR", "DEYE", "DREM", "PINCP", "ESR", "FER", "AGEP", "SEX", "MAR", "CIT", "RAC1P", "SCHL", "ST"]}