{"validation": 0.8074527587907688, "id_test": 0.8067801957738098, "ood_test": 0.6298306469065642, "ood_validation": 0.6308376248954619, "train": 0.8073180174272743, "id_test_conf": [0.8056839028229007, 0.807872938322888], "id_test_balanced": 0.6153384447097778, "id_test_balanced_conf": [0.6146696881880053, 0.6160072012315504], "ood_test_conf": [0.6287831327141321, 0.6308772414980749], "ood_test_balanced": 0.6907013058662415, "ood_test_balanced_conf": [0.6900811687239912, 0.6913214430084917], "features": ["DIS", "ESP", "MIG", "ANC", "NATIVITY", "DEAR", "DEYE", "DREM", "PINCP", "ESR", "FER", "AGEP", "SEX", "MAR", "CIT", "RAC1P", "SCHL", "ST"]}