{"validation": 0.7223856336402539, "id_test": 0.7210542711199683, "ood_test": 0.7455350865716972, "ood_validation": 0.7478652229411505, "train": 0.7219958120426364, "id_test_conf": [0.7198098648539162, 0.7222961194701106], "id_test_balanced": 0.7192068099975586, "id_test_balanced_conf": [0.7183267245069146, 0.7200868954882026], "ood_test_conf": [0.7445896500094319, 0.7464787838429838], "ood_test_balanced": 0.7209411859512329, "ood_test_balanced_conf": [0.7202678638952784, 0.7216145080071874], "features": ["DIS", "ESP", "MIG", "ANC", "NATIVITY", "DEAR", "DEYE", "DREM", "PINCP", "ESR", "FER", "AGEP", "SEX", "MAR", "CIT", "RAC1P", "SCHL", "ST"]}