{"validation": 0.7269984284547537, "id_test": 0.7262401603891514, "ood_test": 0.7504013439673691, "ood_validation": 0.7514745367313702, "train": 0.7268187773650614, "id_test_conf": [0.7250029073762754, 0.7274747954617045], "id_test_balanced": 0.7201627492904663, "id_test_balanced_conf": [0.7192838191019837, 0.7210416794789489], "ood_test_conf": [0.7494619134517194, 0.751339000711274], "ood_test_balanced": 0.7167782783508301, "ood_test_balanced_conf": [0.7161141833674628, 0.7174423733341974], "features": ["DIS", "ESP", "MIG", "ANC", "NATIVITY", "DEAR", "DEYE", "DREM", "PINCP", "ESR", "FER", "AGEP", "SEX", "MAR", "CIT", "RAC1P", "SCHL", "ST"]}