{"validation": 0.8082654893057045, "id_test": 0.8070497741532243, "ood_test": 0.6156805974492497, "ood_validation": 0.614243584664818, "train": 0.8075194527349648, "id_test_conf": [0.8059540601867082, 0.8081419345957663], "id_test_balanced": 0.619471549987793, "id_test_balanced_conf": [0.6187919044878799, 0.620151195487706], "ood_test_conf": [0.6146253658747947, 0.616735009653404], "ood_test_balanced": 0.6800382137298584, "ood_test_balanced_conf": [0.6794217335327994, 0.6806546939269174], "features": ["DIS", "ESP", "MIG", "ANC", "NATIVITY", "DEAR", "DEYE", "DREM", "PINCP", "ESR", "FER", "AGEP", "SEX", "MAR", "CIT", "RAC1P", "SCHL", "ST"]}