{"validation": 0.8076504499971046, "id_test": 0.8067921770351171, "ood_test": 0.6415255594667658, "ood_validation": 0.643228135041155, "train": 0.8073379862310106, "id_test_conf": [0.805695909799474, 0.8078848937301606], "id_test_balanced": 0.6246813535690308, "id_test_balanced_conf": [0.6239867722534109, 0.6253759348846506], "ood_test_conf": [0.6404851501796793, 0.642564966311587], "ood_test_balanced": 0.6973638534545898, "ood_test_balanced_conf": [0.6967337201791816, 0.6979939867299981], "features": ["DIS", "ESP", "MIG", "ANC", "NATIVITY", "DEAR", "DEYE", "DREM", "PINCP", "ESR", "FER", "AGEP", "SEX", "MAR", "CIT", "RAC1P", "SCHL", "ST"]}