{"validation": 0.8081916047134377, "id_test": 0.8067043144521968, "ood_test": 0.6436860310291156, "ood_validation": 0.6451098199744707, "train": 0.8073789222786701, "id_test_conf": [0.805607858675411, 0.8077972207059756], "id_test_balanced": 0.6275205612182617, "id_test_balanced_conf": [0.6268184297950938, 0.6282226926414296], "ood_test_conf": [0.6426470073866961, 0.6447240369253293], "ood_test_balanced": 0.6987044811248779, "ood_test_balanced_conf": [0.6980730587232392, 0.6993359035265166], "features": ["DIS", "ESP", "MIG", "ANC", "NATIVITY", "DEAR", "DEYE", "DREM", "PINCP", "ESR", "FER", "AGEP", "SEX", "MAR", "CIT", "RAC1P", "SCHL", "ST"]}