{"validation": 0.8062087020074643, "id_test": 0.8054163288616604, "ood_test": 0.6282986317013438, "ood_validation": 0.6289449359566882, "train": 0.8057297487000933, "id_test_conf": [0.8043171191829865, 0.8065120039340894], "id_test_balanced": 0.6053723096847534, "id_test_balanced_conf": [0.6047293901641387, 0.6060152292053681], "ood_test_conf": [0.6272502358260541, 0.6293461188277085], "ood_test_balanced": 0.6894088983535767, "ood_test_balanced_conf": [0.6887885759340133, 0.69002922077314], "features": ["DIS", "ESP", "MIG", "ANC", "NATIVITY", "DEAR", "DEYE", "DREM", "PINCP", "ESR", "FER", "AGEP", "SEX", "MAR", "CIT", "RAC1P", "SCHL", "ST"]}