{"validation": 0.8071132890425156, "id_test": 0.8059115543290294, "ood_test": 0.6345159479970705, "ood_validation": 0.634975130947665, "train": 0.8061393587867354, "id_test_conf": [0.8048134013166074, 0.807006166999795], "id_test_balanced": 0.6191987991333008, "id_test_balanced_conf": [0.6185159821284469, 0.6198816161381546], "ood_test_conf": [0.6334712004448162, 0.6355597427600712], "ood_test_balanced": 0.6918281316757202, "ood_test_balanced_conf": [0.6911981675913558, 0.6924580957600847], "features": ["DIS", "ESP", "MIG", "ANC", "NATIVITY", "DEAR", "DEYE", "DREM", "PINCP", "ESR", "FER", "AGEP", "SEX", "MAR", "CIT", "RAC1P", "SCHL", "ST"]}