{"validation": 0.799888574047338, "id_test": 0.7987747163436385, "ood_test": 0.6601493867659807, "ood_validation": 0.6602183194682865, "train": 0.7990918687280796, "id_test_conf": [0.7976615968010954, 0.7998843781962007], "id_test_balanced": 0.6165511608123779, "id_test_balanced_conf": [0.6158515539066866, 0.6172507677180693], "ood_test_conf": [0.6591216853714623, 0.6611759537924591], "ood_test_balanced": 0.703752875328064, "ood_test_balanced_conf": [0.7030974998441525, 0.7044082508119754], "features": ["DIS", "ESP", "MIG", "ANC", "NATIVITY", "DEAR", "DEYE", "DREM", "PINCP", "ESR", "FER", "AGEP", "SEX", "MAR", "CIT", "RAC1P", "SCHL", "ST"]}