{"validation": 0.8001761248929172, "id_test": 0.7989164946024417, "ood_test": 0.5601539106736099, "ood_validation": 0.5602029138606452, "train": 0.7990147392236479, "id_test_conf": [0.7978036669786353, 0.8000258628943954], "id_test_balanced": 0.5868428945541382, "id_test_balanced_conf": [0.5862389939907007, 0.5874467951175757], "ood_test_conf": [0.5590773458288713, 0.5612300494523426], "ood_test_balanced": 0.6412366628646851, "ood_test_balanced_conf": [0.6406601092440541, 0.641813216485316], "features": ["DIS", "ESP", "MIG", "ANC", "NATIVITY", "DEAR", "DEYE", "DREM", "PINCP", "ESR", "FER", "AGEP", "SEX", "MAR", "CIT", "RAC1P", "SCHL", "ST"]}