{"validation": 0.8038104480800989, "id_test": 0.8025028854870981, "ood_test": 0.6971940768599679, "ood_validation": 0.6979510541837228, "train": 0.8033871584117712, "id_test_conf": [0.8013975145292985, 0.8036047555798091], "id_test_balanced": 0.6455358266830444, "id_test_balanced_conf": [0.644782178811729, 0.6462894745543599], "ood_test_conf": [0.6961969890916667, 0.6981897678317269], "ood_test_balanced": 0.7241315841674805, "ood_test_balanced_conf": [0.7234635950520169, 0.7247995732829441], "features": ["DIS", "ESP", "MIG", "ANC", "NATIVITY", "DEAR", "DEYE", "DREM", "PINCP", "ESR", "FER", "AGEP", "SEX", "MAR", "CIT", "RAC1P", "SCHL", "ST"]}