{"validation": 0.8053819933264241, "id_test": 0.8041842558238914, "ood_test": 0.6492565508016487, "ood_validation": 0.6494894141467494, "train": 0.8048406377137317, "id_test_conf": [0.8030824291200863, 0.8052825621904623], "id_test_balanced": 0.6128787398338318, "id_test_balanced_conf": [0.6122078866208903, 0.6135495930467733], "ood_test_conf": [0.6482212063248494, 0.6502908380725925], "ood_test_balanced": 0.7013678550720215, "ood_test_balanced_conf": [0.7007306430966128, 0.7020050670474302], "features": ["DIS", "ESP", "MIG", "ANC", "NATIVITY", "DEAR", "DEYE", "DREM", "PINCP", "ESR", "FER", "AGEP", "SEX", "MAR", "CIT", "RAC1P", "SCHL", "ST"]}