{"validation": 0.7771901586571626, "id_test": 0.7735632183908046, "ood_test": 0.6810324525458057, "ood_validation": 0.6824925816023739, "train": 0.766266237498563, "id_test_conf": [0.7608295782523179, 0.7859285032537603], "id_test_balanced": 0.6260640025138855, "id_test_balanced_conf": [0.6193297718279064, 0.6327982331998646], "ood_test_conf": [0.6747151195353309, 0.6873001849963343], "ood_test_balanced": 0.6098737716674805, "ood_test_balanced_conf": [0.6069258108781651, 0.6128217324567958], "features": ["VCF0004", "VCF0901b", "VCF0218", "VCF0224", "VCF0302", "VCF9201", "VCF9202", "VCF9203", "VCF9206", "VCF0428", "VCF0429", "VCF0822", "VCF0870", "VCF0803", "VCF0601", "VCF0612", "VCF0615", "VCF0616", "VCF0617", "VCF0310", "VCF0743", "VCF0717", "VCF0718", "VCF0720", "VCF0721", "VCF0701", "VCF0675", "VCF0724", "VCF0725", "VCF0726", "VCF0745", "VCF0101", "VCF0104", "VCF0105a", "VCF0115", "VCF0140a", "VCF0112", "VCF9045"]}