{"validation": 0.7709818349045757, "id_test": 0.7754022988505748, "ood_test": 0.7573830719231313, "ood_validation": 0.7600678253497245, "train": 0.7749741349580411, "id_test_conf": [0.762703285372643, 0.7877304678488779], "id_test_balanced": 0.7396944761276245, "id_test_balanced_conf": [0.7306600467674434, 0.7487289054878056], "ood_test_conf": [0.7515584275195837, 0.7631371662821946], "ood_test_balanced": 0.7333712577819824, "ood_test_balanced_conf": [0.729342722054571, 0.7373997935093939], "features": ["VCF0004", "VCF0901b", "VCF0218", "VCF0224", "VCF0302", "VCF9201", "VCF9202", "VCF9203", "VCF9206", "VCF0428", "VCF0429", "VCF0822", "VCF0870", "VCF0803", "VCF0601", "VCF0612", "VCF0615", "VCF0616", "VCF0617", "VCF0310", "VCF0743", "VCF0717", "VCF0718", "VCF0720", "VCF0721", "VCF0701", "VCF0675", "VCF0724", "VCF0725", "VCF0726", "VCF0745", "VCF0101", "VCF0104", "VCF0105a", "VCF0115", "VCF0140a", "VCF0112", "VCF9045"]}