{"validation": 0.7220050586341688, "id_test": 0.7103448275862069, "ood_test": 0.67109415477368, "ood_validation": 0.6680796947859262, "0": 0.725197628458498, "1": 0.7120603015075377, "3": 0.7249558910017644, "id_test_conf": [0.6966121418335129, 0.7237945448492222], "id_test_balanced": 0.6508550047874451, "id_test_balanced_conf": [0.6413206780701876, 0.6603893315047026], "ood_test_conf": [0.6647278926524292, 0.6774135411437394], "ood_test_balanced": 0.6437962651252747, "ood_test_balanced_conf": [0.6394536537770182, 0.6481388764735311], "features": ["VCF0004", "VCF0901b", "VCF0218", "VCF0224", "VCF0302", "VCF9201", "VCF9202", "VCF9203", "VCF9206", "VCF0428", "VCF0429", "VCF0822", "VCF0870", "VCF0803", "VCF0601", "VCF0612", "VCF0615", "VCF0616", "VCF0617", "VCF0310", "VCF0743", "VCF0717", "VCF0718", "VCF0720", "VCF0721", "VCF0701", "VCF0675", "VCF0724", "VCF0725", "VCF0726", "VCF0745", "VCF0101", "VCF0104", "VCF0105a", "VCF0115", "VCF0140a", "VCF0112", "VCF9045"]}