{"validation": 0.7095884111289952, "id_test": 0.6903448275862069, "ood_test": 0.658895012010739, "ood_validation": 0.6591776176345909, "0": 0.7136363636363636, "1": 0.6932519741564968, "3": 0.7087825916486963, "id_test_conf": [0.6763657817680124, 0.70406786381081], "id_test_balanced": 0.6480734348297119, "id_test_balanced_conf": [0.6382783553935587, 0.6578685142658651], "ood_test_conf": [0.6524730612585014, 0.6652734312078221], "ood_test_balanced": 0.6388508081436157, "ood_test_balanced_conf": [0.6343948905915022, 0.6433067256957292], "features": ["VCF0004", "VCF0901b", "VCF0218", "VCF0224", "VCF0302", "VCF9201", "VCF9202", "VCF9203", "VCF9206", "VCF0428", "VCF0429", "VCF0822", "VCF0870", "VCF0803", "VCF0601", "VCF0612", "VCF0615", "VCF0616", "VCF0617", "VCF0310", "VCF0743", "VCF0717", "VCF0718", "VCF0720", "VCF0721", "VCF0701", "VCF0675", "VCF0724", "VCF0725", "VCF0726", "VCF0745", "VCF0101", "VCF0104", "VCF0105a", "VCF0115", "VCF0140a", "VCF0112", "VCF9045"]}