{"validation": 0.7675327661531387, "id_test": 0.7632183908045977, "ood_test": 0.7059959493193915, "ood_validation": 0.7197965239508266, "0": 0.7713438735177865, "1": 0.7658291457286432, "3": 0.7734757890609685, "id_test_conf": [0.7502962717477761, 0.7757861497764287], "id_test_balanced": 0.663774847984314, "id_test_balanced_conf": [0.6552793784625828, 0.6722703175060452], "ood_test_conf": [0.6998161811856773, 0.7121192708015445], "ood_test_balanced": 0.656006932258606, "ood_test_balanced_conf": [0.6522543741622939, 0.659759490354918], "features": ["VCF0004", "VCF0901b", "VCF0218", "VCF0224", "VCF0302", "VCF9201", "VCF9202", "VCF9203", "VCF9206", "VCF0428", "VCF0429", "VCF0822", "VCF0870", "VCF0803", "VCF0601", "VCF0612", "VCF0615", "VCF0616", "VCF0617", "VCF0310", "VCF0743", "VCF0717", "VCF0718", "VCF0720", "VCF0721", "VCF0701", "VCF0675", "VCF0724", "VCF0725", "VCF0726", "VCF0745", "VCF0101", "VCF0104", "VCF0105a", "VCF0115", "VCF0140a", "VCF0112", "VCF9045"]}