{"validation": 0.6523338698551391, "id_test": 0.6482758620689655, "ood_test": 0.6414676652065376, "ood_validation": 0.6396778295888088, "0": 0.6807312252964427, "1": 0.6466618808327351, "3": 0.663595373456185, "id_test_conf": [0.6338749921578539, 0.6624773730698443], "id_test_balanced": 0.6677192449569702, "id_test_balanced_conf": [0.6578723426349461, 0.6775661472789943], "ood_test_conf": [0.6349742786201282, 0.6479222968628671], "ood_test_balanced": 0.6511745452880859, "ood_test_balanced_conf": [0.6466677266731858, 0.655681363902986], "features": ["VCF0004", "VCF0901b", "VCF0218", "VCF0224", "VCF0302", "VCF9201", "VCF9202", "VCF9203", "VCF9206", "VCF0428", "VCF0429", "VCF0822", "VCF0870", "VCF0803", "VCF0601", "VCF0612", "VCF0615", "VCF0616", "VCF0617", "VCF0310", "VCF0743", "VCF0717", "VCF0718", "VCF0720", "VCF0721", "VCF0701", "VCF0675", "VCF0724", "VCF0725", "VCF0726", "VCF0745", "VCF0101", "VCF0104", "VCF0105a", "VCF0115", "VCF0140a", "VCF0112", "VCF9045"]}