{"validation": 0.2986893538744539, "id_test": 0.2963218390804598, "ood_test": 0.40492675804248507, "ood_validation": 0.41373463331920307, "0": 0.31600790513833993, "1": 0.2980617372577172, "3": 0.3099392276024309, "id_test_conf": [0.28277757035039347, 0.3101400877381404], "id_test_balanced": 0.4993882179260254, "id_test_balanced_conf": [0.49874487417284397, 0.5000315616792068], "ood_test_conf": [0.3983136765450119, 0.4115658818810495], "ood_test_balanced": 0.499152809381485, "ood_test_balanced_conf": [0.4988177203584928, 0.49948789840447716], "features": ["VCF0004", "VCF0901b", "VCF0218", "VCF0224", "VCF0302", "VCF9201", "VCF9202", "VCF9203", "VCF9206", "VCF0428", "VCF0429", "VCF0822", "VCF0870", "VCF0803", "VCF0601", "VCF0612", "VCF0615", "VCF0616", "VCF0617", "VCF0310", "VCF0743", "VCF0717", "VCF0718", "VCF0720", "VCF0721", "VCF0701", "VCF0675", "VCF0724", "VCF0725", "VCF0726", "VCF0745", "VCF0101", "VCF0104", "VCF0105a", "VCF0115", "VCF0140a", "VCF0112", "VCF9045"]}