{"validation": 0.31915382846631407, "id_test": 0.3158620689655172, "ood_test": 0.41778531392774715, "ood_validation": 0.42687579482831706, "train": 0.329865501781814, "id_test_conf": [0.30206040035684295, 0.3299113845039679], "id_test_balanced": 0.5123803019523621, "id_test_balanced_conf": [0.5096738818567246, 0.5150867220479995], "ood_test_conf": [0.41113931409373256, 0.42445383340724085], "ood_test_balanced": 0.509931206703186, "ood_test_balanced_conf": [0.5088890294614248, 0.5109733839449473], "features": ["VCF0004", "VCF0901b", "VCF0218", "VCF0224", "VCF0302", "VCF9201", "VCF9202", "VCF9203", "VCF9206", "VCF0428", "VCF0429", "VCF0822", "VCF0870", "VCF0803", "VCF0601", "VCF0612", "VCF0615", "VCF0616", "VCF0617", "VCF0310", "VCF0743", "VCF0717", "VCF0718", "VCF0720", "VCF0721", "VCF0701", "VCF0675", "VCF0724", "VCF0725", "VCF0726", "VCF0745", "VCF0101", "VCF0104", "VCF0105a", "VCF0115", "VCF0140a", "VCF0112", "VCF9045"]}