{"id_test": 0.835632183908046, "id_test_conf": [0.8242793692515581, 0.8465323669817651], "id_test_balanced": 0.7721918225288391, "id_test_balanced_conf": [0.764009999204427, 0.7803736458532512], "ood_test": 0.7975130705101031, "ood_test_conf": [0.792043521040157, 0.802901040895786], "ood_test_balanced": 0.7674381732940674, "ood_test_balanced_conf": [0.7637160337623209, 0.7711603128258139], "validation": 0.8321453207633939, "validation_conf": [0.820700633117939, 0.8431420261511875], "validation_balanced": 0.768348217010498, "validation_balanced_conf": [0.7601341125369072, 0.7765623214840889], "features": ["VCF0004", "VCF0901b", "VCF0218", "VCF0224", "VCF0302", "VCF9201", "VCF9202", "VCF9203", "VCF9206", "VCF0428", "VCF0429", "VCF0822", "VCF0870", "VCF0803", "VCF0601", "VCF0612", "VCF0615", "VCF0616", "VCF0617", "VCF0310", "VCF0743", "VCF0717", "VCF0718", "VCF0720", "VCF0721", "VCF0701", "VCF0675", "VCF0724", "VCF0725", "VCF0726", "VCF0745", "VCF0101", "VCF0104", "VCF0105a", "VCF0115", "VCF0140a", "VCF0112", "VCF9045"]}