{"id_test": 0.8349425287356322, "id_test_conf": [0.8235716715956041, 0.845861694595091], "id_test_balanced": 0.7717016339302063, "id_test_balanced_conf": [0.7635085059516132, 0.7798947619087994], "ood_test": 0.7981253826951157, "ood_test_conf": [0.7926618557302255, 0.8035071621486487], "ood_test_balanced": 0.7680455446243286, "ood_test_balanced_conf": [0.7643274620268494, 0.7717636272218078], "validation": 0.8298459415957692, "validation_conf": [0.8183425035814853, 0.8409045308393728], "validation_balanced": 0.7662672996520996, "validation_balanced_conf": [0.7580187226459384, 0.7745158766582608], "features": ["VCF0004", "VCF0901b", "VCF0218", "VCF0224", "VCF0302", "VCF9201", "VCF9202", "VCF9203", "VCF9206", "VCF0428", "VCF0429", "VCF0822", "VCF0870", "VCF0803", "VCF0601", "VCF0612", "VCF0615", "VCF0616", "VCF0617", "VCF0310", "VCF0743", "VCF0717", "VCF0718", "VCF0720", "VCF0721", "VCF0701", "VCF0675", "VCF0724", "VCF0725", "VCF0726", "VCF0745", "VCF0101", "VCF0104", "VCF0105a", "VCF0115", "VCF0140a", "VCF0112", "VCF9045"]}