{"validation": 0.6859048057024604, "id_test": 0.6827586206896552, "ood_test": 0.6491451179878479, "ood_validation": 0.6680796947859262, "0": 0.6600790513833992, "1": 0.6743718592964824, "3": 0.7042736718290531, "id_test_conf": [0.668694077844604, 0.6965773747460935], "id_test_balanced": 0.576318621635437, "id_test_balanced_conf": [0.5675093617103993, 0.5851278815604747], "ood_test_conf": [0.6426820423217399, 0.6555673345343614], "ood_test_balanced": 0.595086395740509, "ood_test_balanced_conf": [0.5912926830351353, 0.5988801084458828], "features": ["VCF0004", "VCF0901b", "VCF0218", "VCF0224", "VCF0302", "VCF9201", "VCF9202", "VCF9203", "VCF9206", "VCF0428", "VCF0429", "VCF0822", "VCF0870", "VCF0803", "VCF0601", "VCF0612", "VCF0615", "VCF0616", "VCF0617", "VCF0310", "VCF0743", "VCF0717", "VCF0718", "VCF0720", "VCF0721", "VCF0701", "VCF0675", "VCF0724", "VCF0725", "VCF0726", "VCF0745", "VCF0101", "VCF0104", "VCF0105a", "VCF0115", "VCF0140a", "VCF0112", "VCF9045"]}