{"validation": 0.759944814899977, "id_test": 0.7551724137931034, "ood_test": 0.6605906457538505, "ood_validation": 0.6506994489190335, "0": 0.7430830039525692, "1": 0.7524766690595837, "3": 0.7525975298960988, "id_test_conf": [0.7421108724072147, 0.7678904730728043], "id_test_balanced": 0.5898996591567993, "id_test_balanced_conf": [0.5840710667148232, 0.5957282515987754], "ood_test_conf": [0.6541761516612307, 0.6669611434902396], "ood_test_balanced": 0.5824189782142639, "ood_test_balanced_conf": [0.5798668231582269, 0.5849711332703009], "features": ["VCF0004", "VCF0901b", "VCF0218", "VCF0224", "VCF0302", "VCF9201", "VCF9202", "VCF9203", "VCF9206", "VCF0428", "VCF0429", "VCF0822", "VCF0870", "VCF0803", "VCF0601", "VCF0612", "VCF0615", "VCF0616", "VCF0617", "VCF0310", "VCF0743", "VCF0717", "VCF0718", "VCF0720", "VCF0721", "VCF0701", "VCF0675", "VCF0724", "VCF0725", "VCF0726", "VCF0745", "VCF0101", "VCF0104", "VCF0105a", "VCF0115", "VCF0140a", "VCF0112", "VCF9045"]}