{"validation": 0.7833984824097494, "id_test": 0.7733333333333333, "ood_test": 0.682209975978522, "ood_validation": 0.6863077575243748, "train": 0.7677319232095643, "id_test_conf": [0.7605953889914971, 0.7857032335243536], "id_test_balanced": 0.6261247992515564, "id_test_balanced_conf": [0.6193741268012672, 0.6328754717018455], "ood_test_conf": [0.6758986560427798, 0.688471372484899], "ood_test_balanced": 0.6110302805900574, "ood_test_balanced_conf": [0.6080875308392569, 0.6139730303408578], "features": ["VCF0004", "VCF0901b", "VCF0218", "VCF0224", "VCF0302", "VCF9201", "VCF9202", "VCF9203", "VCF9206", "VCF0428", "VCF0429", "VCF0822", "VCF0870", "VCF0803", "VCF0601", "VCF0612", "VCF0615", "VCF0616", "VCF0617", "VCF0310", "VCF0743", "VCF0717", "VCF0718", "VCF0720", "VCF0721", "VCF0701", "VCF0675", "VCF0724", "VCF0725", "VCF0726", "VCF0745", "VCF0101", "VCF0104", "VCF0105a", "VCF0115", "VCF0140a", "VCF0112", "VCF9045"]}