{"validation": 0.7682225799034261, "id_test": 0.764367816091954, "ood_test": 0.667561584475531, "ood_validation": 0.6710470538363713, "train": 0.75839176916887, "id_test_conf": [0.7514661199254489, 0.776913597681816], "id_test_balanced": 0.6069729328155518, "id_test_balanced_conf": [0.6007065428607166, 0.613239322770387], "ood_test_conf": [0.661178705862125, 0.6738985557857329], "ood_test_balanced": 0.5916226506233215, "ood_test_balanced_conf": [0.5889317801315337, 0.5943135211151094], "features": ["VCF0004", "VCF0901b", "VCF0218", "VCF0224", "VCF0302", "VCF9201", "VCF9202", "VCF9203", "VCF9206", "VCF0428", "VCF0429", "VCF0822", "VCF0870", "VCF0803", "VCF0601", "VCF0612", "VCF0615", "VCF0616", "VCF0617", "VCF0310", "VCF0743", "VCF0717", "VCF0718", "VCF0720", "VCF0721", "VCF0701", "VCF0675", "VCF0724", "VCF0725", "VCF0726", "VCF0745", "VCF0101", "VCF0104", "VCF0105a", "VCF0115", "VCF0140a", "VCF0112", "VCF9045"]}