{"validation": 0.3830765693262819, "id_test": 0.3742528735632184, "ood_test": 0.4003108661862371, "ood_validation": 0.3933870284018652, "0": 0.42045454545454547, "1": 0.3851399856424982, "3": 0.35591060576357575, "id_test_conf": [0.35984550578856744, 0.38882928641807313], "id_test_balanced": 0.48550310730934143, "id_test_balanced_conf": [0.47671166686341165, 0.4942945477552712], "ood_test_conf": [0.39371074446725285, 0.406938294865235], "ood_test_balanced": 0.4600941836833954, "ood_test_balanced_conf": [0.4564316393295303, 0.4637567280372605], "features": ["VCF0004", "VCF0901b", "VCF0218", "VCF0224", "VCF0302", "VCF9201", "VCF9202", "VCF9203", "VCF9206", "VCF0428", "VCF0429", "VCF0822", "VCF0870", "VCF0803", "VCF0601", "VCF0612", "VCF0615", "VCF0616", "VCF0617", "VCF0310", "VCF0743", "VCF0717", "VCF0718", "VCF0720", "VCF0721", "VCF0701", "VCF0675", "VCF0724", "VCF0725", "VCF0726", "VCF0745", "VCF0101", "VCF0104", "VCF0105a", "VCF0115", "VCF0140a", "VCF0112", "VCF9045"]}