{"validation": 0.8289261899287192, "id_test": 0.8259770114942528, "ood_test": 0.7944515095850407, "ood_validation": 0.8037303942348453, "train": 0.8218473387745718, "id_test_conf": [0.8143777541845553, 0.8371367914830905], "id_test_balanced": 0.7579305171966553, "id_test_balanced_conf": [0.7496440651267767, 0.7662169692665338], "ood_test_conf": [0.7889521376341788, 0.7998701445124264], "ood_test_balanced": 0.7636266350746155, "ood_test_balanced_conf": [0.759895459166728, 0.767357810982503], "features": ["VCF0004", "VCF0901b", "VCF0218", "VCF0224", "VCF0302", "VCF9201", "VCF9202", "VCF9203", "VCF9206", "VCF0428", "VCF0429", "VCF0822", "VCF0870", "VCF0803", "VCF0601", "VCF0612", "VCF0615", "VCF0616", "VCF0617", "VCF0310", "VCF0743", "VCF0717", "VCF0718", "VCF0720", "VCF0721", "VCF0701", "VCF0675", "VCF0724", "VCF0725", "VCF0726", "VCF0745", "VCF0101", "VCF0104", "VCF0105a", "VCF0115", "VCF0140a", "VCF0112", "VCF9045"]}