{"validation": 0.8254771211772821, "id_test": 0.8312643678160919, "ood_test": 0.791437049597287, "ood_validation": 0.8050021195421789, "train": 0.827020347166341, "id_test_conf": [0.8197984401751879, 0.8422836172231272], "id_test_balanced": 0.7612403035163879, "id_test_balanced_conf": [0.7530440650694072, 0.7694365419633686], "ood_test_conf": [0.7859087805903245, 0.7968854105684852], "ood_test_balanced": 0.757879912853241, "ood_test_balanced_conf": [0.7541722292872146, 0.7615875964192673], "features": ["VCF0004", "VCF0901b", "VCF0218", "VCF0224", "VCF0302", "VCF9201", "VCF9202", "VCF9203", "VCF9206", "VCF0428", "VCF0429", "VCF0822", "VCF0870", "VCF0803", "VCF0601", "VCF0612", "VCF0615", "VCF0616", "VCF0617", "VCF0310", "VCF0743", "VCF0717", "VCF0718", "VCF0720", "VCF0721", "VCF0701", "VCF0675", "VCF0724", "VCF0725", "VCF0726", "VCF0745", "VCF0101", "VCF0104", "VCF0105a", "VCF0115", "VCF0140a", "VCF0112", "VCF9045"]}