{"validation": 0.8201885490917452, "id_test": 0.8229885057471265, "ood_test": 0.7878102774245207, "ood_validation": 0.7986434930055109, "train": 0.8194045292562363, "id_test_conf": [0.8113155802674468, 0.8342260213577704], "id_test_balanced": 0.7504255771636963, "id_test_balanced_conf": [0.7421396708860993, 0.7587114834412932], "ood_test_conf": [0.7822478447515583, 0.7932937992880698], "ood_test_balanced": 0.7528178095817566, "ood_test_balanced_conf": [0.7491122195124627, 0.7565233996510505], "features": ["VCF0004", "VCF0901b", "VCF0218", "VCF0224", "VCF0302", "VCF9201", "VCF9202", "VCF9203", "VCF9206", "VCF0428", "VCF0429", "VCF0822", "VCF0870", "VCF0803", "VCF0601", "VCF0612", "VCF0615", "VCF0616", "VCF0617", "VCF0310", "VCF0743", "VCF0717", "VCF0718", "VCF0720", "VCF0721", "VCF0701", "VCF0675", "VCF0724", "VCF0725", "VCF0726", "VCF0745", "VCF0101", "VCF0104", "VCF0105a", "VCF0115", "VCF0140a", "VCF0112", "VCF9045"]}