{"validation": 0.8354509265265112, "id_test": 0.8326804700615557, "ood_test": 0.8120217684847989, "ood_validation": 0.812741668201068, "train": 0.8353560629425549, "id_test_conf": [0.8300528615327315, 0.8352835078979766], "id_test_balanced": 0.6213412880897522, "id_test_balanced_conf": [0.6196405327133835, 0.6230420434661209], "ood_test_conf": [0.8085294378042079, 0.8154770029586987], "ood_test_balanced": 0.6398903131484985, "ood_test_balanced_conf": [0.6375781992264092, 0.6422024270705878], "features": ["DIVISION", "AGEP", "SEX", "RAC1P", "POBP", "DIS", "ANC", "NATIVITY", "DEAR", "DEYE", "DREM", "ST", "MAR", "ENG", "FER", "CIT", "SCHL", "HUPAC", "OCCP", "MIL", "WIF", "WKHP", "WKW", "WRK", "NWLA", "NWLK", "RELP"]}