{"validation": 0.8372187670901853, "id_test": 0.8332909396143867, "ood_test": 0.8088301485330823, "ood_validation": 0.8123734118946787, "train": 0.835178007624583, "id_test_conf": [0.8306671177125591, 0.835890145620775], "id_test_balanced": 0.6336554288864136, "id_test_balanced_conf": [0.6318881387612783, 0.6354227190115489], "ood_test_conf": [0.8053156004846842, 0.8123079807444236], "ood_test_balanced": 0.6649084091186523, "ood_test_balanced_conf": [0.6624259801674635, 0.6673908380698412], "features": ["DIVISION", "AGEP", "SEX", "RAC1P", "POBP", "DIS", "ANC", "NATIVITY", "DEAR", "DEYE", "DREM", "ST", "MAR", "ENG", "FER", "CIT", "SCHL", "HUPAC", "OCCP", "MIL", "WIF", "WKHP", "WKW", "WRK", "NWLA", "NWLK", "RELP"]}