{"validation": 0.8358197565721699, "id_test": 0.8330111410693392, "ood_test": 0.8071525021482058, "ood_validation": 0.8145829497330141, "train": 0.8344975819451907, "id_test_conf": [0.8303855820723482, 0.8356121048890902], "id_test_balanced": 0.626585066318512, "id_test_balanced_conf": [0.6248553237132728, 0.6283148089237511], "ood_test_conf": [0.8036264250618533, 0.810642063317079], "ood_test_balanced": 0.6542773246765137, "ood_test_balanced_conf": [0.6518353779055178, 0.6567192714475095], "features": ["DIVISION", "AGEP", "SEX", "RAC1P", "POBP", "DIS", "ANC", "NATIVITY", "DEAR", "DEYE", "DREM", "ST", "MAR", "ENG", "FER", "CIT", "SCHL", "HUPAC", "OCCP", "MIL", "WIF", "WKHP", "WKW", "WRK", "NWLA", "NWLK", "RELP"]}