{"id_test": 0.8360507707178104, "id_test_conf": [0.8334442252877358, 0.8386324958825684], "id_test_balanced": 0.6316704154014587, "id_test_balanced_conf": [0.6299344302969985, 0.633406400505919], "ood_test": 0.8144564016530954, "ood_test_conf": [0.8109812729530933, 0.8178941439609346], "ood_test_balanced": 0.6532450914382935, "ood_test_balanced_conf": [0.6508685868047178, 0.6556215960718691], "validation": 0.8394190290867005, "validation_conf": [0.8368339082104397, 0.8419790799201545], "validation_balanced": 0.6332130432128906, "validation_balanced_conf": [0.63147550618276, 0.6349505802430212], "features": ["DIVISION", "AGEP", "SEX", "RAC1P", "POBP", "DIS", "ANC", "NATIVITY", "DEAR", "DEYE", "DREM", "ST", "MAR", "ENG", "FER", "CIT", "SCHL", "HUPAC", "OCCP", "MIL", "WIF", "WKHP", "WKW", "WRK", "NWLA", "NWLK", "RELP"]}