{"validation": 0.5225304284787669, "id_test": 0.5208577097217276, "ood_test": 0.480543393755882, "ood_validation": 0.4807586079911618, "0": 0.5706226072939754, "1": 0.5948919297154408, "2": 0.5491709263184141, "3": 0.5484371071817649, "4": 0.5597162979863108, "5": 0.49725487787086026, "7": 0.47092879875048443, "8": 0.520776614137239, "9": 0.5102583620651054, "id_test_conf": [0.5173588195742356, 0.5243550606398688], "id_test_balanced": 0.6468927264213562, "id_test_balanced_conf": [0.6447561990329995, 0.6490292538097129], "ood_test_conf": [0.4761051583316559, 0.484983940408775], "ood_test_balanced": 0.6334563493728638, "ood_test_balanced_conf": [0.6309669547248632, 0.6359457440208643], "features": ["DIVISION", "AGEP", "SEX", "RAC1P", "POBP", "DIS", "ANC", "NATIVITY", "DEAR", "DEYE", "DREM", "ST", "MAR", "ENG", "FER", "CIT", "SCHL", "HUPAC", "OCCP", "MIL", "WIF", "WKHP", "WKW", "WRK", "NWLA", "NWLK", "RELP"]}