{"validation": 0.7230849453749985, "id_test": 0.720392226687694, "ood_test": 0.6847456933589754, "ood_validation": 0.6884551647946971, "train": 0.7230444915725782, "id_test_conf": [0.7172407460674916, 0.7235274386713828], "id_test_balanced": 0.7385625243186951, "id_test_balanced_conf": [0.7363955375226214, 0.7407295111147687], "ood_test_conf": [0.6806056321257676, 0.6888638038170118], "ood_test_balanced": 0.7365688681602478, "ood_test_balanced_conf": [0.7338690676214173, 0.7392686686990783], "features": ["DIVISION", "AGEP", "SEX", "RAC1P", "POBP", "DIS", "ANC", "NATIVITY", "DEAR", "DEYE", "DREM", "ST", "MAR", "ENG", "FER", "CIT", "SCHL", "HUPAC", "OCCP", "MIL", "WIF", "WKHP", "WKW", "WRK", "NWLA", "NWLK", "RELP"]}