{"validation": 0.6977119818891729, "id_test": 0.6948415322785776, "ood_test": 0.665411841728385, "ood_validation": 0.6586264039771681, "train": 0.6986652210270612, "id_test_conf": [0.6916094417728436, 0.6980592411925808], "id_test_balanced": 0.7350407242774963, "id_test_balanced_conf": [0.7328833214752376, 0.7371981270797551], "ood_test_conf": [0.6612088441394914, 0.6695951867028442], "ood_test_balanced": 0.7324634790420532, "ood_test_balanced_conf": [0.7297917854366824, 0.735135172647424], "features": ["DIVISION", "AGEP", "SEX", "RAC1P", "POBP", "DIS", "ANC", "NATIVITY", "DEAR", "DEYE", "DREM", "ST", "MAR", "ENG", "FER", "CIT", "SCHL", "HUPAC", "OCCP", "MIL", "WIF", "WKHP", "WKW", "WRK", "NWLA", "NWLK", "RELP"]}