{"validation": 0.707225253411678, "id_test": 0.7079666276644452, "ood_test": 0.6755800155489177, "ood_validation": 0.6672804271773154, "train": 0.7099351687869028, "id_test_conf": [0.7047744303331993, 0.7111434741089275], "id_test_balanced": 0.7400719523429871, "id_test_balanced_conf": [0.7379194187745451, 0.742224485911429], "ood_test_conf": [0.6714091119847285, 0.6797300578855814], "ood_test_balanced": 0.7362073659896851, "ood_test_balanced_conf": [0.7335293649695813, 0.7388853670097888], "features": ["DIVISION", "AGEP", "SEX", "RAC1P", "POBP", "DIS", "ANC", "NATIVITY", "DEAR", "DEYE", "DREM", "ST", "MAR", "ENG", "FER", "CIT", "SCHL", "HUPAC", "OCCP", "MIL", "WIF", "WKHP", "WKW", "WRK", "NWLA", "NWLK", "RELP"]}