{"validation": 0.7933788647665561, "id_test": 0.7900239100574858, "ood_test": 0.7612422766888989, "ood_validation": 0.7729699871110293, "0": 0.6451742897441064, "1": 0.827709531954595, "2": 0.8044757511532228, "3": 0.80735146233135, "4": 0.8322835036206726, "5": 0.7764510753967949, "7": 0.7668549551982902, "8": 0.8009379781800838, "9": 0.7960685980387767, "id_test_conf": [0.7871600263589416, 0.7928663792938774], "id_test_balanced": 0.6923845410346985, "id_test_balanced_conf": [0.6902412512525916, 0.6945278308168054], "ood_test_conf": [0.7574371224555618, 0.7650163819828097], "ood_test_balanced": 0.7081483602523804, "ood_test_balanced_conf": [0.7053610821254551, 0.7109356383793056], "features": ["DIVISION", "AGEP", "SEX", "RAC1P", "POBP", "DIS", "ANC", "NATIVITY", "DEAR", "DEYE", "DREM", "ST", "MAR", "ENG", "FER", "CIT", "SCHL", "HUPAC", "OCCP", "MIL", "WIF", "WKHP", "WKW", "WRK", "NWLA", "NWLK", "RELP"]}