{"validation": 0.7779388759586402, "id_test": 0.7736429770565193, "ood_test": 0.7405581243095053, "ood_validation": 0.7490333271957282, "0": 0.6646181744912352, "1": 0.8162805162494169, "2": 0.7729958857997756, "3": 0.7914920807843795, "4": 0.8209007042952088, "5": 0.7613394660257542, "7": 0.7550526699000623, "8": 0.7836688460086246, "9": 0.7807997134285586, "id_test_conf": [0.7707015452869449, 0.7765642054729597], "id_test_balanced": 0.6994160413742065, "id_test_balanced_conf": [0.6972288979124278, 0.7016031848359853], "ood_test_conf": [0.7366477877766371, 0.7444398730321463], "ood_test_balanced": 0.7084566354751587, "ood_test_balanced_conf": [0.7056303681107238, 0.7112829028395936], "features": ["DIVISION", "AGEP", "SEX", "RAC1P", "POBP", "DIS", "ANC", "NATIVITY", "DEAR", "DEYE", "DREM", "ST", "MAR", "ENG", "FER", "CIT", "SCHL", "HUPAC", "OCCP", "MIL", "WIF", "WKHP", "WKW", "WRK", "NWLA", "NWLK", "RELP"]}