{"validation": 0.8366210080506696, "id_test": 0.8325532889047159, "ood_test": 0.8082368345676991, "ood_validation": 0.8131099245074572, "train": 0.8347694342610228, "id_test_conf": [0.8299248930731165, 0.835157123461068], "id_test_balanced": 0.6377808451652527, "id_test_balanced_conf": [0.6359868099633604, 0.6395748803671449], "ood_test_conf": [0.8047181975055145, 0.8117188264975098], "ood_test_balanced": 0.6674349308013916, "ood_test_balanced_conf": [0.6649367973161862, 0.669933064286597], "features": ["DIVISION", "AGEP", "SEX", "RAC1P", "POBP", "DIS", "ANC", "NATIVITY", "DEAR", "DEYE", "DREM", "ST", "MAR", "ENG", "FER", "CIT", "SCHL", "HUPAC", "OCCP", "MIL", "WIF", "WKHP", "WKW", "WRK", "NWLA", "NWLK", "RELP"]}