{"validation": 0.8364302338891221, "id_test": 0.8323243628224042, "ood_test": 0.8091779532714104, "ood_validation": 0.812741668201068, "train": 0.8342829616958497, "id_test_conf": [0.8296945512137425, 0.834929630106574], "id_test_balanced": 0.6255497932434082, "id_test_balanced_conf": [0.6238208681857214, 0.627278718301095], "ood_test_conf": [0.8056658081931285, 0.8126533410643355], "ood_test_balanced": 0.6544060707092285, "ood_test_balanced_conf": [0.6519794501597062, 0.6568326912587509], "features": ["DIVISION", "AGEP", "SEX", "RAC1P", "POBP", "DIS", "ANC", "NATIVITY", "DEAR", "DEYE", "DREM", "ST", "MAR", "ENG", "FER", "CIT", "SCHL", "HUPAC", "OCCP", "MIL", "WIF", "WKHP", "WKW", "WRK", "NWLA", "NWLK", "RELP"]}