{"validation": 0.8367481908250347, "id_test": 0.8320827186244086, "ood_test": 0.8116739637464708, "ood_validation": 0.8145829497330141, "train": 0.8349236428846233, "id_test_conf": [0.8294514144897414, 0.8346894963268776], "id_test_balanced": 0.6249423623085022, "id_test_balanced_conf": [0.623215162246488, 0.6266695623705164], "ood_test_conf": [0.8081791936973923, 0.8151316790416574], "ood_test_balanced": 0.6506264805793762, "ood_test_balanced_conf": [0.6482420197455212, 0.6530109414132312], "features": ["DIVISION", "AGEP", "SEX", "RAC1P", "POBP", "DIS", "ANC", "NATIVITY", "DEAR", "DEYE", "DREM", "ST", "MAR", "ENG", "FER", "CIT", "SCHL", "HUPAC", "OCCP", "MIL", "WIF", "WKHP", "WKW", "WRK", "NWLA", "NWLK", "RELP"]}