{"validation": 0.833072608645885, "id_test": 0.8308744976344304, "ood_test": 0.8048610826956913, "ood_validation": 0.8112686429755109, "train": 0.8320890658136969, "id_test_conf": [0.8282357601055027, 0.8334887981899858], "id_test_balanced": 0.6404848098754883, "id_test_balanced_conf": [0.6386659956583753, 0.6423036240926012], "ood_test_conf": [0.8013194225259641, 0.8083664999890743], "ood_test_balanced": 0.6684120893478394, "ood_test_balanced_conf": [0.6658864469733089, 0.6709377317223698], "features": ["DIVISION", "AGEP", "SEX", "RAC1P", "POBP", "DIS", "ANC", "NATIVITY", "DEAR", "DEYE", "DREM", "ST", "MAR", "ENG", "FER", "CIT", "SCHL", "HUPAC", "OCCP", "MIL", "WIF", "WKHP", "WKW", "WRK", "NWLA", "NWLK", "RELP"]}