{"validation": 0.8298803210093225, "id_test": 0.8278475861016432, "ood_test": 0.8008101804492819, "ood_validation": 0.8051924139200883, "train": 0.8285263696746357, "id_test_conf": [0.8251904376734056, 0.8304805216555369], "id_test_balanced": 0.6583393812179565, "id_test_balanced_conf": [0.6564267582679167, 0.6602520041679963], "ood_test_conf": [0.7972414274348731, 0.8043431732311745], "ood_test_balanced": 0.6829894781112671, "ood_test_balanced_conf": [0.6803874430712312, 0.685591513151303], "features": ["DIVISION", "AGEP", "SEX", "RAC1P", "POBP", "DIS", "ANC", "NATIVITY", "DEAR", "DEYE", "DREM", "ST", "MAR", "ENG", "FER", "CIT", "SCHL", "HUPAC", "OCCP", "MIL", "WIF", "WKHP", "WKW", "WRK", "NWLA", "NWLK", "RELP"]}