{"validation": 0.8370534294835108, "id_test": 0.8337996642417459, "ood_test": 0.8129219689840009, "ood_validation": 0.8162401031117658, "train": 0.8351811871838326, "id_test_conf": [0.8311790074669618, 0.8363956674510157], "id_test_balanced": 0.6123867034912109, "id_test_balanced_conf": [0.6107542093424126, 0.6140191976400092], "ood_test_conf": [0.809435972859627, 0.8163707616094712], "ood_test_balanced": 0.6354554891586304, "ood_test_balanced_conf": [0.633183849658817, 0.6377271286584437], "features": ["DIVISION", "AGEP", "SEX", "RAC1P", "POBP", "DIS", "ANC", "NATIVITY", "DEAR", "DEYE", "DREM", "ST", "MAR", "ENG", "FER", "CIT", "SCHL", "HUPAC", "OCCP", "MIL", "WIF", "WKHP", "WKW", "WRK", "NWLA", "NWLK", "RELP"]}