{"validation": 0.8019001106490137, "id_test": 0.7989393091519561, "ood_test": 0.7753795163468227, "ood_validation": 0.7801509850856196, "0": 0.5874471086036671, "1": 0.8189239620587778, "2": 0.791684328637327, "3": 0.8024071901449761, "4": 0.8403432199186589, "5": 0.781588101143353, "7": 0.7876410696041244, "8": 0.8235527910812583, "9": 0.8194331258675502, "id_test_conf": [0.7961205125153131, 0.8017360319859859], "id_test_balanced": 0.5077187418937683, "id_test_balanced_conf": [0.5068912889645435, 0.5085461948229931], "ood_test_conf": [0.7716532346330881, 0.779073066377622], "ood_test_balanced": 0.498127281665802, "ood_test_balanced_conf": [0.49767961605393796, 0.49857494727766605], "features": ["DIVISION", "AGEP", "SEX", "RAC1P", "POBP", "DIS", "ANC", "NATIVITY", "DEAR", "DEYE", "DREM", "ST", "MAR", "ENG", "FER", "CIT", "SCHL", "HUPAC", "OCCP", "MIL", "WIF", "WKHP", "WKW", "WRK", "NWLA", "NWLK", "RELP"]}