{"validation": 0.29432053345596687, "id_test": 0.2924137931034483, "ood_test": 0.39903914087890346, "ood_validation": 0.4056803730394235, "0": 0.31067193675889326, "1": 0.2931083991385499, "3": 0.30582238776710446, "id_test_conf": [0.2789245262130619, 0.306182308788361], "id_test_balanced": 0.4927990734577179, "id_test_balanced_conf": [0.49098908706568184, 0.49460905984975395], "ood_test_conf": [0.39244269658850933, 0.4056632405508991], "ood_test_balanced": 0.49191224575042725, "ood_test_balanced_conf": [0.491047332463786, 0.4927771590370685], "features": ["VCF0004", "VCF0901b", "VCF0218", "VCF0224", "VCF0302", "VCF9201", "VCF9202", "VCF9203", "VCF9206", "VCF0428", "VCF0429", "VCF0822", "VCF0870", "VCF0803", "VCF0601", "VCF0612", "VCF0615", "VCF0616", "VCF0617", "VCF0310", "VCF0743", "VCF0717", "VCF0718", "VCF0720", "VCF0721", "VCF0701", "VCF0675", "VCF0724", "VCF0725", "VCF0726", "VCF0745", "VCF0101", "VCF0104", "VCF0105a", "VCF0115", "VCF0140a", "VCF0112"]}