{"validation": 0.7144171073810072, "id_test": 0.7197701149425287, "ood_test": 0.6311054589986341, "ood_validation": 0.6316235693090293, "train": 0.7088458443499253, "id_test_conf": [0.7061644459215766, 0.7330801032561177], "id_test_balanced": 0.5638394951820374, "id_test_balanced_conf": [0.5572255286388099, 0.5704534617252648], "ood_test_conf": [0.6245740068611554, 0.6376009959718948], "ood_test_balanced": 0.5513626337051392, "ood_test_balanced_conf": [0.5488605404878035, 0.5538647269224748], "features": ["VCF0004", "VCF0901b", "VCF0218", "VCF0224", "VCF0302", "VCF9201", "VCF9202", "VCF9203", "VCF9206", "VCF0428", "VCF0429", "VCF0822", "VCF0870", "VCF0803", "VCF0601", "VCF0612", "VCF0615", "VCF0616", "VCF0617", "VCF0310", "VCF0743", "VCF0717", "VCF0718", "VCF0720", "VCF0721", "VCF0701", "VCF0675", "VCF0724", "VCF0725", "VCF0726", "VCF0745", "VCF0101", "VCF0104", "VCF0105a", "VCF0115", "VCF0140a", "VCF0112"]}