{"id_test": 0.8342528735632184, "id_test_conf": [0.8228640428848449, 0.8451909531491367], "id_test_balanced": 0.7714356184005737, "id_test_balanced_conf": [0.7632299152947962, 0.7796413215063512], "ood_test": 0.7975130705101031, "ood_test_conf": [0.792043521040157, 0.802901040895786], "ood_test_balanced": 0.7677704095840454, "ood_test_balanced_conf": [0.76404366732575, 0.7714971518423408], "validation": 0.8326051965969188, "validation_conf": [0.8211723487799362, 0.8435894353141659], "validation_balanced": 0.7691168785095215, "validation_balanced_conf": [0.7609073338657617, 0.7773264231532813], "features": ["VCF0004", "VCF0901b", "VCF0218", "VCF0224", "VCF0302", "VCF9201", "VCF9202", "VCF9203", "VCF9206", "VCF0428", "VCF0429", "VCF0822", "VCF0870", "VCF0803", "VCF0601", "VCF0612", "VCF0615", "VCF0616", "VCF0617", "VCF0310", "VCF0743", "VCF0717", "VCF0718", "VCF0720", "VCF0721", "VCF0701", "VCF0675", "VCF0724", "VCF0725", "VCF0726", "VCF0745", "VCF0101", "VCF0104", "VCF0105a", "VCF0115", "VCF0140a", "VCF0112"]}