{"validation": 0.831685444929869, "id_test": 0.8340229885057471, "ood_test": 0.79482831708351, "ood_validation": 0.8054260279779568, "train": 0.8263593516496149, "id_test_conf": [0.8226281819094509, 0.844967357380478], "id_test_balanced": 0.7708238363265991, "id_test_balanced_conf": [0.7626170270331204, 0.7790306456200778], "ood_test_conf": [0.7893325896616055, 0.8002432038503124], "ood_test_balanced": 0.7646818161010742, "ood_test_balanced_conf": [0.7609433564217761, 0.7684202757803723], "features": ["VCF0004", "VCF0901b", "VCF0218", "VCF0224", "VCF0302", "VCF9201", "VCF9202", "VCF9203", "VCF9206", "VCF0428", "VCF0429", "VCF0822", "VCF0870", "VCF0803", "VCF0601", "VCF0612", "VCF0615", "VCF0616", "VCF0617", "VCF0310", "VCF0743", "VCF0717", "VCF0718", "VCF0720", "VCF0721", "VCF0701", "VCF0675", "VCF0724", "VCF0725", "VCF0726", "VCF0745", "VCF0101", "VCF0104", "VCF0105a", "VCF0115", "VCF0140a", "VCF0112"]}