{"validation": 0.8286962520119567, "id_test": 0.8262068965517242, "ood_test": 0.7757995384108144, "ood_validation": 0.7871979652395082, "train": 0.8222209449361996, "id_test_conf": [0.8146133560599526, 0.8373606467649755], "id_test_balanced": 0.742400050163269, "id_test_balanced_conf": [0.734293660260737, 0.7505064400658011], "ood_test_conf": [0.7701285215103839, 0.7813949459224598], "ood_test_balanced": 0.7346136569976807, "ood_test_balanced_conf": [0.7309615023201331, 0.7382658116752282], "features": ["VCF0004", "VCF0901b", "VCF0218", "VCF0224", "VCF0302", "VCF9201", "VCF9202", "VCF9203", "VCF9206", "VCF0428", "VCF0429", "VCF0822", "VCF0870", "VCF0803", "VCF0601", "VCF0612", "VCF0615", "VCF0616", "VCF0617", "VCF0310", "VCF0743", "VCF0717", "VCF0718", "VCF0720", "VCF0721", "VCF0701", "VCF0675", "VCF0724", "VCF0725", "VCF0726", "VCF0745", "VCF0101", "VCF0104", "VCF0105a", "VCF0115", "VCF0140a", "VCF0112"]}