{"validation": 0.8096114049206714, "id_test": 0.8029885057471264, "ood_test": 0.7383542932504357, "ood_validation": 0.7443832132259431, "train": 0.8011840441430049, "id_test_conf": [0.7908521582576341, 0.8147166210749005], "id_test_balanced": 0.6868863105773926, "id_test_balanced_conf": [0.6792039948888123, 0.6945686262659728], "ood_test_conf": [0.7323861268807796, 0.7442571341318314], "ood_test_balanced": 0.6852166652679443, "ood_test_balanced_conf": [0.6817014289274812, 0.6887319016084075], "features": ["VCF0004", "VCF0901b", "VCF0218", "VCF0224", "VCF0302", "VCF9201", "VCF9202", "VCF9203", "VCF9206", "VCF0428", "VCF0429", "VCF0822", "VCF0870", "VCF0803", "VCF0601", "VCF0612", "VCF0615", "VCF0616", "VCF0617", "VCF0310", "VCF0743", "VCF0717", "VCF0718", "VCF0720", "VCF0721", "VCF0701", "VCF0675", "VCF0724", "VCF0725", "VCF0726", "VCF0745", "VCF0101", "VCF0104", "VCF0105a", "VCF0115", "VCF0140a", "VCF0112"]}