{"validation": 0.8234076799264198, "id_test": 0.8259770114942528, "ood_test": 0.7773538693419999, "ood_validation": 0.7939805002119542, "train": 0.8241177146798483, "id_test_conf": [0.8143777541845553, 0.8371367914830905], "id_test_balanced": 0.7379769086837769, "id_test_balanced_conf": [0.7299313901364803, 0.7460224272310734], "ood_test_conf": [0.7716965195038671, 0.7829351826372329], "ood_test_balanced": 0.7365115284919739, "ood_test_balanced_conf": [0.732860668473877, 0.7401623885100708], "features": ["VCF0004", "VCF0901b", "VCF0218", "VCF0224", "VCF0302", "VCF9201", "VCF9202", "VCF9203", "VCF9206", "VCF0428", "VCF0429", "VCF0822", "VCF0870", "VCF0803", "VCF0601", "VCF0612", "VCF0615", "VCF0616", "VCF0617", "VCF0310", "VCF0743", "VCF0717", "VCF0718", "VCF0720", "VCF0721", "VCF0701", "VCF0675", "VCF0724", "VCF0725", "VCF0726", "VCF0745", "VCF0101", "VCF0104", "VCF0105a", "VCF0115", "VCF0140a", "VCF0112"]}