{"validation": 0.6971717636238216, "id_test": 0.6986206896551724, "ood_test": 0.5908812585370449, "ood_validation": 0.5841458245019076, "0": 0.6815217391304348, "1": 0.6985642498205312, "3": 0.6868261125269555, "id_test_conf": [0.6847398459704157, 0.7122343707713223], "id_test_balanced": 0.4983622133731842, "id_test_balanced_conf": [0.4965093114390038, 0.5002151153073646], "ood_test_conf": [0.5842320384658944, 0.5975055847183566], "ood_test_balanced": 0.49817031621932983, "ood_test_balanced_conf": [0.4972592927829828, 0.49908133965567686], "features": ["VCF0004", "VCF0901b", "VCF0218", "VCF0224", "VCF0302", "VCF9201", "VCF9202", "VCF9203", "VCF9206", "VCF0428", "VCF0429", "VCF0822", "VCF0870", "VCF0803", "VCF0601", "VCF0612", "VCF0615", "VCF0616", "VCF0617", "VCF0310", "VCF0743", "VCF0717", "VCF0718", "VCF0720", "VCF0721", "VCF0701", "VCF0675", "VCF0724", "VCF0725", "VCF0726", "VCF0745", "VCF0101", "VCF0104", "VCF0105a", "VCF0115", "VCF0140a", "VCF0112"]}