{"validation": 0.3950333409979306, "id_test": 0.3793103448275862, "ood_test": 0.39352833121379116, "ood_validation": 0.3836371343789741, "0": 0.4177865612648221, "1": 0.3802584350323044, "3": 0.3595373456185062, "id_test_conf": [0.36486138102216564, 0.3939215503528735], "id_test_balanced": 0.46869584918022156, "id_test_balanced_conf": [0.4592804732359946, 0.47811122512444854], "ood_test_conf": [0.3869483585351618, 0.4001374691331488], "ood_test_balanced": 0.4441835284233093, "ood_test_balanced_conf": [0.4402046105079353, 0.44816244633868335], "features": ["VCF0004", "VCF0901b", "VCF0218", "VCF0224", "VCF0302", "VCF9201", "VCF9202", "VCF9203", "VCF9206", "VCF0428", "VCF0429", "VCF0822", "VCF0870", "VCF0803", "VCF0601", "VCF0612", "VCF0615", "VCF0616", "VCF0617", "VCF0310", "VCF0743", "VCF0717", "VCF0718", "VCF0720", "VCF0721", "VCF0701", "VCF0675", "VCF0724", "VCF0725", "VCF0726", "VCF0745", "VCF0101", "VCF0104", "VCF0105a", "VCF0115", "VCF0140a", "VCF0112"]}