{"validation": 0.8577191938722392, "id_test": 0.8564000867598301, "ood_test": 0.7998912053590529, "ood_validation": 0.7984048404840484, "15": 0.8110974539069359, "16": 0.8534276958501938, "17": 0.7954307312326921, "18": 0.7818244394045024, "19": 0.9001078984816026, "20": 0.9130153425801968, "21": 0.9597295733062683, "22": 0.9605503600988928, "23": 0.9669164585067999, "id_test_conf": [0.8546795512829735, 0.8581078065879059], "id_test_balanced": 0.5704004168510437, "id_test_balanced_conf": [0.5690599694894627, 0.5717408642126247], "ood_test_conf": [0.797944233495153, 0.801827544884545], "ood_test_balanced": 0.5562041997909546, "ood_test_balanced_conf": [0.5547789226868189, 0.5576294768950902], "features": ["AGEP", "SEX", "RAC1P", "POBP", "DIS", "ANC", "NATIVITY", "DEAR", "DEYE", "DREM", "DPHY", "SCHL"]}