{"validation": 0.9600902307825785, "id_test": 0.9595885105196295, "ood_test": 0.9324434176186198, "ood_validation": 0.934048404840484, "15": 0.9453555750658472, "16": 0.9421634525845284, "17": 0.9469257540603249, "18": 0.950267832717068, "19": 0.968811083832429, "20": 0.9734132704245317, "21": 0.9807832644125517, "22": 0.9849510910458992, "23": 0.9845129059117402, "id_test_conf": [0.9586163077704195, 0.960544156253982], "id_test_balanced": 0.5086135268211365, "id_test_balanced_conf": [0.5081776062678546, 0.5090494473744184], "ood_test_conf": [0.9312165315356407, 0.9336549528853938], "ood_test_balanced": 0.5066903233528137, "ood_test_balanced_conf": [0.5061522780929226, 0.5072283686127048], "features": ["AGEP", "SEX", "RAC1P", "POBP", "DIS", "ANC", "NATIVITY", "DEAR", "DEYE", "DREM", "DPHY", "SCHL"]}