{"validation": 0.6763528420217645, "id_test": 0.6753447153967713, "ood_test": 0.6385756458917798, "ood_validation": 0.638998899889989, "15": 0.6497150610583446, "16": 0.7023009329021553, "17": 0.6191527580270938, "18": 0.5659036155210604, "19": 0.7237173372531236, "20": 0.7102782618818543, "21": 0.8035296387320813, "22": 0.8093088251101795, "23": 0.8342492367471551, "id_test_conf": [0.6730538439752508, 0.6776292854566563], "id_test_balanced": 0.6060351133346558, "id_test_balanced_conf": [0.6043689063587226, 0.6077013203105889], "ood_test_conf": [0.6362422914137735, 0.6409040890234099], "ood_test_balanced": 0.5811859369277954, "ood_test_balanced_conf": [0.5795097596594132, 0.5828621141961776], "features": ["AGEP", "SEX", "RAC1P", "POBP", "DIS", "ANC", "NATIVITY", "DEAR", "DEYE", "DREM", "DPHY", "SCHL"]}