{"validation": 0.9461404030638804, "id_test": 0.9452979270597713, "ood_test": 0.9161303335350313, "ood_validation": 0.9162266226622662, "15": 0.9288115571873254, "16": 0.9350693327463895, "17": 0.9269515754808771, "18": 0.9268556350768199, "19": 0.959311326213076, "20": 0.964035156798362, "21": 0.9755324235230961, "22": 0.9785015586369988, "23": 0.9785179017485429, "id_test_conf": [0.9441772972082432, 0.9464025238578219], "id_test_balanced": 0.5184563994407654, "id_test_balanced_conf": [0.5177657855581492, 0.5191470133233815], "ood_test_conf": [0.9147767468382301, 0.9174691531256495], "ood_test_balanced": 0.5137438774108887, "ood_test_balanced_conf": [0.5129887857683935, 0.5144989690533839], "features": ["AGEP", "SEX", "RAC1P", "POBP", "DIS", "ANC", "NATIVITY", "DEAR", "DEYE", "DREM", "DPHY", "SCHL"]}