{"validation": 0.9416784412880196, "id_test": 0.9410281039878536, "ood_test": 0.9021703919663103, "ood_validation": 0.9033553355335534, "15": 0.9195115332428765, "16": 0.9273487631850735, "17": 0.9168288301773819, "18": 0.9194251524484411, "19": 0.9580681480554817, "20": 0.9658155945806213, "21": 0.9775706892357762, "22": 0.981475509692214, "23": 0.9810158201498751, "id_test_conf": [0.9398676696536497, 0.9421726610332011], "id_test_balanced": 0.5281810164451599, "id_test_balanced_conf": [0.5273857432417571, 0.5289762896485627], "ood_test_conf": [0.9007206698870819, 0.903605845202146], "ood_test_balanced": 0.5233281850814819, "ood_test_balanced_conf": [0.5224147376953624, 0.5242416324676015], "features": ["AGEP", "SEX", "RAC1P", "POBP", "DIS", "ANC", "NATIVITY", "DEAR", "DEYE", "DREM", "DPHY", "SCHL"]}