{"validation": 0.7892962494732406, "id_test": 0.7888947417345769, "ood_test": 0.7544480505589477, "ood_validation": 0.753960396039604, "15": 0.7457163380956182, "16": 0.8033794422904357, "17": 0.7210631689244817, "18": 0.6807319290132989, "19": 0.8371983924689987, "20": 0.8457387618424792, "21": 0.9233259799193082, "22": 0.927335268193056, "23": 0.9408825978351374, "id_test_conf": [0.7868953186564642, 0.7908837800593241], "id_test_balanced": 0.5966399908065796, "id_test_balanced_conf": [0.5951042314944789, 0.5981757501186803], "ood_test_conf": [0.7523549106944216, 0.7565321705511675], "ood_test_balanced": 0.5809469223022461, "ood_test_balanced_conf": [0.5793916624388658, 0.5825021821656264], "features": ["AGEP", "SEX", "RAC1P", "POBP", "DIS", "ANC", "NATIVITY", "DEAR", "DEYE", "DREM", "DPHY", "SCHL"]}