{"validation": 0.9035968369648745, "id_test": 0.9025934992098659, "ood_test": 0.850767980148034, "ood_validation": 0.8482948294829483, "15": 0.8632740043100008, "16": 0.9049489528130978, "17": 0.8443417408876581, "18": 0.8443834552626702, "19": 0.9364180831600182, "20": 0.9548967174890349, "21": 0.974752346521947, "22": 0.9790031889354689, "23": 0.9802941992783791, "id_test_conf": [0.901136442620905, 0.904036072771399], "id_test_balanced": 0.5551437735557556, "id_test_balanced_conf": [0.5540095008257776, 0.5562780462857336], "ood_test_conf": [0.8490321636032124, 0.8524913573867007], "ood_test_balanced": 0.5446489453315735, "ood_test_balanced_conf": [0.5434062764747069, 0.5458916141884401], "features": ["AGEP", "SEX", "RAC1P", "POBP", "DIS", "ANC", "NATIVITY", "DEAR", "DEYE", "DREM", "DPHY", "SCHL"]}