{"validation": 0.6760801665799063, "id_test": 0.675536826449354, "ood_test": 0.6252269101710766, "ood_validation": 0.6226072607260726, "train": 0.6766430606531496, "id_test_conf": [0.673246302794577, 0.6778210418368655], "id_test_balanced": 0.6144442558288574, "id_test_balanced_conf": [0.6127802701271139, 0.616108241530601], "ood_test_conf": [0.6228761008757862, 0.6275732812790492], "ood_test_balanced": 0.5934488773345947, "ood_test_balanced_conf": [0.5917702608858235, 0.5951274937833659], "features": ["AGEP", "SEX", "RAC1P", "POBP", "DIS", "ANC", "NATIVITY", "DEAR", "DEYE", "DREM", "DPHY", "SCHL"]}