{"validation": 0.6088036984705386, "id_test": 0.607944721593902, "ood_test": 0.636907053926692, "ood_validation": 0.635973597359736, "15": 0.6011110224279671, "16": 0.6435162453651186, "17": 0.5689038994087269, "18": 0.5082776635456286, "19": 0.6527701762341866, "20": 0.6269845889414271, "21": 0.7094171231095715, "22": 0.7206277544877996, "23": 0.7417152373022481, "id_test_conf": [0.6055576606448241, 0.6103279036189913], "id_test_balanced": 0.5984714031219482, "id_test_balanced_conf": [0.5967804831871762, 0.6001623230567202], "ood_test_conf": [0.6345714120615469, 0.6392378435914552], "ood_test_balanced": 0.5952861309051514, "ood_test_balanced_conf": [0.5936118729226291, 0.5969603888876737], "features": ["AGEP", "SEX", "RAC1P", "POBP", "DIS", "ANC", "NATIVITY", "DEAR", "DEYE", "DREM", "DPHY", "SCHL"]}