{"validation": 0.8323108004263652, "id_test": 0.8300684782945497, "ood_test": 0.7738905085843861, "ood_validation": 0.7712321232123213, "15": 0.7820320855614973, "16": 0.8305030221966375, "17": 0.7638743357533119, "18": 0.7364561363255293, "19": 0.8760418458459085, "20": 0.8948240619318435, "21": 0.9470721948682677, "22": 0.9508044000143323, "23": 0.9574798778795448, "id_test_conf": [0.8282269823495231, 0.831898107320931], "id_test_balanced": 0.5855926275253296, "id_test_balanced_conf": [0.5841538015613332, 0.587031453489326], "ood_test_conf": [0.7718556688530269, 0.7759156386876938], "ood_test_balanced": 0.5661175847053528, "ood_test_balanced_conf": [0.5646163296420127, 0.5676188397686929], "features": ["AGEP", "SEX", "RAC1P", "POBP", "DIS", "ANC", "NATIVITY", "DEAR", "DEYE", "DREM", "DPHY", "SCHL"]}