{"validation": 0.03342753030415706, "id_test": 0.03384872803891798, "ood_test": 0.05154910122180049, "ood_validation": 0.05071507150715072, "15": 0.04496767499401389, "16": 0.052350879569273485, "17": 0.04259598832422723, "18": 0.03800841886036517, "19": 0.027881593144537052, "20": 0.02465221544666733, "21": 0.018629580855400566, "22": 0.014511447920025799, "23": 0.015098529003608105, "id_test_conf": [0.03297167003398967, 0.034742585828503356], "id_test_balanced": 0.4999244213104248, "id_test_balanced_conf": [0.49988862785699895, 0.49996021476385066], "ood_test_conf": [0.05048257861082082, 0.05263155000714362], "ood_test_balanced": 0.5000193119049072, "ood_test_balanced_conf": [0.5000042470496555, 0.5000343767601589], "features": ["AGEP", "SEX", "RAC1P", "POBP", "DIS", "ANC", "NATIVITY", "DEAR", "DEYE", "DREM", "DPHY", "SCHL"]}