{"validation": 0.7773597640485561, "id_test": 0.7764156858673036, "ood_test": 0.36595111489869503, "ood_validation": 0.36251595580791407, "train": 0.776303719514189, "id_test_conf": [0.7752591280536899, 0.7775690448935877], "id_test_balanced": 0.503919243812561, "id_test_balanced_conf": [0.5037593509603175, 0.5040791366648045], "ood_test_conf": [0.3649070362645486, 0.3669961430136381], "ood_test_balanced": 0.50090491771698, "ood_test_balanced_conf": [0.5007986665971111, 0.5010111688368488], "features": ["AGEP", "SEX", "RAC1P", "DEAR", "DEYE", "DREM", "NATIVITY", "DIS"]}