{"validation": 0.7776592961793678, "id_test": 0.7766173704326433, "ood_test": 0.36808224219534236, "ood_validation": 0.3645076807958097, "train": 0.7764841875779563, "id_test_conf": [0.7754611822320805, 0.7777703575107308], "id_test_balanced": 0.5131081342697144, "id_test_balanced_conf": [0.5128157116513467, 0.5134005568880821], "ood_test_conf": [0.3670368817140648, 0.36912853706156484], "ood_test_balanced": 0.5015551447868347, "ood_test_balanced_conf": [0.5014006974504446, 0.5017095921232249], "features": ["AGEP", "SEX", "RAC1P", "DEAR", "DEYE", "DREM", "NATIVITY", "DIS"]}