{"validation": 0.7773757390955328, "id_test": 0.7764076983597653, "ood_test": 0.3644423305704892, "ood_validation": 0.36103041507108585, "train": 0.7763191953370846, "id_test_conf": [0.7752511259160335, 0.7775610721086597], "id_test_balanced": 0.5037236213684082, "id_test_balanced_conf": [0.5035677833255613, 0.5038794594112551], "ood_test_conf": [0.36339917275809225, 0.36548644855120416], "ood_test_balanced": 0.5001195669174194, "ood_test_balanced_conf": [0.5000481449233485, 0.5001909889114904], "features": ["AGEP", "SEX", "RAC1P", "DEAR", "DEYE", "DREM", "NATIVITY", "DIS"]}