{"id_test": 0.7770167458095538, "id_test_conf": [0.7758612906665052, 0.7781689952060613], "id_test_balanced": 0.5123842358589172, "id_test_balanced_conf": [0.5121047262649517, 0.5126637454528827], "ood_test": 0.3671456710483361, "ood_test_conf": [0.36610087119668605, 0.36819141191914173], "ood_test_balanced": 0.5016319751739502, "ood_test_balanced_conf": [0.5015084127898445, 0.5017555375580559], "validation": 0.7780926193286087, "validation_conf": [0.7769391454352632, 0.7792428750121698], "validation_balanced": 0.5125767588615417, "validation_balanced_conf": [0.5122978038160363, 0.5128557139070472], "features": ["AGEP", "SEX", "RAC1P", "DEAR", "DEYE", "DREM", "NATIVITY", "DIS"]}