{"id_test": 0.7769548426261327, "id_test_conf": [0.7757992737589606, 0.7781072064634917], "id_test_balanced": 0.5125571489334106, "id_test_balanced_conf": [0.5122748901561135, 0.5128394077107078], "ood_test": 0.3672263677790181, "ood_test_conf": [0.3661815194554988, 0.3682721565500639], "ood_test_balanced": 0.5016731023788452, "ood_test_balanced_conf": [0.5015481861954322, 0.5017980185622583], "validation": 0.7780786411625041, "validation_conf": [0.7769251414414733, 0.7792289228355955], "validation_balanced": 0.5126923322677612, "validation_balanced_conf": [0.5124118616332999, 0.5129728029022226], "features": ["AGEP", "SEX", "RAC1P", "DEAR", "DEYE", "DREM", "NATIVITY", "DIS"]}