{"validation": 0.5752354821768397, "id_test": 0.57459732977623, "ood_test": 0.525299036407675, "ood_validation": 0.5251771644878735, "train": 0.574117834413188, "id_test_conf": [0.5732265808744035, 0.5759672155650125], "id_test_balanced": 0.5873632431030273, "id_test_balanced_conf": [0.5864001348940655, 0.5883263513119892], "ood_test_conf": [0.5242161123493649, 0.5263817812754612], "ood_test_balanced": 0.5154408812522888, "ood_test_balanced_conf": [0.5146770114125684, 0.5162047510920093], "features": ["AGEP", "SEX", "RAC1P", "DEAR", "DEYE", "DREM", "NATIVITY", "DIS"]}