{"validation": 0.5790235651911714, "id_test": 0.5783734239649189, "ood_test": 0.5553817994637336, "ood_validation": 0.5565495840485937, "train": 0.5769693795867407, "id_test_conf": [0.5770042721085427, 0.5797416690166941], "id_test_balanced": 0.5886906385421753, "id_test_balanced_conf": [0.5877276268508286, 0.589653650233522], "ood_test_conf": [0.5543040485551238, 0.5564591581072025], "ood_test_balanced": 0.5437005758285522, "ood_test_balanced_conf": [0.5429400953429285, 0.544461056314176], "features": ["AGEP", "SEX", "RAC1P", "DEAR", "DEYE", "DREM", "NATIVITY", "DIS"]}