{"validation": 0.7770881882499536, "id_test": 0.7762120044250792, "ood_test": 0.3639178018210562, "ood_validation": 0.36029314670540075, "train": 0.7760952951251907, "id_test_conf": [0.7750550737340849, 0.7773657386870135], "id_test_balanced": 0.5, "id_test_balanced_conf": [0.5, 0.5], "ood_test_conf": [0.3628749667226433, 0.3649616008033196], "ood_test_balanced": 0.49968215823173523, "ood_test_balanced_conf": [0.49961618074099534, 0.4997481357224751], "features": ["AGEP", "SEX", "RAC1P", "DEAR", "DEYE", "DREM", "NATIVITY", "DIS"]}