{"validation": 0.7774616049730321, "id_test": 0.7764875734351474, "ood_test": 0.364157446657627, "ood_validation": 0.3605242308200185, "train": 0.7763513950331096, "id_test_conf": [0.7753311473201174, 0.7776407999305252], "id_test_balanced": 0.5057278275489807, "id_test_balanced_conf": [0.5055345485577709, 0.5059211065401905], "ood_test_conf": [0.36311446395279323, 0.3652013915487578], "ood_test_balanced": 0.5001447796821594, "ood_test_balanced_conf": [0.5000954093819019, 0.500194149982417], "features": ["AGEP", "SEX", "RAC1P", "DEAR", "DEYE", "DREM", "NATIVITY", "DIS"]}