{"validation": 0.7774616049730321, "id_test": 0.7764875734351474, "ood_test": 0.3648176926359343, "ood_validation": 0.3613165192129935, "train": 0.7763513950331096, "id_test_conf": [0.7753311473201174, 0.7776407999305252], "id_test_balanced": 0.5057278275489807, "id_test_balanced_conf": [0.5055345485577709, 0.5059211065401905], "ood_test_conf": [0.3637743047046461, 0.3658620380766508], "ood_test_balanced": 0.5005131959915161, "ood_test_balanced_conf": [0.5004428826166258, 0.5005835093664064], "features": ["AGEP", "SEX", "RAC1P", "DEAR", "DEYE", "DREM", "NATIVITY", "DIS"]}