{"validation": 0.7770881882499536, "id_test": 0.7762120044250792, "ood_test": 0.3638089835024093, "ood_validation": 0.36023812667811084, "train": 0.7760952951251907, "id_test_conf": [0.7750550737340849, 0.7773657386870135], "id_test_balanced": 0.5, "id_test_balanced_conf": [0.5, 0.5], "ood_test_conf": [0.3627662155215832, 0.36485271613789816], "ood_test_balanced": 0.5000393986701965, "ood_test_balanced_conf": [0.5000208201880014, 0.5000579771523916], "features": ["AGEP", "SEX", "RAC1P", "DEAR", "DEYE", "DREM", "NATIVITY", "DIS"]}