{"validation": 0.7772139917448945, "id_test": 0.7761021761964287, "ood_test": 0.37070855397572006, "ood_validation": 0.36757779831858794, "train": 0.775935295085253, "id_test_conf": [0.7749450446087824, 0.7772561126266313], "id_test_balanced": 0.5127254724502563, "id_test_balanced_conf": [0.512431488551083, 0.5130194563494297], "ood_test_conf": [0.36966164396508294, 0.37175637976786946], "ood_test_balanced": 0.5036621689796448, "ood_test_balanced_conf": [0.5034942330355989, 0.5038301049236906], "features": ["AGEP", "SEX", "RAC1P", "DEAR", "DEYE", "DREM", "NATIVITY", "DIS"]}