{"validation": 0.8783279220779221, "id_test": 0.8758928571428571, "ood_test": 0.6997041420118343, "ood_validation": 0.6490066225165563, "train": 0.8783940094971386, "id_test_conf": [0.86994141944608, 0.8816660727981512], "id_test_balanced": 0.5117745995521545, "id_test_balanced_conf": [0.5104304679785855, 0.5131187311257236], "ood_test_conf": [0.674485346499039, 0.7240518013279313], "ood_test_balanced": 0.5179746747016907, "ood_test_balanced_conf": [0.5127257355675101, 0.5232236138358712], "features": ["AccredAgency", "HIGHDEG", "CONTROL", "region", "LOCALE", "locale2", "CCBASIC", "HBCU", "DISTANCEONLY", "median_hh_inc", "poverty_rate", "unemp_rate", "TUITIONFEE_IN", "TUITIONFEE_OUT", "TUITIONFEE_PROG", "ADM_RATE", "ADM_RATE_ALL", "SATVRMID", "SATMTMID", "SATWRMID", "ACTCMMID", "ACTENMID", "ACTMTMID", "ACTWRMID", "NPT4_PROG", "COSTT4_A", "COSTT4_P", "loan_ever", "pell_ever", "PCIP51"]}