{"validation": 0.842407824284279, "id_test": 0.8393193264485934, "ood_test": 0.8138221694832031, "ood_validation": 0.8167924875713497, "train": 0.8400427332763133, "id_test_conf": [0.8367335817573522, 0.8418800088010521], "id_test_balanced": 0.6250876188278198, "id_test_balanced_conf": [0.6234168913820759, 0.6267583462735637], "ood_test_conf": [0.8103425381942253, 0.817264489977255], "ood_test_balanced": 0.6330587863922119, "ood_test_balanced_conf": [0.630814288877882, 0.6353032839065418], "features": ["DIVISION", "AGEP", "SEX", "RAC1P", "POBP", "DIS", "ANC", "NATIVITY", "DEAR", "DEYE", "DREM", "ST", "ENG", "FER", "MAR", "CIT", "SCHL", "HUPAC", "OCCP", "MIL", "WIF", "WKHP", "WKW", "WRK", "NWLA", "NWLK", "PUBCOV"]}