{"validation": 0.19361195805755932, "id_test": 0.19260062591020358, "ood_test": 0.10975423412851214, "ood_validation": 0.1094059405940594, "15": 0.18290685609386223, "16": 0.16975094390735315, "17": 0.19562532744555047, "18": 0.16043488620418825, "19": 0.22812710128383556, "20": 0.2020386012606869, "21": 0.2304917840277137, "22": 0.19681823067827584, "23": 0.17901748542880933, "id_test_conf": [0.19067901197118478, 0.19453329057207802], "id_test_balanced": 0.5414144396781921, "id_test_balanced_conf": [0.5402789445058442, 0.54254993485054], "ood_test_conf": [0.1082434688183849, 0.11127884327656028], "ood_test_balanced": 0.5115149021148682, "ood_test_balanced_conf": [0.5107545284717344, 0.5122752757580019], "features": ["AGEP", "SEX", "RAC1P", "ACS_YEAR", "POBP", "DIS", "ANC", "NATIVITY", "DEYE", "DREM", "DPHY", "SCHL"]}