{"validation": 0.8642076299546367, "id_test": 0.8631673535153224, "ood_test": 0.803240613406189, "ood_validation": 0.8008250825082508, "15": 0.8159789288849868, "16": 0.8613683693683016, "17": 0.7964037122969838, "18": 0.7842997961470918, "19": 0.9048616866565544, "20": 0.9266254198580444, "21": 0.9594024442412703, "22": 0.9649217098427031, "23": 0.9673605328892589, "id_test_conf": [0.8614809127818542, 0.8648407346208784], "id_test_balanced": 0.574432909488678, "id_test_balanced_conf": [0.5731031260685995, 0.5757626929087565], "ood_test_conf": [0.801305854022854, 0.8051646215584994], "ood_test_balanced": 0.5604945421218872, "ood_test_balanced_conf": [0.5590689841355198, 0.5619201001082547], "features": ["AGEP", "SEX", "RAC1P", "ACS_YEAR", "POBP", "DIS", "ANC", "NATIVITY", "DEYE", "DREM", "DPHY", "SCHL"]}