{"validation": 0.6970885699412508, "id_test": 0.6971090385151675, "ood_test": 0.615178686029668, "ood_validation": 0.6133113311331133, "train": 0.6975778401969457, "id_test_conf": [0.6948604064469104, 0.6993505868358234], "id_test_balanced": 0.613585352897644, "id_test_balanced_conf": [0.6119340625707992, 0.6152366432244889], "ood_test_conf": [0.6128159955453292, 0.6175372944834343], "ood_test_balanced": 0.5852906107902527, "ood_test_balanced_conf": [0.5836063980311156, 0.5869748235493898], "features": ["AGEP", "SEX", "RAC1P", "ACS_YEAR", "POBP", "DIS", "ANC", "NATIVITY", "DEYE", "DREM", "DPHY", "SCHL"]}