{"validation": 0.7287437098733298, "id_test": 0.7285966597465373, "ood_test": 0.655921667858518, "ood_validation": 0.6545104510451045, "train": 0.7291818045198983, "id_test_conf": [0.7264197926901768, 0.7307653109456097], "id_test_balanced": 0.6114043593406677, "id_test_balanced_conf": [0.6097795324097387, 0.6130291862715967], "ood_test_conf": [0.6536139116024187, 0.6582238978889892], "ood_test_balanced": 0.584382951259613, "ood_test_balanced_conf": [0.5827165964269079, 0.5860493060923182], "features": ["AGEP", "SEX", "RAC1P", "ACS_YEAR", "POBP", "DIS", "ANC", "NATIVITY", "DEYE", "DREM", "DPHY", "SCHL"]}