{"validation": 0.3966869933814234, "id_test": 0.3968456604592074, "ood_test": 0.3580749460610839, "ood_validation": 0.3542354235423542, "15": 0.41578737329395804, "16": 0.4230059428068334, "17": 0.3943473542399521, "18": 0.3309123961982756, "19": 0.43610533393798184, "20": 0.38878940502562803, "21": 0.424529647120006, "22": 0.4436561682611344, "23": 0.4095475992228698, "id_test_conf": [0.39445734461247334, 0.3992376830771522], "id_test_balanced": 0.5786008238792419, "id_test_balanced_conf": [0.577035589274019, 0.5801660584844649], "ood_test_conf": [0.35575130509265923, 0.36040361710218877], "ood_test_balanced": 0.5647143125534058, "ood_test_balanced_conf": [0.5632100596255623, 0.5662185654812493], "features": ["AGEP", "SEX", "RAC1P", "ACS_YEAR", "POBP", "DIS", "ANC", "NATIVITY", "DEYE", "DREM", "DPHY", "SCHL"]}