{"validation": 0.7031679928608612, "id_test": 0.7036098286493354, "ood_test": 0.7266259603571887, "ood_validation": 0.7243674367436743, "15": 0.6991970628142709, "16": 0.7430878892030544, "17": 0.6657810044158371, "18": 0.6184288323905504, "19": 0.7440773116076874, "20": 0.7123839719512571, "21": 0.7989917714458266, "22": 0.7937224551220037, "23": 0.8228698306966417, "id_test_conf": [0.7013749525381063, 0.7058373873028586], "id_test_balanced": 0.5776991844177246, "id_test_balanced_conf": [0.5760600046557375, 0.5793383641797117], "ood_test_conf": [0.7244592886106656, 0.7287845990241584], "ood_test_balanced": 0.5768840312957764, "ood_test_balanced_conf": [0.575290787301492, 0.5784772752900608], "features": ["AGEP", "SEX", "RAC1P", "ACS_YEAR", "POBP", "DIS", "ANC", "NATIVITY", "DEYE", "DREM", "DPHY", "SCHL"]}