{"validation": 0.12494112689323517, "id_test": 0.12556006568958572, "ood_test": 0.18631387865119092, "ood_validation": 0.18135313531353137, "15": 0.11374570995290925, "16": 0.1011631647562772, "17": 0.09802784222737819, "18": 0.10314868907577857, "19": 0.10782811302756884, "20": 0.14427709090162055, "21": 0.189147702966809, "22": 0.18205596760901502, "23": 0.29247849014709965, "id_test_conf": [0.12394698646490605, 0.1271866111303126], "id_test_balanced": 0.5084003210067749, "id_test_balanced_conf": [0.5074164414312691, 0.5093842005822807], "ood_test_conf": [0.18442973603211527, 0.18820914333172356], "ood_test_balanced": 0.5299931168556213, "ood_test_balanced_conf": [0.5288972460431978, 0.5310889876680449], "features": ["AGEP", "SEX", "RAC1P", "ACS_YEAR", "POBP", "DIS", "ANC", "NATIVITY", "DEYE", "DREM", "DPHY", "SCHL"]}