{"validation": 0.9469770208968543, "id_test": 0.9465807331205652, "ood_test": 0.9128664943066175, "ood_validation": 0.914026402640264, "15": 0.9239013488706201, "16": 0.9374396830503022, "17": 0.9205991318015119, "18": 0.9273983603519331, "19": 0.96270465527217, "20": 0.9702940803867659, "21": 0.9803554802506312, "22": 0.9845569529542442, "23": 0.9844018873161254, "id_test_conf": [0.9454724223338911, 0.9476729640001026], "id_test_balanced": 0.5161146521568298, "id_test_balanced_conf": [0.5154548340674956, 0.5167744702461641], "ood_test_conf": [0.9114895220930227, 0.9142288159918841], "ood_test_balanced": 0.5134819746017456, "ood_test_balanced_conf": [0.5127039203804452, 0.514260028823046], "features": ["AGEP", "SEX", "RAC1P", "ACS_YEAR", "POBP", "DIS", "ANC", "NATIVITY", "DEYE", "DREM", "DPHY", "SCHL"]}