{"validation": 0.7017705219590711, "id_test": 0.7059770114942528, "ood_test": 0.5964862700767746, "ood_validation": 0.5875370919881305, "train": 0.6930969076905391, "id_test_conf": [0.6921878724671927, 0.7194890713583675], "id_test_balanced": 0.5042635798454285, "id_test_balanced_conf": [0.5028973513282835, 0.5056298083625734], "ood_test_conf": [0.5898506619091826, 0.6030954487786966], "ood_test_balanced": 0.5025524497032166, "ood_test_balanced_conf": [0.5020513144449796, 0.5030535849614535], "features": ["VCF0004", "VCF0901b", "VCF0701", "VCF0101", "VCF0104", "VCF0105a", "VCF0115", "VCF0140a", "VCF0112"]}