{"id_test": 0.751264367816092, "id_test_conf": [0.7381373000919178, 0.7640532349387218], "id_test_balanced": 0.6297195553779602, "id_test_balanced_conf": [0.6217470771633089, 0.6376920335926115], "ood_test": 0.6911120531298572, "ood_test_conf": [0.6848476962522778, 0.6973240455040608], "ood_test_balanced": 0.6378776431083679, "ood_test_balanced_conf": [0.6341743272496387, 0.6415809589670971], "features": ["VCF0004", "VCF0901b", "VCF0701", "VCF0101", "VCF0104", "VCF0105a", "VCF0115", "VCF0140a", "VCF0112"]}