{"id_test": 0.7519540229885058, "id_test_conf": [0.7388384161528316, 0.7647304972874995], "id_test_balanced": 0.6324517130851746, "id_test_balanced_conf": [0.6244169625267386, 0.6404864636436105], "ood_test": 0.6941265131176111, "ood_test_conf": [0.6878786681703386, 0.7003211668787545], "ood_test_balanced": 0.6426092982292175, "ood_test_balanced_conf": [0.6388609065907076, 0.6463576898677275], "features": ["VCF0004", "VCF0901b", "VCF0701", "VCF0101", "VCF0104", "VCF0105a", "VCF0115", "VCF0140a", "VCF0112"]}