{"id_test": 0.751264367816092, "id_test_conf": [0.7381373000919178, 0.7640532349387218], "id_test_balanced": 0.6306163668632507, "id_test_balanced_conf": [0.6226140809059143, 0.6386186528205872], "ood_test": 0.6915830625029438, "ood_test_conf": [0.6853212651321614, 0.6977923662037708], "ood_test_balanced": 0.6400824785232544, "ood_test_balanced_conf": [0.6363248996855692, 0.6438400573609396], "validation": 0.746838353644516, "validation_conf": [0.733637218678939, 0.7597071911599692], "validation_balanced": 0.6242237091064453, "validation_balanced_conf": [0.6163211434148252, 0.6321262747980654], "features": ["VCF0004", "VCF0901b", "VCF0701", "VCF0101", "VCF0104", "VCF0105a", "VCF0115", "VCF0140a", "VCF0112"]}