{"id_test": 0.751264367816092, "id_test_conf": [0.7381373000919178, 0.7640532349387218], "id_test_balanced": 0.6303921341896057, "id_test_balanced_conf": [0.6223972593247891, 0.6383870090544224], "ood_test": 0.6913475578164006, "ood_test_conf": [0.6850844797463364, 0.6975582067999185], "ood_test_balanced": 0.6387770175933838, "ood_test_balanced_conf": [0.6350527606066316, 0.642501274580136], "features": ["VCF0004", "VCF0901b", "VCF0701", "VCF0101", "VCF0104", "VCF0105a", "VCF0115", "VCF0140a", "VCF0112"]}