{"validation": 0.47160266727983446, "id_test": 0.4742528735632184, "ood_test": 0.479063633366304, "ood_validation": 0.47181008902077154, "0": 0.48132411067193676, "1": 0.4657573582196698, "3": 0.4617722015291119, "id_test_conf": [0.4593206945878893, 0.48921965395082306], "id_test_balanced": 0.47990575432777405, "id_test_balanced_conf": [0.46941159894689916, 0.49039990970864894], "ood_test_conf": [0.47232360628390024, 0.48580939484371516], "ood_test_balanced": 0.48903441429138184, "ood_test_balanced_conf": [0.48430630839429795, 0.4937625201884657], "features": ["VCF0004", "VCF0901b", "VCF0701", "VCF0101", "VCF0104", "VCF0105a", "VCF0115", "VCF0140a", "VCF0112"]}