{"validation": 0.7461485398942286, "id_test": 0.7496551724137931, "ood_test": 0.6871084734586218, "ood_validation": 0.6884272997032641, "train": 0.7410909299919531, "id_test_conf": [0.7365015323188222, 0.7624727862671384], "id_test_balanced": 0.6202804446220398, "id_test_balanced_conf": [0.6125757322832942, 0.6279851569607854], "ood_test_conf": [0.6808226651441184, 0.6933430151476516], "ood_test_balanced": 0.6301732063293457, "ood_test_balanced_conf": [0.6265860230661928, 0.6337603895924986], "features": ["VCF0004", "VCF0901b", "VCF0701", "VCF0101", "VCF0104", "VCF0105a", "VCF0115", "VCF0140a", "VCF0112"]}