{"validation": 0.7431593469763164, "id_test": 0.7503448275862069, "ood_test": 0.6904997409448448, "ood_validation": 0.6909707503179313, "train": 0.7397689389585009, "id_test_conf": [0.7372025466209584, 0.7631501504677811], "id_test_balanced": 0.6344467401504517, "id_test_balanced_conf": [0.6262867859378457, 0.6426066943630576], "ood_test_conf": [0.6842320680126026, 0.6967152172888387], "ood_test_balanced": 0.63863605260849, "ood_test_balanced_conf": [0.6348862869059667, 0.6423858183110133], "features": ["VCF0004", "VCF0901b", "VCF0701", "VCF0101", "VCF0104", "VCF0105a", "VCF0115", "VCF0140a", "VCF0112"]}