{"validation": 0.6028972177512072, "id_test": 0.6119540229885058, "ood_test": 0.5099147473034713, "ood_validation": 0.5019075879610004, "0": 0.5830039525691699, "1": 0.6254127781765972, "3": 0.5688100372475985, "id_test_conf": [0.5972866289336443, 0.6264709252284042], "id_test_balanced": 0.46321630477905273, "id_test_balanced_conf": [0.4560895038675517, 0.47034310569055376], "ood_test_conf": [0.503165919484663, 0.5166608595174187], "ood_test_balanced": 0.4476391673088074, "ood_test_balanced_conf": [0.4440981000708416, 0.45118023454677314], "features": ["VCF0004", "VCF0901b", "VCF0701", "VCF0101", "VCF0104", "VCF0105a", "VCF0115", "VCF0140a", "VCF0112"]}