{"validation": 0.4023141473512994, "id_test": 0.40196658287742126, "ood_test": 0.5842328323904501, "ood_validation": 0.5834273318872017, "train": 0.40135205696568105, "id_test_conf": [0.3961162904719204, 0.4078379393737894], "id_test_balanced": 0.499879390001297, "id_test_balanced_conf": [0.4996704722757568, 0.5000883077268372], "ood_test_conf": [0.582890055224432, 0.5855746684957686], "ood_test_balanced": 0.5000291466712952, "ood_test_balanced_conf": [0.49998496011779936, 0.500073333224791], "features": ["IYEAR", "BMI5CAT", "AGEG5YR", "FRUIT_ONCE_PER_DAY", "VEG_ONCE_PER_DAY", "DRNK_PER_WEEK", "RFBING5", "TOTINDA", "SMOKE100", "SMOKDAY2", "DIABETES", "PRACE1", "SEX", "MEDCOST", "POVERTY", "EMPLOY1", "CHCOCNCR"]}