{"id_test": 0.6662723643353541, "id_test_conf": [0.660617104980707, 0.6718918914210159], "id_test_balanced": 0.6341768503189087, "id_test_balanced_conf": [0.6303597814915701, 0.6379939191462473], "ood_test": 0.6007053306647231, "ood_test_conf": [0.5993708992271685, 0.6020386370017977], "ood_test_balanced": 0.6262258291244507, "ood_test_balanced_conf": [0.6253415035328362, 0.6271101547160651], "validation": 0.6621196998262541, "validation_conf": [0.6564475781840875, 0.6677569807854205], "validation_balanced": 0.629041850566864, "validation_balanced_conf": [0.6252289151120931, 0.6328547860216349], "features": ["IYEAR", "BMI5CAT", "AGEG5YR", "FRUIT_ONCE_PER_DAY", "VEG_ONCE_PER_DAY", "DRNK_PER_WEEK", "RFBING5", "TOTINDA", "SMOKE100", "SMOKDAY2", "DIABETES", "PRACE1", "SEX", "MEDCOST", "POVERTY", "EMPLOY1", "CHCOCNCR"]}