{"validation": 0.402572917821892, "id_test": 0.4021144462516635, "ood_test": 0.5842193350841268, "ood_validation": 0.583583514099783, "train": 0.40137978198890073, "id_test_conf": [0.3962637859569703, 0.40798613886106816], "id_test_balanced": 0.5000030398368835, "id_test_balanced_conf": [0.49977409964049, 0.5002319800332771], "ood_test_conf": [0.5828765517158947, 0.5855611775424658], "ood_test_balanced": 0.5000691413879395, "ood_test_balanced_conf": [0.5000132345470046, 0.5001250482288743], "features": ["IYEAR", "BMI5CAT", "AGEG5YR", "FRUIT_ONCE_PER_DAY", "VEG_ONCE_PER_DAY", "DRNK_PER_WEEK", "RFBING5", "TOTINDA", "SMOKE100", "SMOKDAY2", "DIABETES", "PRACE1", "SEX", "MEDCOST", "POVERTY", "EMPLOY1", "CHCOCNCR"]}