{"validation": 0.6621196998262541, "id_test": 0.6683424515747449, "ood_test": 0.5958231621489254, "ood_validation": 0.5963904555314533, "train": 0.6627481967182814, "id_test_conf": [0.6626957281152819, 0.67395299765466], "id_test_balanced": 0.6347016096115112, "id_test_balanced_conf": [0.6309105193102732, 0.6384926999127493], "ood_test_conf": [0.5944860946997841, 0.5971591590442185], "ood_test_balanced": 0.6232966184616089, "ood_test_balanced_conf": [0.6224184088467155, 0.6241748280765023], "features": ["IYEAR", "BMI5CAT", "AGEG5YR", "FRUIT_ONCE_PER_DAY", "VEG_ONCE_PER_DAY", "DRNK_PER_WEEK", "RFBING5", "TOTINDA", "SMOKE100", "SMOKDAY2", "DIABETES", "PRACE1", "SEX", "MEDCOST", "POVERTY", "EMPLOY1", "CHCOCNCR"]}