{"validation": 0.6373147018594507, "id_test": 0.638843708413426, "ood_test": 0.5545098356799365, "ood_validation": 0.5543080260303688, "train": 0.6394684188881341, "id_test_conf": [0.6330866376698372, 0.6445709437272283], "id_test_balanced": 0.5666976571083069, "id_test_balanced_conf": [0.5639010115247219, 0.5694943026918918], "ood_test_conf": [0.5531558863690489, 0.5558631760043643], "ood_test_balanced": 0.5993829965591431, "ood_test_balanced_conf": [0.5985912055766676, 0.6001747875416186], "features": ["IYEAR", "BMI5CAT", "AGEG5YR", "FRUIT_ONCE_PER_DAY", "VEG_ONCE_PER_DAY", "DRNK_PER_WEEK", "RFBING5", "TOTINDA", "SMOKE100", "SMOKDAY2", "DIABETES", "PRACE1", "SEX", "MEDCOST", "POVERTY", "EMPLOY1", "CHCOCNCR"]}