{"validation": 0.6397545377250379, "id_test": 0.6496007688895461, "ood_test": 0.5825456691000381, "ood_validation": 0.5813622559652929, "train": 0.6420745710707866, "id_test_conf": [0.643881156883281, 0.6552882330066235], "id_test_balanced": 0.6180673837661743, "id_test_balanced_conf": [0.6142041464336216, 0.621930621098727], "ood_test_conf": [0.5812021246757024, 0.5838882913134011], "ood_test_balanced": 0.6088471412658691, "ood_test_balanced_conf": [0.6079572603211273, 0.609737022210611], "features": ["IYEAR", "BMI5CAT", "AGEG5YR", "FRUIT_ONCE_PER_DAY", "VEG_ONCE_PER_DAY", "DRNK_PER_WEEK", "RFBING5", "TOTINDA", "SMOKE100", "SMOKDAY2", "DIABETES", "PRACE1", "SEX", "MEDCOST", "POVERTY", "EMPLOY1", "CHCOCNCR"]}