{"validation": 0.7136412086958678, "id_test": 0.7121246862702568, "ood_test": 0.6688242233101687, "ood_validation": 0.6685368536853685, "train": 0.7130250349752191, "id_test_conf": [0.7099086484830178, 0.7143331004669429], "id_test_balanced": 0.6053552627563477, "id_test_balanced_conf": [0.6037158616655506, 0.6069946638471447], "ood_test_conf": [0.6665377067550287, 0.6711047562442445], "ood_test_balanced": 0.5782806873321533, "ood_test_balanced_conf": [0.5766243528760969, 0.5799370217882097], "features": ["AGEP", "SEX", "ACS_YEAR", "POBP", "DIS", "ANC", "NATIVITY", "DEAR", "DEYE", "DREM", "DPHY", "SCHL"]}