{"validation": 0.5066929426637912, "id_test": 0.5048616490564869, "ood_test": 0.5219208977391495, "ood_validation": 0.5205170517051705, "15": 0.514674754569399, "16": 0.5308230194876657, "17": 0.47897799565900756, "18": 0.4192795432282888, "19": 0.5499773256814023, "20": 0.5088696616825822, "21": 0.579966280542531, "22": 0.600558959475438, "23": 0.6017207882320289, "id_test_conf": [0.5024190260342281, 0.5073040973855973], "id_test_balanced": 0.5931275486946106, "id_test_balanced_conf": [0.5914644364430569, 0.5947906609461643], "ood_test_conf": [0.519497032651294, 0.524343985966343], "ood_test_balanced": 0.5844910144805908, "ood_test_balanced_conf": [0.5828194659505971, 0.5861625630105846], "features": ["AGEP", "SEX", "ACS_YEAR", "POBP", "DIS", "ANC", "NATIVITY", "DEAR", "DEYE", "DREM", "DPHY", "SCHL"]}