{"validation": 0.44801194814208867, "id_test": 0.4481145229758622, "ood_test": 0.44574020084224164, "ood_validation": 0.4425742574257426, "15": 0.46253013009817223, "16": 0.4814350777982832, "17": 0.4440910111518599, "18": 0.3809004827166268, "19": 0.4970601573128587, "20": 0.43601209328124413, "21": 0.4832031807010628, "22": 0.491275215880182, "23": 0.4465167915625867, "id_test_conf": [0.4456859746820672, 0.450544935682165], "id_test_balanced": 0.5840047001838684, "id_test_balanced_conf": [0.5823802011390217, 0.5856291992287151], "ood_test_conf": [0.44332966406553426, 0.4481526605627379], "ood_test_balanced": 0.5789481401443481, "ood_test_balanced_conf": [0.5773347848909907, 0.5805614953977056], "features": ["AGEP", "SEX", "ACS_YEAR", "POBP", "DIS", "ANC", "NATIVITY", "DEAR", "DEYE", "DREM", "DPHY", "SCHL"]}