{"validation": 0.5906401291016675, "id_test": 0.5867886796273795, "ood_test": 0.6374306753961877, "ood_validation": 0.6341434499110847, "0": 0.6523059928196631, "2": 0.603878400730052, "3": 0.5750427991126148, "4": 0.5418993211330945, "5": 0.5821250353074099, "6": 0.5594667976477972, "7": 0.5781153685550099, "8": 0.5822661929940516, "9": 0.6372348629137904, "id_test_conf": [0.5843560763702371, 0.5892180980815339], "id_test_balanced": 0.6911793351173401, "id_test_balanced_conf": [0.6899290816416033, 0.6924295885930769], "ood_test_conf": [0.6339990325393963, 0.6408518118801574], "ood_test_balanced": 0.696478545665741, "ood_test_balanced_conf": [0.6946811904176138, 0.6982759009138682], "features": ["DIVISION", "AGEP", "SEX", "RAC1P", "POBP", "FER", "ENG", "MAR", "CIT", "SCHL", "OCCP", "COW", "WKHP", "WKW", "WRK", "NWLA", "RELP"]}