{"id_test": 0.8771398385525859, "id_test_conf": [0.8752781820432685, 0.8789834225971419], "id_test_balanced": 0.5573107600212097, "id_test_balanced_conf": [0.556313841668889, 0.5583076783735305], "ood_test": 0.8330364179104478, "ood_test_conf": [0.8314319676351084, 0.8346316425034676], "ood_test_balanced": 0.5558471083641052, "ood_test_balanced_conf": [0.5550694310863037, 0.5566247856419068], "validation": 0.8792941215312743, "validation_conf": [0.8774464420517389, 0.8811236249035895], "validation_balanced": 0.560563325881958, "validation_balanced_conf": [0.5595460821292363, 0.5615805696346797], "features": ["PHYSHLTH", "HIGH_BLOOD_PRESS", "CHOL_CHK_PAST_5_YEARS", "TOLDHI", "BMI5", "BMI5CAT", "SMOKE100", "SMOKDAY2", "CVDSTRK3", "MICHD", "FRUIT_ONCE_PER_DAY", "VEG_ONCE_PER_DAY", "DRNK_PER_WEEK", "RFBING5", "TOTINDA", "INCOME", "MARITAL", "CHECKUP1", "EDUCA", "HEALTH_COV", "MENTHLTH", "IYEAR", "STATE", "MEDCOST", "PRACE1", "SEX"]}