{"id_test": 0.8771563464681315, "id_test_conf": [0.8752947963550192, 0.8789998233223487], "id_test_balanced": 0.5586779117584229, "id_test_balanced_conf": [0.5576699811569416, 0.5596858423599042], "ood_test": 0.8330411940298508, "ood_test_conf": [0.831436761957012, 0.8346364002878546], "ood_test_balanced": 0.5552659034729004, "ood_test_balanced_conf": [0.5544923741137608, 0.5560394328320399], "features": ["PHYSHLTH", "HIGH_BLOOD_PRESS", "CHOL_CHK_PAST_5_YEARS", "TOLDHI", "BMI5", "BMI5CAT", "SMOKE100", "SMOKDAY2", "CVDSTRK3", "MICHD", "FRUIT_ONCE_PER_DAY", "VEG_ONCE_PER_DAY", "DRNK_PER_WEEK", "RFBING5", "TOTINDA", "INCOME", "MARITAL", "CHECKUP1", "EDUCA", "HEALTH_COV", "MENTHLTH", "IYEAR", "STATE", "MEDCOST", "PRACE1", "SEX"]}