{"id_test": 0.8772471400036317, "id_test_conf": [0.8753861752635459, 0.8790900271170707], "id_test_balanced": 0.5581203699111938, "id_test_balanced_conf": [0.5571177907893434, 0.5591229490330443], "ood_test": 0.8328979104477612, "ood_test_conf": [0.8312929325046805, 0.8344936665514608], "ood_test_balanced": 0.5552981495857239, "ood_test_balanced_conf": [0.5545232812443283, 0.5560730179271195], "features": ["PHYSHLTH", "HIGH_BLOOD_PRESS", "CHOL_CHK_PAST_5_YEARS", "TOLDHI", "BMI5", "BMI5CAT", "SMOKE100", "SMOKDAY2", "CVDSTRK3", "MICHD", "FRUIT_ONCE_PER_DAY", "VEG_ONCE_PER_DAY", "DRNK_PER_WEEK", "RFBING5", "TOTINDA", "INCOME", "MARITAL", "CHECKUP1", "EDUCA", "HEALTH_COV", "MENTHLTH", "IYEAR", "STATE", "MEDCOST", "PRACE1", "SEX"]}