{"id_test": 0.8771563464681315, "id_test_conf": [0.8752947963550192, 0.8789998233223487], "id_test_balanced": 0.5589550733566284, "id_test_balanced_conf": [0.5579449053946882, 0.5599652413185686], "ood_test": 0.8328358208955224, "ood_test_conf": [0.8312306065401804, 0.8344318151341736], "ood_test_balanced": 0.5556607842445374, "ood_test_balanced_conf": [0.554882874742616, 0.5564386937464587], "validation": 0.8793106294468197, "validation_conf": [0.8774630577948533, 0.8811400241973075], "validation_balanced": 0.5619531273841858, "validation_balanced_conf": [0.560925134352874, 0.5629811204154975], "features": ["PHYSHLTH", "HIGH_BLOOD_PRESS", "CHOL_CHK_PAST_5_YEARS", "TOLDHI", "BMI5", "BMI5CAT", "SMOKE100", "SMOKDAY2", "CVDSTRK3", "MICHD", "FRUIT_ONCE_PER_DAY", "VEG_ONCE_PER_DAY", "DRNK_PER_WEEK", "RFBING5", "TOTINDA", "INCOME", "MARITAL", "CHECKUP1", "EDUCA", "HEALTH_COV", "MENTHLTH", "IYEAR", "STATE", "MEDCOST", "PRACE1", "SEX"]}