{"validation": 0.8792115819535468, "id_test": 0.8769582514815855, "ood_test": 0.8322770149253731, "ood_validation": 0.8319721458046767, "train": 0.8794763672981308, "id_test_conf": [0.8750954253292388, 0.8788030139045767], "id_test_balanced": 0.5484781861305237, "id_test_balanced_conf": [0.5475569422089029, 0.5493994300521444], "ood_test_conf": [0.8306696764315201, 0.8338751488066382], "ood_test_balanced": 0.5453920960426331, "ood_test_balanced_conf": [0.5446875918947626, 0.5460966001905035], "features": ["PHYSHLTH", "HIGH_BLOOD_PRESS", "CHOL_CHK_PAST_5_YEARS", "TOLDHI", "BMI5", "BMI5CAT", "SMOKE100", "SMOKDAY2", "CVDSTRK3", "MICHD", "FRUIT_ONCE_PER_DAY", "VEG_ONCE_PER_DAY", "DRNK_PER_WEEK", "RFBING5", "TOTINDA", "INCOME", "MARITAL", "CHECKUP1", "EDUCA", "HEALTH_COV", "MENTHLTH", "IYEAR", "STATE", "MEDCOST", "PRACE1", "SEX"]}