{"validation": 0.865188107697641, "id_test": 0.862794459943543, "ood_test": 0.8262113432835821, "ood_validation": 0.8247506877579092, "train": 0.864760546785125, "id_test_conf": [0.8608442521469395, 0.8647272850541876], "id_test_balanced": 0.6405891180038452, "id_test_balanced_conf": [0.6390918333968147, 0.6420864026108757], "ood_test_conf": [0.8245813551110642, 0.8278322951222384], "ood_test_balanced": 0.6281176805496216, "ood_test_balanced_conf": [0.6269796761474572, 0.629255684951786], "features": ["PHYSHLTH", "HIGH_BLOOD_PRESS", "CHOL_CHK_PAST_5_YEARS", "TOLDHI", "BMI5", "BMI5CAT", "SMOKE100", "SMOKDAY2", "CVDSTRK3", "MICHD", "FRUIT_ONCE_PER_DAY", "VEG_ONCE_PER_DAY", "DRNK_PER_WEEK", "RFBING5", "TOTINDA", "INCOME", "MARITAL", "CHECKUP1", "EDUCA", "HEALTH_COV", "MENTHLTH", "IYEAR", "STATE", "MEDCOST", "PRACE1", "SEX"]}