{"validation": 0.6174496644295302, "id_test": 0.5838926174496645, "ood_test": 0.6141656081775843, "ood_validation": 0.6061513336962439, "train": 0.600251677852349, "id_test_conf": [0.5256475985058977, 0.6404525724217166], "id_test_balanced": 0.6385135054588318, "id_test_balanced_conf": [0.6009951233863831, 0.6760318875312805], "ood_test_conf": [0.6088937717705583, 0.6194173830252567], "ood_test_balanced": 0.6008434891700745, "ood_test_balanced_conf": [0.5975459217280149, 0.604141056612134], "features": ["MARITAL_STATUS", "EDUCATION", "RACE", "GENDER", "AGE", "ORIGIN", "HEALTHDISAB", "HEALTH_HEARING", "HEALTH_SEEING", "HEALTH_COGNITIVE", "HEALTH_AMBULATORY", "HEALTH_ERRANDS_DIFFICULTY", "HEALTH_CORE_DISABILITY", "HEALTH_SUPPLEMENTAL_DISABILITY", "CITIZENSHIP_STATUS"]}