{"validation": 0.7416107382550335, "id_test": 0.738255033557047, "ood_test": 0.4917437851569588, "ood_validation": 0.48965704953728906, "train": 0.700503355704698, "id_test_conf": [0.684451093375557, 0.7872521277329728], "id_test_balanced": 0.5171290040016174, "id_test_balanced_conf": [0.49990998949855564, 0.5343480185046792], "ood_test_conf": [0.48634108574082846, 0.49714793523770273], "ood_test_balanced": 0.5138148069381714, "ood_test_balanced_conf": [0.5113412256632001, 0.5162883882131427], "features": ["MARITAL_STATUS", "EDUCATION", "RACE", "GENDER", "AGE", "ORIGIN", "HEALTHDISAB", "HEALTH_HEARING", "HEALTH_SEEING", "HEALTH_COGNITIVE", "HEALTH_AMBULATORY", "HEALTH_ERRANDS_DIFFICULTY", "HEALTH_CORE_DISABILITY", "HEALTH_SUPPLEMENTAL_DISABILITY", "CITIZENSHIP_STATUS"]}