{"validation": 0.7046979865771812, "id_test": 0.6946308724832215, "ood_test": 0.613107119095143, "ood_validation": 0.6037016875340229, "train": 0.6807885906040269, "id_test_conf": [0.6389098699522724, 0.7464324569309919], "id_test_balanced": 0.6522641181945801, "id_test_balanced_conf": [0.6146639585494995, 0.6898642778396606], "ood_test_conf": [0.6078327133025951, 0.6183616493678386], "ood_test_balanced": 0.600463330745697, "ood_test_balanced_conf": [0.5971194035885855, 0.6038072579028085], "features": ["MARITAL_STATUS", "EDUCATION", "RACE", "GENDER", "AGE", "ORIGIN", "HEALTHDISAB", "HEALTH_HEARING", "HEALTH_SEEING", "HEALTH_COGNITIVE", "HEALTH_AMBULATORY", "HEALTH_ERRANDS_DIFFICULTY", "HEALTH_CORE_DISABILITY", "HEALTH_SUPPLEMENTAL_DISABILITY", "CITIZENSHIP_STATUS"]}