{"validation": 0.7684563758389261, "id_test": 0.7516778523489933, "ood_test": 0.5075001512127261, "ood_validation": 0.5021774632553075, "train": 0.7348993288590604, "id_test_conf": [0.6985855746324816, 0.7996888625874019], "id_test_balanced": 0.5607515573501587, "id_test_balanced_conf": [0.5360786631330847, 0.5854244515672327], "ood_test_conf": [0.5020959391462128, 0.512903045459487], "ood_test_balanced": 0.5329704880714417, "ood_test_balanced_conf": [0.5311588097689673, 0.534782166373916], "features": ["MARITAL_STATUS", "EDUCATION", "RACE", "GENDER", "AGE", "ORIGIN", "HEALTHDISAB", "HEALTH_HEARING", "HEALTH_SEEING", "HEALTH_COGNITIVE", "HEALTH_AMBULATORY", "HEALTH_ERRANDS_DIFFICULTY", "HEALTH_CORE_DISABILITY", "HEALTH_SUPPLEMENTAL_DISABILITY", "CITIZENSHIP_STATUS"]}