{"validation": 0.5699953336444237, "id_test": 0.576160485187777, "ood_test": 0.5071613561450322, "ood_validation": 0.4992937853107345, "0": 0.5641937302172311, "13": 0.5357009345794392, "id_test_conf": [0.5612035418769444, 0.5910135545464604], "id_test_balanced": 0.5118443965911865, "id_test_balanced_conf": [0.5050575996283442, 0.5186311935540289], "ood_test_conf": [0.5028108918349667, 0.5115110047011628], "ood_test_balanced": 0.5028390884399414, "ood_test_balanced_conf": [0.5006519057322294, 0.5050262711476534], "features": ["race", "gender", "age", "medical_specialty", "admission_source_id"]}