{"validation": 0.576994867008866, "id_test": 0.582691859108934, "ood_test": 0.5061803484539319, "ood_validation": 0.4934675141242938, "train": 0.574603359776015, "id_test_conf": [0.567761899883132, 0.5975090338896034], "id_test_balanced": 0.4991622269153595, "id_test_balanced_conf": [0.49822647089720706, 0.5000979829335119], "ood_test_conf": [0.5018298263854859, 0.5105301665156141], "ood_test_balanced": 0.5000309944152832, "ood_test_balanced_conf": [0.49984462076885394, 0.5002173680617125], "features": ["race", "gender", "age", "medical_specialty", "admission_source_id"]}