{"id_test": 0.5843247025892232, "id_test_conf": [0.5694019044158384, 0.5991324885983689], "id_test_balanced": 0.5135224461555481, "id_test_balanced_conf": [0.5078583772294223, 0.5191865150816739], "ood_test": 0.5118505729084916, "ood_test_conf": [0.5075006156057535, 0.5161991803053678], "ood_test_balanced": 0.5071917176246643, "ood_test_balanced_conf": [0.5051837964216247, 0.5091996388277039], "validation": 0.5800279981334577, "validation_conf": [0.5650849510101825, 0.5948618694944849], "validation_balanced": 0.5133535861968994, "validation_balanced_conf": [0.5078370701149106, 0.5188701022788882], "features": ["race", "gender", "age", "medical_specialty", "admission_source_id"]}