{"validation": 0.5331311245916939, "id_test": 0.5306741310940052, "ood_test": 0.500078480615288, "ood_validation": 0.5026483050847458, "0": 0.539305380913151, "13": 0.5570093457943925, "id_test_conf": [0.5156018354353684, 0.5457045950515007], "id_test_balanced": 0.5158023238182068, "id_test_balanced_conf": [0.5053918371163308, 0.5262128105200827], "ood_test_conf": [0.49572797452929523, 0.5044289777615125], "ood_test_balanced": 0.4993971586227417, "ood_test_balanced_conf": [0.49634652796201406, 0.5024477892834693], "features": ["race", "gender", "age", "medical_specialty", "admission_source_id"]}