{"validation": 0.5004666355576295, "id_test": 0.4973174714252391, "ood_test": 0.5101828598336211, "ood_validation": 0.52295197740113, "0": 0.5097342063044704, "13": 0.5241121495327102, "id_test_conf": [0.482239960557047, 0.5123986405095833], "id_test_balanced": 0.5256392955780029, "id_test_balanced_conf": [0.5156923471577466, 0.5355862439982593], "ood_test_conf": [0.5058326784450116, 0.5145318812868207], "ood_test_balanced": 0.5126334428787231, "ood_test_balanced_conf": [0.5098183334525674, 0.5154485523048788], "features": ["race", "gender", "age", "medical_specialty", "admission_source_id"]}