{"validation": 0.5601959869342044, "id_test": 0.5544669932353627, "ood_test": 0.5017854339978025, "ood_validation": 0.4969985875706215, "0": 0.5617222390842475, "13": 0.5564485981308411, "id_test_conf": [0.5394393148803756, 0.5694203893971256], "id_test_balanced": 0.5104150772094727, "id_test_balanced_conf": [0.5014120847545565, 0.5194180696643889], "ood_test_conf": [0.49743485831206025, 0.5061358063038535], "ood_test_balanced": 0.4988032877445221, "ood_test_balanced_conf": [0.49611740924417974, 0.5014891662448645], "features": ["race", "gender", "age", "medical_specialty", "admission_source_id"]}