{"validation": 0.5751283247783481, "id_test": 0.5782598553767203, "ood_test": 0.5053563019934076, "ood_validation": 0.4994703389830508, "0": 0.5674456922343147, "13": 0.5528971962616822, "id_test_conf": [0.5633112964252353, 0.5931016763540462], "id_test_balanced": 0.5079261660575867, "id_test_balanced_conf": [0.502165197096765, 0.5136871350184083], "ood_test_conf": [0.5010057443237164, 0.5097062495239368], "ood_test_balanced": 0.5001657605171204, "ood_test_balanced_conf": [0.49851237087510525, 0.5018191501591355], "features": ["race", "gender", "age", "medical_specialty", "admission_source_id"]}