{"validation": 0.4372375174988334, "id_test": 0.4296710986703989, "ood_test": 0.49452597708366036, "ood_validation": 0.50829802259887, "train": 0.4374416705552963, "id_test_conf": [0.4147882155693432, 0.44464990041128033], "id_test_balanced": 0.5088487863540649, "id_test_balanced_conf": [0.5053674349980429, 0.512330137710087], "ood_test_conf": [0.4901760473267085, 0.49887653038943097], "ood_test_balanced": 0.5005956888198853, "ood_test_balanced_conf": [0.5000699410564267, 0.5011214365833438], "features": ["race", "gender", "age", "medical_specialty", "admission_source_id"]}