{"validation": 0.45356976201586563, "id_test": 0.44273384651271286, "ood_test": 0.5015499921519385, "ood_validation": 0.5134180790960452, "0": 0.46806573299223864, "13": 0.5011214953271028, "id_test_conf": [0.42779177512601535, 0.4577540180978899], "id_test_balanced": 0.5137556791305542, "id_test_balanced_conf": [0.5081358262244612, 0.5193755320366472], "ood_test_conf": [0.49719942305849885, 0.5059003846849857], "ood_test_balanced": 0.5072774291038513, "ood_test_balanced_conf": [0.5061475000088103, 0.5084073581988924], "features": ["race", "gender", "age", "medical_specialty", "admission_source_id"]}