{"validation": 0.5125991600559963, "id_test": 0.5017494751574527, "ood_test": 0.49360382985402607, "ood_validation": 0.503707627118644, "0": 0.5218748645015826, "13": 0.5364485981308411, "id_test_conf": [0.4866688185680113, 0.5168277459539512], "id_test_balanced": 0.5128499269485474, "id_test_balanced_conf": [0.502362965438515, 0.5233368884585797], "ood_test_conf": [0.4892540476495546, 0.497954340649638], "ood_test_balanced": 0.495257169008255, "ood_test_balanced_conf": [0.4923004467925057, 0.49821389122400433], "features": ["race", "gender", "age", "medical_specialty", "admission_source_id"]}