{"validation": 0.5088660755949603, "id_test": 0.49871705155120133, "ood_test": 0.5192669910532098, "ood_validation": 0.5164194915254238, "train": 0.505949603359776, "id_test_conf": [0.48363842032505144, 0.5137974323587925], "id_test_balanced": 0.5255497097969055, "id_test_balanced_conf": [0.515537112057209, 0.5355623075366021], "ood_test_conf": [0.5149186158168884, 0.5236131715720125], "ood_test_balanced": 0.5214425921440125, "ood_test_balanced_conf": [0.5185739145288244, 0.5243112697592005], "features": ["race", "gender", "age", "medical_specialty", "admission_source_id"]}