{"validation": 0.4780681287914139, "id_test": 0.46162817821320273, "ood_test": 0.48300894679014283, "ood_validation": 0.4918785310734463, "train": 0.475443303779748, "id_test_conf": [0.4466189025764678, 0.4766897838087209], "id_test_balanced": 0.4970886707305908, "id_test_balanced_conf": [0.4874980571307242, 0.5066792843304575], "ood_test_conf": [0.47866191979201306, 0.48735790925103767], "ood_test_balanced": 0.4853115677833557, "ood_test_balanced_conf": [0.48246598594356327, 0.48815714962314816], "features": ["race", "gender", "age", "medical_specialty", "admission_source_id"]}