{"validation": 0.5744283714419038, "id_test": 0.5703289013296011, "ood_test": 0.5140872704442003, "ood_validation": 0.4978813559322034, "train": 0.5655622958469435, "id_test_conf": [0.5553500995887197, 0.5852117844306568], "id_test_balanced": 0.5091046690940857, "id_test_balanced_conf": [0.5018749388772994, 0.516334399310872], "ood_test_conf": [0.5097376895588086, 0.5184352466396199], "ood_test_balanced": 0.5097507834434509, "ood_test_balanced_conf": [0.5075713319564238, 0.5119302349304781], "features": ["race", "gender", "age", "medical_specialty", "admission_source_id"]}