{"validation": 0.8133974334516133, "id_test": 0.8097115531362873, "ood_test": 0.7802078644789067, "ood_validation": 0.7867795986006261, "train": 0.8104728322559926, "id_test_conf": [0.8069501235518479, 0.8124501120485076], "id_test_balanced": 0.5031514763832092, "id_test_balanced_conf": [0.502835634581279, 0.5034673181851395], "ood_test_conf": [0.7765098967670225, 0.7838725256632388], "ood_test_balanced": 0.5023579001426697, "ood_test_balanced_conf": [0.5019594267982757, 0.5027563734870637], "features": ["DIVISION", "AGEP", "SEX", "RAC1P", "POBP", "DIS", "ANC", "NATIVITY", "DEAR", "DEYE", "DREM"]}