{"validation": 0.7013815090329437, "id_test": 0.7494692144373672, "ood_test": 0.6502714369808359, "ood_validation": 0.6533254855797528, "train": 0.7273934404461558, "id_test_conf": [0.7205133562335915, 0.7768558912585519], "id_test_balanced": 0.7449957132339478, "id_test_balanced_conf": [0.7253457034006715, 0.764645723067224], "ood_test_conf": [0.6426515753171373, 0.6578340833910556], "ood_test_balanced": 0.6458401679992676, "ood_test_balanced_conf": [0.6404996735788882, 0.651180662419647], "features": ["SEX", "BORNUSA", "HWELLSPK", "OTHLGSPK", "HIDEG", "EDUCYR", "YRSINUS", "HISPNCAT", "RACETHX", "RACEWX", "RACEBX", "RACEAX", "RACEV2X", "RACEV1X", "HISPANX", "SICPAY31", "PAYDR31", "REGION31", "AGE31X", "INSCOV19"]}