{"validation": 0.6981934112646121, "id_test": 0.7409766454352441, "ood_test": 0.6363398521813068, "ood_validation": 0.6386109476162448, "train": 0.7141149913690081, "id_test_conf": [0.7117433451779285, 0.7686945841018666], "id_test_balanced": 0.7290881872177124, "id_test_balanced_conf": [0.709241157323122, 0.7489352171123028], "ood_test_conf": [0.628656583365314, 0.6439712126950912], "ood_test_balanced": 0.619186520576477, "ood_test_balanced_conf": [0.6140485210251063, 0.6243245201278478], "features": ["SEX", "BORNUSA", "HWELLSPK", "OTHLGSPK", "HIDEG", "EDUCYR", "YRSINUS", "HISPNCAT", "RACETHX", "RACEWX", "RACEBX", "RACEAX", "RACEV2X", "RACEV1X", "HISPANX", "SICPAY31", "PAYDR31", "REGION31", "AGE31X", "INSCOV19"]}