{"validation": 0.6461211477151966, "id_test": 0.6475583864118896, "ood_test": 0.5858460330956897, "ood_validation": 0.594467333725721, "train": 0.6450670561678395, "id_test_conf": [0.6160959299419628, 0.6780947825761368], "id_test_balanced": 0.5873746871948242, "id_test_balanced_conf": [0.5710215383768081, 0.6037278360128403], "ood_test_conf": [0.5779897587554883, 0.5936696278154943], "ood_test_balanced": 0.5424901843070984, "ood_test_balanced_conf": [0.5392372175864876, 0.5457431510277092], "features": ["SEX", "BORNUSA", "HWELLSPK", "OTHLGSPK", "HIDEG", "EDUCYR", "YRSINUS", "HISPNCAT", "RACETHX", "RACEWX", "RACEBX", "RACEAX", "RACEV2X", "RACEV1X", "HISPANX", "SICPAY31", "PAYDR31", "REGION31", "AGE31X", "INSCOV19"]}