{"validation": 0.6429330499468651, "id_test": 0.667728237791932, "ood_test": 0.5974883903460004, "ood_validation": 0.6127133608004709, "train": 0.6598061346434736, "id_test_conf": [0.6366291846559724, 0.6977743160496309], "id_test_balanced": 0.6203032732009888, "id_test_balanced_conf": [0.6018793756887316, 0.6387271707132459], "ood_test_conf": [0.5896643129368504, 0.6052753552516011], "ood_test_balanced": 0.5636472105979919, "ood_test_balanced_conf": [0.5593636420182884, 0.5679307791776955], "features": ["SEX", "BORNUSA", "HWELLSPK", "OTHLGSPK", "HIDEG", "EDUCYR", "YRSINUS", "HISPNCAT", "RACETHX", "RACEWX", "RACEBX", "RACEAX", "RACEV2X", "RACEV1X", "HISPANX", "SICPAY31", "PAYDR31", "REGION31", "AGE31X", "INSCOV19"]}