{"validation": 0.6163655685441021, "id_test": 0.6305732484076433, "ood_test": 0.5925174962391262, "ood_validation": 0.5862271924661565, "train": 0.615987252688886, "id_test_conf": [0.5988509133672058, 0.661476304499004], "id_test_balanced": 0.5662531852722168, "id_test_balanced_conf": [0.5507032875344158, 0.5818030830100178], "ood_test_conf": [0.584679118404813, 0.6003206543027243], "ood_test_balanced": 0.5522003173828125, "ood_test_balanced_conf": [0.5485599107015878, 0.5558407240640372], "features": ["SEX", "BORNUSA", "HWELLSPK", "OTHLGSPK", "HIDEG", "EDUCYR", "YRSINUS", "HISPNCAT", "RACETHX", "RACEWX", "RACEBX", "RACEAX", "RACEV2X", "RACEV1X", "HISPANX", "SICPAY31", "PAYDR31", "REGION31", "AGE31X", "INSCOV19"]}