{"validation": 0.6896918172157279, "id_test": 0.7335456475583864, "ood_test": 0.6233239584014652, "ood_validation": 0.6327251324308417, "train": 0.7094675341920064, "id_test_conf": [0.7040807772124695, 0.7615422047496272], "id_test_balanced": 0.7231893539428711, "id_test_balanced_conf": [0.7031524266675114, 0.7432262812182308], "ood_test_conf": [0.6155876965431535, 0.6310132693739825], "ood_test_balanced": 0.6081662178039551, "ood_test_balanced_conf": [0.6029297648090869, 0.6134026707988233], "features": ["SEX", "BORNUSA", "HWELLSPK", "OTHLGSPK", "HIDEG", "EDUCYR", "YRSINUS", "HISPNCAT", "RACETHX", "RACEWX", "RACEBX", "RACEAX", "RACEV2X", "RACEV1X", "HISPANX", "SICPAY31", "PAYDR31", "REGION31", "AGE31X", "INSCOV19"]}