{"validation": 0.6907545164718385, "id_test": 0.7399150743099787, "ood_test": 0.6281640395055268, "ood_validation": 0.6356680400235433, "train": 0.7077413358119772, "id_test_conf": [0.7106480607082606, 0.7676734499511462], "id_test_balanced": 0.7436351776123047, "id_test_balanced_conf": [0.7239408892393112, 0.7633294659852982], "ood_test_conf": [0.6204467878690525, 0.6358324968701303], "ood_test_balanced": 0.6325442790985107, "ood_test_balanced_conf": [0.6271599665936083, 0.6379285916034132], "features": ["SEX", "BORNUSA", "HWELLSPK", "OTHLGSPK", "HIDEG", "EDUCYR", "YRSINUS", "HISPNCAT", "RACETHX", "RACEWX", "RACEBX", "RACEAX", "RACEV2X", "RACEV1X", "HISPANX", "SICPAY31", "PAYDR31", "REGION31", "AGE31X", "INSCOV19"]}