{"validation": 0.6907545164718385, "id_test": 0.7367303609341825, "ood_test": 0.633134933612401, "ood_validation": 0.6397881106533255, "train": 0.7101314566458637, "id_test_conf": [0.7073634760210197, 0.7646087738743949], "id_test_balanced": 0.7421254515647888, "id_test_balanced_conf": [0.7224174727499485, 0.7618334303796291], "ood_test_conf": [0.6254380618942801, 0.6407811177595708], "ood_test_balanced": 0.6388621926307678, "ood_test_balanced_conf": [0.6335118470247835, 0.6442125382367522], "features": ["SEX", "BORNUSA", "HWELLSPK", "OTHLGSPK", "HIDEG", "EDUCYR", "YRSINUS", "HISPNCAT", "RACETHX", "RACEWX", "RACEBX", "RACEAX", "RACEV2X", "RACEV1X", "HISPANX", "SICPAY31", "PAYDR31", "REGION31", "AGE31X", "INSCOV19"]}