{"id_test": 0.7335456475583864, "id_test_conf": [0.7040807772124695, 0.7615422047496272], "id_test_balanced": 0.7243775129318237, "id_test_balanced_conf": [0.7043314021080732, 0.7444236237555742], "ood_test": 0.6541958270652103, "ood_test_conf": [0.6465950983439065, 0.6617378454573619], "ood_test_balanced": 0.6463812589645386, "ood_test_balanced_conf": [0.6410853191744537, 0.6516771987546235], "validation": 0.7013815090329437, "validation_conf": [0.6710114926557029, 0.7304850952017387], "validation_balanced": 0.6938124895095825, "validation_balanced_conf": [0.6730779812857509, 0.7145469977334141], "features": ["SEX", "BORNUSA", "HWELLSPK", "OTHLGSPK", "HIDEG", "EDUCYR", "YRSINUS", "HISPNCAT", "RACETHX", "RACEWX", "RACEBX", "RACEAX", "RACEV2X", "RACEV1X", "HISPANX", "SICPAY31", "PAYDR31", "REGION31", "AGE31X", "INSCOV19"]}