{"validation": 0.3104707792207792, "id_test": 0.3001623376623377, "ood_test": 0.3557692307692308, "ood_validation": 0.40397350993377484, "33": 0.3026692978811799, "id_test_conf": [0.29207654480122536, 0.30834263742856194], "id_test_balanced": 0.5942491888999939, "id_test_balanced_conf": [0.5905941898049787, 0.5979041879950091], "ood_test_conf": [0.33021718020836205, 0.3819499177938112], "ood_test_balanced": 0.5314173102378845, "ood_test_balanced_conf": [0.524479133496061, 0.538355486979708], "features": ["AccredAgency", "HIGHDEG", "CONTROL", "region", "LOCALE", "locale2", "CCBASIC", "HBCU", "DISTANCEONLY", "median_hh_inc", "poverty_rate", "unemp_rate", "TUITIONFEE_IN", "TUITIONFEE_OUT", "TUITIONFEE_PROG", "ADM_RATE", "ADM_RATE_ALL", "SATVRMID", "SATMTMID", "SATWRMID", "ACTCMMID", "ACTENMID", "ACTMTMID", "ACTWRMID", "NPT4_PROG", "COSTT4_A", "COSTT4_P", "loan_ever", "pell_ever", "female"]}