{"validation": 0.742929409059554, "id_test": 0.7420689655172413, "ood_test": 0.7107531439875654, "ood_validation": 0.7096227214921577, "0": 0.7528656126482214, "1": 0.7447954055994257, "3": 0.7582826896686924, "id_test_conf": [0.7287932143607525, 0.755018938155697], "id_test_balanced": 0.682371973991394, "id_test_balanced_conf": [0.6730875735916197, 0.6916563743911683], "ood_test_conf": [0.7046020571080026, 0.7168464792537692], "ood_test_balanced": 0.6770057082176208, "ood_test_balanced_conf": [0.6728951822593808, 0.6811162341758609], "features": ["VCF0004", "VCF0901b", "VCF0218", "VCF0224", "VCF0301", "VCF0302", "VCF9008", "VCF9010", "VCF9011", "VCF9201", "VCF9202", "VCF9203", "VCF9204", "VCF9205", "VCF9206", "VCF0521", "VCF0523", "VCF0428", "VCF0429", "VCF0875", "VCF9052", "VCF0809", "VCF0839", "VCF0822", "VCF0870", "VCF0843", "VCF9045", "VCF0838", "VCF9239", "VCF0803", "VCF0846", "VCF0601", "VCF0606", "VCF0612", "VCF0615", "VCF0616", "VCF0617", "VCF0310", "VCF0743", "VCF0717", "VCF0718", "VCF0720", "VCF0721", "VCF0701", "VCF0675", "VCF0724", "VCF0725", "VCF0726", "VCF0745", "VCF0101", "VCF0104", "VCF0105a", "VCF0115", "VCF0140a", "VCF0112"]}