{"id_test": 0.8406896551724138, "id_test_conf": [0.8294712923628013, 0.8514484872475003], "id_test_balanced": 0.7782527804374695, "id_test_balanced_conf": [0.7701406925730407, 0.7863648683018982], "ood_test": 0.7988789976920541, "ood_test_conf": [0.7934229098022839, 0.8042531307686214], "ood_test_balanced": 0.7683471441268921, "ood_test_balanced_conf": [0.7646403851220385, 0.7720539031317457], "features": ["VCF0004", "VCF0901b", "VCF0218", "VCF0224", "VCF0301", "VCF0302", "VCF9008", "VCF9010", "VCF9011", "VCF9201", "VCF9202", "VCF9203", "VCF9204", "VCF9205", "VCF9206", "VCF0521", "VCF0523", "VCF0428", "VCF0429", "VCF0875", "VCF9052", "VCF0809", "VCF0839", "VCF0822", "VCF0870", "VCF0843", "VCF9045", "VCF0838", "VCF9239", "VCF0803", "VCF0846", "VCF0601", "VCF0606", "VCF0612", "VCF0615", "VCF0616", "VCF0617", "VCF0310", "VCF0743", "VCF0717", "VCF0718", "VCF0720", "VCF0721", "VCF0701", "VCF0675", "VCF0724", "VCF0725", "VCF0726", "VCF0745", "VCF0101", "VCF0104", "VCF0105a", "VCF0115", "VCF0140a", "VCF0112"]}