{"id_test": 0.8381609195402299, "id_test_conf": [0.8268748561847923, 0.8489909025425852], "id_test_balanced": 0.7760069370269775, "id_test_balanced_conf": [0.7678552728332579, 0.7841586012206971], "ood_test": 0.7985021901935848, "ood_test_conf": [0.7930423790682913, 0.8038801501575638], "ood_test_balanced": 0.7679933309555054, "ood_test_balanced_conf": [0.7642837779596448, 0.771702883951366], "validation": 0.8330650724304438, "validation_conf": [0.8216440945890848, 0.8440368142809942], "validation_balanced": 0.7672421932220459, "validation_balanced_conf": [0.7590559588372707, 0.7754284276068211], "features": ["VCF0004", "VCF0901b", "VCF0218", "VCF0224", "VCF0301", "VCF0302", "VCF9008", "VCF9010", "VCF9011", "VCF9201", "VCF9202", "VCF9203", "VCF9204", "VCF9205", "VCF9206", "VCF0521", "VCF0523", "VCF0428", "VCF0429", "VCF0875", "VCF9052", "VCF0809", "VCF0839", "VCF0822", "VCF0870", "VCF0843", "VCF9045", "VCF0838", "VCF9239", "VCF0803", "VCF0846", "VCF0601", "VCF0606", "VCF0612", "VCF0615", "VCF0616", "VCF0617", "VCF0310", "VCF0743", "VCF0717", "VCF0718", "VCF0720", "VCF0721", "VCF0701", "VCF0675", "VCF0724", "VCF0725", "VCF0726", "VCF0745", "VCF0101", "VCF0104", "VCF0105a", "VCF0115", "VCF0140a", "VCF0112"]}