{"id_test": 0.8381609195402299, "id_test_conf": [0.8268748561847923, 0.8489909025425852], "id_test_balanced": 0.7751101851463318, "id_test_balanced_conf": [0.7669635042734444, 0.7832568660192192], "ood_test": 0.7989260986293627, "ood_test_conf": [0.7934704766648326, 0.804299752824067], "ood_test_balanced": 0.7681468725204468, "ood_test_balanced_conf": [0.7644439908768982, 0.7718497541639954], "validation": 0.8337548861807312, "validation_conf": [0.8223517700464668, 0.8447078258949677], "validation_balanced": 0.769055962562561, "validation_balanced_conf": [0.7608714431338012, 0.7772404819913209], "features": ["VCF0004", "VCF0901b", "VCF0218", "VCF0224", "VCF0301", "VCF0302", "VCF9008", "VCF9010", "VCF9011", "VCF9201", "VCF9202", "VCF9203", "VCF9204", "VCF9205", "VCF9206", "VCF0521", "VCF0523", "VCF0428", "VCF0429", "VCF0875", "VCF9052", "VCF0809", "VCF0839", "VCF0822", "VCF0870", "VCF0843", "VCF9045", "VCF0838", "VCF9239", "VCF0803", "VCF0846", "VCF0601", "VCF0606", "VCF0612", "VCF0615", "VCF0616", "VCF0617", "VCF0310", "VCF0743", "VCF0717", "VCF0718", "VCF0720", "VCF0721", "VCF0701", "VCF0675", "VCF0724", "VCF0725", "VCF0726", "VCF0745", "VCF0101", "VCF0104", "VCF0105a", "VCF0115", "VCF0140a", "VCF0112"]}