{"id_test": 0.8422988505747127, "id_test_conf": [0.8311240725010545, 0.8530119013484116], "id_test_balanced": 0.7811901569366455, "id_test_balanced_conf": [0.7730958383530379, 0.7892844755202532], "ood_test": 0.799302906127832, "ood_test_conf": [0.7938510157378271, 0.8046727250939419], "ood_test_balanced": 0.7688882946968079, "ood_test_balanced_conf": [0.7651826414233074, 0.7725939479703083], "validation": 0.8335249482639687, "validation_conf": [0.8221158706448419, 0.8444841629518788], "validation_balanced": 0.7695527672767639, "validation_balanced_conf": [0.7613598364405334, 0.7777456981129944], "features": ["VCF0004", "VCF0901b", "VCF0218", "VCF0224", "VCF0301", "VCF0302", "VCF9008", "VCF9010", "VCF9011", "VCF9201", "VCF9202", "VCF9203", "VCF9204", "VCF9205", "VCF9206", "VCF0521", "VCF0523", "VCF0428", "VCF0429", "VCF0875", "VCF9052", "VCF0809", "VCF0839", "VCF0822", "VCF0870", "VCF0843", "VCF9045", "VCF0838", "VCF9239", "VCF0803", "VCF0846", "VCF0601", "VCF0606", "VCF0612", "VCF0615", "VCF0616", "VCF0617", "VCF0310", "VCF0743", "VCF0717", "VCF0718", "VCF0720", "VCF0721", "VCF0701", "VCF0675", "VCF0724", "VCF0725", "VCF0726", "VCF0745", "VCF0101", "VCF0104", "VCF0105a", "VCF0115", "VCF0140a", "VCF0112"]}