{"validation": 0.782248792825937, "id_test": 0.7783908045977012, "ood_test": 0.6837643069097075, "ood_validation": 0.6867316659601526, "train": 0.7695999540177032, "id_test_conf": [0.7657487972304033, 0.7906579217308302], "id_test_balanced": 0.6315131187438965, "id_test_balanced_conf": [0.6247886790055781, 0.6382375584822149], "ood_test_conf": [0.6774609949689488, 0.6900172692250959], "ood_test_balanced": 0.6129835844039917, "ood_test_balanced_conf": [0.6100232212152332, 0.6159439475927502], "features": ["VCF0004", "VCF0901b", "VCF0218", "VCF0224", "VCF0301", "VCF0302", "VCF9008", "VCF9010", "VCF9011", "VCF9201", "VCF9202", "VCF9203", "VCF9204", "VCF9205", "VCF9206", "VCF0521", "VCF0523", "VCF0428", "VCF0429", "VCF0875", "VCF9052", "VCF0809", "VCF0839", "VCF0822", "VCF0870", "VCF0843", "VCF9045", "VCF0838", "VCF9239", "VCF0803", "VCF0846", "VCF0601", "VCF0606", "VCF0612", "VCF0615", "VCF0616", "VCF0617", "VCF0310", "VCF0743", "VCF0717", "VCF0718", "VCF0720", "VCF0721", "VCF0701", "VCF0675", "VCF0724", "VCF0725", "VCF0726", "VCF0745", "VCF0101", "VCF0104", "VCF0105a", "VCF0115", "VCF0140a", "VCF0112"]}