{"validation": 0.8660144204437175, "id_test": 0.8682727729717968, "ood_test": 0.48111227701993703, "ood_validation": 0.5660377358490566, "train": 0.8664278888041693, "id_test_conf": [0.8669830510672015, 0.8695544821998138], "id_test_balanced": 0.8605812788009644, "id_test_balanced_conf": [0.8596529704972636, 0.8615095871046651], "ood_test_conf": [0.45846278204081803, 0.5038199755091171], "ood_test_balanced": 0.5147912502288818, "ood_test_balanced_conf": [0.5013445694372058, 0.5282379310205578], "features": ["hint_count", "attempt_count", "skill_id", "problem_type", "bottom_hint", "tutor_mode", "position", "type", "school_id"]}