{"validation": 0.8128251109669706, "id_test": 0.8091010835834562, "ood_test": 0.7798191415360693, "ood_validation": 0.7865954704474314, "train": 0.810129439857047, "id_test_conf": [0.8063363153439254, 0.8118430263163711], "id_test_balanced": 0.501374363899231, "id_test_balanced_conf": [0.5011416753739468, 0.5016070524245151], "ood_test_conf": [0.7761188676055111, 0.7834861552215795], "ood_test_balanced": 0.5016409754753113, "ood_test_balanced_conf": [0.5012721294735093, 0.5020098214771133], "features": ["SEX", "RAC1P", "POBP", "DIS", "ANC", "NATIVITY", "DEAR", "DEYE", "DREM", "DIVISION"]}