{"validation": 0.7595355285080189, "id_test": 0.7570203998575571, "ood_test": 0.7210810589631327, "ood_validation": 0.7262014361995949, "0": 0.5059439854926456, "1": 0.8027522935779816, "2": 0.7715372148111208, "3": 0.7716207156624487, "4": 0.8191151671461164, "5": 0.7379809722723468, "7": 0.7247425222834193, "8": 0.7743685538840643, "9": 0.7622173465275601, "id_test_conf": [0.7540068218381545, 0.7600150031085091], "id_test_balanced": 0.6227148175239563, "id_test_balanced_conf": [0.6205732390470803, 0.6248563960008323], "ood_test_conf": [0.7170819993497886, 0.7250538474733954], "ood_test_balanced": 0.6087682843208313, "ood_test_balanced_conf": [0.6059789720224217, 0.6115575966192409], "features": ["AGEP", "SEX", "RAC1P", "POBP", "DIS", "ANC", "NATIVITY", "DEAR", "DREM", "ST", "MAR", "DIVISION"]}