{"validation": 0.46144454195123813, "id_test": 0.46243068626952233, "ood_test": 0.4318711894922051, "ood_validation": 0.4194439329773522, "0": 0.4762240580294177, "1": 0.5776317835484372, "2": 0.49541204338611144, "3": 0.5222177993798709, "4": 0.599965281222101, "5": 0.4269643940382858, "7": 0.3591770107923385, "8": 0.518769499811212, "9": 0.4049254466484574, "id_test_conf": [0.45894078923291237, 0.46592335580916266], "id_test_balanced": 0.6146298050880432, "id_test_balanced_conf": [0.6125548255909234, 0.616704784585163], "ood_test_conf": [0.4274738269686547, 0.43627664517493353], "ood_test_balanced": 0.5921374559402466, "ood_test_balanced_conf": [0.5896324468869716, 0.5946424649935216], "features": ["AGEP", "SEX", "RAC1P", "POBP", "DIS", "ANC", "NATIVITY", "DEAR", "DREM", "ST", "MAR", "DIVISION"]}