{"validation": 0.8175690284507866, "id_test": 0.8149641349137712, "ood_test": 0.7831539752035681, "ood_validation": 0.7904621616645185, "train": 0.8152453506894874, "id_test_conf": [0.8122318807508478, 0.8176731297573517], "id_test_balanced": 0.5343179702758789, "id_test_balanced_conf": [0.5332962553389371, 0.5353396852128207], "ood_test_conf": [0.7794736401467904, 0.7868006529446794], "ood_test_balanced": 0.5298062562942505, "ood_test_balanced_conf": [0.5284820123692043, 0.5311305002192966], "features": ["AGEP", "SEX", "RAC1P", "POBP", "DIS", "ANC", "NATIVITY", "DEAR", "DREM", "ST", "MAR", "DIVISION"]}