{"validation": 0.8184974627036514, "id_test": 0.8155491682352343, "ood_test": 0.7826220385449486, "ood_validation": 0.7924875713496594, "train": 0.8161849104477137, "id_test_conf": [0.8128202140985042, 0.8182548197610823], "id_test_balanced": 0.5512485504150391, "id_test_balanced_conf": [0.5499924113042652, 0.5525046895258129], "ood_test_conf": [0.7789384995992137, 0.7862719835138068], "ood_test_balanced": 0.5622423887252808, "ood_test_balanced_conf": [0.5603472266788594, 0.5641375507717021], "features": ["AGEP", "SEX", "RAC1P", "POBP", "DIS", "ANC", "NATIVITY", "DEAR", "DREM", "ST", "MAR", "DIVISION"]}