{"id_test": 0.8162359464821692, "id_test_conf": [0.8135108793710587, 0.8189376601608557], "id_test_balanced": 0.5547271966934204, "id_test_balanced_conf": [0.5534377337922343, 0.5560166595946066], "ood_test": 0.7857727402921559, "ood_test_conf": [0.782108309318942, 0.7894032021145392], "ood_test_balanced": 0.560285747051239, "ood_test_balanced_conf": [0.5584647702006623, 0.5621067239018157], "validation": 0.8194258969565162, "validation_conf": [0.8167190539627007, 0.8221091501462078], "validation_balanced": 0.5528222918510437, "validation_balanced_conf": [0.5515567974909209, 0.5540877862111665], "features": ["AGEP", "SEX", "RAC1P", "POBP", "DIS", "ANC", "NATIVITY", "DEAR", "DREM", "ST", "MAR", "DIVISION"]}