{"id_test": 0.8159561479371217, "id_test_conf": [0.8132294955139444, 0.8186594676330845], "id_test_balanced": 0.5532816648483276, "id_test_balanced_conf": [0.5520059412182309, 0.5545573884784244], "ood_test": 0.7859159540079381, "ood_test_conf": [0.7822523991087701, 0.789545522702139], "ood_test_balanced": 0.5614466667175293, "ood_test_balanced_conf": [0.5596115271048621, 0.5632818063301965], "validation": 0.8199982194411589, "validation_conf": [0.8172946821085778, 0.8226781246118601], "validation_balanced": 0.5532528162002563, "validation_balanced_conf": [0.551989630504977, 0.5545160018955357], "features": ["AGEP", "SEX", "RAC1P", "POBP", "DIS", "ANC", "NATIVITY", "DEAR", "DREM", "ST", "MAR", "DIVISION"]}