{"validation": 0.6775280755974411, "id_test": 0.6743780841430533, "ood_test": 0.6315929457015426, "ood_validation": 0.6361627692874241, "train": 0.6759122950376619, "id_test_conf": [0.6710899090369035, 0.6776533886830369], "id_test_balanced": 0.6684627532958984, "id_test_balanced_conf": [0.666136443526484, 0.6707890630653128], "ood_test_conf": [0.627298644409604, 0.6358716135097648], "ood_test_balanced": 0.6570284366607666, "ood_test_balanced_conf": [0.6540662654209882, 0.659990607900545], "features": ["AGEP", "SEX", "RAC1P", "POBP", "DIS", "ANC", "NATIVITY", "DEAR", "DREM", "ST", "MAR", "DIVISION"]}