{"validation": 0.7137497297366044, "id_test": 0.7105102508012413, "ood_test": 0.6659233192847498, "ood_validation": 0.6729883999263487, "0": 0.4917388676203909, "1": 0.7493391385476598, "2": 0.7211444956987907, "3": 0.7176213022710132, "4": 0.7641603015573852, "5": 0.6784175810674877, "7": 0.6832642420114382, "8": 0.6882812344746726, "9": 0.7551963462141226, "id_test_conf": [0.7073261512862875, 0.7136788115678501], "id_test_balanced": 0.6512647867202759, "id_test_balanced_conf": [0.6489574256632477, 0.6535721477773041], "ood_test_conf": [0.661721883561667, 0.6701050416004213], "ood_test_balanced": 0.6450850367546082, "ood_test_balanced_conf": [0.6420945703377947, 0.6480755031714216], "features": ["AGEP", "SEX", "RAC1P", "POBP", "DIS", "ANC", "NATIVITY", "DEAR", "DREM", "ST", "MAR", "DIVISION"]}