{"validation": 0.8181413509354293, "id_test": 0.8156127588136541, "ood_test": 0.7833994844306232, "ood_validation": 0.7921193150432702, "train": 0.8160291120444884, "id_test_conf": [0.8128841639923696, 0.8183180463184055], "id_test_balanced": 0.5548511147499084, "id_test_balanced_conf": [0.5535521442932076, 0.5561500852066092], "ood_test_conf": [0.7797206311123476, 0.7870446511996383], "ood_test_balanced": 0.5511133074760437, "ood_test_balanced_conf": [0.549390974137932, 0.5528356408141554], "features": ["AGEP", "SEX", "RAC1P", "POBP", "DIS", "ANC", "NATIVITY", "DEAR", "DREM", "ST", "MAR", "DIVISION"]}