{"validation": 0.8174291273989851, "id_test": 0.81441725593936, "ood_test": 0.7842178485208069, "ood_validation": 0.7924875713496594, "train": 0.814963959695907, "id_test_conf": [0.8116819262052422, 0.8171293668215768], "id_test_balanced": 0.5314348340034485, "id_test_balanced_conf": [0.5304528142744676, 0.5324168537324294], "ood_test_conf": [0.7805439481454446, 0.7878579649001783], "ood_test_balanced": 0.5252758264541626, "ood_test_balanced_conf": [0.5240906589361839, 0.5264609939721413], "features": ["AGEP", "SEX", "RAC1P", "POBP", "DIS", "ANC", "NATIVITY", "DEAR", "DREM", "ST", "MAR", "DIVISION"]}