{"validation": 0.8184084347615959, "id_test": 0.8154092689627105, "ood_test": 0.7856295265763739, "ood_validation": 0.7939605965752163, "train": 0.8163899920193063, "id_test_conf": [0.8126795247582139, 0.8181157209087256], "id_test_balanced": 0.5513148307800293, "id_test_balanced_conf": [0.5500559888337739, 0.5525736727262847], "ood_test_conf": [0.7819642201872097, 0.7892608808687771], "ood_test_balanced": 0.5581557750701904, "ood_test_balanced_conf": [0.5563632338377648, 0.5599483163026161], "features": ["AGEP", "SEX", "RAC1P", "POBP", "DIS", "ANC", "NATIVITY", "DEAR", "DREM", "ST", "MAR", "DIVISION"]}