{"validation": 0.8185356175359609, "id_test": 0.8149768530294551, "ood_test": 0.7832767298170956, "ood_validation": 0.7915669305836862, "train": 0.8158462873876423, "id_test_conf": [0.8122446704975037, 0.8176857753009508], "id_test_balanced": 0.5436411499977112, "id_test_balanced_conf": [0.5424772559432313, 0.5448050440521911], "ood_test_conf": [0.7795971353908465, 0.7869226523109067], "ood_test_balanced": 0.5413786172866821, "ood_test_balanced_conf": [0.5398193940403871, 0.5429378405329771], "features": ["AGEP", "SEX", "RAC1P", "POBP", "DIS", "ANC", "NATIVITY", "DEAR", "DREM", "ST", "MAR", "DIVISION"]}