{"validation": 0.8161827362102076, "id_test": 0.8128147733631785, "ood_test": 0.782253774704366, "ood_validation": 0.7893573927453508, "train": 0.8135538251687551, "id_test_conf": [0.8100704825887917, 0.8155359638606503], "id_test_balanced": 0.5187367796897888, "id_test_balanced_conf": [0.5179813654662575, 0.5194921939133201], "ood_test_conf": [0.778568022917836, 0.7859059763634174], "ood_test_balanced": 0.5154969692230225, "ood_test_balanced_conf": [0.5145451587089337, 0.5164487797371112], "features": ["AGEP", "SEX", "RAC1P", "POBP", "DIS", "ANC", "NATIVITY", "DEAR", "DREM", "ST", "MAR", "DIVISION"]}