{"validation": 0.8182812519872309, "id_test": 0.8147606450628275, "ood_test": 0.7828470886697492, "ood_validation": 0.7924875713496594, "train": 0.8151324763361303, "id_test_conf": [0.8120272454604679, 0.8174708004035799], "id_test_balanced": 0.5397406816482544, "id_test_balanced_conf": [0.5386298590479419, 0.5408515042485669], "ood_test_conf": [0.7791649041235489, 0.7864956524420033], "ood_test_balanced": 0.5365926027297974, "ood_test_balanced_conf": [0.5351162562845275, 0.5380689491750672], "features": ["AGEP", "SEX", "RAC1P", "POBP", "DIS", "ANC", "NATIVITY", "DEAR", "DREM", "ST", "MAR", "DIVISION"]}