{"validation": 0.8191079400206036, "id_test": 0.8154474233097624, "ood_test": 0.7837472891689513, "ood_validation": 0.7943288528816056, "train": 0.8162230651587077, "id_test_conf": [0.812717894520194, 0.8181536570174728], "id_test_balanced": 0.5493022799491882, "id_test_balanced_conf": [0.5480693468218669, 0.5505352130765095], "ood_test_conf": [0.780070538251962, 0.7873903121220853], "ood_test_balanced": 0.550768256187439, "ood_test_balanced_conf": [0.5490572761045769, 0.552479236270301], "features": ["AGEP", "SEX", "RAC1P", "POBP", "DIS", "ANC", "NATIVITY", "DEAR", "DREM", "ST", "MAR", "DIVISION"]}