{"validation": 0.39912711402073103, "id_test": 0.39973086994471924, "ood_test": 0.5838942618155849, "ood_validation": 0.5819558640023248, "train": 0.4018694138078395, "id_test_conf": [0.3939336462726274, 0.4055492895745081], "id_test_balanced": 0.4999848008155823, "id_test_balanced_conf": [0.4999120489519555, 0.500057552679209], "ood_test_conf": [0.5825614351480151, 0.5852261652501802], "ood_test_balanced": 0.5000170469284058, "ood_test_balanced_conf": [0.5000000890754381, 0.5000340047813734], "features": ["AGEG5YR", "SMOKE100", "DIABETES", "SEX", "POVERTY", "EMPLOY1", "BMI5CAT", "IYEAR"]}