{"validation": 0.9036261188598697, "id_test": 0.9044926959927373, "ood_test": 0.45120671563483733, "ood_validation": 0.5518867924528302, "train": 0.9036035199570838, "id_test_conf": [0.9033706694973634, 0.9056059191967404], "id_test_balanced": 0.8435630798339844, "id_test_balanced_conf": [0.8426824320084415, 0.8444437276595272], "ood_test_conf": [0.4286942998756706, 0.4738694997049344], "ood_test_balanced": 0.5130353569984436, "ood_test_balanced_conf": [0.5094584700884297, 0.5166122439084575], "features": ["hint_count", "attempt_count", "skill_id", "problem_type", "bottom_hint", "tutor_mode", "type", "first_action", "school_id"]}