{"validation": 0.47651006711409394, "id_test": 0.47315436241610737, "ood_test": 0.6517570918768524, "ood_validation": 0.643440391943386, "train": 0.4983221476510067, "id_test_conf": [0.41530454084469703, 0.531543151775995], "id_test_balanced": 0.6161094903945923, "id_test_balanced_conf": [0.584872644469142, 0.6473463363200426], "ood_test_conf": [0.6465938050485172, 0.6568937092391953], "ood_test_balanced": 0.6337713003158569, "ood_test_balanced_conf": [0.6309589052479714, 0.6365836953837425], "features": ["LIVING_QUARTERS_TYPE", "CITIZENSHIP_STATUS", "TANF_ASSISTANCE", "FOOD_ASSISTANCE", "SNAP_ASSISTANCE", "WIC_ASSISTANCE", "MEDICAID_ASSISTANCE"]}